date,open,high,low,close,volume,code
2026-10-08,269500.0,270000.0,263000.0,264000.0,14604897.0,005930
2026-10-08,1722000.0,1759000.0,1692000.0,1703000.0,2152968.0,000660
2026-10-08,200000.0,200000.0,195200.0,196100.0,1642661.0,005935
2026-10-08,1142000.0,1146000.0,1053000.0,1056000.0,727744.0,402340
2026-10-08,1612000.0,1620000.0,1551000.0,1576000.0,406165.0,009150
2026-10-08,401000.0,418000.0,397000.0,407500.0,651599.0,373220
2026-10-08,335000.0,335500.0,324500.0,325000.0,445182.0,005380
2026-10-08,167400.0,168500.0,163300.0,164100.0,470887.0,105560
2026-10-08,1273000.0,1274000.0,1218000.0,1221000.0,56215.0,207940
2026-10-08,278000.0,279000.0,270500.0,271500.0,154121.0,032830
2026-10-08,332000.0,333500.0,320000.0,320500.0,353336.0,028260
2026-10-08,79600.0,79600.0,75200.0,75300.0,3116995.0,034020
2026-10-08,102900.0,103100.0,99900.0,100000.0,757473.0,055550
2026-10-08,580000.0,591000.0,566000.0,576000.0,553526.0,006400
2026-10-08,963000.0,972000.0,898000.0,898000.0,220188.0,012450
2026-10-08,182000.0,182300.0,179500.0,181200.0,301399.0,068270
2026-10-08,108400.0,108500.0,106300.0,107200.0,770903.0,000270
2026-10-08,580000.0,582000.0,555000.0,564000.0,99516.0,034730
2026-10-08,399000.0,399500.0,383000.0,386000.0,210020.0,329180
2026-10-08,127600.0,128600.0,124800.0,124800.0,364270.0,086790
2026-10-08,370000.0,371500.0,362500.0,363500.0,222251.0,012330
2026-10-08,208000.0,208500.0,198800.0,200750.0,788577.0,066570
2026-10-08,205500.0,205500.0,196000.0,196900.0,553633.0,010120
2026-10-08,188300.0,188400.0,183100.0,183200.0,672652.0,035420
2026-10-08,621000.0,623000.0,607000.0,612000.0,50600.0,000810
2026-10-08,159500.0,163400.0,156900.0,160900.0,891865.0,096770
2026-10-08,267500.0,274000.0,261000.0,267000.0,735961.0,042700
2026-10-08,308500.0,314500.0,306500.0,309000.0,227421.0,005490
2026-10-08,33100.0,33300.0,32450.0,32550.0,1567707.0,316140
2026-10-08,2605000.0,2606000.0,2480000.0,2498000.0,51756.0,298040
2026-10-08,73500.0,73900.0,71500.0,72000.0,638747.0,042660
2026-10-08,623000.0,626000.0,596000.0,610000.0,119719.0,267260
2026-10-08,1061000.0,1061000.0,1027000.0,1034000.0,13440.0,010130
2026-10-08,1408000.0,1408000.0,1325000.0,1329000.0,62313.0,000150
2026-10-08,129200.0,130800.0,127600.0,128100.0,114998.0,138040
2026-10-08,296500.0,304500.0,292500.0,293000.0,205229.0,009540
2026-10-08,21150.0,21150.0,20800.0,20950.0,596576.0,011200
2026-10-08,279000.0,290500.0,273500.0,277000.0,325421.0,051910
2026-10-08,169800.0,171600.0,167500.0,167900.0,209079.0,010950
2026-10-08,29900.0,29950.0,29050.0,29100.0,890450.0,015760
2026-10-08,178600.0,180800.0,177600.0,178100.0,123873.0,033780
2026-10-08,86500.0,86700.0,84800.0,84900.0,392675.0,017670
2026-10-08,194600.0,201000.0,190500.0,193300.0,400992.0,003670
2026-10-08,19490.0,19500.0,18850.0,18945.0,2559101.0,010140
2026-10-08,109600.0,110900.0,108100.0,108800.0,138704.0,003550
2026-10-08,30150.0,30200.0,29200.0,29400.0,813854.0,006800
2026-10-08,20100.0,20100.0,19850.0,19850.0,835497.0,024110
2026-10-08,204500.0,205500.0,196400.0,196600.0,183171.0,018260
2026-10-08,77600.0,78600.0,72500.0,77650.0,901574.0,272210
2026-10-08,32900.0,32900.0,32200.0,32400.0,1205734.0,035720
2026-10-08,187700.0,188900.0,180600.0,181100.0,178603.0,267250
2026-10-08,375500.0,380500.0,361500.0,370500.0,209632.0,278470
2026-10-08,187400.0,189000.0,181700.0,184400.0,151708.0,086280
2026-10-08,602000.0,608000.0,562000.0,577000.0,164701.0,011070
2026-10-08,662000.0,662000.0,617000.0,620000.0,178985.0,079550
2026-10-08,51100.0,51700.0,50900.0,51000.0,217274.0,030200
2026-10-08,185100.0,188200.0,184600.0,187100.0,117480.0,005830
2026-10-08,121000.0,122800.0,119100.0,121200.0,250201.0,047810
2026-10-08,108800.0,109800.0,103950.0,104900.0,709603.0,000720
2026-10-08,106900.0,107100.0,103600.0,105200.0,489993.0,064350
2026-10-08,30650.0,31200.0,30300.0,31150.0,1403911.0,003490
2026-10-08,373500.0,377000.0,362000.0,366500.0,54903.0,307950
2026-10-08,56800.0,58100.0,56300.0,57000.0,407500.0,047050
2026-10-08,217500.0,220000.0,213500.0,218000.0,63335.0,443060
2026-10-08,109300.0,109300.0,104000.0,104400.0,301856.0,078930
2026-10-08,48400.0,48950.0,47600.0,48500.0,1090318.0,028050
2026-10-08,173100.0,173800.0,169000.0,169700.0,140231.0,071050
2026-10-08,122600.0,129300.0,119800.0,127500.0,1235198.0,007660
2026-10-08,19710.0,19860.0,19520.0,19570.0,498181.0,323410
2026-10-08,26300.0,26300.0,24800.0,25000.0,771669.0,005940
2026-10-08,1212000.0,1219000.0,1168000.0,1170000.0,18734.0,003230
2026-10-08,310000.0,310000.0,293000.0,296000.0,114529.0,000500
2026-10-08,132100.0,135900.0,131100.0,131200.0,44011.0,180640
2026-10-08,200500.0,200500.0,185250.0,188000.0,137746.0,259960
2026-10-08,363500.0,364500.0,342000.0,343500.0,35524.0,0126Z0
2026-10-08,276500.0,277000.0,266000.0,269500.0,157583.0,006260
2026-10-08,36050.0,36900.0,35450.0,36175.0,1863496.0,009830
2026-10-08,136400.0,138900.0,132500.0,135200.0,132180.0,090430
2026-10-08,151400.0,161000.0,151200.0,159000.0,1238484.0,353200
2026-10-08,60300.0,63300.0,59800.0,62700.0,248074.0,161390
2026-10-08,89400.0,89600.0,85900.0,86200.0,278124.0,016360
2026-10-08,101700.0,103900.0,101700.0,102600.0,101070.0,021240
2026-10-08,165300.0,166100.0,158800.0,165600.0,150965.0,352820
2026-10-08,17190.0,17220.0,16660.0,16700.0,2782416.0,047040
2026-10-08,228500.0,231000.0,217500.0,222500.0,238184.0,062040
2026-10-08,69200.0,69200.0,66700.0,67900.0,597550.0,064400
2026-10-08,245000.0,247000.0,240000.0,245000.0,60633.0,039490
2026-10-08,526000.0,526000.0,475000.0,482500.0,229391.0,128940
2026-10-08,14500.0,14570.0,14430.0,14530.0,372156.0,032640
2026-10-08,135000.0,141700.0,134500.0,139100.0,613468.0,000990
2026-10-08,117000.0,117000.0,110100.0,110400.0,106720.0,000880
2026-10-08,174400.0,174400.0,170000.0,170400.0,90127.0,005387
2026-10-08,75500.0,75600.0,73200.0,73200.0,103518.0,326030
2026-10-08,29900.0,30000.0,28050.0,28200.0,2400924.0,001440
2026-10-08,74400.0,74700.0,73100.0,73500.0,98127.0,000100
2026-10-08,108800.0,111800.0,106800.0,108500.0,203045.0,011790
2026-10-08,27950.0,28200.0,27700.0,28100.0,376455.0,175330
2026-10-08,39350.0,39400.0,38200.0,38450.0,130994.0,377300
2026-10-08,113500.0,113500.0,104900.0,107700.0,466935.0,267270
2026-10-08,54700.0,55100.0,53100.0,53100.0,106159.0,241560
2026-10-08,235500.0,235500.0,217500.0,222500.0,176171.0,036570
2026-10-08,41750.0,41900.0,41200.0,41400.0,48582.0,029780
2026-10-08,119900.0,119900.0,115000.0,116600.0,329802.0,066970
2026-10-08,15380.0,15450.0,15230.0,15370.0,535681.0,138930
2026-10-08,9780.0,9800.0,9740.0,9770.0,413947.0,088980
2026-10-08,71200.0,71800.0,69000.0,69400.0,307133.0,454910
2026-10-08,5310.0,5310.0,5150.0,5160.0,1781461.0,088350
2026-10-08,124900.0,124900.0,114500.0,117250.0,418052.0,052690
2026-10-08,237500.0,244500.0,232000.0,236500.0,131402.0,010060
2026-10-08,105100.0,105700.0,103900.0,105100.0,40099.0,271560
2026-10-08,3895.0,4085.0,3790.0,4010.0,11811370.0,018880
2026-10-08,8190.0,8320.0,8090.0,8220.0,2317359.0,034220
2026-10-08,47700.0,47700.0,46550.0,47050.0,200971.0,001450
2026-10-08,270500.0,273500.0,263500.0,268500.0,36367.0,051900
2026-10-08,467500.0,472500.0,456500.0,461000.0,12735.0,002380
2026-10-08,87000.0,87500.0,80600.0,81400.0,636363.0,103590
2026-10-08,173500.0,174000.0,169100.0,169800.0,58040.0,005385
2026-10-08,130800.0,133000.0,130300.0,130500.0,63234.0,001040
2026-10-08,28300.0,28550.0,27750.0,28050.0,327558.0,004020
2026-10-08,63200.0,63800.0,51700.0,52800.0,1025909.0,008930
2026-10-08,311000.0,317500.0,299500.0,306500.0,108002.0,192820
2026-10-08,44850.0,45050.0,41000.0,41350.0,1364327.0,082740
2026-10-08,36000.0,36100.0,35500.0,35700.0,64687.0,036460
2026-10-08,144300.0,145900.0,134600.0,138500.0,324036.0,161890
2026-10-08,6190.0,6210.0,6020.0,6050.0,1283551.0,028670
2026-10-08,82600.0,85100.0,82200.0,84800.0,44188.0,012750
2026-10-08,21150.0,21350.0,20600.0,20900.0,136699.0,022100
2026-10-08,70100.0,71600.0,69600.0,70900.0,52873.0,111770
2026-10-08,14260.0,14330.0,14210.0,14210.0,171369.0,035250
2026-10-08,42850.0,43500.0,41900.0,42200.0,23188.0,031210
2026-10-08,55300.0,57100.0,52200.0,55800.0,537696.0,020150
2026-10-08,37450.0,37500.0,36800.0,37300.0,48769.0,302440
2026-10-08,265500.0,277000.0,265500.0,269500.0,35323.0,014680
2026-10-08,317000.0,318000.0,306000.0,307000.0,42266.0,004170
2026-10-08,115100.0,116600.0,114500.0,114800.0,29929.0,011780
2026-10-08,44900.0,45850.0,43600.0,43850.0,342418.0,336260
2026-10-08,48850.0,49400.0,48000.0,49150.0,73741.0,007340
2026-10-08,73000.0,74600.0,71300.0,73400.0,49442.0,383220
2026-10-08,34350.0,34450.0,33600.0,33800.0,126080.0,251270
2026-10-08,17830.0,18020.0,17590.0,17620.0,262818.0,139130
2026-10-08,181300.0,185700.0,181300.0,184400.0,60714.0,097950
2026-10-08,32700.0,32850.0,32050.0,32300.0,635274.0,006360
2026-10-08,98100.0,99400.0,97200.0,97500.0,39603.0,023530
2026-10-08,72000.0,72100.0,70100.0,70200.0,88257.0,017800
2026-10-08,22000.0,22450.0,20150.0,20200.0,235440.0,085620
2026-10-08,38650.0,39200.0,37600.0,37950.0,360317.0,450080
2026-10-08,26150.0,26600.0,26150.0,26400.0,26474.0,026960
2026-10-08,71900.0,72300.0,67400.0,67500.0,369768.0,375500
2026-10-08,14630.0,14670.0,14400.0,14620.0,184732.0,003690
2026-10-08,60100.0,61900.0,59500.0,59700.0,67714.0,011170
2026-10-08,25250.0,26450.0,25250.0,26450.0,81591.0,000240
2026-10-08,150100.0,152200.0,148000.0,149300.0,9130.0,004800
2026-10-08,267500.0,274500.0,264000.0,267500.0,15333.0,018670
2026-10-08,49700.0,50500.0,48250.0,49275.0,98113.0,489790
2026-10-08,121000.0,128400.0,120900.0,124000.0,286536.0,281820
2026-10-08,396500.0,403500.0,393500.0,401000.0,12735.0,004370
2026-10-08,80600.0,81500.0,79100.0,80200.0,174644.0,457190
2026-10-08,12290.0,13140.0,12270.0,12920.0,671046.0,005440
2026-10-08,57200.0,57700.0,55400.0,55800.0,256935.0,112610
2026-10-08,50600.0,50900.0,49950.0,50500.0,47670.0,005850
2026-10-08,45050.0,45200.0,43650.0,44400.0,153920.0,009420
2026-10-08,23150.0,23250.0,22950.0,23000.0,72687.0,004990
2026-10-08,69200.0,76100.0,66500.0,74200.0,375414.0,229640
2026-10-08,139600.0,139600.0,136000.0,136100.0,5598.0,001720
2026-10-08,167800.0,172300.0,166300.0,170200.0,7658.0,009970
2026-10-08,128100.0,131100.0,127500.0,127800.0,24456.0,282330
2026-10-08,181000.0,183000.0,170850.0,174400.0,92941.0,483650
2026-10-08,18900.0,19090.0,18780.0,18890.0,300964.0,030000
2026-10-08,5430.0,5430.0,5240.0,5300.0,623903.0,279570
2026-10-08,89000.0,89700.0,86300.0,88700.0,366095.0,007810
2026-10-08,45400.0,45400.0,44350.0,44550.0,259544.0,204320
2026-10-08,38750.0,38800.0,38250.0,38350.0,69824.0,081660
2026-10-08,26000.0,26700.0,25350.0,25650.0,50275.0,002790
2026-10-08,44150.0,44150.0,43600.0,43650.0,89984.0,051600
2026-10-08,70900.0,71200.0,69600.0,70700.0,80694.0,139480
2026-10-08,6650.0,6800.0,6580.0,6750.0,620936.0,073240
2026-10-08,51100.0,51600.0,50200.0,51400.0,42327.0,089860
2026-10-08,86300.0,87100.0,85300.0,85800.0,40528.0,069960
2026-10-08,67600.0,67800.0,65300.0,66000.0,165220.0,103140
2026-10-08,22250.0,22250.0,21650.0,21750.0,60070.0,007070
2026-10-08,57200.0,57300.0,55600.0,56200.0,48961.0,181710
2026-10-08,31350.0,31350.0,30250.0,30600.0,35419.0,462870
2026-10-08,470000.0,470000.0,434500.0,435000.0,6716.0,000155
2026-10-08,46900.0,47150.0,45300.0,45300.0,48628.0,439260
2026-10-08,8270.0,8330.0,8120.0,8290.0,162194.0,020560
2026-10-08,43950.0,44300.0,42900.0,43750.0,68982.0,001120
2026-10-08,56100.0,57900.0,55500.0,56000.0,116934.0,120110
2026-10-08,43900.0,46900.0,43100.0,46450.0,131748.0,001430
2026-10-08,160100.0,162900.0,157500.0,159100.0,343635.0,001820
2026-10-08,145800.0,149700.0,138800.0,146800.0,179763.0,322000
2026-10-08,15370.0,15690.0,15030.0,15110.0,1808185.0,093370
2026-10-08,70300.0,70500.0,69500.0,69900.0,27777.0,000120
2026-10-08,37700.0,37750.0,36350.0,36550.0,40173.0,023590
2026-10-08,5320.0,5320.0,5220.0,5240.0,115482.0,395400
2026-10-08,49100.0,49200.0,45400.0,45900.0,978656.0,475150
2026-10-08,46800.0,47850.0,46100.0,47100.0,116649.0,005070
2026-10-08,35000.0,35200.0,34700.0,35100.0,19193.0,006040
2026-10-08,39300.0,39350.0,38650.0,38950.0,107805.0,008770
2026-10-08,533000.0,533000.0,518000.0,525000.0,5306.0,009155
2026-10-08,18080.0,18770.0,17900.0,18580.0,358314.0,361610
2026-10-08,130500.0,130500.0,127900.0,128800.0,20143.0,006280
2026-10-08,44700.0,44750.0,42550.0,43000.0,221268.0,071970
2026-10-08,22300.0,22350.0,21550.0,22000.0,58324.0,294870
2026-10-08,51900.0,52000.0,50900.0,51000.0,42308.0,011210
2026-10-08,22950.0,23400.0,22300.0,23200.0,45537.0,012630
2026-10-08,22600.0,22950.0,22550.0,22650.0,49801.0,001800
2026-10-08,14810.0,14870.0,14290.0,14310.0,195336.0,097230
2026-10-08,108500.0,110600.0,107400.0,109000.0,18158.0,069620
2026-10-08,313000.0,316000.0,311500.0,312500.0,1642.0,007310
2026-10-08,9920.0,9950.0,9670.0,9800.0,163923.0,00680K
2026-10-08,74600.0,74800.0,71300.0,72000.0,45312.0,066575
2026-10-08,71400.0,73000.0,70600.0,70900.0,31842.0,006120
2026-10-08,6370.0,6390.0,6100.0,6110.0,687986.0,001740
2026-10-08,9980.0,10020.0,9930.0,9980.0,57556.0,415640
2026-10-08,56700.0,57500.0,56200.0,57200.0,44207.0,192080
2026-10-08,40850.0,44400.0,40600.0,42400.0,846255.0,003160
2026-10-08,280500.0,282000.0,274500.0,277500.0,10840.0,298020
2026-10-08,4155.0,4155.0,4085.0,4130.0,69444.0,330590
2026-10-08,16070.0,16290.0,16000.0,16110.0,37502.0,300720
2026-10-08,25050.0,25150.0,24250.0,24600.0,66615.0,003540
2026-10-08,391000.0,393000.0,387000.0,387500.0,7501.0,000815
2026-10-08,67000.0,78500.0,65800.0,74900.0,556166.0,006110
2026-10-08,121700.0,124000.0,119400.0,122900.0,18540.0,280360
2026-10-08,65000.0,66400.0,64400.0,65600.0,111036.0,195870
2026-10-08,9710.0,9870.0,9510.0,9640.0,19813.0,030610
2026-10-08,42600.0,42850.0,42000.0,42100.0,39720.0,004000
2026-10-08,14710.0,14850.0,14710.0,14750.0,42476.0,000080
2026-10-08,49050.0,49400.0,48050.0,48800.0,26247.0,000210
2026-10-08,918000.0,928000.0,902000.0,905000.0,696.0,003240
2026-10-08,20100.0,20100.0,19370.0,19380.0,166367.0,017960
2026-10-08,12970.0,13050.0,12520.0,12580.0,997092.0,006340
2026-10-08,27250.0,27700.0,27150.0,27450.0,23969.0,192400
2026-10-08,16800.0,16800.0,16560.0,16740.0,26070.0,030190
2026-10-08,5340.0,5770.0,5280.0,5360.0,48923.0,451800
2026-10-08,39800.0,41050.0,39750.0,40850.0,23589.0,009240
2026-10-08,30250.0,30400.0,28350.0,28850.0,99563.0,003570
2026-10-08,122400.0,126600.0,121800.0,124500.0,40732.0,051915
2026-10-08,4450.0,4450.0,4330.0,4395.0,559806.0,003530
2026-10-08,9840.0,9950.0,9660.0,9890.0,357556.0,034230
2026-10-08,65800.0,66500.0,65200.0,65400.0,11092.0,185750
2026-10-08,78500.0,78600.0,76800.0,77100.0,11370.0,071320
2026-10-08,15520.0,15620.0,15300.0,15380.0,34946.0,003090
2026-10-08,61700.0,62300.0,61000.0,61400.0,10843.0,009450
2026-10-08,95600.0,95800.0,94700.0,95500.0,8906.0,005300
2026-10-08,51000.0,52300.0,50800.0,51100.0,37447.0,285130
2026-10-08,11320.0,11350.0,10970.0,11080.0,207523.0,032350
2026-10-08,63300.0,63900.0,62100.0,63300.0,74867.0,004490
2026-10-08,7280.0,7340.0,7090.0,7170.0,209588.0,000370
2026-10-08,5010.0,5080.0,4960.0,5030.0,91821.0,079160
2026-10-08,21950.0,22100.0,20550.0,20700.0,182212.0,077970
2026-10-08,17310.0,17490.0,16750.0,17210.0,224019.0,248070
2026-10-08,4260.0,4260.0,4200.0,4240.0,170590.0,003470
2026-10-08,140500.0,140500.0,136800.0,137600.0,13741.0,071055
2026-10-08,6740.0,6750.0,6460.0,6500.0,115511.0,137310
2026-10-08,88300.0,88800.0,86200.0,88000.0,14112.0,005180
2026-10-08,13100.0,13100.0,12720.0,12890.0,542544.0,005690
2026-10-08,3180.0,3180.0,3075.0,3090.0,100396.0,365550
2026-10-08,12560.0,12560.0,12010.0,12120.0,330540.0,100090
2026-10-08,44650.0,45800.0,44350.0,45700.0,16322.0,036530
2026-10-08,39900.0,40450.0,39300.0,40200.0,24533.0,000670
2026-10-08,8700.0,8700.0,8560.0,8630.0,47432.0,003850
2026-10-08,37900.0,37900.0,36950.0,37050.0,20936.0,499790
2026-10-08,22100.0,22300.0,21200.0,21800.0,433626.0,090460
2026-10-08,161300.0,166100.0,160300.0,163000.0,6400.0,298050
2026-10-08,2205.0,2345.0,2200.0,2305.0,556939.0,000400
2026-10-08,17960.0,17960.0,17760.0,17860.0,43196.0,214320
2026-10-08,538000.0,545000.0,535000.0,539000.0,1056.0,002960
2026-10-08,26700.0,26700.0,26100.0,26200.0,35713.0,064960
2026-10-08,7500.0,7620.0,7380.0,7500.0,51178.0,094800
2026-10-08,23850.0,23850.0,23350.0,23550.0,31445.0,093050
2026-10-08,5530.0,5530.0,5470.0,5520.0,61397.0,293940
2026-10-08,47400.0,47600.0,45500.0,45950.0,65989.0,005090
2026-10-08,2060.0,2060.0,2025.0,2035.0,458040.0,005880
2026-10-08,126000.0,131800.0,125600.0,129700.0,2462.0,268280
2026-10-08,15760.0,15920.0,15700.0,15770.0,36859.0,069260
2026-10-08,72400.0,72800.0,71500.0,71700.0,17303.0,456040
2026-10-08,21600.0,22100.0,21500.0,21850.0,20344.0,014820
2026-10-08,33000.0,33150.0,32000.0,32150.0,84110.0,100840
2026-10-08,136900.0,141700.0,135100.0,141000.0,3007.0,002840
2026-10-08,94500.0,95300.0,92700.0,94600.0,6233.0,000640
2026-10-08,0.0,0.0,0.0,9900.0,0.0,001570
2026-10-08,11790.0,11980.0,11300.0,11740.0,830433.0,004710
2026-10-08,18900.0,19260.0,18830.0,19160.0,29631.0,453340
2026-10-08,43350.0,43350.0,42500.0,42700.0,6856.0,317450
2026-10-08,10570.0,10730.0,10260.0,10620.0,1582242.0,017900
2026-10-08,8050.0,8110.0,7990.0,8080.0,52138.0,383800
2026-10-08,91400.0,91500.0,89700.0,90000.0,3994.0,017940
2026-10-08,27550.0,27550.0,26300.0,26400.0,54566.0,001060
2026-10-08,37700.0,38150.0,37200.0,37700.0,31916.0,108320
2026-10-08,20350.0,21050.0,19330.0,20800.0,61673.0,178920
2026-10-08,9000.0,9010.0,8590.0,8700.0,208067.0,336370
2026-10-08,17540.0,17630.0,17460.0,17560.0,25311.0,001680
2026-10-08,9120.0,9350.0,9100.0,9110.0,317463.0,192650
2026-10-08,89800.0,92000.0,89100.0,89600.0,17490.0,006650
2026-10-08,27300.0,27400.0,26650.0,26950.0,67718.0,033240
2026-10-08,25450.0,27950.0,25200.0,27450.0,89463.0,001530
2026-10-08,5780.0,5820.0,5690.0,5730.0,141968.0,002350
2026-10-08,38950.0,38950.0,37500.0,37950.0,25576.0,079900
2026-10-08,5650.0,5650.0,5530.0,5530.0,112219.0,016380
2026-10-08,24700.0,25200.0,24450.0,24700.0,15189.0,284740
2026-10-08,55200.0,55200.0,53900.0,54400.0,15053.0,025540
2026-10-08,11060.0,11490.0,10840.0,11260.0,402859.0,161000
2026-10-08,128000.0,128300.0,126100.0,127800.0,1710.0,00104K
2026-10-08,8620.0,8660.0,8460.0,8630.0,54525.0,114090
2026-10-08,9850.0,9850.0,9290.0,9360.0,114019.0,075580
2026-10-08,37200.0,37250.0,36050.0,36050.0,9764.0,00088K
2026-10-08,17110.0,17330.0,16910.0,17070.0,3951.0,003300
2026-10-08,2635.0,2635.0,2580.0,2605.0,244144.0,003620
2026-10-08,6030.0,6300.0,5860.0,6180.0,2218122.0,0220W0
2026-10-08,13530.0,13550.0,13330.0,13400.0,4989.0,007700
2026-10-08,1624.0,1636.0,1602.0,1622.0,118032.0,009410
2026-10-08,16420.0,16630.0,16240.0,16480.0,46064.0,008060
2026-10-08,50200.0,50300.0,49200.0,49550.0,3866.0,001270
2026-10-08,10110.0,10130.0,9750.0,9800.0,748229.0,019170
2026-10-08,19250.0,19480.0,18600.0,18660.0,71569.0,484870
2026-10-08,2255.0,2265.0,2200.0,2215.0,1038625.0,001510
2026-10-08,35700.0,35700.0,35200.0,35350.0,5058.0,005810
2026-10-08,46900.0,47450.0,45950.0,46000.0,31605.0,029460
2026-10-08,125600.0,126200.0,122800.0,123200.0,675.0,058650
2026-10-08,2620.0,2620.0,2500.0,2550.0,726407.0,452260
2026-10-08,20050.0,20050.0,19770.0,19870.0,31354.0,003545
2026-10-08,9680.0,9800.0,9360.0,9420.0,525771.0,460860
2026-10-08,21650.0,22150.0,21550.0,21850.0,68566.0,020000
2026-10-08,46000.0,46000.0,45500.0,45500.0,4771.0,145990
2026-10-08,4695.0,4700.0,4575.0,4590.0,34931.0,377740
2026-10-08,7670.0,7690.0,7510.0,7550.0,45104.0,001500
2026-10-08,2010.0,2315.0,2010.0,2295.0,3067924.0,012030
2026-10-08,5080.0,5090.0,5030.0,5070.0,12353.0,448730
2026-10-08,128700.0,128900.0,126200.0,127500.0,4786.0,004690
2026-10-08,30300.0,30300.0,29700.0,29750.0,15086.0,039130
2026-10-08,9960.0,9960.0,9700.0,9780.0,51204.0,005250
2026-10-08,11610.0,11870.0,11360.0,11710.0,134322.0,005420
2026-10-08,16720.0,16750.0,16510.0,16570.0,13113.0,002240
2026-10-08,8480.0,8570.0,8320.0,8500.0,82625.0,009900
2026-10-08,14680.0,14740.0,14060.0,14090.0,144187.0,249420
2026-10-08,66300.0,67200.0,65700.0,66000.0,295.0,004700
2026-10-08,1834.0,1850.0,1815.0,1822.0,1817405.0,003280
2026-10-08,14780.0,14780.0,14560.0,14710.0,33432.0,010780
2026-10-08,57100.0,57100.0,56000.0,56000.0,4076.0,000070
2026-10-08,206500.0,214000.0,204000.0,210000.0,1689.0,002030
2026-10-08,18700.0,18880.0,17650.0,17870.0,985993.0,217590
2026-10-08,11630.0,11740.0,11570.0,11640.0,5710.0,034310
2026-10-08,105600.0,106200.0,101600.0,102700.0,18280.0,003030
2026-10-08,11300.0,11890.0,11100.0,11240.0,8834.0,403550
2026-10-08,10200.0,10240.0,9910.0,9910.0,34235.0,016610
2026-10-08,11800.0,11800.0,11350.0,11450.0,20294.0,271940
2026-10-08,11420.0,11430.0,11000.0,11150.0,634312.0,002990
2026-10-08,60500.0,62200.0,59900.0,61300.0,11442.0,014830
2026-10-08,40850.0,40850.0,38600.0,39200.0,9285.0,090435
2026-10-08,89600.0,89600.0,88100.0,88500.0,1444.0,072710
2026-10-08,147700.0,148000.0,143700.0,144400.0,7348.0,306200
2026-10-08,22200.0,22200.0,21200.0,21350.0,75290.0,005945
2026-10-08,4205.0,4225.0,3900.0,4075.0,405486.0,003000
2026-10-08,19550.0,20650.0,19380.0,19660.0,317552.0,011930
2026-10-08,21300.0,21650.0,21300.0,21500.0,5802.0,002810
2026-10-08,4070.0,4075.0,4015.0,4030.0,26514.0,357120
2026-10-08,15640.0,16020.0,15350.0,15730.0,67577.0,008730
2026-10-08,170300.0,170300.0,166000.0,167000.0,12133.0,005389
2026-10-08,4040.0,4060.0,3960.0,3980.0,262815.0,001200
2026-10-08,10940.0,11190.0,10810.0,11040.0,151446.0,031430
2026-10-08,9910.0,10180.0,9720.0,9930.0,395059.0,317400
2026-10-08,14610.0,14760.0,14500.0,14590.0,20680.0,015360
2026-10-08,12060.0,12110.0,11680.0,11730.0,125769.0,130660
2026-10-08,23800.0,23800.0,23450.0,23700.0,5124.0,344820
2026-10-08,95400.0,96700.0,95400.0,96300.0,792.0,092230
2026-10-08,38100.0,38500.0,37800.0,38350.0,1719.0,029530
2026-10-08,16390.0,16740.0,15110.0,16450.0,1095899.0,003350
2026-10-08,14460.0,14560.0,13880.0,14130.0,335161.0,002710
2026-10-08,9230.0,9230.0,8980.0,9110.0,3983.0,016590
2026-10-08,3345.0,3385.0,3345.0,3355.0,37095.0,126560
2026-10-08,3800.0,3865.0,3775.0,3810.0,115020.0,027410
2026-10-08,25950.0,25950.0,25050.0,25650.0,3092.0,001940
2026-10-08,225500.0,229000.0,222000.0,225000.0,6695.0,006405
2026-10-08,4585.0,4605.0,4455.0,4480.0,62325.0,089590
2026-10-08,49500.0,50100.0,48000.0,48500.0,26652.0,0120G0
2026-10-08,5940.0,6020.0,5850.0,5940.0,19177.0,950210
2026-10-08,9990.0,10060.0,9890.0,9920.0,27252.0,183190
2026-10-08,90000.0,90000.0,88100.0,88200.0,7160.0,010955
2026-10-08,9660.0,9680.0,9310.0,9400.0,84492.0,006220
2026-10-08,38350.0,38850.0,38000.0,38200.0,6728.0,007690
2026-10-08,12110.0,12290.0,11870.0,12180.0,11410.0,194370
2026-10-08,8790.0,8860.0,8750.0,8780.0,16986.0,105630
2026-10-08,41250.0,41250.0,40100.0,40300.0,2468.0,005610
2026-10-08,13660.0,13680.0,13220.0,13330.0,168616.0,092790
2026-10-08,40200.0,40900.0,40050.0,40100.0,31679.0,145720
2026-10-08,6900.0,6950.0,6710.0,6910.0,184651.0,009290
2026-10-08,7140.0,7140.0,6880.0,6950.0,80644.0,015860
2026-10-08,9360.0,9410.0,9270.0,9330.0,11770.0,104700
2026-10-08,35200.0,35650.0,34750.0,35100.0,3666.0,170900
2026-10-08,37850.0,37850.0,37350.0,37650.0,10761.0,060980
2026-10-08,6300.0,6440.0,6250.0,6400.0,23312.0,005720
2026-10-08,8850.0,8850.0,8680.0,8750.0,7791.0,017810
2026-10-08,19220.0,19260.0,18810.0,18970.0,26919.0,097520
2026-10-08,9350.0,9450.0,9190.0,9400.0,36906.0,024720
2026-10-08,370000.0,370000.0,356500.0,358000.0,168.0,000157
2026-10-08,24450.0,24500.0,23800.0,24000.0,20970.0,011760
2026-10-08,8120.0,8400.0,8120.0,8180.0,49320.0,026890
2026-10-08,4915.0,4955.0,4610.0,4825.0,146227.0,009160
2026-10-08,2015.0,2075.0,1982.0,2030.0,337395.0,001230
2026-10-08,219500.0,219500.0,211000.0,212500.0,3218.0,02826K
2026-10-08,9290.0,9290.0,8710.0,8920.0,126188.0,084010
2026-10-08,4235.0,4260.0,4120.0,4120.0,68000.0,096760
2026-10-08,6260.0,6400.0,6220.0,6220.0,43624.0,381970
2026-10-08,5830.0,5890.0,5740.0,5810.0,31398.0,272450
2026-10-08,96100.0,96800.0,94400.0,95100.0,4534.0,005430
2026-10-08,21750.0,21750.0,20950.0,21100.0,27693.0,126720
2026-10-08,22200.0,22550.0,22100.0,22500.0,2428.0,003120
2026-10-08,10990.0,11080.0,10890.0,11060.0,20497.0,200880
2026-10-08,11470.0,11600.0,11240.0,11380.0,162360.0,005950
2026-10-08,7570.0,7570.0,7450.0,7560.0,26527.0,002310
2026-10-08,2425.0,2440.0,2405.0,2425.0,46861.0,123890
2026-10-08,11350.0,11350.0,11140.0,11220.0,19489.0,018250
2026-10-08,6050.0,6060.0,5920.0,5950.0,131445.0,025860
2026-10-08,22900.0,23000.0,22400.0,22650.0,14433.0,002020
2026-10-08,11790.0,12130.0,11600.0,11690.0,57926.0,078520
2026-10-08,32650.0,32700.0,32000.0,32150.0,10605.0,108670
2026-10-08,19200.0,19200.0,18810.0,19000.0,6493.0,001750
2026-10-08,231000.0,234000.0,193800.0,205500.0,197795.0,000650
2026-10-08,12670.0,12800.0,12300.0,12620.0,23422.0,244920
2026-10-08,18020.0,18020.0,17720.0,17880.0,8581.0,033270
2026-10-08,7900.0,7940.0,7790.0,7810.0,9875.0,084690
2026-10-08,5970.0,5970.0,5790.0,5790.0,242962.0,010820
2026-10-08,1113.0,1118.0,1106.0,1108.0,165492.0,034830
2026-10-08,12270.0,12450.0,12140.0,12420.0,41039.0,044450
2026-10-08,11770.0,11770.0,11560.0,11660.0,45539.0,004430
2026-10-08,4200.0,4215.0,4130.0,4175.0,128217.0,001390
2026-10-08,8230.0,8280.0,8160.0,8250.0,33820.0,122900
2026-10-08,4520.0,4520.0,4350.0,4415.0,50316.0,000430
2026-10-08,24300.0,24800.0,23400.0,23700.0,1056.0,016800
2026-10-08,19710.0,20300.0,19710.0,20100.0,39760.0,005500
2026-10-08,54100.0,54200.0,53500.0,54000.0,3084.0,017390
2026-10-08,6630.0,6630.0,6400.0,6450.0,66041.0,002900
2026-10-08,16800.0,17380.0,16560.0,17190.0,62502.0,002320
2026-10-08,2630.0,2650.0,2580.0,2605.0,21920.0,091810
2026-10-08,3090.0,3270.0,3030.0,3210.0,864657.0,001250
2026-10-08,17740.0,17830.0,17400.0,17550.0,5720.0,286940
2026-10-08,4465.0,4510.0,4395.0,4420.0,122351.0,058430
2026-10-08,13480.0,13700.0,13470.0,13680.0,25905.0,004360
2026-10-08,11750.0,11820.0,11310.0,11360.0,165826.0,003200
2026-10-08,7550.0,7590.0,7400.0,7490.0,67379.0,010690
2026-10-08,6670.0,7230.0,6330.0,7000.0,782665.0,020120
2026-10-08,2165.0,2550.0,2105.0,2300.0,6218716.0,010580
2026-10-08,34100.0,34150.0,33500.0,33800.0,11676.0,037710
2026-10-08,27000.0,27600.0,27000.0,27550.0,2566.0,003960
2026-10-08,12890.0,12890.0,12290.0,12370.0,206727.0,105840
2026-10-08,11610.0,11790.0,11230.0,11390.0,25903.0,226320
2026-10-08,8150.0,8240.0,7760.0,7790.0,600981.0,004310
2026-10-08,12450.0,12620.0,12120.0,12480.0,27998.0,005680
2026-10-08,3590.0,3620.0,3565.0,3570.0,31877.0,334890
2026-10-08,1509.0,1510.0,1502.0,1508.0,22464.0,298690
2026-10-08,58600.0,59300.0,58400.0,58900.0,2541.0,025000
2026-10-08,1640.0,1640.0,1604.0,1614.0,120303.0,432320
2026-10-08,2795.0,2805.0,2780.0,2805.0,51245.0,001790
2026-10-08,10150.0,10270.0,10050.0,10100.0,29039.0,136490
2026-10-08,3915.0,4015.0,3885.0,3930.0,168573.0,030210
2026-10-08,48800.0,48800.0,47350.0,47700.0,655.0,007160
2026-10-08,41750.0,42200.0,41300.0,41600.0,1469.0,003920
2026-10-08,3805.0,3860.0,3790.0,3820.0,28135.0,404990
2026-10-08,37250.0,38450.0,37250.0,37650.0,1358.0,001460
2026-10-08,3965.0,3990.0,3900.0,3925.0,15944.0,0030R0
2026-10-08,20600.0,20600.0,19950.0,20300.0,14648.0,008490
2026-10-08,0.0,0.0,0.0,1182.0,0.0,348950
2026-10-08,24900.0,25800.0,23950.0,24100.0,28347.0,044820
2026-10-08,14700.0,15100.0,14580.0,14850.0,69338.0,011500
2026-10-08,2950.0,2980.0,2915.0,2940.0,44117.0,000680
2026-10-08,5070.0,5210.0,5020.0,5140.0,64974.0,001340
2026-10-08,9100.0,9150.0,8990.0,9010.0,5442.0,003070
2026-10-08,10280.0,10380.0,10280.0,10360.0,1392.0,134380
2026-10-08,0.0,0.0,0.0,5820.0,0.0,001470
2026-10-08,13140.0,13140.0,12800.0,12830.0,49965.0,017860
2026-10-08,5720.0,5780.0,5620.0,5750.0,157603.0,092200
2026-10-08,1169.0,1182.0,1145.0,1147.0,171013.0,900140
2026-10-08,8060.0,8150.0,8030.0,8060.0,25281.0,000050
2026-10-08,7910.0,8050.0,7770.0,7930.0,248583.0,025560
2026-10-08,19600.0,19900.0,19410.0,19550.0,21978.0,028100
2026-10-08,6440.0,6580.0,6350.0,6430.0,101716.0,003720
2026-10-08,3420.0,3505.0,3370.0,3405.0,17492.0,000540
2026-10-08,10050.0,10060.0,10000.0,10050.0,6638.0,009680
2026-10-08,3950.0,3950.0,3850.0,3910.0,178180.0,005010
2026-10-08,20250.0,20300.0,19700.0,19820.0,68547.0,053690
2026-10-08,9850.0,10190.0,9670.0,10000.0,228346.0,077500
2026-10-08,11710.0,11710.0,11500.0,11600.0,2742.0,034120
2026-10-08,7480.0,7550.0,7380.0,7440.0,57433.0,000490
2026-10-08,122600.0,123400.0,121800.0,123000.0,582.0,003650
2026-10-08,374000.0,374000.0,364000.0,365500.0,1298.0,03473K
2026-10-08,14200.0,14200.0,13990.0,14110.0,14596.0,475560
2026-10-08,7300.0,7410.0,7260.0,7310.0,14901.0,033920
2026-10-08,15360.0,15360.0,14670.0,14880.0,62009.0,035510
2026-10-08,10380.0,10490.0,10240.0,10450.0,13630.0,035150
2026-10-08,68600.0,68600.0,67100.0,67800.0,2719.0,003555
2026-10-08,3190.0,3275.0,3190.0,3220.0,18929.0,088260
2026-10-08,5200.0,5390.0,4470.0,4540.0,4525464.0,128820
2026-10-08,4345.0,4345.0,4300.0,4325.0,10952.0,000480
2026-10-08,15700.0,15700.0,15160.0,15240.0,9086.0,000320
2026-10-08,8090.0,8150.0,7910.0,8050.0,40868.0,004980
2026-10-08,7200.0,7290.0,7090.0,7250.0,48224.0,000390
2026-10-08,3155.0,3180.0,3045.0,3090.0,99064.0,037270
2026-10-08,94100.0,94500.0,92800.0,93500.0,3192.0,051905
2026-10-08,7130.0,7130.0,7040.0,7090.0,36552.0,117580
2026-10-08,52000.0,52500.0,50600.0,51300.0,11050.0,298000
2026-10-08,3930.0,3935.0,3820.0,3890.0,58206.0,339770
2026-10-08,3020.0,3030.0,3000.0,3025.0,24161.0,100250
2026-10-08,7400.0,7460.0,7340.0,7390.0,4103.0,039570
2026-10-08,4065.0,4070.0,4000.0,4040.0,9929.0,053210
2026-10-08,8260.0,8410.0,8150.0,8350.0,29483.0,005960
2026-10-08,4295.0,4295.0,4205.0,4235.0,34792.0,095570
2026-10-08,10240.0,10360.0,10010.0,10270.0,27785.0,102460
2026-10-08,21400.0,21500.0,20950.0,21300.0,28818.0,013580
2026-10-08,11000.0,11320.0,10960.0,11240.0,11568.0,001130
2026-10-08,1069.0,1070.0,1038.0,1038.0,144891.0,003520
2026-10-08,10100.0,10170.0,10080.0,10130.0,11197.0,016580
2026-10-08,3705.0,3730.0,3680.0,3705.0,56634.0,102260
2026-10-08,37450.0,37750.0,37100.0,37250.0,2131.0,001630
2026-10-08,50300.0,50900.0,49850.0,50000.0,2543.0,487570
2026-10-08,6800.0,6890.0,6690.0,6835.0,34186.0,033530
2026-10-08,8090.0,8250.0,8050.0,8200.0,42419.0,003220
2026-10-08,8530.0,8560.0,8280.0,8400.0,39837.0,000520
2026-10-08,19060.0,19340.0,18860.0,18930.0,16989.0,003547
2026-10-08,11950.0,12100.0,11850.0,11900.0,12357.0,004560
2026-10-08,7700.0,7740.0,7640.0,7710.0,5652.0,000140
2026-10-08,5740.0,5820.0,5610.0,5740.0,16172.0,002420
2026-10-08,6510.0,6590.0,6430.0,6580.0,26109.0,015230
2026-10-08,27450.0,27500.0,26550.0,26850.0,35976.0,009470
2026-10-08,2005.0,2005.0,1966.0,1984.0,125059.0,377190
2026-10-08,9000.0,9050.0,8990.0,9000.0,4270.0,002100
2026-10-08,5490.0,5490.0,5440.0,5460.0,8038.0,003610
2026-10-08,6590.0,6770.0,6570.0,6730.0,30377.0,000700
2026-10-08,7500.0,7500.0,7360.0,7460.0,10524.0,007860
2026-10-08,0.0,0.0,0.0,4200.0,0.0,000300
2026-10-08,10970.0,10990.0,10880.0,10920.0,13033.0,234080
2026-10-08,4325.0,4330.0,4280.0,4310.0,2688.0,016450
2026-10-08,9980.0,10150.0,9860.0,9920.0,2588.0,014710
2026-10-08,7140.0,7140.0,7070.0,7130.0,13406.0,213500
2026-10-08,2990.0,2990.0,2950.0,2955.0,43683.0,003460
2026-10-08,1669.0,1740.0,1635.0,1726.0,390279.0,001780
2026-10-08,8350.0,8400.0,8240.0,8330.0,26321.0,090350
2026-10-08,4950.0,4985.0,4890.0,4915.0,30423.0,002150
2026-10-08,2720.0,2725.0,2665.0,2715.0,21851.0,241590
2026-10-08,12510.0,12580.0,12370.0,12580.0,2368.0,000860
2026-10-08,0.0,0.0,0.0,5530.0,0.0,101530
2026-10-08,7770.0,7770.0,7570.0,7640.0,7880.0,004380
2026-10-08,5300.0,5300.0,5190.0,5210.0,19537.0,460850
2026-10-08,53100.0,53100.0,51800.0,51900.0,1505.0,002170
2026-10-08,2810.0,2815.0,2795.0,2800.0,23360.0,400760
2026-10-08,8100.0,8100.0,7910.0,7960.0,21433.0,007570
2026-10-08,5500.0,5510.0,5340.0,5400.0,304332.0,000020
2026-10-08,8370.0,8580.0,8370.0,8490.0,10914.0,293480
2026-10-08,66500.0,66700.0,66000.0,66400.0,522.0,001045
2026-10-08,21500.0,21500.0,21050.0,21150.0,1258.0,00279K
2026-10-08,11700.0,11810.0,11500.0,11690.0,66444.0,004090
2026-10-08,12860.0,12860.0,12480.0,12500.0,27165.0,462520
2026-10-08,6780.0,6820.0,6680.0,6720.0,14901.0,013890
2026-10-08,6510.0,6540.0,6480.0,6500.0,9280.0,000970
2026-10-08,9850.0,9850.0,9790.0,9840.0,5389.0,272550
2026-10-08,10330.0,10330.0,9990.0,10020.0,18822.0,271980
2026-10-08,1391.0,1432.0,1363.0,1420.0,1726445.0,008970
2026-10-08,110200.0,110800.0,109300.0,110100.0,1675.0,097955
2026-10-08,49150.0,49150.0,48100.0,48200.0,7011.0,011785
2026-10-08,1833.0,1833.0,1761.0,1793.0,85356.0,016880
2026-10-08,3540.0,3550.0,3470.0,3490.0,29129.0,004150
2026-10-08,11000.0,11050.0,10530.0,10610.0,26248.0,006805
2026-10-08,8910.0,8960.0,8900.0,8900.0,8051.0,004970
2026-10-08,107700.0,109900.0,107200.0,107200.0,301.0,003830
2026-10-08,3425.0,3470.0,3385.0,3425.0,65788.0,012610
2026-10-08,4795.0,4865.0,4780.0,4815.0,27303.0,015890
2026-10-08,1066.0,1104.0,1064.0,1088.0,932176.0,008350
2026-10-08,4185.0,4215.0,4100.0,4175.0,67921.0,025820
2026-10-08,6000.0,6000.0,5895.0,5910.0,6119.0,071840
2026-10-08,4685.0,4720.0,4615.0,4675.0,8523.0,003480
2026-10-08,60000.0,60000.0,59000.0,59000.0,65.0,107590
2026-10-08,11840.0,11840.0,11790.0,11820.0,2822.0,094280
2026-10-08,3830.0,3970.0,3815.0,3890.0,11531.0,001080
2026-10-08,4650.0,4690.0,4555.0,4620.0,101863.0,014280
2026-10-08,3680.0,3745.0,3630.0,3665.0,89441.0,011690
2026-10-08,9710.0,9710.0,9390.0,9450.0,7784.0,081000
2026-10-08,5300.0,5380.0,5220.0,5270.0,90262.0,018470
2026-10-08,2090.0,2635.0,2020.0,2635.0,5180107.0,003580
2026-10-08,14250.0,14390.0,14100.0,14380.0,1232.0,004080
2026-10-08,5500.0,5550.0,5430.0,5500.0,14188.0,214390
2026-10-08,11350.0,11530.0,11310.0,11420.0,2246.0,024090
2026-10-08,1434.0,1439.0,1375.0,1379.0,253680.0,001360
2026-10-08,3090.0,3210.0,3045.0,3120.0,252151.0,092220
2026-10-08,4175.0,4250.0,4165.0,4190.0,116833.0,009070
2026-10-08,2265.0,2270.0,2240.0,2270.0,22774.0,006060
2026-10-08,10900.0,10930.0,10710.0,10850.0,8720.0,004960
2026-10-08,1315.0,1315.0,1278.0,1293.0,32664.0,002210
2026-10-08,13560.0,13600.0,13420.0,13490.0,577.0,078000
2026-10-08,1066.0,1111.0,1066.0,1077.0,102141.0,009270
2026-10-08,3820.0,3875.0,3820.0,3855.0,13828.0,089470
2026-10-08,20900.0,20950.0,20700.0,20750.0,615.0,267290
2026-10-08,2540.0,2540.0,2425.0,2440.0,121043.0,013520
2026-10-08,13570.0,13570.0,13350.0,13450.0,1128.0,005800
2026-10-08,7560.0,7600.0,7480.0,7540.0,2716.0,002620
2026-10-08,2240.0,2255.0,2160.0,2250.0,32979.0,015590
2026-10-08,11000.0,11080.0,10700.0,10830.0,34029.0,210540
2026-10-08,8750.0,8750.0,8520.0,8660.0,2269.0,002390
2026-10-08,1126.0,1128.0,1104.0,1115.0,353804.0,001520
2026-10-08,5060.0,5090.0,4920.0,4930.0,65039.0,214420
2026-10-08,1560.0,1564.0,1528.0,1528.0,50418.0,037560
2026-10-08,3295.0,3295.0,3200.0,3200.0,4544.0,350520
2026-10-08,3410.0,3425.0,3340.0,3375.0,62827.0,014530
2026-10-08,3180.0,3250.0,3145.0,3185.0,290282.0,004100
2026-10-08,4000.0,4025.0,3955.0,4005.0,44325.0,016740
2026-10-08,12780.0,12820.0,12600.0,12630.0,13133.0,227840
2026-10-08,4725.0,4785.0,4675.0,4785.0,18839.0,083420
2026-10-08,26250.0,26250.0,26100.0,26150.0,521.0,034590
2026-10-08,5550.0,5630.0,5520.0,5590.0,8003.0,079430
2026-10-08,46850.0,47800.0,46200.0,47250.0,5987.0,012320
2026-10-08,1841.0,1841.0,1771.0,1780.0,157172.0,017550
2026-10-08,11090.0,11090.0,10800.0,10900.0,5059.0,002460
2026-10-08,6920.0,6920.0,6860.0,6900.0,754.0,016710
2026-10-08,32550.0,32550.0,31400.0,31650.0,370.0,023450
2026-10-08,7490.0,7930.0,7490.0,7790.0,6981.0,008040
2026-10-08,0.0,0.0,0.0,3530.0,0.0,011810
2026-10-08,4200.0,4200.0,4095.0,4135.0,15123.0,013570
2026-10-08,3940.0,3970.0,3890.0,3940.0,31522.0,014580
2026-10-08,1800.0,1800.0,1738.0,1741.0,169445.0,009580
2026-10-08,8650.0,8830.0,8390.0,8470.0,459177.0,001210
2026-10-08,1535.0,1535.0,1491.0,1505.0,17890.0,011280
2026-10-08,3055.0,3060.0,3000.0,3005.0,225436.0,012200
2026-10-08,2905.0,2925.0,2855.0,2880.0,21021.0,004250
2026-10-08,10420.0,10720.0,10300.0,10560.0,5887.0,021820
2026-10-08,60100.0,60100.0,58900.0,59100.0,1464.0,078935
2026-10-08,1162.0,1162.0,1132.0,1142.0,277392.0,012800
2026-10-08,6400.0,6460.0,6320.0,6400.0,24378.0,035000
2026-10-08,12980.0,13150.0,12350.0,12760.0,62386.0,006660
2026-10-08,3435.0,3435.0,3380.0,3405.0,22112.0,010100
2026-10-08,6590.0,6590.0,6360.0,6420.0,54145.0,123690
2026-10-08,81500.0,82500.0,81500.0,81900.0,292.0,120030
2026-10-08,9330.0,9390.0,9220.0,9240.0,2460.0,267850
2026-10-08,8360.0,8360.0,7830.0,8010.0,347866.0,003010
2026-10-08,2700.0,2710.0,2650.0,2685.0,9822.0,027970
2026-10-08,0.0,0.0,0.0,918.0,0.0,119650
2026-10-08,5500.0,5580.0,5370.0,5480.0,9214.0,025620
2026-10-08,21950.0,21950.0,21650.0,21750.0,12564.0,248170
2026-10-08,38000.0,38000.0,32700.0,36400.0,1159449.0,084670
2026-10-08,1075.0,1080.0,1071.0,1073.0,48769.0,002450
2026-10-08,2370.0,2415.0,2340.0,2360.0,35404.0,067830
2026-10-08,2385.0,2385.0,2380.0,2385.0,24259.0,417310
2026-10-08,6560.0,6610.0,6440.0,6590.0,31465.0,002780
2026-10-08,7650.0,7650.0,7610.0,7620.0,713.0,264900
2026-10-08,1246.0,1252.0,1230.0,1233.0,78241.0,008700
2026-10-08,46950.0,47100.0,46250.0,46900.0,5737.0,007540
2026-10-08,5570.0,5570.0,5440.0,5530.0,20510.0,032560
2026-10-08,4645.0,4730.0,4610.0,4690.0,13892.0,014440
2026-10-08,1450.0,1460.0,1432.0,1434.0,78537.0,007210
2026-10-08,74600.0,76000.0,73200.0,74900.0,4929.0,096775
2026-10-08,2780.0,2780.0,2735.0,2755.0,13522.0,002200
2026-10-08,2515.0,2515.0,2430.0,2435.0,34065.0,014790
2026-10-08,1500.0,1549.0,1461.0,1549.0,122729.0,013700
2026-10-08,4650.0,4855.0,4185.0,4255.0,20190225.0,002720
2026-10-08,3210.0,3210.0,3175.0,3180.0,45785.0,008260
2026-10-08,45500.0,45950.0,43300.0,43300.0,2382.0,37550L
2026-10-08,30150.0,30450.0,30100.0,30450.0,580.0,001275
2026-10-08,2005.0,2025.0,1970.0,2005.0,12803.0,363280
2026-10-08,2200.0,2210.0,2180.0,2190.0,39696.0,058850
2026-10-08,2475.0,2475.0,2425.0,2455.0,35253.0,036580
2026-10-08,2615.0,2620.0,2580.0,2590.0,30961.0,058860
2026-10-08,4160.0,4240.0,4090.0,4110.0,20416.0,001290
2026-10-08,4940.0,5000.0,4910.0,4945.0,27139.0,019180
2026-10-08,1957.0,1957.0,1736.0,1836.0,214882.0,070960
2026-10-08,2240.0,2295.0,2240.0,2270.0,25256.0,139990
2026-10-08,7150.0,7150.0,6560.0,6680.0,11235.0,006840
2026-10-08,2210.0,2225.0,2180.0,2185.0,34034.0,023000
2026-10-08,1821.0,1823.0,1782.0,1807.0,48690.0,004140
2026-10-08,139000.0,139000.0,139000.0,139000.0,3.0,002600
2026-10-08,34150.0,34700.0,34050.0,34350.0,503.0,004890
2026-10-08,8830.0,9000.0,8800.0,8810.0,1287.0,006090
2026-10-08,17000.0,17370.0,16410.0,17260.0,27950.0,055490
2026-10-08,1756.0,1777.0,1749.0,1760.0,73818.0,007980
2026-10-08,70300.0,71500.0,69500.0,71300.0,862.0,000590
2026-10-08,36550.0,36900.0,36000.0,36900.0,2478.0,000850
2026-10-08,2530.0,2570.0,2455.0,2495.0,162806.0,011700
2026-10-08,6210.0,6210.0,5970.0,6000.0,9508.0,33626K
2026-10-08,2910.0,3085.0,2875.0,3010.0,403941.0,002220
2026-10-08,5020.0,5080.0,5010.0,5010.0,15810.0,023800
2026-10-08,8190.0,8250.0,7990.0,8050.0,36503.0,001260
2026-10-08,2810.0,2810.0,2790.0,2805.0,35003.0,009180
2026-10-08,12900.0,12900.0,12720.0,12760.0,952.0,111380
2026-10-08,5590.0,5590.0,5350.0,5370.0,5090.0,069730
2026-10-08,14560.0,14720.0,13750.0,13960.0,79066.0,063160
2026-10-08,5260.0,5260.0,5120.0,5160.0,5647.0,005740
2026-10-08,3995.0,4000.0,3925.0,3950.0,11262.0,004840
2026-10-08,5510.0,5540.0,5430.0,5450.0,8133.0,163560
2026-10-08,5510.0,5570.0,5510.0,5540.0,211.0,007590
2026-10-08,3065.0,3080.0,3045.0,3070.0,30346.0,010960
2026-10-08,64000.0,65200.0,63800.0,64000.0,614.0,000105
2026-10-08,7020.0,7170.0,6900.0,6950.0,10308.0,109070
2026-10-08,2150.0,2435.0,2150.0,2265.0,1306386.0,480370
2026-10-08,4290.0,4290.0,4030.0,4060.0,225828.0,007610
2026-10-08,6810.0,6940.0,6800.0,6880.0,27841.0,214330
2026-10-08,3800.0,3830.0,3760.0,3765.0,5682.0,013870
2026-10-08,1360.0,1375.0,1320.0,1329.0,124066.0,013360
2026-10-08,1052.0,1056.0,1030.0,1040.0,381502.0,002700
2026-10-08,2180.0,2225.0,2155.0,2160.0,57035.0,024900
2026-10-08,11220.0,11220.0,11060.0,11130.0,983.0,002795
2026-10-08,0.0,0.0,0.0,655.0,0.0,014160
2026-10-08,4230.0,4295.0,4210.0,4275.0,22241.0,005750
2026-10-08,6290.0,6290.0,6070.0,6140.0,5025.0,000230
2026-10-08,25350.0,25750.0,25250.0,25500.0,3109.0,120115
2026-10-08,5780.0,5890.0,5630.0,5800.0,27223.0,031820
2026-10-08,3785.0,3785.0,3720.0,3730.0,63817.0,338100
2026-10-08,3455.0,3460.0,3360.0,3420.0,161104.0,071090
2026-10-08,1679.0,1704.0,1662.0,1680.0,8924.0,010040
2026-10-08,28850.0,28850.0,27350.0,27550.0,2327.0,009770
2026-10-08,9050.0,9300.0,9030.0,9030.0,2024.0,001560
2026-10-08,5440.0,5480.0,5360.0,5370.0,14576.0,004440
2026-10-08,1970.0,1970.0,1900.0,1919.0,7364.0,001020
2026-10-08,4190.0,4235.0,4155.0,4225.0,28914.0,155660
2026-10-08,1874.0,1889.0,1865.0,1878.0,35900.0,011150
2026-10-08,1201.0,1230.0,1125.0,1185.0,28184.0,095720
2026-10-08,2315.0,2535.0,2250.0,2345.0,42144.0,007280
2026-10-08,1934.0,1939.0,1890.0,1929.0,32875.0,079980
2026-10-08,4810.0,4820.0,4755.0,4755.0,12371.0,000180
2026-10-08,3020.0,3060.0,3000.0,3005.0,33436.0,010660
2026-10-08,21800.0,22350.0,21800.0,22250.0,213.0,007815
2026-10-08,3675.0,3685.0,3535.0,3590.0,8260.0,017370
2026-10-08,1623.0,1625.0,1580.0,1625.0,24926.0,019680
2026-10-08,2970.0,2970.0,2810.0,2875.0,10352.0,004720
2026-10-08,8810.0,8940.0,8600.0,8720.0,11766.0,085310
2026-10-08,5090.0,5090.0,4935.0,4985.0,8727.0,100220
2026-10-08,3130.0,3170.0,3065.0,3105.0,124777.0,058730
2026-10-08,1514.0,1525.0,1500.0,1510.0,18718.0,009200
2026-10-08,1418.0,1422.0,1413.0,1419.0,10592.0,016090
2026-10-08,1782.0,1805.0,1759.0,1766.0,368263.0,004770
2026-10-08,6300.0,6300.0,6210.0,6250.0,2399.0,068290
2026-10-08,1333.0,1333.0,1301.0,1308.0,38831.0,018500
2026-10-08,3850.0,3870.0,3795.0,3860.0,39575.0,000220
2026-10-08,2260.0,2260.0,2080.0,2135.0,60102.0,084680
2026-10-08,4395.0,4395.0,4220.0,4280.0,39660.0,005870
2026-10-08,27900.0,28850.0,27400.0,28700.0,13933.0,35320K
2026-10-08,994.0,999.0,991.0,997.0,41636.0,002760
2026-10-08,4710.0,4720.0,4640.0,4685.0,15441.0,072130
2026-10-08,27800.0,28200.0,27300.0,27600.0,259.0,004450
2026-10-08,2140.0,2170.0,2085.0,2115.0,122637.0,372910
2026-10-08,3820.0,3925.0,3745.0,3915.0,96708.0,014990
2026-10-08,26900.0,26900.0,26750.0,26850.0,1104.0,001465
2026-10-08,6310.0,6410.0,6270.0,6360.0,1069.0,111110
2026-10-08,2430.0,2455.0,2340.0,2395.0,383141.0,0220WL
2026-10-08,4865.0,4900.0,4805.0,4890.0,24451.0,006890
2026-10-08,1899.0,1905.0,1890.0,1900.0,22723.0,129260
2026-10-08,30200.0,30200.0,29450.0,29700.0,905.0,003925
2026-10-08,3255.0,3255.0,3200.0,3200.0,6.0,003465
2026-10-08,3175.0,3175.0,2985.0,3000.0,70793.0,210980
2026-10-08,4130.0,4305.0,4100.0,4275.0,153890.0,003780
2026-10-08,0.0,0.0,0.0,902.0,0.0,020760
2026-10-08,2960.0,2960.0,2880.0,2880.0,5618.0,075180
2026-10-08,1000.0,1015.0,988.0,1006.0,71401.0,090080
2026-10-08,3640.0,3660.0,3625.0,3645.0,5001.0,025530
2026-10-08,3525.0,3525.0,3390.0,3470.0,52764.0,004830
2026-10-08,44050.0,44050.0,43600.0,43950.0,1102.0,006125
2026-10-08,1560.0,1614.0,1510.0,1573.0,314709.0,005320
2026-10-08,26300.0,26300.0,25300.0,25400.0,3361.0,37550K
2026-10-08,1876.0,1876.0,1827.0,1833.0,51999.0,092440
2026-10-08,2160.0,2205.0,2070.0,2080.0,148836.0,007460
2026-10-08,25450.0,25750.0,25100.0,25200.0,322.0,28513K
2026-10-08,5290.0,5390.0,5230.0,5330.0,2752.0,023810
2026-10-08,0.0,0.0,0.0,1935.0,0.0,002410
2026-10-08,51100.0,51100.0,50000.0,50200.0,1645.0,000725
2026-10-08,2815.0,2815.0,2740.0,2785.0,28614.0,378850
2026-10-08,10220.0,10220.0,10050.0,10150.0,11946.0,001550
2026-10-08,4145.0,4145.0,4085.0,4100.0,10290.0,003475
2026-10-08,1129.0,1129.0,1102.0,1106.0,53929.0,021050
2026-10-08,1325.0,1349.0,1313.0,1315.0,34030.0,396690
2026-10-08,3535.0,3555.0,3500.0,3550.0,17277.0,010770
2026-10-08,1417.0,1449.0,1407.0,1416.0,93054.0,012690
2026-10-08,5100.0,5200.0,5040.0,5150.0,1980.0,101140
2026-10-08,66200.0,66200.0,65100.0,65700.0,334.0,005305
2026-10-08,4240.0,4300.0,4205.0,4255.0,6515.0,006880
2026-10-08,3235.0,3260.0,3195.0,3210.0,14799.0,123700
2026-10-08,48700.0,48700.0,46350.0,47100.0,2628.0,011390
2026-10-08,2640.0,2640.0,2545.0,2580.0,102610.0,011230
2026-10-08,16630.0,17100.0,15900.0,15920.0,2653.0,006980
2026-10-08,29900.0,30400.0,29200.0,29250.0,826.0,000950
2026-10-08,2210.0,2285.0,2175.0,2190.0,22005.0,001620
2026-10-08,1690.0,1690.0,1631.0,1641.0,15533.0,002630
2026-10-08,1003.0,1019.0,971.0,987.0,36270.0,009320
2026-10-08,0.0,0.0,0.0,2670.0,0.0,011000
2026-10-08,1226.0,1245.0,1214.0,1223.0,87894.0,004410
2026-10-08,19000.0,19250.0,18650.0,18670.0,4283.0,009835
2026-10-08,1917.0,1917.0,1900.0,1904.0,67804.0,002140
2026-10-08,1789.0,1823.0,1788.0,1795.0,33909.0,002920
2026-10-08,2770.0,2835.0,2655.0,2700.0,57942.0,011300
2026-10-08,0.0,0.0,0.0,2660.0,0.0,069460
2026-10-08,2210.0,2210.0,2140.0,2145.0,8876.0,041650
2026-10-08,1232.0,1250.0,1222.0,1228.0,14483.0,004540
2026-10-08,2955.0,2980.0,2910.0,2925.0,20033.0,000910
2026-10-08,1849.0,1852.0,1823.0,1823.0,5153.0,357250
2026-10-08,0.0,0.0,0.0,5110.0,0.0,074610
2026-10-08,2240.0,2240.0,2210.0,2220.0,4728.0,003080
2026-10-08,2185.0,2185.0,2155.0,2165.0,1910.0,084870
2026-10-08,1293.0,1315.0,1280.0,1297.0,66138.0,017180
2026-10-08,2205.0,2235.0,2160.0,2165.0,130406.0,004060
2026-10-08,3435.0,3440.0,3315.0,3395.0,10938.0,004910
2026-10-08,4220.0,4400.0,4180.0,4330.0,66425.0,011330
2026-10-08,3300.0,3315.0,3225.0,3270.0,39411.0,092780
2026-10-08,1945.0,1970.0,1921.0,1970.0,109358.0,014910
2026-10-08,976.0,983.0,970.0,974.0,4030.0,481850
2026-10-08,2070.0,2075.0,2040.0,2040.0,25844.0,008420
2026-10-08,3935.0,3980.0,3910.0,3950.0,23631.0,446070
2026-10-08,0.0,0.0,0.0,541.0,0.0,019490
2026-10-08,2510.0,2655.0,2470.0,2650.0,75972.0,007110
2026-10-08,2060.0,2065.0,2030.0,2040.0,67297.0,026940
2026-10-08,1164.0,1177.0,1151.0,1162.0,23935.0,002870
2026-10-08,0.0,0.0,0.0,932.0,0.0,017040
2026-10-08,24000.0,24250.0,23750.0,23850.0,988.0,000215
2026-10-08,2000.0,2030.0,1952.0,2010.0,21037.0,049800
2026-10-08,3720.0,3725.0,3630.0,3665.0,13700.0,023350
2026-10-08,3175.0,3530.0,3175.0,3495.0,76692.0,002360
2026-10-08,38950.0,38950.0,38300.0,38600.0,163.0,008870
2026-10-08,804.0,804.0,791.0,799.0,12785.0,145270
2026-10-08,1890.0,1890.0,1811.0,1851.0,1441.0,009810
2026-10-08,1003.0,1015.0,983.0,997.0,11081.0,023960
2026-10-08,7430.0,7430.0,7030.0,7180.0,11454.0,004920
2026-10-08,1405.0,1405.0,1350.0,1360.0,24581.0,011420
2026-10-08,3780.0,3895.0,3730.0,3750.0,8877.0,012280
2026-10-08,18770.0,18770.0,18520.0,18520.0,58.0,134790
2026-10-08,986.0,1005.0,940.0,994.0,69821.0,133820
2026-10-08,1315.0,1324.0,1300.0,1324.0,81338.0,000890
2026-10-08,23950.0,23950.0,22500.0,23150.0,6961.0,009140
2026-10-08,1139.0,1154.0,1120.0,1147.0,19858.0,027740
2026-10-08,3280.0,3320.0,3250.0,3300.0,28658.0,008250
2026-10-08,0.0,0.0,0.0,851.0,0.0,047400
2026-10-08,1684.0,1719.0,1588.0,1680.0,218592.0,051630
2026-10-08,12280.0,12700.0,11800.0,12600.0,1292.0,000760
2026-10-08,1211.0,1219.0,1201.0,1205.0,15125.0,013000
2026-10-08,2075.0,2080.0,2000.0,2060.0,54237.0,010640
2026-10-08,2820.0,2880.0,2805.0,2860.0,50769.0,014130
2026-10-08,9100.0,9190.0,9080.0,9100.0,5238.0,004365
2026-10-08,0.0,0.0,0.0,1199.0,0.0,143210
2026-10-08,3665.0,3665.0,3570.0,3580.0,6417.0,002880
2026-10-08,2735.0,2760.0,2650.0,2705.0,4985.0,009460
2026-10-08,14410.0,14910.0,14400.0,14450.0,677.0,005820
2026-10-08,2090.0,2170.0,2075.0,2105.0,7257.0,012160
2026-10-08,2995.0,3020.0,2950.0,2970.0,10199.0,006370
2026-10-08,1148.0,1199.0,1126.0,1150.0,13779.0,090370
2026-10-08,6550.0,6610.0,6350.0,6520.0,15781.0,003535
2026-10-08,3990.0,4110.0,3975.0,4020.0,18294.0,010400
2026-10-08,5790.0,5910.0,5510.0,5740.0,12442.0,001070
2026-10-08,1395.0,1406.0,1375.0,1403.0,4164.0,069640
2026-10-08,1974.0,1974.0,1952.0,1957.0,4158.0,024070
2026-10-08,1860.0,1860.0,1850.0,1860.0,6032.0,025750
2026-10-08,1895.0,1950.0,1813.0,1813.0,20828.0,006570
2026-10-08,3395.0,3395.0,3305.0,3370.0,4611.0,308170
2026-10-08,2590.0,2610.0,2580.0,2600.0,3625.0,025890
2026-10-08,1518.0,1546.0,1503.0,1504.0,20758.0,036420
2026-10-08,2375.0,2375.0,2280.0,2305.0,10863.0,088790
2026-10-08,14700.0,14700.0,14290.0,14310.0,3447.0,019175
2026-10-08,4585.0,4590.0,4540.0,4560.0,15907.0,023150
2026-10-08,4435.0,5250.0,4400.0,4515.0,802403.0,003680
2026-10-08,659.0,710.0,604.0,614.0,3849398.0,009190
2026-10-08,1198.0,1236.0,1174.0,1174.0,26694.0,118000
2026-10-08,1323.0,1339.0,1296.0,1296.0,13866.0,002690
2026-10-08,979.0,1003.0,957.0,959.0,36588.0,007120
2026-10-08,9810.0,10110.0,9690.0,9960.0,38588.0,006345
2026-10-08,1541.0,1541.0,1500.0,1528.0,6975.0,33637K
2026-10-08,3890.0,3960.0,3890.0,3955.0,139.0,002355
2026-10-08,5760.0,5760.0,5510.0,5620.0,2685.0,004270
2026-10-08,4050.0,4060.0,3970.0,3980.0,17566.0,033250
2026-10-08,1527.0,1570.0,1516.0,1542.0,84118.0,003060
2026-10-08,1461.0,1489.0,1375.0,1403.0,37424.0,006490
2026-10-08,22000.0,22050.0,21750.0,21850.0,890.0,003495
2026-10-08,779.0,787.0,764.0,767.0,6308.0,357430
2026-10-08,0.0,0.0,0.0,5330.0,0.0,009310
2026-10-08,1031.0,1079.0,941.0,1009.0,324447.0,001380
2026-10-08,3045.0,3220.0,2900.0,3085.0,18998.0,012170
2026-10-08,973.0,987.0,956.0,977.0,19757.0,004870
2026-10-08,7430.0,7430.0,7200.0,7410.0,2281.0,33626L
2026-10-08,1447.0,1517.0,1423.0,1515.0,98871.0,071950
2026-10-08,4515.0,5050.0,4515.0,4700.0,102381.0,030720
2026-10-08,2640.0,2990.0,2640.0,2820.0,38692.0,001420
2026-10-08,28250.0,28250.0,27600.0,27800.0,219.0,008775
2026-10-08,1059.0,1263.0,1047.0,1100.0,2289736.0,005360
2026-10-08,4450.0,4505.0,3350.0,3485.0,223448.0,006740
2026-10-08,14650.0,14750.0,14650.0,14650.0,950.0,001685
2026-10-08,0.0,0.0,0.0,928.0,0.0,015020
2026-10-08,997.0,1017.0,994.0,999.0,13598.0,000040
2026-10-08,24200.0,24200.0,23750.0,23800.0,424.0,00499K
2026-10-08,18120.0,18120.0,17750.0,17830.0,2048.0,108675
2026-10-08,1580.0,1677.0,1544.0,1581.0,203524.0,011090
2026-10-08,3715.0,4000.0,3660.0,3805.0,36936.0,002070
2026-10-08,0.0,0.0,0.0,296.0,0.0,093240
2026-10-08,0.0,0.0,0.0,2620.0,0.0,008600
2026-10-08,0.0,0.0,0.0,756.0,0.0,009440
2026-10-08,4500.0,4500.0,4450.0,4490.0,2994.0,005725
2026-10-08,2170.0,2535.0,2155.0,2180.0,607860.0,465770
2026-10-08,29750.0,29800.0,29050.0,29400.0,1540.0,18064K
2026-10-08,1570.0,1659.0,1570.0,1639.0,35983.0,006200
2026-10-08,18000.0,18000.0,17550.0,18000.0,317.0,005257
2026-10-08,4420.0,4625.0,4375.0,4605.0,72683.0,004105
2026-10-08,12980.0,12980.0,12700.0,12740.0,1124.0,002025
2026-10-08,19725.0,19725.0,19650.0,19650.0,71.0,0106J0
2026-10-08,1008.0,1285.0,956.0,1197.0,585308.0,002820
2026-10-08,12200.0,12360.0,12200.0,12330.0,624.0,000087
2026-10-08,2140.0,2150.0,2105.0,2110.0,4107.0,001795
2026-10-08,10960.0,11050.0,10890.0,11010.0,3318.0,00806K
2026-10-08,4415.0,4415.0,4380.0,4380.0,340.0,45226K
2026-10-08,1372.0,1619.0,1360.0,1539.0,143554.0,024890
2026-10-08,13850.0,14000.0,13720.0,13750.0,3405.0,084695
2026-10-08,15860.0,16110.0,15860.0,15880.0,162.0,00781K
2026-10-08,32150.0,32150.0,32150.0,32150.0,4.0,145995
2026-10-08,192.0,249.0,185.0,249.0,2806024.0,015260
2026-10-08,7830.0,7830.0,7410.0,7530.0,1361.0,38380K
2026-10-08,10120.0,10120.0,10120.0,10120.0,0.0,0120X0
2026-10-08,50000.0,50000.0,50000.0,50000.0,0.0,001067
2026-10-08,1875.0,1880.0,1865.0,1880.0,125.0,004255
2026-10-08,980.0,1048.0,973.0,1005.0,13152.0,019685
2026-10-08,0.0,0.0,0.0,2240.0,0.0,145210
2026-10-08,12380.0,12380.0,11810.0,12170.0,796.0,003075
2026-10-08,19210.0,19260.0,19030.0,19030.0,1193.0,001755
2026-10-08,2280.0,2500.0,2160.0,2225.0,4418.0,33637L
2026-10-08,3600.0,3685.0,3585.0,3625.0,3339.0,000225
2026-10-08,4045.0,4045.0,3920.0,3970.0,1689.0,001515
2026-10-08,21650.0,21800.0,21650.0,21800.0,2.0,001065
2026-10-08,5050.0,5780.0,4805.0,5450.0,55544.0,004835
2026-10-08,28950.0,28950.0,28500.0,28500.0,60.0,000325
2026-10-08,9290.0,9290.0,8880.0,8970.0,488.0,004985
2026-10-08,0.0,0.0,0.0,436.0,0.0,044380
2026-10-08,7600.0,7600.0,7290.0,7530.0,223.0,26490K
2026-10-08,4970.0,4970.0,4825.0,4825.0,4970.0,012205
2026-10-08,11930.0,12200.0,11930.0,12100.0,326.0,090355
2026-10-08,0.0,0.0,0.0,3925.0,0.0,001770
2026-10-08,14270.0,14980.0,14270.0,14980.0,3553.0,002995
2026-10-08,5770.0,5770.0,5610.0,5620.0,163.0,000545
2026-10-08,9120.0,9120.0,9000.0,9000.0,479.0,000145
2026-10-08,6010.0,6070.0,6010.0,6030.0,230.0,009415
2026-10-08,17100.0,17100.0,17100.0,17100.0,36.0,005965
2026-10-08,14000.0,14000.0,13610.0,13660.0,98.0,014825
2026-10-08,7910.0,7980.0,7800.0,7800.0,225.0,007575
2026-10-08,5890.0,5890.0,5700.0,5820.0,262.0,014285
2026-10-08,2920.0,2920.0,2815.0,2880.0,1137.0,36328K
2026-10-08,5010.0,5080.0,4960.0,5080.0,116.0,005745
2026-10-08,5090.0,5090.0,5030.0,5030.0,63.0,014915
2026-10-08,8120.0,8120.0,7980.0,7980.0,205.0,000227
2026-10-08,7650.0,7650.0,7020.0,7300.0,188.0,008355
2026-10-08,7520.0,7640.0,7520.0,7600.0,181.0,001525
2026-10-08,24.0,28.0,16.0,16.0,14760676.0,005030
2026-10-08,3500.0,3730.0,3500.0,3640.0,597.0,004545
2026-10-08,5440.0,5600.0,5440.0,5440.0,2283.0,011155
2026-10-08,61.0,61.0,47.0,51.0,3808048.0,005110
2026-10-08,4910.0,5100.0,4900.0,5050.0,320.0,001527
2026-10-08,4035.0,4140.0,4035.0,4050.0,1469.0,004415
2026-10-08,6850.0,7140.0,6550.0,6700.0,426.0,002785
2026-10-08,10350.0,10350.0,9360.0,10200.0,994.0,002787
2026-10-08,239000.0,246000.0,234500.0,243000.0,567452.0,196170
2026-10-08,92500.0,94300.0,90000.0,91900.0,749617.0,086520
2026-10-08,252500.0,278500.0,245000.0,266500.0,3309767.0,036930
2026-10-08,129100.0,130700.0,124000.0,126400.0,458636.0,247540
2026-10-08,448000.0,449500.0,429000.0,431500.0,53421.0,277810
2026-10-08,86000.0,89800.0,84600.0,88300.0,1313191.0,058470
2026-10-08,132300.0,140400.0,131100.0,135700.0,1398909.0,240810
2026-10-08,171500.0,176900.0,169200.0,172500.0,624171.0,222800
2026-10-08,520000.0,538000.0,516000.0,528000.0,142834.0,039030
2026-10-08,45950.0,46500.0,45100.0,45900.0,797789.0,028300
2026-10-08,227000.0,239500.0,210500.0,233000.0,217703.0,000250
2026-10-08,65800.0,66900.0,63800.0,64700.0,1395952.0,403870
2026-10-08,205000.0,219000.0,201000.0,210000.0,193279.0,031980
2026-10-08,307500.0,316500.0,293500.0,299000.0,223063.0,108490
2026-10-08,202500.0,207000.0,197500.0,197600.0,154157.0,095340
2026-10-08,82700.0,85600.0,81800.0,83500.0,303782.0,440110
2026-10-08,138000.0,143800.0,136200.0,141900.0,361925.0,319660
2026-10-08,169000.0,177700.0,169000.0,174000.0,149132.0,084370
2026-10-08,315000.0,325000.0,307000.0,312500.0,63792.0,131290
2026-10-08,50800.0,52000.0,50000.0,51300.0,1196034.0,067310
2026-10-08,283000.0,301000.0,282500.0,296500.0,66051.0,064760
2026-10-08,407000.0,420000.0,405000.0,413000.0,25865.0,357780
2026-10-08,162700.0,166500.0,161600.0,164100.0,185154.0,095610
2026-10-08,307000.0,309000.0,295500.0,302500.0,94153.0,214450
2026-10-08,85000.0,88500.0,83700.0,86200.0,1097567.0,080220
2026-10-08,79200.0,79400.0,73900.0,74100.0,306458.0,141080
2026-10-08,50100.0,50300.0,47650.0,48300.0,315868.0,298380
2026-10-08,119500.0,122900.0,112000.0,117800.0,243232.0,226950
2026-10-08,17770.0,17940.0,16750.0,17030.0,5900178.0,010170
2026-10-08,144500.0,145200.0,136600.0,141300.0,62164.0,310210
2026-10-08,41450.0,42000.0,40300.0,41350.0,689566.0,178320
2026-10-08,51200.0,52000.0,50300.0,51400.0,326286.0,005290
2026-10-08,36250.0,39850.0,36000.0,37500.0,3380203.0,098460
2026-10-08,32650.0,33200.0,30850.0,32250.0,2411921.0,043260
2026-10-08,113200.0,133800.0,110500.0,124200.0,935770.0,131970
2026-10-08,37250.0,37650.0,35450.0,35650.0,572028.0,257720
2026-10-08,20200.0,21000.0,19365.0,20650.0,1518035.0,319400
2026-10-08,183900.0,184400.0,179400.0,182000.0,37041.0,145020
2026-10-08,44050.0,44050.0,40900.0,41700.0,77601.0,214370
2026-10-08,314000.0,319500.0,307500.0,318000.0,42512.0,140860
2026-10-08,29450.0,29500.0,28200.0,28550.0,585834.0,030530
2026-10-08,100500.0,101700.0,97300.0,97900.0,181654.0,058610
2026-10-08,98300.0,99100.0,91500.0,91500.0,588478.0,087010
2026-10-08,68000.0,69500.0,66500.0,68800.0,61744.0,140410
2026-10-08,33250.0,33500.0,32400.0,32900.0,126660.0,263750
2026-10-08,54300.0,56000.0,53200.0,55300.0,509418.0,089030
2026-10-08,12190.0,12310.0,11660.0,11670.0,1837122.0,032820
2026-10-08,44800.0,45100.0,42750.0,43150.0,499754.0,347850
2026-10-08,30750.0,30900.0,29750.0,30350.0,117855.0,214150
2026-10-08,96800.0,96900.0,91800.0,92600.0,79117.0,237690
2026-10-08,11400.0,11870.0,11320.0,11570.0,4578833.0,036540
2026-10-08,59700.0,63800.0,58500.0,62100.0,338310.0,323280
2026-10-08,112500.0,117900.0,110800.0,114900.0,293917.0,078600
2026-10-08,79500.0,79600.0,76100.0,78200.0,44479.0,041510
2026-10-08,65000.0,68900.0,64200.0,67400.0,498410.0,089970
2026-10-08,38600.0,39600.0,37400.0,37950.0,342066.0,096530
2026-10-08,134100.0,138500.0,132300.0,137800.0,57366.0,420770
2026-10-08,33300.0,34650.0,32850.0,33700.0,227959.0,183300
2026-10-08,39850.0,40500.0,38800.0,39050.0,38632.0,068760
2026-10-08,33500.0,34000.0,32000.0,32050.0,125420.0,060370
2026-10-08,56500.0,56700.0,53100.0,53400.0,296815.0,083650
2026-10-08,24700.0,24900.0,24100.0,24800.0,130635.0,007390
2026-10-08,25650.0,25750.0,24050.0,24350.0,98665.0,0009K0
2026-10-08,59000.0,59700.0,57200.0,58600.0,252124.0,218410
2026-10-08,51000.0,51500.0,47600.0,48500.0,231412.0,437730
2026-10-08,25800.0,27800.0,25000.0,26350.0,2007136.0,204270
2026-10-08,57200.0,58300.0,54600.0,56200.0,328983.0,290650
2026-10-08,39500.0,39950.0,37400.0,37700.0,109340.0,039200
2026-10-08,17190.0,17520.0,16750.0,17100.0,1523651.0,232140
2026-10-08,38600.0,39150.0,37400.0,39050.0,229251.0,035900
2026-10-08,16810.0,16810.0,16000.0,16170.0,370209.0,950160
2026-10-08,25600.0,26475.0,24100.0,25350.0,1435202.0,347700
2026-10-08,11500.0,11640.0,11300.0,11540.0,342536.0,003380
2026-10-08,62000.0,66300.0,61300.0,65000.0,175271.0,166090
2026-10-08,29800.0,29850.0,27400.0,28050.0,279743.0,082920
2026-10-08,50500.0,54600.0,50200.0,53300.0,687675.0,356860
2026-10-08,27500.0,27850.0,24550.0,25250.0,617239.0,950260
2026-10-08,117900.0,119200.0,111900.0,114100.0,59211.0,241710
2026-10-08,40550.0,40900.0,39700.0,40200.0,83923.0,195940
2026-10-08,30900.0,32600.0,30850.0,31550.0,206447.0,056190
2026-10-08,53200.0,54200.0,52100.0,53200.0,272008.0,101490
2026-10-08,18840.0,19120.0,18130.0,18360.0,390222.0,252990
2026-10-08,15520.0,16540.0,14820.0,16350.0,2246813.0,417200
2026-10-08,55800.0,58900.0,55700.0,57900.0,210767.0,083450
2026-10-08,27900.0,30000.0,26200.0,28750.0,174032.0,127120
2026-10-08,48600.0,51500.0,47500.0,49700.0,122101.0,036830
2026-10-08,10090.0,10110.0,9190.0,9470.0,408538.0,293490
2026-10-08,22450.0,23000.0,22100.0,22350.0,287664.0,086450
2026-10-08,25550.0,26400.0,24600.0,26000.0,129811.0,458870
2026-10-08,10030.0,11600.0,9850.0,11440.0,6199880.0,033790
2026-10-08,40900.0,43000.0,40500.0,42050.0,278274.0,161580
2026-10-08,53400.0,55300.0,51300.0,53200.0,506143.0,327260
2026-10-08,37800.0,39250.0,36600.0,37450.0,108746.0,491000
2026-10-08,71800.0,76800.0,70200.0,75200.0,194590.0,295310
2026-10-08,34050.0,34650.0,30100.0,30200.0,386572.0,160190
2026-10-08,59800.0,59900.0,52500.0,53600.0,131917.0,445680
2026-10-08,89800.0,96700.0,89600.0,95200.0,109526.0,388210
2026-10-08,16810.0,17670.0,16210.0,17190.0,368476.0,100790
2026-10-08,32950.0,33300.0,32250.0,32650.0,55548.0,065350
2026-10-08,8610.0,8670.0,8410.0,8620.0,238091.0,031330
2026-10-08,31700.0,33200.0,31500.0,32800.0,218956.0,074600
2026-10-08,11000.0,11500.0,10770.0,11430.0,291182.0,041960
2026-10-08,11210.0,11560.0,10650.0,11385.0,893675.0,328130
2026-10-08,75900.0,78500.0,72500.0,76100.0,133300.0,053800
2026-10-08,12760.0,13150.0,12610.0,12820.0,451875.0,281740
2026-10-08,20050.0,20350.0,18650.0,19810.0,115104.0,032500
2026-10-08,23450.0,24000.0,20800.0,22300.0,186923.0,115180
2026-10-08,66800.0,68000.0,64700.0,66700.0,73798.0,251970
2026-10-08,22850.0,25450.0,22850.0,24750.0,756453.0,059090
2026-10-08,70200.0,71500.0,68300.0,69600.0,23018.0,388720
2026-10-08,51100.0,51200.0,47500.0,48500.0,435234.0,119850
2026-10-08,58500.0,62500.0,57500.0,61100.0,189242.0,064290
2026-10-08,64800.0,67400.0,63300.0,64100.0,126531.0,425420
2026-10-08,63100.0,64800.0,62800.0,64200.0,70849.0,121600
2026-10-08,32550.0,33500.0,32200.0,33000.0,120981.0,137400
2026-10-08,49350.0,49600.0,47950.0,48550.0,65799.0,033100
2026-10-08,22550.0,23200.0,22050.0,22450.0,969997.0,490470
2026-10-08,31350.0,33800.0,31300.0,33300.0,356194.0,033640
2026-10-08,35400.0,35850.0,34150.0,35050.0,72935.0,035760
2026-10-08,29150.0,29450.0,28700.0,28900.0,123063.0,014620
2026-10-08,75300.0,75900.0,69300.0,69800.0,79469.0,099320
2026-10-08,41750.0,41950.0,40000.0,40850.0,60678.0,122870
2026-10-08,8560.0,8670.0,8150.0,8200.0,144852.0,085660
2026-10-08,73500.0,77900.0,72500.0,75100.0,55831.0,171090
2026-10-08,11960.0,12220.0,11560.0,11800.0,519837.0,006730
2026-10-08,8080.0,8510.0,6870.0,7090.0,11621746.0,038500
2026-10-08,27500.0,27550.0,26250.0,26450.0,251369.0,476830
2026-10-08,29750.0,30300.0,29300.0,29850.0,70653.0,213420
2026-10-08,78600.0,78700.0,75500.0,75500.0,84757.0,090360
2026-10-08,34550.0,35150.0,33500.0,34000.0,89205.0,036810
2026-10-08,80500.0,82500.0,79600.0,81300.0,65642.0,053610
2026-10-08,6280.0,6350.0,6040.0,6080.0,819862.0,090710
2026-10-08,50000.0,51500.0,49800.0,50600.0,90943.0,102710
2026-10-08,36400.0,36400.0,34800.0,35800.0,78625.0,044490
2026-10-08,15970.0,16520.0,15710.0,16120.0,641170.0,253590
2026-10-08,18940.0,19000.0,18470.0,18500.0,43371.0,032190
2026-10-08,23100.0,23400.0,22100.0,22750.0,220011.0,466100
2026-10-08,54000.0,54200.0,50700.0,52200.0,56777.0,041830
2026-10-08,31850.0,33550.0,31550.0,32550.0,187269.0,122640
2026-10-08,43150.0,44800.0,40700.0,41950.0,194348.0,456160
2026-10-08,53000.0,54000.0,51400.0,53300.0,229806.0,092870
2026-10-08,26850.0,27050.0,26200.0,26400.0,89458.0,023160
2026-10-08,69700.0,69800.0,62900.0,63700.0,79635.0,189300
2026-10-08,8520.0,8870.0,8400.0,8740.0,725855.0,222080
2026-10-08,15240.0,15290.0,14750.0,14830.0,149920.0,476060
2026-10-08,7270.0,7340.0,6820.0,6920.0,1007575.0,048410
2026-10-08,10500.0,10500.0,9750.0,9950.0,218504.0,225570
2026-10-08,17900.0,18860.0,17200.0,18750.0,400564.0,024850
2026-10-08,13770.0,14550.0,13300.0,14220.0,716437.0,077360
2026-10-08,127100.0,133100.0,126400.0,129900.0,4036.0,093320
2026-10-08,92000.0,92000.0,86400.0,87500.0,112457.0,126340
2026-10-08,21050.0,21150.0,20400.0,20900.0,44931.0,253450
2026-10-08,27550.0,28000.0,25850.0,26550.0,219638.0,124500
2026-10-08,10410.0,10560.0,10260.0,10490.0,159568.0,046890
2026-10-08,13240.0,14345.0,13000.0,13910.0,1392235.0,144960
2026-10-08,97700.0,99600.0,95000.0,95700.0,36805.0,219130
2026-10-08,10020.0,10200.0,9750.0,9870.0,650158.0,050890
2026-10-08,28100.0,28500.0,25850.0,27700.0,274324.0,080580
2026-10-08,33350.0,34200.0,33200.0,33400.0,51544.0,045100
2026-10-08,36150.0,39500.0,36150.0,38550.0,266862.0,078350
2026-10-08,79900.0,80900.0,75300.0,78800.0,31112.0,214430
2026-10-08,12970.0,14200.0,12500.0,13110.0,6449522.0,047920
2026-10-08,48600.0,49400.0,47100.0,48250.0,185342.0,399720
2026-10-08,33200.0,34050.0,32600.0,33050.0,180134.0,089890
2026-10-08,4300.0,4600.0,4300.0,4515.0,571270.0,067630
2026-10-08,13280.0,13430.0,13000.0,13120.0,114498.0,009520
2026-10-08,5220.0,5310.0,4755.0,4855.0,14659500.0,069540
2026-10-08,8960.0,8970.0,8260.0,8450.0,302356.0,358570
2026-10-08,23000.0,24000.0,21650.0,22550.0,214910.0,042000
2026-10-08,13500.0,13540.0,13140.0,13390.0,96101.0,060250
2026-10-08,32400.0,32800.0,31950.0,32400.0,24308.0,101160
2026-10-08,15680.0,15800.0,15360.0,15700.0,157337.0,112040
2026-10-08,25750.0,25850.0,24850.0,25300.0,83799.0,383310
2026-10-08,36000.0,36550.0,35300.0,36300.0,56214.0,052400
2026-10-08,25100.0,25450.0,24100.0,24800.0,70510.0,094170
2026-10-08,39000.0,39050.0,38350.0,38850.0,10726.0,079940
2026-10-08,40900.0,41850.0,40200.0,41000.0,64024.0,104830
2026-10-08,23700.0,25950.0,23000.0,25650.0,494082.0,290550
2026-10-08,18680.0,19030.0,17390.0,17970.0,1167376.0,356680
2026-10-08,26500.0,26600.0,25050.0,25650.0,163934.0,174900
2026-10-08,7700.0,7720.0,7350.0,7560.0,94820.0,052020
2026-10-08,31300.0,31500.0,30500.0,31050.0,22671.0,037460
2026-10-08,21150.0,22450.0,20100.0,21300.0,604703.0,348340
2026-10-08,42750.0,46600.0,40800.0,44500.0,172651.0,468530
2026-10-08,60500.0,61100.0,58500.0,58500.0,84886.0,098120
2026-10-08,9990.0,10070.0,9690.0,9990.0,27577.0,211050
2026-10-08,20400.0,20900.0,19200.0,19880.0,1425127.0,033160
2026-10-08,16870.0,16900.0,16350.0,16510.0,17220.0,099190
2026-10-08,23450.0,23700.0,20000.0,22200.0,338693.0,348370
2026-10-08,38150.0,38300.0,37050.0,37600.0,22504.0,365340
2026-10-08,11140.0,11210.0,10450.0,10640.0,96762.0,082270
2026-10-08,67700.0,67700.0,65900.0,65900.0,14725.0,086900
2026-10-08,12230.0,12790.0,11560.0,12560.0,882755.0,056080
2026-10-08,19220.0,21600.0,18820.0,20700.0,3139707.0,417840
2026-10-08,4930.0,4980.0,4850.0,4895.0,564212.0,025980
2026-10-08,9990.0,11100.0,9940.0,10830.0,1728248.0,200470
2026-10-08,28400.0,29350.0,28100.0,28350.0,121345.0,089010
2026-10-08,39250.0,39850.0,38400.0,38750.0,31958.0,278280
2026-10-08,6080.0,6110.0,5850.0,5900.0,848545.0,041190
2026-10-08,103400.0,104000.0,103200.0,103600.0,619.0,034950
2026-10-08,5930.0,5990.0,5800.0,5840.0,104687.0,015750
2026-10-08,27700.0,27800.0,26450.0,26700.0,91690.0,376900
2026-10-08,13000.0,13250.0,12610.0,12720.0,755502.0,125490
2026-10-08,32600.0,35550.0,32600.0,34850.0,157799.0,159010
2026-10-08,18970.0,19590.0,18560.0,19550.0,100758.0,376300
2026-10-08,15740.0,15750.0,15040.0,15230.0,64445.0,033500
2026-10-08,13600.0,13720.0,12870.0,13050.0,262925.0,018290
2026-10-08,33950.0,35550.0,33200.0,33600.0,43897.0,475960
2026-10-08,12480.0,12540.0,12120.0,12140.0,300370.0,019210
2026-10-08,5100.0,5370.0,4875.0,5000.0,541036.0,336570
2026-10-08,14110.0,14110.0,13470.0,13550.0,130219.0,368770
2026-10-08,22200.0,22650.0,21750.0,22250.0,95148.0,272290
2026-10-08,28500.0,28800.0,27500.0,27600.0,35103.0,340570
2026-10-08,14130.0,14580.0,13920.0,14270.0,293388.0,079370
2026-10-08,2160.0,2185.0,2100.0,2120.0,152753.0,035890
2026-10-08,47100.0,48650.0,45800.0,48350.0,175293.0,107640
2026-10-08,12920.0,12920.0,12300.0,12340.0,85756.0,460930
2026-10-08,41400.0,42250.0,40400.0,41550.0,177728.0,170920
2026-10-08,36800.0,37400.0,34650.0,35950.0,61836.0,078340
2026-10-08,3640.0,3665.0,3490.0,3585.0,1095004.0,027360
2026-10-08,3800.0,3845.0,3575.0,3780.0,74654.0,078130
2026-10-08,18380.0,18530.0,17440.0,17490.0,282517.0,030520
2026-10-08,9300.0,10050.0,9110.0,9970.0,924688.0,441270
2026-10-08,36750.0,37775.0,36150.0,37600.0,35027.0,067160
2026-10-08,20000.0,20100.0,19210.0,19260.0,271761.0,475830
2026-10-08,38650.0,40750.0,37700.0,39850.0,79897.0,348210
2026-10-08,14600.0,15200.0,14540.0,14840.0,146367.0,114810
2026-10-08,21800.0,22700.0,21000.0,21950.0,403106.0,052710
2026-10-08,19800.0,19820.0,18810.0,19040.0,281318.0,486990
2026-10-08,34950.0,35400.0,34250.0,34400.0,17840.0,013030
2026-10-08,37700.0,39100.0,37700.0,39050.0,55264.0,215200
2026-10-08,6680.0,6720.0,6280.0,6320.0,831867.0,187660
2026-10-08,5000.0,5000.0,4745.0,4810.0,683293.0,101730
2026-10-08,15220.0,15340.0,14570.0,14590.0,338380.0,397030
2026-10-08,31850.0,33900.0,31350.0,33000.0,305326.0,330860
2026-10-08,5800.0,5890.0,5700.0,5710.0,343182.0,204620
2026-10-08,39050.0,39900.0,38500.0,39100.0,5175.0,241770
2026-10-08,24300.0,25950.0,24250.0,25350.0,151652.0,039440
2026-10-08,25500.0,25950.0,24150.0,25950.0,56799.0,372320
2026-10-08,8780.0,8890.0,8500.0,8510.0,920875.0,332570
2026-10-08,10500.0,11780.0,10320.0,11480.0,1007049.0,393890
2026-10-08,55300.0,55700.0,54200.0,55300.0,17366.0,236200
2026-10-08,31600.0,31850.0,29000.0,31100.0,205849.0,138080
2026-10-08,8040.0,8410.0,7850.0,8330.0,89920.0,092190
2026-10-08,18350.0,18360.0,17650.0,17650.0,31167.0,095660
2026-10-08,29150.0,29200.0,28050.0,28450.0,101273.0,200710
2026-10-08,12390.0,12390.0,11980.0,12250.0,121304.0,069080
2026-10-08,21350.0,22150.0,20850.0,21250.0,241349.0,477850
2026-10-08,9960.0,9980.0,9540.0,9610.0,53597.0,078160
2026-10-08,7370.0,7540.0,7270.0,7350.0,97533.0,025900
2026-10-08,24000.0,24200.0,23000.0,23250.0,29685.0,092730
2026-10-08,8300.0,8660.0,8030.0,8360.0,1975655.0,046970
2026-10-08,3995.0,4030.0,3940.0,3970.0,229788.0,025320
2026-10-08,8130.0,8160.0,8000.0,8060.0,32025.0,036800
2026-10-08,49500.0,59200.0,48650.0,56800.0,361009.0,354320
2026-10-08,16370.0,16580.0,15850.0,15980.0,198829.0,168360
2026-10-08,29250.0,29250.0,26600.0,26850.0,126608.0,389470
2026-10-08,19040.0,19110.0,18580.0,18830.0,63671.0,110990
2026-10-08,8710.0,8910.0,8490.0,8620.0,209245.0,060280
2026-10-08,32050.0,32050.0,31800.0,31900.0,930.0,003800
2026-10-08,6480.0,6480.0,6340.0,6340.0,20250.0,078020
2026-10-08,25100.0,25150.0,23150.0,24000.0,648728.0,456010
2026-10-08,15200.0,16100.0,15180.0,15840.0,311351.0,482630
2026-10-08,7140.0,7190.0,6960.0,7010.0,592899.0,006910
2026-10-08,25100.0,26200.0,24800.0,25700.0,488275.0,091580
2026-10-08,28450.0,28950.0,28250.0,28650.0,6203.0,093520
2026-10-08,15280.0,15830.0,15040.0,15550.0,695287.0,425040
2026-10-08,4500.0,4510.0,4380.0,4445.0,424190.0,064260
2026-10-08,3855.0,3855.0,3740.0,3750.0,113406.0,036620
2026-10-08,10750.0,11080.0,10630.0,10920.0,219098.0,036200
2026-10-08,16080.0,16350.0,15970.0,16100.0,118738.0,017890
2026-10-08,7730.0,7770.0,7650.0,7730.0,5454.0,121440
2026-10-08,4690.0,4770.0,4620.0,4655.0,253411.0,061970
2026-10-08,1170.0,1180.0,1110.0,1117.0,1042097.0,018000
2026-10-08,55000.0,55500.0,53000.0,53200.0,38665.0,448900
2026-10-08,2380.0,2380.0,2300.0,2335.0,474607.0,215600
2026-10-08,11010.0,11940.0,10960.0,11090.0,771860.0,446540
2026-10-08,22700.0,23400.0,22400.0,23050.0,143803.0,234340
2026-10-08,14740.0,14740.0,14100.0,14210.0,47504.0,117730
2026-10-08,22150.0,22950.0,20600.0,20700.0,162465.0,455900
2026-10-08,8650.0,9060.0,8360.0,8450.0,291206.0,206650
2026-10-08,20000.0,20850.0,19950.0,20650.0,33664.0,265520
2026-10-08,14580.0,15000.0,14300.0,14530.0,146456.0,086390
2026-10-08,2900.0,3540.0,2875.0,3220.0,8700603.0,115450
2026-10-08,3400.0,3400.0,3265.0,3270.0,154998.0,900290
2026-10-08,3435.0,3445.0,3295.0,3300.0,407168.0,424870
2026-10-08,27600.0,28600.0,27150.0,27550.0,106547.0,160980
2026-10-08,22550.0,22550.0,20150.0,20800.0,136170.0,042520
2026-10-08,32650.0,33700.0,31200.0,33000.0,26263.0,199800
2026-10-08,18850.0,19060.0,18480.0,18780.0,53348.0,049070
2026-10-08,24250.0,24600.0,24050.0,24250.0,14656.0,054950
2026-10-08,23750.0,23850.0,23050.0,23150.0,21348.0,084110
2026-10-08,7870.0,7920.0,7740.0,7800.0,8795.0,025770
2026-10-08,35500.0,36250.0,34800.0,35250.0,27262.0,452430
2026-10-08,17130.0,17130.0,16620.0,17000.0,13462.0,092460
2026-10-08,7120.0,7190.0,7000.0,7030.0,113399.0,484590
2026-10-08,10200.0,10370.0,9830.0,9980.0,118594.0,488900
2026-10-08,26000.0,26050.0,25100.0,25450.0,28290.0,200670
2026-10-08,4470.0,4525.0,4415.0,4465.0,76275.0,035810
2026-10-08,5290.0,5700.0,5060.0,5460.0,533407.0,314130
2026-10-08,13410.0,13470.0,12070.0,12390.0,2012586.0,012210
2026-10-08,2650.0,2685.0,2650.0,2675.0,171176.0,136480
2026-10-08,2870.0,2925.0,2700.0,2775.0,2446424.0,203650
2026-10-08,11610.0,11780.0,11110.0,11330.0,85734.0,228760
2026-10-08,19200.0,21100.0,19100.0,20500.0,255647.0,085910
2026-10-08,13410.0,15960.0,11600.0,14750.0,14652544.0,266690
2026-10-08,10750.0,10860.0,10300.0,10620.0,405714.0,042370
2026-10-08,9510.0,9510.0,9360.0,9400.0,2533.0,448280
2026-10-08,42500.0,42900.0,40650.0,41600.0,56603.0,389500
2026-10-08,21250.0,21300.0,19950.0,20250.0,13623.0,352480
2026-10-08,18850.0,19100.0,18210.0,18590.0,66053.0,493280
2026-10-08,12880.0,12990.0,12490.0,12680.0,67025.0,378340
2026-10-08,13910.0,13990.0,13150.0,13370.0,82395.0,317330
2026-10-08,29700.0,31000.0,29350.0,30250.0,25546.0,100120
2026-10-08,12860.0,13150.0,12610.0,12800.0,88284.0,094360
2026-10-08,10170.0,10480.0,10090.0,10400.0,65948.0,394280
2026-10-08,23200.0,23200.0,21600.0,21950.0,39707.0,304360
2026-10-08,15590.0,15620.0,14520.0,14560.0,679647.0,386380
2026-10-08,18560.0,19290.0,18465.0,18810.0,165631.0,254490
2026-10-08,14200.0,14760.0,13850.0,14090.0,434167.0,452280
2026-10-08,5080.0,5300.0,5000.0,5120.0,164947.0,036710
2026-10-08,25300.0,27700.0,23750.0,23750.0,1888922.0,468670
2026-10-08,11610.0,11690.0,11310.0,11400.0,48439.0,060720
2026-10-08,6170.0,6170.0,5850.0,5900.0,43797.0,101930
2026-10-08,0.0,0.0,0.0,21000.0,0.0,309710
2026-10-08,9710.0,9730.0,9600.0,9700.0,16589.0,035600
2026-10-08,4650.0,4695.0,4550.0,4640.0,66683.0,472850
2026-10-08,34700.0,35150.0,34700.0,34750.0,4280.0,267980
2026-10-08,0.0,0.0,0.0,3670.0,0.0,182400
2026-10-08,32200.0,33500.0,32100.0,33000.0,65900.0,272110
2026-10-08,3910.0,4905.0,3865.0,4890.0,18826504.0,005160
2026-10-08,28400.0,29800.0,27350.0,28900.0,72113.0,416180
2026-10-08,26350.0,26550.0,25600.0,26050.0,47394.0,294570
2026-10-08,21750.0,22000.0,21400.0,22000.0,4322.0,051500
2026-10-08,18040.0,18100.0,17280.0,17340.0,32238.0,287840
2026-10-08,16140.0,16490.0,16060.0,16250.0,12316.0,089980
2026-10-08,3820.0,3820.0,3725.0,3780.0,175923.0,099440
2026-10-08,6120.0,6120.0,5770.0,5940.0,884344.0,024840
2026-10-08,24000.0,24350.0,23100.0,23500.0,78779.0,445090
2026-10-08,5380.0,5410.0,5320.0,5400.0,29185.0,151860
2026-10-08,23750.0,23750.0,22900.0,23050.0,60519.0,098070
2026-10-08,0.0,0.0,0.0,3320.0,0.0,121800
2026-10-08,5240.0,5250.0,5080.0,5120.0,131046.0,091700
2026-10-08,9130.0,9270.0,9100.0,9240.0,22198.0,068930
2026-10-08,11000.0,11050.0,10110.0,10430.0,75219.0,071200
2026-10-08,23750.0,24150.0,22650.0,23050.0,65275.0,484120
2026-10-08,17540.0,17540.0,17050.0,17120.0,39074.0,043150
2026-10-08,0.0,0.0,0.0,4080.0,0.0,377460
2026-10-08,33400.0,33950.0,32750.0,33250.0,34809.0,073490
2026-10-08,15900.0,15910.0,15180.0,15400.0,63096.0,439090
2026-10-08,7750.0,7840.0,7300.0,7600.0,396982.0,032580
2026-10-08,6150.0,6580.0,6110.0,6500.0,864323.0,243840
2026-10-08,12320.0,12800.0,12170.0,12410.0,227834.0,112290
2026-10-08,3250.0,3250.0,3200.0,3230.0,141448.0,023410
2026-10-08,26600.0,27950.0,24000.0,24200.0,1021769.0,0035S0
2026-10-08,5050.0,5070.0,5000.0,5040.0,21394.0,036030
2026-10-08,31000.0,31000.0,28250.0,29850.0,56865.0,389650
2026-10-08,13590.0,13650.0,13290.0,13600.0,48537.0,389260
2026-10-08,17710.0,18320.0,17610.0,18160.0,17976.0,461300
2026-10-08,5300.0,5450.0,5100.0,5140.0,116762.0,0011T0
2026-10-08,14280.0,14280.0,13800.0,13890.0,10687.0,377450
2026-10-08,6020.0,6410.0,6010.0,6350.0,73678.0,450950
2026-10-08,9320.0,9330.0,8900.0,9160.0,88531.0,114190
2026-10-08,43700.0,44500.0,42550.0,43700.0,22559.0,061090
2026-10-08,9030.0,9030.0,8720.0,8790.0,100750.0,108860
2026-10-08,20350.0,21000.0,20300.0,20800.0,19422.0,064850
2026-10-08,11010.0,11290.0,10940.0,11270.0,8824.0,043370
2026-10-08,3850.0,3910.0,3790.0,3825.0,153539.0,099430
2026-10-08,12890.0,13840.0,12880.0,13230.0,181691.0,083310
2026-10-08,10010.0,10130.0,9560.0,9910.0,458101.0,340450
2026-10-08,11200.0,11200.0,10660.0,10670.0,98686.0,036890
2026-10-08,5590.0,5640.0,5480.0,5570.0,39779.0,067390
2026-10-08,7810.0,7870.0,7520.0,7540.0,37565.0,064820
2026-10-08,2375.0,2420.0,2275.0,2360.0,25327.0,180400
2026-10-08,15080.0,15080.0,14530.0,14680.0,30955.0,144510
2026-10-08,8180.0,8200.0,7860.0,8060.0,29192.0,200130
2026-10-08,23750.0,23750.0,22750.0,22950.0,88075.0,011560
2026-10-08,6600.0,7300.0,6060.0,6740.0,1581785.0,462350
2026-10-08,4280.0,4350.0,4225.0,4260.0,104612.0,298830
2026-10-08,32800.0,32800.0,30850.0,31650.0,13545.0,376270
2026-10-08,12410.0,13780.0,11490.0,11510.0,2536900.0,486510
2026-10-08,19450.0,19450.0,18910.0,18980.0,25733.0,243070
2026-10-08,3650.0,3755.0,3570.0,3635.0,1128734.0,126600
2026-10-08,7020.0,7430.0,6830.0,7140.0,2607238.0,382800
2026-10-08,2310.0,2460.0,2310.0,2365.0,2121906.0,078150
2026-10-08,36050.0,36050.0,35450.0,35700.0,5454.0,215000
2026-10-08,22300.0,22650.0,21250.0,21900.0,139296.0,419530
2026-10-08,8090.0,8090.0,7520.0,7940.0,77254.0,293780
2026-10-08,12130.0,12230.0,11850.0,11980.0,59021.0,067080
2026-10-08,12500.0,13050.0,12170.0,12300.0,88276.0,237880
2026-10-08,43200.0,43300.0,42500.0,43050.0,6682.0,065710
2026-10-08,14950.0,15130.0,14880.0,15050.0,6479.0,018310
2026-10-08,5990.0,6020.0,5820.0,5930.0,75177.0,216080
2026-10-08,1404.0,1408.0,1398.0,1401.0,22870.0,023760
2026-10-08,7160.0,7210.0,7020.0,7100.0,80379.0,095500
2026-10-08,5640.0,5650.0,5490.0,5570.0,177611.0,094480
2026-10-08,8670.0,8700.0,8380.0,8460.0,108223.0,064550
2026-10-08,23900.0,24200.0,23300.0,24200.0,5713.0,065680
2026-10-08,23700.0,23750.0,23000.0,23250.0,13531.0,0008Z0
2026-10-08,13400.0,16270.0,13200.0,15690.0,601607.0,187870
2026-10-08,15460.0,15670.0,15340.0,15415.0,33512.0,190510
2026-10-08,17680.0,18430.0,17220.0,17610.0,56752.0,405100
2026-10-08,23000.0,24450.0,22300.0,23750.0,371767.0,263860
2026-10-08,8720.0,8720.0,8430.0,8460.0,32422.0,0001A0
2026-10-08,25000.0,25450.0,24450.0,24600.0,143720.0,126730
2026-10-08,7660.0,7660.0,7460.0,7560.0,30798.0,176750
2026-10-08,10160.0,10200.0,9650.0,9720.0,89676.0,365270
2026-10-08,8230.0,8260.0,8000.0,8040.0,75391.0,241520
2026-10-08,9860.0,9950.0,9780.0,9800.0,17631.0,206640
2026-10-08,24650.0,25200.0,24050.0,24300.0,47151.0,382900
2026-10-08,6080.0,6150.0,5880.0,6010.0,365514.0,125020
2026-10-08,2975.0,3015.0,2945.0,2985.0,316345.0,045390
2026-10-08,3225.0,3240.0,3040.0,3070.0,1815348.0,256840
2026-10-08,7010.0,7230.0,6420.0,6490.0,1279331.0,439960
2026-10-08,5860.0,6270.0,5750.0,5850.0,892470.0,452450
2026-10-08,5370.0,5390.0,5250.0,5300.0,155710.0,053300
2026-10-08,18490.0,18490.0,17450.0,17680.0,51565.0,475400
2026-10-08,4300.0,4400.0,4205.0,4285.0,20376.0,950170
2026-10-08,5650.0,5760.0,5490.0,5680.0,271759.0,307180
2026-10-08,6450.0,6560.0,6340.0,6370.0,41147.0,053030
2026-10-08,4275.0,4370.0,4260.0,4325.0,44429.0,019010
2026-10-08,10420.0,10470.0,10300.0,10400.0,5394.0,005710
2026-10-08,3965.0,4955.0,3765.0,4490.0,3808396.0,084990
2026-10-08,0.0,0.0,0.0,8450.0,0.0,380540
2026-10-08,22200.0,23000.0,21850.0,22800.0,51622.0,049430
2026-10-08,2800.0,2980.0,2740.0,2865.0,1124803.0,462860
2026-10-08,14730.0,14730.0,13970.0,14160.0,2723.0,481070
2026-10-08,15800.0,15800.0,15260.0,15350.0,22057.0,459510
2026-10-08,4440.0,4440.0,4325.0,4355.0,84828.0,014940
2026-10-08,3280.0,3280.0,3120.0,3235.0,162697.0,036170
2026-10-08,16360.0,16460.0,15780.0,15920.0,16445.0,058970
2026-10-08,12570.0,13810.0,12400.0,13650.0,225908.0,403850
2026-10-08,33950.0,33950.0,32400.0,32400.0,5793.0,036190
2026-10-08,14700.0,15450.0,14500.0,15170.0,159105.0,163730
2026-10-08,10760.0,11250.0,10670.0,10800.0,205158.0,234690
2026-10-08,2230.0,2235.0,2065.0,2080.0,292204.0,217730
2026-10-08,4450.0,4580.0,4115.0,4465.0,242906.0,351320
2026-10-08,16910.0,17430.0,16800.0,16990.0,38495.0,119610
2026-10-08,0.0,0.0,0.0,2410.0,0.0,080720
2026-10-08,10240.0,10550.0,10000.0,10180.0,275077.0,388050
2026-10-08,6700.0,6710.0,6310.0,6410.0,26723.0,314930
2026-10-08,5920.0,5920.0,5790.0,5820.0,49523.0,353810
2026-10-08,13780.0,14325.0,13680.0,14210.0,191641.0,051160
2026-10-08,10590.0,10640.0,10380.0,10450.0,42347.0,194700
2026-10-08,12720.0,13060.0,12600.0,12980.0,52097.0,083930
2026-10-08,17500.0,17760.0,17500.0,17690.0,8283.0,143240
2026-10-08,25100.0,25500.0,24600.0,25300.0,6860.0,066620
2026-10-08,6230.0,6260.0,5930.0,5940.0,1093604.0,394800
2026-10-08,23550.0,25450.0,23350.0,23700.0,40221.0,372170
2026-10-08,18900.0,19270.0,18670.0,18850.0,33760.0,086670
2026-10-08,14810.0,14810.0,14160.0,14310.0,59849.0,102940
2026-10-08,0.0,0.0,0.0,994.0,0.0,016790
2026-10-08,10310.0,10360.0,9820.0,10030.0,49295.0,041920
2026-10-08,2100.0,2100.0,2055.0,2055.0,38828.0,013120
2026-10-08,17260.0,17610.0,16000.0,16610.0,48768.0,199430
2026-10-08,12310.0,12720.0,12130.0,12430.0,70611.0,126700
2026-10-08,10460.0,10530.0,10380.0,10460.0,4905.0,052330
2026-10-08,11990.0,11990.0,11720.0,11750.0,5128.0,036560
2026-10-08,5900.0,5930.0,5820.0,5860.0,2564.0,034810
2026-10-08,24450.0,24850.0,23250.0,23350.0,139185.0,355150
2026-10-08,12040.0,12250.0,11900.0,12200.0,486626.0,024060
2026-10-08,14200.0,14330.0,13970.0,14030.0,37685.0,214180
2026-10-08,10510.0,10590.0,10060.0,10080.0,69793.0,464080
2026-10-08,3055.0,3055.0,2965.0,3005.0,93677.0,082800
2026-10-08,8220.0,8260.0,8120.0,8240.0,34011.0,068790
2026-10-08,6990.0,7180.0,6800.0,7060.0,58656.0,220100
2026-10-08,7180.0,7310.0,7030.0,7120.0,117369.0,054210
2026-10-08,11890.0,11930.0,11490.0,11630.0,55860.0,484810
2026-10-08,10150.0,10730.0,9910.0,9960.0,209484.0,251370
2026-10-08,16050.0,16230.0,15610.0,15790.0,17317.0,138610
2026-10-08,14680.0,15960.0,14650.0,15390.0,104817.0,092070
2026-10-08,11960.0,12160.0,11680.0,11830.0,66159.0,094820
2026-10-08,13880.0,13880.0,13300.0,13390.0,99124.0,230240
2026-10-08,2460.0,2520.0,2380.0,2435.0,538552.0,012860
2026-10-08,16280.0,16690.0,15200.0,16360.0,585177.0,488280
2026-10-08,21750.0,22400.0,20900.0,22150.0,144354.0,123330
2026-10-08,14090.0,14100.0,13390.0,13750.0,19285.0,308430
2026-10-08,62700.0,63000.0,60600.0,61100.0,8701.0,260970
2026-10-08,28600.0,28600.0,28150.0,28450.0,1687.0,192440
2026-10-08,14880.0,15000.0,13820.0,14010.0,69398.0,304100
2026-10-08,5880.0,5940.0,5740.0,5830.0,130873.0,264850
2026-10-08,1869.0,1976.0,1869.0,1935.0,412452.0,104480
2026-10-08,15350.0,15400.0,14800.0,15000.0,34084.0,0015G0
2026-10-08,11910.0,12030.0,11600.0,11880.0,57151.0,489460
2026-10-08,6590.0,6700.0,6350.0,6570.0,79365.0,119830
2026-10-08,5260.0,5310.0,5240.0,5300.0,138809.0,013990
2026-10-08,7720.0,7720.0,7550.0,7690.0,9709.0,084850
2026-10-08,32500.0,32850.0,31750.0,31900.0,1791.0,357550
2026-10-08,12630.0,12960.0,12250.0,12630.0,53289.0,149950
2026-10-08,4555.0,4600.0,4415.0,4505.0,135953.0,039860
2026-10-08,2315.0,2375.0,2235.0,2280.0,173832.0,088800
2026-10-08,11610.0,11760.0,11530.0,11640.0,32807.0,264450
2026-10-08,14190.0,14260.0,14120.0,14200.0,2509.0,092130
2026-10-08,18280.0,18280.0,17630.0,17790.0,12531.0,108380
2026-10-08,15990.0,15990.0,15770.0,15840.0,2014.0,143160
2026-10-08,16460.0,17180.0,14820.0,15260.0,2316831.0,042510
2026-10-08,7870.0,7870.0,7450.0,7600.0,75796.0,199820
2026-10-08,5340.0,5380.0,5200.0,5270.0,41700.0,418550
2026-10-08,13700.0,13700.0,13100.0,13270.0,17479.0,270660
2026-10-08,6820.0,6820.0,6410.0,6480.0,67213.0,086820
2026-10-08,5140.0,5250.0,4810.0,4960.0,272682.0,046120
2026-10-08,15290.0,15290.0,14420.0,14450.0,217925.0,478340
2026-10-08,9830.0,9940.0,9660.0,9760.0,28522.0,445180
2026-10-08,14330.0,14980.0,13070.0,13690.0,4150294.0,141000
2026-10-08,3230.0,3245.0,3180.0,3185.0,40853.0,032620
2026-10-08,9930.0,10040.0,9930.0,10000.0,3469.0,038390
2026-10-08,16240.0,16350.0,14850.0,14920.0,105634.0,318060
2026-10-08,0.0,0.0,0.0,741.0,0.0,245620
2026-10-08,13860.0,14000.0,13510.0,13680.0,39962.0,194480
2026-10-08,7120.0,7250.0,6960.0,7150.0,150666.0,051370
2026-10-08,21200.0,21200.0,20250.0,20450.0,9866.0,042420
2026-10-08,6880.0,7500.0,6680.0,7420.0,520301.0,156100
2026-10-08,11700.0,12000.0,11550.0,11660.0,103025.0,432720
2026-10-08,13070.0,13140.0,12100.0,12340.0,45743.0,0082N0
2026-10-08,2690.0,2770.0,2650.0,2710.0,538933.0,289080
2026-10-08,8340.0,8340.0,8100.0,8220.0,10444.0,950140
2026-10-08,4040.0,4050.0,3960.0,4000.0,43053.0,086890
2026-10-08,2710.0,3060.0,2700.0,2825.0,11996492.0,267320
2026-10-08,7040.0,7400.0,6880.0,6910.0,144513.0,049630
2026-10-08,4705.0,5050.0,4660.0,4900.0,661981.0,417500
2026-10-08,2725.0,3270.0,2560.0,3000.0,16764151.0,307750
2026-10-08,15270.0,15270.0,14820.0,14950.0,16573.0,039830
2026-10-08,15980.0,16340.0,15580.0,16090.0,15276.0,065660
2026-10-08,6700.0,6740.0,6160.0,6510.0,3560219.0,158430
2026-10-08,0.0,0.0,0.0,1153.0,0.0,066410
2026-10-08,6440.0,6480.0,6200.0,6240.0,34179.0,122990
2026-10-08,12360.0,12360.0,11230.0,11550.0,485548.0,274090
2026-10-08,8400.0,8400.0,8020.0,8260.0,4592.0,093190
2026-10-08,5300.0,5320.0,5040.0,5170.0,320505.0,388790
2026-10-08,9540.0,9640.0,8800.0,8920.0,357616.0,101360
2026-10-08,8680.0,8900.0,8600.0,8680.0,101407.0,032940
2026-10-08,3220.0,3225.0,2975.0,3000.0,707637.0,290690
2026-10-08,2850.0,2855.0,2790.0,2825.0,33816.0,204610
2026-10-08,5770.0,6370.0,5710.0,5950.0,5041124.0,396300
2026-10-08,14680.0,15020.0,14300.0,14650.0,26955.0,226590
2026-10-08,4760.0,4795.0,4650.0,4780.0,8473.0,093640
2026-10-08,1086.0,1087.0,1033.0,1041.0,1826711.0,255220
2026-10-08,5070.0,5080.0,5020.0,5080.0,13336.0,011040
2026-10-08,12730.0,13100.0,12650.0,12840.0,8079.0,041520
2026-10-08,13050.0,13160.0,13050.0,13090.0,7312.0,072870
2026-10-08,12820.0,12820.0,12240.0,12420.0,12123.0,402030
2026-10-08,9270.0,9270.0,8970.0,9150.0,21399.0,078070
2026-10-08,10150.0,10460.0,10040.0,10240.0,39798.0,054450
2026-10-08,12900.0,12910.0,12660.0,12770.0,4975.0,123860
2026-10-08,8580.0,8930.0,8570.0,8700.0,195785.0,102120
2026-10-08,25950.0,26100.0,25700.0,25800.0,3642.0,023910
2026-10-08,11600.0,12650.0,11600.0,12100.0,85214.0,146320
2026-10-08,26300.0,26300.0,25900.0,26000.0,5391.0,067280
2026-10-08,2890.0,2890.0,2725.0,2745.0,1645951.0,067290
2026-10-08,3180.0,3180.0,3040.0,3095.0,79177.0,041020
2026-10-08,5650.0,5700.0,5500.0,5500.0,63127.0,123410
2026-10-08,2930.0,2930.0,2825.0,2840.0,191222.0,475040
2026-10-08,23100.0,24400.0,22600.0,23950.0,34999.0,489500
2026-10-08,16150.0,16670.0,15600.0,16280.0,78400.0,322310
2026-10-08,6040.0,7080.0,6040.0,6370.0,13797619.0,452190
2026-10-08,7000.0,7430.0,6960.0,7350.0,573270.0,142210
2026-10-08,4660.0,4740.0,4610.0,4695.0,14018.0,179290
2026-10-08,4690.0,4825.0,4635.0,4735.0,123980.0,220260
2026-10-08,6190.0,6280.0,6150.0,6150.0,25107.0,118990
2026-10-08,4225.0,4305.0,4170.0,4260.0,21992.0,024800
2026-10-08,9990.0,10020.0,9960.0,9960.0,2920.0,007330
2026-10-08,7970.0,8120.0,7890.0,7940.0,33510.0,080160
2026-10-08,14940.0,15430.0,14520.0,15120.0,91852.0,0088M0
2026-10-08,12930.0,13400.0,12100.0,12120.0,1434934.0,0161M0
2026-10-08,1799.0,1799.0,1720.0,1783.0,66045.0,205500
2026-10-08,14520.0,14590.0,14310.0,14390.0,2199.0,054800
2026-10-08,13510.0,13630.0,13430.0,13630.0,3302.0,069510
2026-10-08,11710.0,12120.0,11520.0,11910.0,19270.0,042600
2026-10-08,4235.0,4235.0,4015.0,4055.0,503887.0,413630
2026-10-08,10420.0,10420.0,9380.0,9660.0,67085.0,494120
2026-10-08,9150.0,9350.0,8300.0,9040.0,68869.0,105330
2026-10-08,5050.0,5110.0,4735.0,4815.0,713062.0,052260
2026-10-08,10790.0,11170.0,10530.0,10930.0,64329.0,232680
2026-10-08,8070.0,8070.0,7600.0,7740.0,363563.0,0039P0
2026-10-08,7230.0,7340.0,7090.0,7230.0,96641.0,147830
2026-10-08,10090.0,12100.0,9620.0,9630.0,131577.0,101970
2026-10-08,4030.0,4030.0,3975.0,3995.0,23794.0,046440
2026-10-08,15220.0,15400.0,15100.0,15370.0,3759.0,049960
2026-10-08,7280.0,7320.0,7130.0,7170.0,22374.0,256940
2026-10-08,26800.0,26800.0,24850.0,25050.0,40649.0,474650
2026-10-08,9070.0,9070.0,8970.0,9000.0,14903.0,023600
2026-10-08,14660.0,15200.0,14520.0,14760.0,23121.0,264660
2026-10-08,4130.0,4235.0,3980.0,4005.0,331293.0,950250
2026-10-08,15810.0,16270.0,15580.0,15920.0,23794.0,469610
2026-10-08,10560.0,10560.0,10040.0,10470.0,92976.0,212560
2026-10-08,12440.0,12440.0,12220.0,12390.0,4399.0,089600
2026-10-08,14750.0,17430.0,14500.0,16980.0,606387.0,083500
2026-10-08,1618.0,1625.0,1577.0,1601.0,125615.0,048870
2026-10-08,9120.0,9220.0,8900.0,9160.0,87886.0,071280
2026-10-08,9640.0,9650.0,9320.0,9420.0,2569.0,115310
2026-10-08,8140.0,8480.0,8050.0,8450.0,38182.0,228850
2026-10-08,10650.0,10660.0,10180.0,10450.0,7956.0,005990
2026-10-08,11750.0,12030.0,11180.0,11510.0,250253.0,115500
2026-10-08,7440.0,7790.0,7150.0,7730.0,48033.0,052860
2026-10-08,6780.0,6910.0,6780.0,6900.0,73607.0,037070
2026-10-08,5200.0,5310.0,4770.0,4880.0,906459.0,054920
2026-10-08,18350.0,18360.0,16920.0,17100.0,97945.0,0007C0
2026-10-08,14610.0,15490.0,14610.0,15290.0,142158.0,172670
2026-10-08,7530.0,7650.0,7310.0,7450.0,233886.0,059120
2026-10-08,7650.0,7850.0,7460.0,7670.0,250789.0,265740
2026-10-08,3885.0,3930.0,3800.0,3845.0,39673.0,148150
2026-10-08,4830.0,4830.0,4400.0,4550.0,100551.0,321550
2026-10-08,3020.0,3020.0,2970.0,2980.0,16838.0,060150
2026-10-08,20200.0,20450.0,20200.0,20450.0,4595.0,003100
2026-10-08,3785.0,3875.0,3720.0,3835.0,411749.0,126640
2026-10-08,4810.0,4960.0,4765.0,4950.0,44950.0,035610
2026-10-08,4980.0,5060.0,4800.0,4905.0,44390.0,297090
2026-10-08,11030.0,11030.0,10800.0,10910.0,13496.0,136540
2026-10-08,18700.0,18880.0,17350.0,17520.0,350385.0,387690
2026-10-08,3490.0,3535.0,3455.0,3520.0,205361.0,047770
2026-10-08,3005.0,3015.0,2900.0,2920.0,170594.0,095700
2026-10-08,8430.0,8430.0,7820.0,7950.0,52034.0,114840
2026-10-08,12460.0,12460.0,12110.0,12180.0,18644.0,038290
2026-10-08,1873.0,2305.0,1861.0,2305.0,24679114.0,419050
2026-10-08,10140.0,10330.0,10020.0,10130.0,17828.0,001540
2026-10-08,0.0,0.0,0.0,14130.0,0.0,457550
2026-10-08,6380.0,6410.0,6230.0,6260.0,52056.0,240550
2026-10-08,11100.0,11380.0,11020.0,11210.0,21753.0,282880
2026-10-08,15200.0,15270.0,12990.0,13110.0,950017.0,0010S0
2026-10-08,8140.0,8150.0,7610.0,7920.0,64621.0,451760
2026-10-08,5360.0,5360.0,5000.0,5090.0,96474.0,322510
2026-10-08,10500.0,10550.0,10140.0,10150.0,34029.0,140670
2026-10-08,9090.0,9150.0,9080.0,9120.0,11991.0,049720
2026-10-08,12610.0,12690.0,12210.0,12230.0,19263.0,285490
2026-10-08,16090.0,16640.0,15600.0,16130.0,725895.0,072950
2026-10-08,8090.0,8110.0,7780.0,7840.0,44624.0,300080
2026-10-08,9840.0,9850.0,9510.0,9610.0,26303.0,039840
2026-10-08,9130.0,10650.0,9120.0,9850.0,1155336.0,217190
2026-10-08,3070.0,3070.0,2910.0,2995.0,15784.0,408920
2026-10-08,13010.0,13270.0,12950.0,13140.0,17843.0,094840
2026-10-08,7640.0,7860.0,7530.0,7630.0,77186.0,402490
2026-10-08,7520.0,7600.0,7320.0,7335.0,6342.0,009780
2026-10-08,11450.0,11890.0,11420.0,11500.0,38299.0,035080
2026-10-08,6570.0,6890.0,6290.0,6370.0,135493.0,417010
2026-10-08,10500.0,10830.0,10000.0,10480.0,198596.0,259630
2026-10-08,6300.0,6300.0,5980.0,6170.0,89571.0,222040
2026-10-08,8470.0,8550.0,8200.0,8370.0,120016.0,037350
2026-10-08,3300.0,3500.0,3240.0,3345.0,100335.0,290720
2026-10-08,1604.0,1608.0,1576.0,1599.0,3674.0,080420
2026-10-08,27500.0,27950.0,21450.0,22200.0,526187.0,417030
2026-10-08,9620.0,9770.0,9620.0,9770.0,10313.0,950190
2026-10-08,6860.0,6860.0,6670.0,6740.0,143750.0,053260
2026-10-08,0.0,0.0,0.0,2885.0,0.0,036690
2026-10-08,3255.0,3535.0,3235.0,3430.0,323668.0,047310
2026-10-08,10770.0,10770.0,9500.0,9950.0,553015.0,0015N0
2026-10-08,13000.0,13060.0,12510.0,12790.0,50097.0,361390
2026-10-08,16680.0,16680.0,16330.0,16440.0,26696.0,079960
2026-10-08,1905.0,1905.0,1740.0,1747.0,2428499.0,321370
2026-10-08,1722.0,1995.0,1719.0,1980.0,1735071.0,086980
2026-10-08,2330.0,2380.0,2295.0,2340.0,117415.0,166480
2026-10-08,10470.0,11340.0,10140.0,11310.0,102307.0,473980
2026-10-08,1287.0,1303.0,1265.0,1293.0,189927.0,293580
2026-10-08,1104.0,1108.0,1090.0,1097.0,57757.0,027710
2026-10-08,6000.0,6110.0,5710.0,5920.0,123290.0,056090
2026-10-08,8170.0,8190.0,8010.0,8100.0,7260.0,458650
2026-10-08,15890.0,16180.0,14860.0,15240.0,50055.0,299030
2026-10-08,3070.0,3085.0,2990.0,3030.0,121736.0,073010
2026-10-08,8720.0,8720.0,8010.0,8060.0,210541.0,211270
2026-10-08,3220.0,3255.0,3175.0,3195.0,50684.0,108230
2026-10-08,4130.0,4130.0,3930.0,3935.0,97534.0,418420
2026-10-08,9290.0,9600.0,9190.0,9300.0,28815.0,053080
2026-10-08,10200.0,10840.0,9870.0,10820.0,66880.0,331920
2026-10-08,2825.0,2900.0,2770.0,2800.0,233377.0,039560
2026-10-08,11450.0,12090.0,10740.0,11760.0,919729.0,105740
2026-10-08,5200.0,5240.0,4880.0,4975.0,501744.0,443670
2026-10-08,1866.0,1866.0,1816.0,1827.0,48021.0,095190
2026-10-08,9000.0,9050.0,8720.0,8740.0,34250.0,101170
2026-10-08,5660.0,5810.0,5470.0,5540.0,23576.0,021320
2026-10-08,11360.0,11500.0,10660.0,10940.0,310011.0,115440
2026-10-08,5850.0,5920.0,5700.0,5770.0,51738.0,308080
2026-10-08,8160.0,8380.0,8080.0,8180.0,57116.0,474610
2026-10-08,8190.0,8190.0,7600.0,7670.0,46955.0,338840
2026-10-08,1631.0,1642.0,1600.0,1613.0,147131.0,297890
2026-10-08,6360.0,6460.0,5880.0,6100.0,173362.0,008830
2026-10-08,3015.0,3040.0,2950.0,3020.0,10059.0,336680
2026-10-08,3985.0,4025.0,3970.0,4025.0,34756.0,067990
2026-10-08,8620.0,8990.0,8560.0,8900.0,81123.0,255440
2026-10-08,0.0,0.0,0.0,2370.0,0.0,041590
2026-10-08,1325.0,1333.0,1271.0,1315.0,623458.0,138360
2026-10-08,7340.0,7340.0,6920.0,7120.0,134437.0,129920
2026-10-08,8280.0,8350.0,7300.0,7530.0,1264284.0,411080
2026-10-08,7680.0,7690.0,7430.0,7540.0,83572.0,017510
2026-10-08,7080.0,7280.0,7010.0,7130.0,58427.0,396470
2026-10-08,11310.0,11700.0,10830.0,11350.0,17819.0,290740
2026-10-08,7030.0,7030.0,6350.0,6420.0,67755.0,474170
2026-10-08,2375.0,2465.0,2365.0,2385.0,190390.0,217820
2026-10-08,9010.0,9300.0,8800.0,9000.0,39481.0,311320
2026-10-08,6360.0,6490.0,6210.0,6400.0,37294.0,131030
2026-10-08,3755.0,3785.0,3645.0,3690.0,101112.0,333430
2026-10-08,3710.0,3720.0,3615.0,3670.0,55971.0,049520
2026-10-08,2370.0,2400.0,2200.0,2285.0,498849.0,134580
2026-10-08,7100.0,7110.0,7020.0,7050.0,9894.0,054050
2026-10-08,12810.0,14210.0,12810.0,14100.0,58321.0,493330
2026-10-08,3320.0,3325.0,3285.0,3295.0,5305.0,063570
2026-10-08,3965.0,4055.0,3815.0,3935.0,365608.0,209640
2026-10-08,2475.0,2475.0,2420.0,2465.0,49280.0,217270
2026-10-08,6380.0,6970.0,6210.0,6750.0,353281.0,125210
2026-10-08,6310.0,6420.0,6200.0,6230.0,52314.0,041440
2026-10-08,2535.0,2535.0,2445.0,2480.0,27890.0,122450
2026-10-08,8020.0,8150.0,7760.0,7930.0,149553.0,338220
2026-10-08,16850.0,16850.0,16610.0,16670.0,670.0,018120
2026-10-08,7750.0,8070.0,7750.0,7880.0,782.0,036630
2026-10-08,5300.0,6310.0,5190.0,6310.0,5581922.0,278650
2026-10-08,2940.0,3015.0,2855.0,2970.0,105630.0,317770
2026-10-08,2140.0,2185.0,2070.0,2095.0,298648.0,310200
2026-10-08,1419.0,1451.0,1372.0,1407.0,20026.0,334970
2026-10-08,4910.0,4910.0,4815.0,4845.0,38131.0,090850
2026-10-08,16390.0,16390.0,15650.0,15750.0,44481.0,389020
2026-10-08,2010.0,2010.0,1938.0,1958.0,6190.0,038540
2026-10-08,4945.0,5010.0,4770.0,4910.0,62073.0,053350
2026-10-08,1714.0,1751.0,1680.0,1725.0,51073.0,123040
2026-10-08,10000.0,10140.0,9640.0,9700.0,59831.0,051980
2026-10-08,3335.0,3350.0,3200.0,3300.0,931400.0,201490
2026-10-08,11670.0,11740.0,11480.0,11510.0,3330.0,051360
2026-10-08,2250.0,2280.0,2215.0,2260.0,53752.0,040300
2026-10-08,8120.0,8280.0,7950.0,8060.0,73470.0,036010
2026-10-08,3680.0,3785.0,3550.0,3680.0,470745.0,261780
2026-10-08,3150.0,3170.0,3055.0,3070.0,173993.0,242040
2026-10-08,9950.0,10140.0,9870.0,9980.0,8643.0,106190
2026-10-08,14800.0,14850.0,14660.0,14750.0,6413.0,120240
2026-10-08,3975.0,4000.0,3905.0,3960.0,65534.0,053700
2026-10-08,5890.0,5900.0,5810.0,5830.0,6552.0,067900
2026-10-08,2400.0,2400.0,2340.0,2355.0,8526.0,339950
2026-10-08,4815.0,4840.0,4770.0,4810.0,773.0,039340
2026-10-08,1608.0,1869.0,1608.0,1819.0,9456449.0,100130
2026-10-08,8130.0,8140.0,7850.0,7940.0,35898.0,289930
2026-10-08,6860.0,6920.0,6790.0,6810.0,20737.0,130580
2026-10-08,3100.0,3230.0,2970.0,3085.0,939028.0,439580
2026-10-08,1506.0,1513.0,1504.0,1505.0,26229.0,073560
2026-10-08,7450.0,8410.0,7350.0,8280.0,485053.0,048910
2026-10-08,5430.0,5430.0,5130.0,5210.0,366946.0,079650
2026-10-08,2240.0,2305.0,2135.0,2195.0,103150.0,246710
2026-10-08,13280.0,13280.0,12720.0,13080.0,8294.0,453450
2026-10-08,2155.0,2230.0,2110.0,2150.0,216653.0,306620
2026-10-08,3050.0,3090.0,2945.0,3005.0,87159.0,235980
2026-10-08,8680.0,8760.0,8320.0,8540.0,101192.0,153890
2026-10-08,1681.0,1681.0,1630.0,1661.0,79127.0,175250
2026-10-08,7870.0,8060.0,7720.0,7820.0,66367.0,173130
2026-10-08,2340.0,2370.0,2315.0,2335.0,25875.0,100700
2026-10-08,12900.0,12900.0,11690.0,12200.0,62982.0,136150
2026-10-08,9780.0,9780.0,9310.0,9380.0,46300.0,475230
2026-10-08,4580.0,4645.0,4450.0,4525.0,23875.0,366030
2026-10-08,3415.0,3565.0,3305.0,3375.0,1048610.0,0017J0
2026-10-08,5950.0,6220.0,5790.0,5940.0,774541.0,100590
2026-10-08,4400.0,4400.0,4255.0,4365.0,51452.0,323990
2026-10-08,3775.0,3815.0,3690.0,3720.0,45103.0,059210
2026-10-08,6540.0,6540.0,6350.0,6460.0,14338.0,307930
2026-10-08,5860.0,5990.0,5700.0,5910.0,37323.0,091120
2026-10-08,3850.0,3920.0,3760.0,3840.0,85650.0,045970
2026-10-08,5580.0,6000.0,5550.0,5870.0,47287.0,033560
2026-10-08,2360.0,2400.0,2310.0,2360.0,304610.0,086960
2026-10-08,3615.0,3615.0,3510.0,3515.0,27370.0,006620
2026-10-08,4175.0,4175.0,3860.0,3885.0,12845.0,109740
2026-10-08,8460.0,8580.0,7690.0,8450.0,161650.0,357580
2026-10-08,5540.0,5810.0,5470.0,5670.0,67208.0,088130
2026-10-08,3560.0,3850.0,3545.0,3620.0,1125802.0,097800
2026-10-08,0.0,0.0,0.0,6070.0,0.0,246720
2026-10-08,11100.0,11260.0,10510.0,10660.0,117060.0,0011A0
2026-10-08,2770.0,2770.0,2670.0,2685.0,99740.0,091440
2026-10-08,4330.0,4330.0,4235.0,4260.0,17152.0,309960
2026-10-08,11150.0,11360.0,10980.0,11230.0,17942.0,049950
2026-10-08,16060.0,18140.0,15800.0,16880.0,293548.0,109670
2026-10-08,3500.0,3935.0,3480.0,3865.0,219744.0,192410
2026-10-08,4475.0,4620.0,4415.0,4580.0,73848.0,322180
2026-10-08,3980.0,3980.0,3800.0,3865.0,223648.0,037030
2026-10-08,7180.0,7200.0,7100.0,7200.0,8820.0,099750
2026-10-08,4750.0,4890.0,4605.0,4820.0,454850.0,123010
2026-10-08,6500.0,7050.0,6470.0,6680.0,327677.0,412350
2026-10-08,3120.0,3195.0,3020.0,3050.0,122467.0,250060
2026-10-08,3650.0,3690.0,3640.0,3645.0,18281.0,352090
2026-10-08,2040.0,2040.0,2005.0,2030.0,83158.0,021080
2026-10-08,0.0,0.0,0.0,2205.0,0.0,066790
2026-10-08,7290.0,7290.0,7060.0,7120.0,45492.0,475580
2026-10-08,9880.0,10130.0,9580.0,9940.0,26878.0,348350
2026-10-08,5550.0,5550.0,5420.0,5460.0,14056.0,063170
2026-10-08,4315.0,4365.0,4280.0,4340.0,84104.0,042500
2026-10-08,6500.0,6710.0,6460.0,6670.0,8568.0,298540
2026-10-08,0.0,0.0,0.0,2530.0,0.0,068240
2026-10-08,6340.0,6340.0,6080.0,6190.0,9107.0,182360
2026-10-08,1231.0,1282.0,1216.0,1253.0,697795.0,052900
2026-10-08,3150.0,3180.0,3040.0,3095.0,41339.0,187790
2026-10-08,1778.0,1818.0,1720.0,1732.0,329019.0,357880
2026-10-08,10320.0,11150.0,9800.0,10170.0,277169.0,189330
2026-10-08,3935.0,3935.0,3740.0,3870.0,349359.0,223250
2026-10-08,3730.0,3955.0,3700.0,3875.0,270235.0,085670
2026-10-08,0.0,0.0,0.0,10800.0,0.0,017650
2026-10-08,5170.0,5230.0,5100.0,5160.0,22415.0,002230
2026-10-08,8770.0,8930.0,8570.0,8630.0,110200.0,032300
2026-10-08,1250.0,1266.0,1211.0,1255.0,251700.0,307870
2026-10-08,6700.0,6730.0,6460.0,6520.0,33770.0,036220
2026-10-08,0.0,0.0,0.0,1380.0,0.0,205100
2026-10-08,7150.0,7150.0,6990.0,7080.0,60017.0,330350
2026-10-08,4140.0,4205.0,4010.0,4020.0,162078.0,101330
2026-10-08,1045.0,1046.0,1029.0,1035.0,23289.0,074430
2026-10-08,10130.0,10960.0,10100.0,10510.0,144426.0,432470
2026-10-08,9670.0,9700.0,9400.0,9460.0,17202.0,052420
2026-10-08,7740.0,7750.0,7490.0,7560.0,12163.0,282720
2026-10-08,1972.0,2470.0,1972.0,2310.0,945431.0,089230
2026-10-08,5810.0,5830.0,5790.0,5810.0,17575.0,040420
2026-10-08,7220.0,7220.0,7000.0,7000.0,5787.0,053580
2026-10-08,2335.0,2340.0,2275.0,2300.0,218668.0,005860
2026-10-08,11810.0,12100.0,11660.0,11780.0,1924.0,044990
2026-10-08,1850.0,1896.0,1830.0,1851.0,72023.0,109610
2026-10-08,3200.0,3205.0,2940.0,3010.0,1330422.0,062970
2026-10-08,8050.0,8050.0,7590.0,7670.0,22312.0,047560
2026-10-08,4060.0,4465.0,3725.0,3735.0,8182835.0,142280
2026-10-08,2175.0,2780.0,2155.0,2750.0,3885958.0,187420
2026-10-08,4715.0,4840.0,4700.0,4825.0,34530.0,093920
2026-10-08,7140.0,7140.0,7030.0,7120.0,1821.0,023900
2026-10-08,7870.0,7980.0,7290.0,7350.0,106777.0,380550
2026-10-08,14050.0,14050.0,13710.0,13990.0,123.0,009300
2026-10-08,3750.0,3825.0,3560.0,3755.0,243715.0,234030
2026-10-08,2325.0,2325.0,2275.0,2290.0,47517.0,013310
2026-10-08,9700.0,11650.0,9680.0,11060.0,355858.0,323350
2026-10-08,7070.0,7070.0,6670.0,6760.0,100794.0,054540
2026-10-08,1532.0,1568.0,1530.0,1557.0,57902.0,033290
2026-10-08,2860.0,2870.0,2570.0,2580.0,249137.0,246960
2026-10-08,9920.0,10450.0,9800.0,10090.0,29242.0,251120
2026-10-08,2860.0,2865.0,2755.0,2835.0,91005.0,048530
2026-10-08,4245.0,4325.0,4210.0,4230.0,22743.0,362320
2026-10-08,1938.0,1938.0,1865.0,1900.0,10839.0,900260
2026-10-08,9480.0,9510.0,9420.0,9500.0,14140.0,004650
2026-10-08,4200.0,4275.0,4145.0,4225.0,33479.0,226400
2026-10-08,7060.0,7190.0,6930.0,7150.0,8743.0,086710
2026-10-08,2945.0,2990.0,2915.0,2950.0,238194.0,065450
2026-10-08,2275.0,2275.0,2200.0,2230.0,121928.0,066590
2026-10-08,10990.0,11300.0,10590.0,10730.0,249569.0,457370
2026-10-08,2085.0,2115.0,2075.0,2095.0,15580.0,357230
2026-10-08,13520.0,14950.0,12650.0,12970.0,750882.0,117670
2026-10-08,8500.0,8500.0,8420.0,8430.0,3404.0,096240
2026-10-08,3355.0,3445.0,3330.0,3330.0,32389.0,478560
2026-10-08,8530.0,8580.0,7760.0,7800.0,140400.0,394420
2026-10-08,2740.0,2780.0,2660.0,2670.0,610643.0,303810
2026-10-08,7740.0,7850.0,7600.0,7700.0,21636.0,078140
2026-10-08,4660.0,4715.0,4630.0,4680.0,15823.0,330730
2026-10-08,9210.0,9210.0,9140.0,9200.0,7555.0,072020
2026-10-08,3085.0,3140.0,3080.0,3130.0,16878.0,234300
2026-10-08,1413.0,1417.0,1351.0,1393.0,467353.0,198440
2026-10-08,995.0,995.0,863.0,877.0,2101582.0,048550
2026-10-08,2730.0,2870.0,2670.0,2795.0,71352.0,291650
2026-10-08,2475.0,2535.0,2460.0,2500.0,29811.0,037760
2026-10-08,5880.0,6070.0,5770.0,5780.0,105334.0,052460
2026-10-08,2015.0,2055.0,1999.0,2050.0,78083.0,038110
2026-10-08,4035.0,4365.0,4015.0,4185.0,164392.0,147760
2026-10-08,4160.0,4200.0,4070.0,4130.0,38061.0,215100
2026-10-08,0.0,0.0,0.0,1009.0,0.0,049180
2026-10-08,6950.0,6950.0,6700.0,6830.0,5712.0,263720
2026-10-08,0.0,0.0,0.0,990.0,0.0,183490
2026-10-08,1596.0,1599.0,1550.0,1586.0,45403.0,094860
2026-10-08,10350.0,10510.0,10020.0,10200.0,10987.0,360070
2026-10-08,0.0,0.0,0.0,562.0,0.0,058820
2026-10-08,5740.0,5950.0,5520.0,5610.0,332578.0,006140
2026-10-08,6520.0,6660.0,6410.0,6420.0,44460.0,388870
2026-10-08,2280.0,2280.0,2205.0,2240.0,15723.0,066700
2026-10-08,3115.0,3265.0,3000.0,3110.0,43332.0,104040
2026-10-08,5070.0,5100.0,5040.0,5080.0,36141.0,036640
2026-10-08,10000.0,10000.0,9820.0,9870.0,19891.0,025950
2026-10-08,4500.0,4620.0,4420.0,4495.0,31661.0,078890
2026-10-08,2225.0,2260.0,2190.0,2235.0,20796.0,140070
2026-10-08,1587.0,1587.0,1520.0,1527.0,206109.0,066980
2026-10-08,1196.0,1196.0,1165.0,1177.0,185271.0,067000
2026-10-08,14750.0,14940.0,13590.0,14560.0,19013.0,107600
2026-10-08,5270.0,5540.0,5245.0,5380.0,36188.0,382840
2026-10-08,1879.0,1903.0,1854.0,1900.0,51545.0,185490
2026-10-08,2045.0,2045.0,1969.0,1979.0,173672.0,162300
2026-10-08,3075.0,3160.0,3065.0,3100.0,86430.0,294630
2026-10-08,0.0,0.0,0.0,3935.0,0.0,412540
2026-10-08,1378.0,1378.0,1340.0,1365.0,49559.0,029480
2026-10-08,1365.0,1774.0,1281.0,1774.0,6697038.0,046210
2026-10-08,12450.0,12450.0,12060.0,12240.0,6344.0,063080
2026-10-08,1513.0,1514.0,1470.0,1512.0,34068.0,131370
2026-10-08,9280.0,9410.0,9240.0,9370.0,12291.0,418470
2026-10-08,5570.0,5650.0,5560.0,5580.0,3202.0,054670
2026-10-08,5380.0,5380.0,5260.0,5330.0,18495.0,004590
2026-10-08,8340.0,8340.0,7880.0,8080.0,19373.0,0015S0
2026-10-08,3960.0,4065.0,3875.0,4010.0,92281.0,277880
2026-10-08,3765.0,3850.0,3735.0,3810.0,10460.0,032540
2026-10-08,3675.0,3800.0,3595.0,3695.0,63882.0,079810
2026-10-08,4390.0,4485.0,4300.0,4440.0,93693.0,475430
2026-10-08,5880.0,6190.0,5770.0,5880.0,176618.0,104540
2026-10-08,3570.0,3770.0,3480.0,3560.0,50570.0,137950
2026-10-08,2220.0,2220.0,2005.0,2195.0,31138.0,331380
2026-10-08,5570.0,5620.0,5500.0,5580.0,32695.0,0117P0
2026-10-08,2345.0,2345.0,2220.0,2245.0,82587.0,950130
2026-10-08,8080.0,8210.0,7720.0,7840.0,245106.0,014950
2026-10-08,2110.0,2180.0,2050.0,2170.0,29728.0,225530
2026-10-08,5960.0,6070.0,5850.0,5940.0,38476.0,041910
2026-10-08,1656.0,1664.0,1550.0,1566.0,390164.0,365330
2026-10-08,8560.0,8570.0,8380.0,8450.0,46367.0,066310
2026-10-08,5100.0,5360.0,4805.0,4900.0,385577.0,263600
2026-10-08,3465.0,3510.0,3320.0,3350.0,70231.0,007820
2026-10-08,3350.0,3350.0,3090.0,3195.0,17989.0,047820
2026-10-08,2005.0,2025.0,1990.0,1994.0,180340.0,066430
2026-10-08,2625.0,2660.0,2530.0,2575.0,44560.0,302550
2026-10-08,6530.0,6600.0,6470.0,6500.0,15616.0,012790
2026-10-08,3895.0,3960.0,3800.0,3905.0,88143.0,038680
2026-10-08,5980.0,5980.0,5830.0,5860.0,3383.0,058400
2026-10-08,6070.0,6100.0,5820.0,5880.0,35679.0,381620
2026-10-08,2070.0,2080.0,1890.0,1974.0,244878.0,389030
2026-10-08,6980.0,7010.0,6860.0,6960.0,10653.0,084730
2026-10-08,3995.0,4035.0,3940.0,4000.0,37869.0,011320
2026-10-08,7250.0,7250.0,7010.0,7060.0,17734.0,065510
2026-10-08,7810.0,8200.0,7810.0,7890.0,81570.0,302430
2026-10-08,5550.0,5550.0,5350.0,5390.0,26163.0,389140
2026-10-08,2340.0,2390.0,2290.0,2340.0,143856.0,396270
2026-10-08,3850.0,3850.0,3790.0,3845.0,22437.0,024880
2026-10-08,1961.0,1985.0,1959.0,1972.0,10348.0,124560
2026-10-08,5960.0,6050.0,5850.0,5950.0,20534.0,303360
2026-10-08,8350.0,8350.0,8100.0,8150.0,2165.0,088390
2026-10-08,12300.0,12480.0,12250.0,12320.0,11036.0,000440
2026-10-08,4940.0,5020.0,4850.0,4960.0,12179.0,170030
2026-10-08,4740.0,4750.0,4540.0,4555.0,398265.0,253840
2026-10-08,0.0,0.0,0.0,654.0,0.0,073640
2026-10-08,4475.0,4495.0,4400.0,4425.0,11636.0,149980
2026-10-08,2275.0,2335.0,2265.0,2320.0,85845.0,208140
2026-10-08,4250.0,4250.0,4095.0,4160.0,5371.0,040910
2026-10-08,9400.0,9430.0,8850.0,8960.0,137422.0,049080
2026-10-08,6680.0,6800.0,6600.0,6700.0,15636.0,413390
2026-10-08,7000.0,7490.0,6980.0,7330.0,356351.0,089790
2026-10-08,2900.0,2920.0,2875.0,2900.0,4610.0,012700
2026-10-08,5000.0,5000.0,4910.0,4955.0,9033.0,041930
2026-10-08,2915.0,2915.0,2815.0,2905.0,20482.0,102370
2026-10-08,3780.0,3780.0,3700.0,3725.0,15205.0,011370
2026-10-08,7450.0,7450.0,7340.0,7380.0,3060.0,451250
2026-10-08,9800.0,9800.0,9290.0,9500.0,62629.0,0007J0
2026-10-08,4500.0,4900.0,4480.0,4665.0,68330.0,030960
2026-10-08,3950.0,4005.0,3915.0,3965.0,10724.0,058630
2026-10-08,2390.0,2390.0,2215.0,2340.0,9745.0,168330
2026-10-08,3735.0,3935.0,3710.0,3910.0,116873.0,155650
2026-10-08,4710.0,4710.0,4520.0,4555.0,83559.0,263800
2026-10-08,2590.0,2635.0,2455.0,2505.0,632034.0,299660
2026-10-08,3470.0,3470.0,3045.0,3110.0,485179.0,371950
2026-10-08,6980.0,7030.0,6870.0,6970.0,6148.0,417790
2026-10-08,6760.0,7230.0,6420.0,6880.0,137007.0,137080
2026-10-08,9170.0,9500.0,9010.0,9340.0,57114.0,451220
2026-10-08,5890.0,5890.0,5510.0,5620.0,57969.0,010280
2026-10-08,6150.0,6310.0,6000.0,6150.0,3824.0,040160
2026-10-08,5010.0,5010.0,4680.0,4925.0,3087.0,060570
2026-10-08,3040.0,3070.0,3000.0,3015.0,59989.0,060590
2026-10-08,4395.0,4395.0,4275.0,4285.0,8335.0,347890
2026-10-08,4015.0,4200.0,3975.0,4160.0,26374.0,090470
2026-10-08,909.0,915.0,895.0,903.0,174835.0,019550
2026-10-08,4005.0,4080.0,3915.0,3975.0,12955.0,054620
2026-10-08,2040.0,2040.0,2005.0,2020.0,18989.0,171120
2026-10-08,2870.0,2895.0,2810.0,2875.0,89538.0,038460
2026-10-08,7480.0,7560.0,7300.0,7420.0,50267.0,212710
2026-10-08,3575.0,3650.0,3570.0,3590.0,28959.0,020710
2026-10-08,0.0,0.0,0.0,5310.0,0.0,234920
2026-10-08,8660.0,8820.0,8520.0,8690.0,5729.0,045660
2026-10-08,4660.0,4675.0,4615.0,4665.0,6007.0,017480
2026-10-08,6570.0,6600.0,6030.0,6480.0,32953.0,900110
2026-10-08,900.0,935.0,894.0,930.0,113831.0,083790
2026-10-08,7300.0,7350.0,7270.0,7270.0,672.0,080010
2026-10-08,2230.0,2310.0,2155.0,2285.0,290009.0,179530
2026-10-08,5060.0,5240.0,4905.0,4940.0,42242.0,039980
2026-10-08,2855.0,2870.0,2820.0,2870.0,27739.0,128660
2026-10-08,10210.0,10210.0,9970.0,10010.0,20416.0,377480
2026-10-08,6750.0,6810.0,6620.0,6750.0,5586.0,104460
2026-10-08,1700.0,1702.0,1600.0,1684.0,195246.0,347860
2026-10-08,11110.0,11240.0,10800.0,10960.0,6574.0,417970
2026-10-08,3060.0,3060.0,2755.0,2870.0,478025.0,205470
2026-10-08,2795.0,2870.0,2795.0,2825.0,10384.0,053280
2026-10-08,2830.0,2935.0,2775.0,2825.0,11187.0,294140
2026-10-08,1856.0,1875.0,1830.0,1861.0,40783.0,347000
2026-10-08,5050.0,5300.0,5050.0,5290.0,2565.0,332370
2026-10-08,2715.0,2715.0,2515.0,2560.0,344928.0,067170
2026-10-08,2150.0,2170.0,2105.0,2130.0,57947.0,024740
2026-10-08,2975.0,3000.0,2920.0,2995.0,2997.0,110790
2026-10-08,10150.0,10180.0,9850.0,10110.0,58177.0,320000
2026-10-08,4450.0,4450.0,4320.0,4345.0,31333.0,054040
2026-10-08,1680.0,1680.0,1643.0,1656.0,10879.0,067570
2026-10-08,1000.0,1010.0,971.0,987.0,131915.0,092040
2026-10-08,4370.0,4520.0,4340.0,4475.0,68841.0,228670
2026-10-08,7990.0,8120.0,7750.0,8100.0,36744.0,039010
2026-10-08,1478.0,1480.0,1427.0,1441.0,242617.0,065530
2026-10-08,1900.0,1908.0,1855.0,1866.0,84534.0,096350
2026-10-08,3045.0,3070.0,2950.0,2960.0,91021.0,217330
2026-10-08,7350.0,7580.0,7350.0,7520.0,267.0,109860
2026-10-08,3460.0,3590.0,3370.0,3490.0,8335.0,049550
2026-10-08,4605.0,4605.0,4480.0,4505.0,42503.0,002800
2026-10-08,2745.0,2755.0,2680.0,2715.0,192440.0,487580
2026-10-08,3925.0,3975.0,3810.0,3870.0,30032.0,026150
2026-10-08,5030.0,5130.0,4965.0,5040.0,19089.0,019540
2026-10-08,1150.0,1158.0,1113.0,1115.0,454524.0,076610
2026-10-08,2655.0,2675.0,2575.0,2625.0,113577.0,208370
2026-10-08,2355.0,2360.0,2315.0,2330.0,39465.0,337930
2026-10-08,5160.0,5160.0,5000.0,5020.0,25124.0,460940
2026-10-08,6550.0,6650.0,6390.0,6510.0,98988.0,039610
2026-10-08,8060.0,8330.0,8010.0,8070.0,1653.0,024830
2026-10-08,4160.0,4280.0,4160.0,4230.0,11706.0,004780
2026-10-08,6550.0,6780.0,6490.0,6690.0,70774.0,241790
2026-10-08,6200.0,6250.0,6030.0,6080.0,63076.0,0004V0
2026-10-08,5820.0,5850.0,5780.0,5800.0,9704.0,048430
2026-10-08,5530.0,5570.0,5400.0,5470.0,2167.0,067370
2026-10-08,6220.0,6270.0,5990.0,6090.0,107362.0,067920
2026-10-08,7640.0,7640.0,7340.0,7480.0,8600.0,214260
2026-10-08,1625.0,1997.0,1625.0,1738.0,19789624.0,122350
2026-10-08,6300.0,6390.0,6280.0,6380.0,7541.0,123420
2026-10-08,3405.0,3405.0,3200.0,3335.0,33272.0,040350
2026-10-08,6950.0,6960.0,6670.0,6750.0,21679.0,331740
2026-10-08,1176.0,1242.0,1170.0,1240.0,137121.0,060310
2026-10-08,3130.0,3200.0,3125.0,3195.0,25584.0,111710
2026-10-08,4500.0,4670.0,4400.0,4480.0,10846.0,153710
2026-10-08,4405.0,4450.0,4280.0,4430.0,10909.0,014970
2026-10-08,2355.0,2440.0,2255.0,2345.0,447064.0,065170
2026-10-08,5620.0,5690.0,5500.0,5550.0,11438.0,096250
2026-10-08,12100.0,12250.0,11620.0,12010.0,13036.0,360350
2026-10-08,3960.0,4015.0,3895.0,3925.0,51726.0,032850
2026-10-08,5950.0,5980.0,5770.0,5870.0,48443.0,456070
2026-10-08,4140.0,4245.0,4050.0,4100.0,24530.0,204840
2026-10-08,4450.0,4595.0,4450.0,4525.0,24936.0,095270
2026-10-08,4440.0,4440.0,4290.0,4315.0,12797.0,262260
2026-10-08,11390.0,11390.0,11040.0,11070.0,38090.0,282620
2026-10-08,3980.0,4310.0,3870.0,4155.0,171027.0,321820
2026-10-08,5670.0,5700.0,5430.0,5470.0,72734.0,091590
2026-10-08,12550.0,12580.0,12190.0,12230.0,4601.0,0218L0
2026-10-08,2735.0,2735.0,2630.0,2685.0,14957.0,291230
2026-10-08,2880.0,2880.0,2690.0,2795.0,32349.0,036000
2026-10-08,7180.0,7290.0,7040.0,7110.0,2742.0,061040
2026-10-08,3985.0,3985.0,3865.0,3910.0,7534.0,424960
2026-10-08,1915.0,1929.0,1850.0,1875.0,205890.0,950220
2026-10-08,1816.0,1845.0,1816.0,1834.0,35964.0,082210
2026-10-08,8290.0,8290.0,8080.0,8180.0,27251.0,0156T0
2026-10-08,1616.0,1645.0,1593.0,1618.0,43415.0,382480
2026-10-08,4735.0,4735.0,4675.0,4705.0,422.0,222110
2026-10-08,3980.0,4070.0,3870.0,3980.0,19517.0,251630
2026-10-08,5820.0,5910.0,5740.0,5780.0,31362.0,273640
2026-10-08,1690.0,1737.0,1690.0,1703.0,42898.0,033130
2026-10-08,3775.0,3830.0,3695.0,3765.0,23224.0,214680
2026-10-08,2610.0,2610.0,2560.0,2580.0,6520.0,241690
2026-10-08,2785.0,2830.0,2650.0,2715.0,61467.0,126880
2026-10-08,9280.0,9620.0,8680.0,8870.0,116261.0,192250
2026-10-08,3220.0,3240.0,3070.0,3145.0,112061.0,228340
2026-10-08,0.0,0.0,0.0,2215.0,0.0,001840
2026-10-08,1406.0,1429.0,1378.0,1419.0,127958.0,127710
2026-10-08,3090.0,3140.0,3030.0,3110.0,62520.0,460870
2026-10-08,3535.0,3535.0,3485.0,3495.0,8947.0,043650
2026-10-08,5270.0,5270.0,5170.0,5200.0,8473.0,008370
2026-10-08,0.0,0.0,0.0,1490.0,0.0,294090
2026-10-08,1998.0,2020.0,1968.0,1981.0,183901.0,049480
2026-10-08,6960.0,6960.0,6600.0,6640.0,10773.0,318160
2026-10-08,4010.0,4035.0,3930.0,3965.0,99033.0,048770
2026-10-08,1394.0,1394.0,1330.0,1373.0,23099.0,214270
2026-10-08,5010.0,5070.0,4985.0,5070.0,13195.0,216050
2026-10-08,2185.0,2185.0,2070.0,2105.0,116902.0,315640
2026-10-08,4655.0,4660.0,4335.0,4380.0,153008.0,225190
2026-10-08,2605.0,2605.0,2530.0,2560.0,216217.0,081150
2026-10-08,4350.0,4350.0,4165.0,4185.0,6383.0,089850
2026-10-08,3260.0,3310.0,3260.0,3295.0,17153.0,066670
2026-10-08,11390.0,11630.0,11200.0,11200.0,87980.0,0155E0
2026-10-08,3365.0,3375.0,3280.0,3335.0,25967.0,041460
2026-10-08,6200.0,6200.0,6110.0,6140.0,5889.0,005670
2026-10-08,0.0,0.0,0.0,1055.0,0.0,043610
2026-10-08,18220.0,18850.0,18220.0,18650.0,9184.0,100030
2026-10-08,6460.0,6550.0,6190.0,6220.0,80580.0,056360
2026-10-08,5090.0,5140.0,5000.0,5110.0,4453.0,010470
2026-10-08,0.0,0.0,0.0,3380.0,0.0,203400
2026-10-08,1474.0,1507.0,1452.0,1464.0,613800.0,299170
2026-10-08,5730.0,6480.0,5730.0,6360.0,238322.0,355690
2026-10-08,5180.0,5180.0,5140.0,5170.0,3414.0,010240
2026-10-08,5840.0,6070.0,5800.0,5880.0,49603.0,261520
2026-10-08,2520.0,2650.0,2500.0,2565.0,23157.0,049470
2026-10-08,1710.0,1735.0,1652.0,1693.0,80389.0,003310
2026-10-08,6550.0,6660.0,6550.0,6570.0,10434.0,215360
2026-10-08,5230.0,5300.0,5230.0,5280.0,5376.0,263690
2026-10-08,3825.0,3825.0,3620.0,3665.0,23714.0,221800
2026-10-08,9940.0,10460.0,9910.0,10070.0,31350.0,424980
2026-10-08,2630.0,2690.0,2520.0,2670.0,249983.0,483350
2026-10-08,2645.0,2650.0,2585.0,2595.0,12257.0,039420
2026-10-08,3135.0,3135.0,3085.0,3115.0,10415.0,033320
2026-10-08,1699.0,1732.0,1651.0,1715.0,25402.0,064240
2026-10-08,11950.0,11950.0,11730.0,11810.0,1904.0,016250
2026-10-08,9000.0,9000.0,8750.0,8810.0,714.0,050960
2026-10-08,1417.0,1420.0,1371.0,1393.0,106415.0,036090
2026-10-08,4845.0,4845.0,4610.0,4680.0,9432.0,352910
2026-10-08,11400.0,11400.0,10800.0,11160.0,14547.0,448710
2026-10-08,2420.0,2420.0,2320.0,2360.0,7489.0,175140
2026-10-08,2345.0,2345.0,2290.0,2295.0,38723.0,025550
2026-10-08,6640.0,6670.0,6480.0,6520.0,33125.0,463020
2026-10-08,6100.0,6120.0,5600.0,5700.0,122153.0,487400
2026-10-08,2630.0,2630.0,2570.0,2585.0,77867.0,039020
2026-10-08,0.0,0.0,0.0,1284.0,0.0,099520
2026-10-08,6670.0,6910.0,6600.0,6900.0,30566.0,053620
2026-10-08,1891.0,1962.0,1881.0,1932.0,127425.0,053050
2026-10-08,5330.0,5500.0,5280.0,5350.0,7075.0,443250
2026-10-08,6830.0,6830.0,6720.0,6780.0,23121.0,045340
2026-10-08,3400.0,3695.0,3235.0,3385.0,269701.0,033170
2026-10-08,4175.0,4175.0,4080.0,4100.0,10598.0,094850
2026-10-08,3000.0,3025.0,2895.0,2990.0,51633.0,950200
2026-10-08,7100.0,7210.0,7050.0,7090.0,1093.0,191420
2026-10-08,2960.0,2960.0,2775.0,2790.0,58656.0,900300
2026-10-08,999.0,999.0,949.0,972.0,217414.0,054300
2026-10-08,5280.0,5300.0,5050.0,5080.0,24127.0,059270
2026-10-08,1084.0,1084.0,1050.0,1059.0,35983.0,014470
2026-10-08,1420.0,1431.0,1395.0,1417.0,44674.0,033310
2026-10-08,3995.0,4010.0,3955.0,4005.0,7320.0,007370
2026-10-08,4055.0,4085.0,4000.0,4060.0,48485.0,037440
2026-10-08,2825.0,2975.0,2810.0,2900.0,15006.0,348150
2026-10-08,3240.0,3315.0,3050.0,3235.0,58892.0,317530
2026-10-08,1129.0,1130.0,1083.0,1110.0,97520.0,033230
2026-10-08,6930.0,8390.0,6520.0,6650.0,2890616.0,226340
2026-10-08,5240.0,5260.0,5070.0,5080.0,22018.0,333620
2026-10-08,2710.0,2790.0,2690.0,2770.0,43665.0,092300
2026-10-08,9950.0,9950.0,9420.0,9510.0,26339.0,420570
2026-10-08,0.0,0.0,0.0,806.0,0.0,340930
2026-10-08,3205.0,3445.0,3205.0,3260.0,106134.0,145170
2026-10-08,4955.0,5120.0,4850.0,5070.0,20666.0,419080
2026-10-08,4130.0,4190.0,4045.0,4085.0,4179.0,459100
2026-10-08,5620.0,5810.0,5480.0,5540.0,119865.0,0013V0
2026-10-08,4990.0,4990.0,4740.0,4770.0,20319.0,464490
2026-10-08,0.0,0.0,0.0,499.0,0.0,217480
2026-10-08,3200.0,3225.0,3160.0,3200.0,8111.0,040610
2026-10-08,6440.0,6510.0,6410.0,6470.0,3148.0,061250
2026-10-08,3160.0,3215.0,3100.0,3110.0,36482.0,088280
2026-10-08,8570.0,8700.0,8340.0,8470.0,19943.0,170790
2026-10-08,7070.0,7180.0,6930.0,7100.0,1097.0,435570
2026-10-08,7460.0,7650.0,7280.0,7290.0,13527.0,288180
2026-10-08,5120.0,5340.0,5120.0,5290.0,44838.0,105760
2026-10-08,5070.0,5090.0,4970.0,5010.0,14124.0,036670
2026-10-08,1475.0,1514.0,1475.0,1505.0,43696.0,024910
2026-10-08,1736.0,1770.0,1680.0,1768.0,12981.0,238090
2026-10-08,6550.0,6580.0,6000.0,6100.0,153274.0,081180
2026-10-08,3760.0,3870.0,3590.0,3850.0,159873.0,340810
2026-10-08,5500.0,5540.0,5290.0,5320.0,10697.0,071670
2026-10-08,2225.0,2225.0,2100.0,2115.0,18755.0,064800
2026-10-08,9800.0,9840.0,9450.0,9500.0,15172.0,109080
2026-10-08,4160.0,4200.0,3825.0,3935.0,80184.0,457600
2026-10-08,1299.0,1300.0,1220.0,1240.0,443034.0,290660
2026-10-08,6300.0,6300.0,6090.0,6220.0,15048.0,370090
2026-10-08,4880.0,4880.0,4660.0,4695.0,2442.0,900120
2026-10-08,1978.0,1978.0,1920.0,1930.0,40857.0,053270
2026-10-08,3015.0,3200.0,3005.0,3060.0,7083.0,043710
2026-10-08,3660.0,3660.0,3360.0,3380.0,311627.0,393210
2026-10-08,2500.0,2625.0,2325.0,2445.0,280215.0,179900
2026-10-08,4885.0,4990.0,4810.0,4855.0,15130.0,317830
2026-10-08,4945.0,5970.0,4945.0,5540.0,284115.0,196300
2026-10-08,8660.0,8970.0,8480.0,8720.0,3710.0,053160
2026-10-08,3140.0,3140.0,3070.0,3105.0,37218.0,104620
2026-10-08,3890.0,3890.0,3825.0,3830.0,16908.0,163280
2026-10-08,1963.0,1969.0,1930.0,1933.0,12212.0,039240
2026-10-08,1519.0,1530.0,1464.0,1485.0,187395.0,036120
2026-10-08,1294.0,1313.0,1294.0,1300.0,17742.0,027050
2026-10-08,17660.0,17660.0,17260.0,17300.0,2852.0,054930
2026-10-08,5610.0,5610.0,5290.0,5320.0,80253.0,019990
2026-10-08,1245.0,1245.0,1205.0,1205.0,49372.0,391710
2026-10-08,6195.0,6195.0,5990.0,6140.0,25310.0,094940
2026-10-08,4160.0,4215.0,4125.0,4130.0,3056.0,024950
2026-10-08,2720.0,3230.0,2715.0,2825.0,1590188.0,046940
2026-10-08,2955.0,2955.0,2890.0,2910.0,5000.0,015710
2026-10-08,1072.0,1074.0,1029.0,1046.0,211053.0,042110
2026-10-08,1858.0,2250.0,1850.0,2025.0,535950.0,373200
2026-10-08,0.0,0.0,0.0,2825.0,0.0,393970
2026-10-08,1953.0,1973.0,1935.0,1973.0,80989.0,088910
2026-10-08,3880.0,3950.0,3825.0,3840.0,7649.0,311690
2026-10-08,2125.0,2125.0,2045.0,2100.0,27449.0,246690
2026-10-08,4695.0,4715.0,4545.0,4570.0,40448.0,052790
2026-10-08,1084.0,1098.0,1076.0,1095.0,40252.0,063440
2026-10-08,5890.0,5890.0,5700.0,5700.0,11138.0,314140
2026-10-08,1047.0,1274.0,1030.0,1111.0,1410781.0,143540
2026-10-08,1699.0,1699.0,1652.0,1664.0,21376.0,347740
2026-10-08,4105.0,4140.0,3940.0,3985.0,11091.0,463480
2026-10-08,3050.0,3160.0,2995.0,3080.0,49663.0,065130
2026-10-08,6000.0,6040.0,5910.0,5930.0,38934.0,317850
2026-10-08,4360.0,4360.0,4250.0,4295.0,2592.0,256630
2026-10-08,5460.0,5500.0,5420.0,5470.0,2826.0,038010
2026-10-08,2840.0,2840.0,2710.0,2760.0,2088.0,376290
2026-10-08,1230.0,1230.0,1165.0,1177.0,32077.0,219550
2026-10-08,2770.0,2770.0,2690.0,2720.0,32047.0,044340
2026-10-08,4225.0,4340.0,4085.0,4155.0,134414.0,150900
2026-10-08,2035.0,2035.0,1917.0,1927.0,369268.0,459550
2026-10-08,1717.0,1738.0,1695.0,1719.0,51131.0,321260
2026-10-08,3280.0,3325.0,3210.0,3275.0,17469.0,053450
2026-10-08,1934.0,1934.0,1875.0,1922.0,6222.0,060560
2026-10-08,8000.0,8200.0,7620.0,8120.0,61520.0,131400
2026-10-08,1571.0,1574.0,1500.0,1520.0,135773.0,217500
2026-10-08,2470.0,2470.0,2355.0,2415.0,466432.0,114450
2026-10-08,3745.0,3795.0,3640.0,3705.0,15318.0,382150
2026-10-08,3355.0,3355.0,3265.0,3310.0,3616.0,122310
2026-10-08,3880.0,3880.0,3660.0,3675.0,28704.0,348080
2026-10-08,4580.0,4690.0,4495.0,4540.0,29319.0,408470
2026-10-08,6870.0,6870.0,6450.0,6770.0,21269.0,059100
2026-10-08,5390.0,5410.0,5200.0,5270.0,12382.0,452400
2026-10-08,5010.0,5040.0,4860.0,4920.0,76342.0,189860
2026-10-08,0.0,0.0,0.0,6550.0,0.0,418250
2026-10-08,3600.0,3600.0,3360.0,3475.0,1162.0,277070
2026-10-08,6490.0,6780.0,6490.0,6670.0,13151.0,479960
2026-10-08,3190.0,3275.0,3090.0,3190.0,30696.0,199550
2026-10-08,5320.0,5500.0,5250.0,5330.0,6779.0,317870
2026-10-08,3730.0,3735.0,3480.0,3495.0,231209.0,365660
2026-10-08,0.0,0.0,0.0,521.0,0.0,023440
2026-10-08,3030.0,3055.0,2800.0,2840.0,151544.0,232830
2026-10-08,1712.0,1712.0,1687.0,1699.0,23676.0,440290
2026-10-08,1615.0,1646.0,1569.0,1629.0,14545.0,361570
2026-10-08,2440.0,2440.0,2300.0,2305.0,26927.0,317690
2026-10-08,1386.0,1386.0,1305.0,1312.0,52473.0,900340
2026-10-08,5210.0,5390.0,5180.0,5340.0,12018.0,042040
2026-10-08,4050.0,4130.0,4040.0,4095.0,1728.0,471820
2026-10-08,2755.0,2770.0,2725.0,2760.0,70874.0,094970
2026-10-08,2620.0,2630.0,2540.0,2565.0,29974.0,384470
2026-10-08,4165.0,4950.0,4155.0,4605.0,499207.0,200350
2026-10-08,8810.0,9120.0,8790.0,9020.0,2527.0,0010V0
2026-10-08,2440.0,2450.0,2410.0,2425.0,9471.0,053980
2026-10-08,0.0,0.0,0.0,1957.0,0.0,229000
2026-10-08,1155.0,1155.0,1139.0,1142.0,20585.0,189980
2026-10-08,5200.0,5200.0,5140.0,5150.0,4663.0,073110
2026-10-08,3110.0,3145.0,3000.0,3015.0,19834.0,460470
2026-10-08,2845.0,2845.0,2580.0,2590.0,50374.0,032960
2026-10-08,2385.0,2410.0,2325.0,2355.0,14221.0,260930
2026-10-08,3335.0,3380.0,3275.0,3340.0,433.0,373160
2026-10-08,967.0,967.0,923.0,936.0,140212.0,222420
2026-10-08,7320.0,7400.0,6850.0,6880.0,17669.0,476040
2026-10-08,7130.0,7130.0,6980.0,7020.0,7167.0,453860
2026-10-08,4000.0,4050.0,3955.0,3980.0,620.0,051390
2026-10-08,4610.0,4845.0,4515.0,4630.0,29473.0,082850
2026-10-08,2685.0,2765.0,2635.0,2635.0,13868.0,037950
2026-10-08,850.0,855.0,793.0,844.0,244861.0,340360
2026-10-08,3180.0,3180.0,3085.0,3105.0,23621.0,072990
2026-10-08,2095.0,2100.0,2080.0,2090.0,12773.0,198080
2026-10-08,1040.0,1040.0,1012.0,1013.0,26356.0,068330
2026-10-08,0.0,0.0,0.0,460.0,0.0,033340
2026-10-08,1265.0,1306.0,1218.0,1298.0,84899.0,227950
2026-10-08,2245.0,2245.0,2180.0,2215.0,25017.0,159580
2026-10-08,1297.0,1297.0,1244.0,1257.0,31661.0,014190
2026-10-08,3450.0,3450.0,3255.0,3275.0,1109.0,050120
2026-10-08,3500.0,3520.0,3465.0,3470.0,3147.0,066130
2026-10-08,2365.0,2370.0,2315.0,2355.0,3634.0,072470
2026-10-08,2355.0,2435.0,2350.0,2375.0,17256.0,178780
2026-10-08,0.0,0.0,0.0,416.0,0.0,288330
2026-10-08,1246.0,1247.0,1215.0,1229.0,34250.0,900250
2026-10-08,4905.0,5100.0,4905.0,5080.0,19229.0,086060
2026-10-08,944.0,970.0,944.0,960.0,44778.0,129890
2026-10-08,1184.0,1218.0,1180.0,1196.0,19157.0,258610
2026-10-08,1533.0,1600.0,1521.0,1596.0,48212.0,189690
2026-10-08,8890.0,8890.0,8580.0,8630.0,2592.0,466410
2026-10-08,5500.0,5600.0,5320.0,5480.0,6470.0,290670
2026-10-08,3285.0,3332.0,3125.0,3165.0,36730.0,083550
2026-10-08,3095.0,3120.0,3055.0,3085.0,25289.0,263020
2026-10-08,2175.0,2250.0,2080.0,2165.0,180095.0,054780
2026-10-08,1603.0,1611.0,1530.0,1561.0,253987.0,065440
2026-10-08,802.0,825.0,801.0,818.0,4010.0,022220
2026-10-08,5940.0,5970.0,5840.0,5970.0,3843.0,307280
2026-10-08,2010.0,2010.0,1991.0,1997.0,24219.0,140520
2026-10-08,5000.0,5040.0,4985.0,5010.0,523.0,256150
2026-10-08,5870.0,5870.0,5720.0,5830.0,2855.0,413640
2026-10-08,3000.0,3000.0,2850.0,2910.0,9679.0,461030
2026-10-08,4165.0,4165.0,4030.0,4070.0,9202.0,199480
2026-10-08,5140.0,5150.0,4785.0,4980.0,10450.0,450330
2026-10-08,2170.0,2255.0,2090.0,2135.0,35299.0,263700
2026-10-08,2660.0,2680.0,2575.0,2610.0,11813.0,261200
2026-10-08,3275.0,3350.0,3275.0,3320.0,3963.0,002290
2026-10-08,1411.0,1416.0,1401.0,1410.0,2808.0,056700
2026-10-08,1681.0,1696.0,1587.0,1682.0,47737.0,452200
2026-10-08,2575.0,2600.0,2540.0,2565.0,15042.0,263810
2026-10-08,6500.0,6500.0,6360.0,6390.0,2652.0,190650
2026-10-08,3220.0,3295.0,3200.0,3235.0,10719.0,100660
2026-10-08,2970.0,2970.0,2870.0,2905.0,35656.0,099410
2026-10-08,2270.0,2300.0,2100.0,2155.0,89532.0,184230
2026-10-08,3692.0,3725.0,3650.0,3680.0,9350.0,136410
2026-10-08,2570.0,2590.0,2485.0,2525.0,11290.0,286750
2026-10-08,3125.0,3195.0,3125.0,3195.0,46325.0,044960
2026-10-08,1813.0,1845.0,1802.0,1838.0,33048.0,007530
2026-10-08,1770.0,1770.0,1720.0,1770.0,2824.0,066900
2026-10-08,1231.0,1286.0,1228.0,1286.0,102663.0,045510
2026-10-08,2760.0,2850.0,2700.0,2705.0,53684.0,084650
2026-10-08,1705.0,1705.0,1635.0,1690.0,2023.0,263770
2026-10-08,2845.0,3000.0,2840.0,2935.0,21299.0,223310
2026-10-08,5860.0,5960.0,5600.0,5670.0,54103.0,469750
2026-10-08,1330.0,1335.0,1321.0,1335.0,19303.0,037230
2026-10-08,0.0,0.0,0.0,798.0,0.0,064090
2026-10-08,2100.0,2105.0,1984.0,2000.0,96433.0,053950
2026-10-08,3015.0,3015.0,2950.0,2970.0,3774.0,007680
2026-10-08,718.0,756.0,707.0,724.0,89427.0,027830
2026-10-08,2745.0,2860.0,2700.0,2745.0,54201.0,171010
2026-10-08,6450.0,6570.0,6390.0,6400.0,387.0,049830
2026-10-08,2335.0,2350.0,2315.0,2345.0,18299.0,025880
2026-10-08,3630.0,3700.0,3450.0,3535.0,6640.0,446840
2026-10-08,2380.0,2390.0,2245.0,2305.0,178035.0,215380
2026-10-08,2685.0,2730.0,2580.0,2620.0,25918.0,104200
2026-10-08,7610.0,7690.0,7520.0,7640.0,1055.0,224110
2026-10-08,4010.0,4010.0,3890.0,3930.0,2110.0,273060
2026-10-08,2360.0,2360.0,2335.0,2350.0,7393.0,046310
2026-10-08,2775.0,2830.0,2700.0,2740.0,32483.0,203450
2026-10-08,2860.0,2905.0,2845.0,2900.0,83739.0,121890
2026-10-08,1715.0,1715.0,1710.0,1710.0,2788.0,050860
2026-10-08,3755.0,3875.0,3745.0,3790.0,3835.0,465480
2026-10-08,1453.0,1453.0,1450.0,1450.0,1342.0,352700
2026-10-08,3285.0,3305.0,3265.0,3270.0,2846.0,019770
2026-10-08,2080.0,2080.0,2010.0,2035.0,5459.0,221840
2026-10-08,2660.0,2740.0,2630.0,2665.0,10788.0,051490
2026-10-08,2770.0,2770.0,2645.0,2670.0,22887.0,238120
2026-10-08,4115.0,4115.0,4005.0,4040.0,5668.0,038070
2026-10-08,1907.0,1929.0,1800.0,1844.0,69961.0,218150
2026-10-08,3790.0,3820.0,3730.0,3775.0,2598.0,239890
2026-10-08,2625.0,2630.0,2475.0,2485.0,176763.0,035460
2026-10-08,9410.0,9420.0,9280.0,9420.0,300.0,221980
2026-10-08,1645.0,1650.0,1605.0,1612.0,14571.0,052220
2026-10-08,3270.0,3320.0,3265.0,3280.0,4005.0,101240
2026-10-08,7320.0,7630.0,7250.0,7450.0,35324.0,258790
2026-10-08,5370.0,5500.0,5370.0,5480.0,552.0,250000
2026-10-08,4330.0,4400.0,4300.0,4350.0,4445.0,097870
2026-10-08,3895.0,3930.0,3820.0,3835.0,18450.0,177900
2026-10-08,1590.0,1599.0,1580.0,1599.0,11897.0,122690
2026-10-08,2070.0,2135.0,2070.0,2135.0,9321.0,046390
2026-10-08,2400.0,2415.0,2370.0,2380.0,29790.0,081580
2026-10-08,2820.0,2970.0,2820.0,2895.0,2342.0,049120
2026-10-08,3505.0,3955.0,3465.0,3855.0,149219.0,348030
2026-10-08,2615.0,2615.0,2510.0,2515.0,7414.0,234100
2026-10-08,3170.0,3180.0,3145.0,3175.0,13322.0,219420
2026-10-08,3210.0,3505.0,3160.0,3215.0,207198.0,043910
2026-10-08,2290.0,2290.0,2245.0,2280.0,1074.0,086040
2026-10-08,2775.0,3445.0,2705.0,3285.0,5476981.0,0010F0
2026-10-08,5380.0,5380.0,5200.0,5320.0,19688.0,042940
2026-10-08,2830.0,2830.0,2685.0,2755.0,41620.0,208710
2026-10-08,2185.0,2210.0,2135.0,2180.0,38451.0,026040
2026-10-08,4310.0,4310.0,4150.0,4200.0,7177.0,037370
2026-10-08,3025.0,3065.0,2900.0,2935.0,130532.0,434480
2026-10-08,1627.0,1630.0,1602.0,1621.0,3760.0,123570
2026-10-08,0.0,0.0,0.0,1087.0,0.0,284620
2026-10-08,4450.0,4690.0,4415.0,4490.0,11229.0,332290
2026-10-08,2105.0,2145.0,2090.0,2115.0,14945.0,045060
2026-10-08,4710.0,4990.0,4600.0,4810.0,2897.0,290090
2026-10-08,2365.0,2375.0,2305.0,2335.0,8829.0,260660
2026-10-08,6140.0,6390.0,6060.0,6360.0,6535.0,387570
2026-10-08,0.0,0.0,0.0,602.0,0.0,057540
2026-10-08,1036.0,1036.0,993.0,1000.0,68324.0,065500
2026-10-08,0.0,0.0,0.0,778.0,0.0,068940
2026-10-08,2190.0,2190.0,2115.0,2135.0,4895.0,207760
2026-10-08,0.0,0.0,0.0,959.0,0.0,263050
2026-10-08,3075.0,3075.0,3035.0,3060.0,10052.0,024120
2026-10-08,4250.0,4415.0,4190.0,4325.0,34615.0,060850
2026-10-08,2300.0,2370.0,2280.0,2290.0,50277.0,089140
2026-10-08,1797.0,1825.0,1790.0,1803.0,3924.0,204020
2026-10-08,4110.0,4195.0,4060.0,4110.0,2148.0,363250
2026-10-08,3210.0,3210.0,3130.0,3175.0,9644.0,014570
2026-10-08,1800.0,1811.0,1695.0,1715.0,252894.0,109820
2026-10-08,4310.0,4700.0,4310.0,4655.0,72305.0,431190
2026-10-08,2485.0,2510.0,2425.0,2455.0,69862.0,452300
2026-10-08,5460.0,5540.0,5260.0,5320.0,7486.0,153460
2026-10-08,2215.0,2215.0,2155.0,2190.0,2828.0,290120
2026-10-08,6220.0,6270.0,6080.0,6200.0,7201.0,318410
2026-10-08,3040.0,3040.0,2865.0,2910.0,11692.0,127980
2026-10-08,3150.0,3210.0,3085.0,3145.0,5988.0,186230
2026-10-08,4160.0,4160.0,3900.0,3960.0,7679.0,039290
2026-10-08,2390.0,2470.0,2300.0,2390.0,32728.0,377030
2026-10-08,1331.0,1339.0,1290.0,1298.0,12373.0,060540
2026-10-08,3190.0,3255.0,3000.0,3115.0,125124.0,430690
2026-10-08,7300.0,7300.0,7060.0,7200.0,13321.0,417860
2026-10-08,2145.0,2145.0,2070.0,2100.0,28939.0,075130
2026-10-08,1491.0,1491.0,1401.0,1412.0,6737.0,066360
2026-10-08,2095.0,2110.0,2050.0,2075.0,13304.0,057030
2026-10-08,3005.0,3275.0,3005.0,3205.0,145020.0,045300
2026-10-08,1206.0,1206.0,1161.0,1197.0,40341.0,065950
2026-10-08,2580.0,2835.0,2345.0,2375.0,1160153.0,406820
2026-10-08,2690.0,3035.0,2685.0,2800.0,126505.0,073570
2026-10-08,1799.0,1799.0,1640.0,1658.0,86391.0,079190
2026-10-08,4360.0,4365.0,4230.0,4360.0,14822.0,131090
2026-10-08,1474.0,1500.0,1450.0,1495.0,3507.0,064520
2026-10-08,5180.0,5390.0,5180.0,5270.0,9929.0,099220
2026-10-08,4125.0,4185.0,4090.0,4125.0,13359.0,476080
2026-10-08,3700.0,3710.0,3675.0,3700.0,341.0,270870
2026-10-08,881.0,881.0,808.0,830.0,657268.0,270520
2026-10-08,1779.0,1882.0,1779.0,1811.0,52532.0,169330
2026-10-08,0.0,0.0,0.0,689.0,0.0,038060
2026-10-08,6470.0,6470.0,6200.0,6430.0,8656.0,296640
2026-10-08,2035.0,2035.0,1966.0,2005.0,23767.0,432430
2026-10-08,1559.0,1559.0,1494.0,1505.0,76769.0,310870
2026-10-08,1200.0,1223.0,1187.0,1215.0,46392.0,032790
2026-10-08,1492.0,1500.0,1475.0,1499.0,2772.0,335810
2026-10-08,1272.0,1277.0,1201.0,1255.0,67173.0,106240
2026-10-08,3140.0,3270.0,3100.0,3180.0,5588.0,153490
2026-10-08,3015.0,3030.0,2960.0,2975.0,22504.0,006920
2026-10-08,6530.0,6530.0,6280.0,6320.0,685.0,397810
2026-10-08,2815.0,2840.0,2790.0,2820.0,9924.0,052600
2026-10-08,1381.0,1390.0,1358.0,1388.0,5038.0,133750
2026-10-08,2285.0,2295.0,2235.0,2280.0,23873.0,419120
2026-10-08,1422.0,1422.0,1373.0,1398.0,14430.0,215090
2026-10-08,3670.0,3780.0,3520.0,3555.0,12051.0,196450
2026-10-08,3080.0,3080.0,3005.0,3020.0,1335.0,200780
2026-10-08,2610.0,2760.0,2610.0,2750.0,44708.0,091340
2026-10-08,3890.0,3970.0,3860.0,3940.0,287.0,087600
2026-10-08,3180.0,3180.0,3100.0,3155.0,3842.0,148930
2026-10-08,1000.0,1000.0,941.0,978.0,19031.0,408900
2026-10-08,1698.0,1703.0,1675.0,1692.0,4614.0,033830
2026-10-08,1755.0,1755.0,1706.0,1753.0,18726.0,462980
2026-10-08,2090.0,2145.0,2090.0,2105.0,2547.0,038620
2026-10-08,0.0,0.0,0.0,726.0,0.0,037330
2026-10-08,2565.0,2700.0,2555.0,2645.0,23883.0,064480
2026-10-08,2585.0,2585.0,2515.0,2545.0,23957.0,900270
2026-10-08,2825.0,2850.0,2750.0,2800.0,8291.0,080520
2026-10-08,1936.0,1941.0,1925.0,1936.0,549.0,021650
2026-10-08,1095.0,1115.0,1070.0,1073.0,79644.0,271830
2026-10-08,1354.0,1354.0,1301.0,1320.0,7040.0,220180
2026-10-08,2655.0,2655.0,2510.0,2635.0,20786.0,356890
2026-10-08,1129.0,1129.0,1121.0,1125.0,6805.0,031510
2026-10-08,7260.0,7260.0,7130.0,7140.0,2387.0,012620
2026-10-08,3075.0,3075.0,2970.0,2995.0,2663.0,159910
2026-10-08,1370.0,1500.0,1275.0,1296.0,327388.0,069920
2026-10-08,2645.0,2645.0,2525.0,2545.0,4332.0,318020
2026-10-08,3770.0,3910.0,3750.0,3820.0,11324.0,364950
2026-10-08,2760.0,2810.0,2710.0,2740.0,24174.0,073540
2026-10-08,1666.0,1750.0,1662.0,1679.0,57047.0,075970
2026-10-08,0.0,0.0,0.0,412.0,0.0,258830
2026-10-08,2190.0,2250.0,2180.0,2235.0,8745.0,016600
2026-10-08,3205.0,3225.0,3015.0,3165.0,9398.0,376980
2026-10-08,3155.0,3200.0,3090.0,3160.0,12339.0,025440
2026-10-08,9250.0,9260.0,8930.0,9140.0,1956.0,208860
2026-10-08,2495.0,2520.0,2400.0,2450.0,31669.0,311390
2026-10-08,3250.0,3250.0,3100.0,3160.0,4642.0,263920
2026-10-08,3815.0,3905.0,3790.0,3895.0,7060.0,462310
2026-10-08,2155.0,2480.0,2080.0,2395.0,235933.0,383930
2026-10-08,2300.0,2350.0,2300.0,2350.0,13557.0,197140
2026-10-08,3485.0,3610.0,3390.0,3455.0,25902.0,462510
2026-10-08,2000.0,2000.0,1967.0,1980.0,6162.0,173940
2026-10-08,3390.0,3390.0,3285.0,3300.0,4043.0,090410
2026-10-08,3170.0,3175.0,3090.0,3160.0,2108.0,452160
2026-10-08,5600.0,5640.0,5470.0,5500.0,4263.0,464280
2026-10-08,530.0,623.0,526.0,529.0,1782719.0,101670
2026-10-08,0.0,0.0,0.0,1969.0,0.0,246250
2026-10-08,2030.0,2245.0,1985.0,2210.0,116424.0,148250
2026-10-08,3025.0,3075.0,2950.0,3045.0,21319.0,300120
2026-10-08,4730.0,4730.0,4600.0,4675.0,1840.0,444530
2026-10-08,3510.0,3585.0,3495.0,3560.0,1605.0,367000
2026-10-08,1440.0,1525.0,1440.0,1474.0,9126.0,097780
2026-10-08,2125.0,2200.0,2035.0,2130.0,9082.0,038870
2026-10-08,1635.0,1635.0,1576.0,1621.0,759.0,464580
2026-10-08,3265.0,3880.0,3260.0,3680.0,82024.0,032860
2026-10-08,2080.0,2155.0,2030.0,2030.0,21147.0,407400
2026-10-08,3115.0,3195.0,3035.0,3080.0,1991.0,336060
2026-10-08,1221.0,1282.0,1205.0,1222.0,57493.0,226330
2026-10-08,1205.0,1229.0,1190.0,1220.0,11544.0,071850
2026-10-08,3870.0,3870.0,3820.0,3845.0,17486.0,020180
2026-10-08,2840.0,2890.0,2795.0,2890.0,1084.0,038950
2026-10-08,3655.0,3690.0,3555.0,3590.0,14811.0,099390
2026-10-08,2900.0,2940.0,2845.0,2875.0,16931.0,262840
2026-10-08,3020.0,3020.0,2725.0,2800.0,8851.0,019570
2026-10-08,2160.0,2160.0,2080.0,2115.0,5601.0,070590
2026-10-08,1865.0,1937.0,1865.0,1928.0,1225.0,109960
2026-10-08,2790.0,2830.0,2750.0,2800.0,3677.0,033540
2026-10-08,3920.0,4070.0,3725.0,3795.0,106353.0,002680
2026-10-08,5620.0,5620.0,5520.0,5600.0,756.0,079170
2026-10-08,1135.0,1135.0,1077.0,1091.0,17741.0,128540
2026-10-08,585.0,617.0,582.0,613.0,20049.0,043340
2026-10-08,1090.0,1123.0,1071.0,1082.0,90389.0,900070
2026-10-08,2990.0,2990.0,2890.0,2925.0,8113.0,369370
2026-10-08,999.0,1001.0,976.0,991.0,94591.0,317240
2026-10-08,2295.0,2295.0,2235.0,2255.0,17142.0,237820
2026-10-08,5850.0,5860.0,5680.0,5800.0,6383.0,333050
2026-10-08,2065.0,2100.0,2040.0,2055.0,3208.0,188260
2026-10-08,998.0,998.0,950.0,950.0,38914.0,031310
2026-10-08,5040.0,5110.0,4815.0,4875.0,36792.0,050110
2026-10-08,5700.0,5700.0,5220.0,5330.0,21383.0,388610
2026-10-08,3565.0,3570.0,3510.0,3565.0,515.0,318010
2026-10-08,0.0,0.0,0.0,1710.0,0.0,043220
2026-10-08,3530.0,3530.0,3400.0,3400.0,7881.0,351330
2026-10-08,1979.0,1979.0,1892.0,1895.0,22957.0,130500
2026-10-08,1022.0,1043.0,934.0,1016.0,67501.0,068050
2026-10-08,1458.0,1760.0,1458.0,1524.0,283713.0,365590
2026-10-08,5200.0,5200.0,5020.0,5200.0,446.0,239610
2026-10-08,0.0,0.0,0.0,910.0,0.0,254120
2026-10-08,2395.0,2510.0,2355.0,2510.0,18351.0,351870
2026-10-08,2530.0,2575.0,2525.0,2560.0,22226.0,067010
2026-10-08,2790.0,2835.0,2720.0,2745.0,2860.0,187270
2026-10-08,1806.0,1851.0,1710.0,1793.0,100657.0,101400
2026-10-08,1881.0,1881.0,1829.0,1829.0,14754.0,373170
2026-10-08,988.0,1010.0,988.0,997.0,15271.0,160550
2026-10-08,3500.0,3785.0,3340.0,3685.0,32615.0,091970
2026-10-08,6440.0,6440.0,6280.0,6390.0,4265.0,088340
2026-10-08,1605.0,1650.0,1605.0,1648.0,5461.0,008470
2026-10-08,3660.0,3720.0,3560.0,3685.0,9540.0,038880
2026-10-08,2810.0,2820.0,2755.0,2800.0,10080.0,093380
2026-10-08,1402.0,1443.0,1401.0,1440.0,42428.0,225220
2026-10-08,2365.0,2375.0,2325.0,2335.0,23891.0,119500
2026-10-08,1644.0,1644.0,1604.0,1606.0,28936.0,089150
2026-10-08,2300.0,2335.0,2260.0,2320.0,31752.0,398120
2026-10-08,3995.0,4200.0,3810.0,3955.0,6462.0,297570
2026-10-08,1457.0,1499.0,1457.0,1475.0,14972.0,376180
2026-10-08,2335.0,2335.0,2210.0,2285.0,4430.0,068100
2026-10-08,1718.0,1718.0,1680.0,1702.0,36872.0,195500
2026-10-08,1720.0,1775.0,1651.0,1764.0,36061.0,066910
2026-10-08,1890.0,1929.0,1890.0,1920.0,5803.0,139670
2026-10-08,3750.0,3750.0,3585.0,3630.0,2575.0,131220
2026-10-08,1574.0,1601.0,1533.0,1569.0,13433.0,114630
2026-10-08,1595.0,1644.0,1550.0,1593.0,15136.0,236810
2026-10-08,7650.0,8000.0,7650.0,7720.0,518.0,007770
2026-10-08,2345.0,2450.0,2345.0,2400.0,27119.0,368970
2026-10-08,1359.0,1375.0,1330.0,1351.0,21204.0,198940
2026-10-08,2005.0,2005.0,1912.0,1930.0,103111.0,027040
2026-10-08,0.0,0.0,0.0,666.0,0.0,215790
2026-10-08,1722.0,1742.0,1690.0,1728.0,83207.0,191410
2026-10-08,2285.0,2285.0,2160.0,2210.0,8602.0,115480
2026-10-08,2820.0,2820.0,2760.0,2775.0,6474.0,048470
2026-10-08,2740.0,2750.0,2580.0,2705.0,35813.0,078590
2026-10-08,1651.0,1729.0,1630.0,1715.0,3435.0,123840
2026-10-08,3980.0,3980.0,3805.0,3820.0,9475.0,288620
2026-10-08,1081.0,1094.0,1035.0,1076.0,22706.0,047080
2026-10-08,2305.0,2305.0,2265.0,2285.0,9691.0,017000
2026-10-08,1629.0,1764.0,1600.0,1681.0,41815.0,096630
2026-10-08,1243.0,1275.0,1236.0,1270.0,43267.0,043200
2026-10-08,2805.0,2880.0,2715.0,2740.0,19568.0,290270
2026-10-08,1220.0,1225.0,1150.0,1164.0,117050.0,290560
2026-10-08,1751.0,1758.0,1714.0,1757.0,9967.0,069140
2026-10-08,1861.0,1907.0,1726.0,1799.0,56179.0,450520
2026-10-08,4000.0,4160.0,4000.0,4110.0,5023.0,363260
2026-10-08,3110.0,3110.0,2945.0,3035.0,18081.0,458350
2026-10-08,1686.0,1687.0,1544.0,1633.0,82930.0,058110
2026-10-08,2910.0,2910.0,2890.0,2900.0,2390.0,032750
2026-10-08,2350.0,2375.0,2250.0,2275.0,10557.0,359090
2026-10-08,1656.0,1695.0,1567.0,1657.0,18624.0,290520
2026-10-08,2420.0,2435.0,2325.0,2360.0,10531.0,080530
2026-10-08,2270.0,2355.0,2200.0,2300.0,10800.0,238490
2026-10-08,1020.0,1021.0,999.0,1012.0,12867.0,016920
2026-10-08,1643.0,1660.0,1626.0,1653.0,18924.0,105550
2026-10-08,2545.0,2565.0,2480.0,2500.0,9375.0,069410
2026-10-08,2120.0,2120.0,1947.0,1997.0,4731.0,900310
2026-10-08,5270.0,5440.0,5230.0,5410.0,2142.0,134060
2026-10-08,1755.0,1760.0,1549.0,1617.0,274544.0,355390
2026-10-08,2620.0,2620.0,2530.0,2530.0,2582.0,016670
2026-10-08,1560.0,1590.0,1529.0,1568.0,27159.0,103840
2026-10-08,1632.0,1700.0,1593.0,1683.0,9290.0,322780
2026-10-08,3570.0,3575.0,3505.0,3560.0,2514.0,079000
2026-10-08,808.0,819.0,799.0,805.0,9074.0,033050
2026-10-08,1630.0,1630.0,1558.0,1579.0,24618.0,052300
2026-10-08,2130.0,2130.0,2080.0,2095.0,5695.0,013720
2026-10-08,1298.0,1298.0,1261.0,1292.0,5840.0,060380
2026-10-08,1082.0,1082.0,1045.0,1059.0,9758.0,146060
2026-10-08,0.0,0.0,0.0,612.0,0.0,072770
2026-10-08,1338.0,1346.0,1276.0,1294.0,43800.0,060230
2026-10-08,6110.0,6550.0,6070.0,6280.0,657.0,096690
2026-10-08,1611.0,1647.0,1571.0,1599.0,25942.0,057680
2026-10-08,2170.0,2225.0,2155.0,2190.0,16241.0,415380
2026-10-08,2515.0,2520.0,2300.0,2340.0,128084.0,140430
2026-10-08,1009.0,1017.0,986.0,1008.0,20999.0,054090
2026-10-08,676.0,684.0,636.0,667.0,89695.0,206400
2026-10-08,2110.0,2220.0,2110.0,2205.0,19195.0,177830
2026-10-08,1415.0,1447.0,1338.0,1420.0,41608.0,138070
2026-10-08,3985.0,4040.0,3850.0,3950.0,29452.0,148780
2026-10-08,2715.0,2720.0,2640.0,2660.0,42897.0,378800
2026-10-08,1475.0,1569.0,1475.0,1502.0,16185.0,053290
2026-10-08,3415.0,3420.0,3060.0,3130.0,27924.0,475660
2026-10-08,3560.0,3747.0,3560.0,3620.0,7406.0,328380
2026-10-08,6130.0,6130.0,5860.0,5910.0,765.0,090150
2026-10-08,2640.0,2900.0,2600.0,2785.0,39195.0,023770
2026-10-08,0.0,0.0,0.0,956.0,0.0,368600
2026-10-08,1821.0,1876.0,1700.0,1844.0,15194.0,193250
2026-10-08,1119.0,1120.0,1100.0,1110.0,15777.0,001810
2026-10-08,1162.0,1162.0,1142.0,1153.0,4995.0,021880
2026-10-08,1422.0,1475.0,1357.0,1400.0,13238.0,083660
2026-10-08,1274.0,1322.0,1264.0,1276.0,3442.0,016100
2026-10-08,1979.0,1979.0,1621.0,1793.0,131017.0,043590
2026-10-08,1311.0,1323.0,1306.0,1310.0,25404.0,044780
2026-10-08,4110.0,4175.0,4100.0,4120.0,508.0,131180
2026-10-08,2770.0,2770.0,2740.0,2755.0,3121.0,318000
2026-10-08,1620.0,1626.0,1546.0,1575.0,44916.0,317120
2026-10-08,1735.0,1737.0,1655.0,1731.0,5763.0,123750
2026-10-08,2960.0,2960.0,2775.0,2810.0,3817.0,115530
2026-10-08,3560.0,3795.0,3505.0,3595.0,100901.0,054940
2026-10-08,3250.0,3395.0,3100.0,3315.0,159958.0,429270
2026-10-08,1939.0,1939.0,1800.0,1850.0,12013.0,405920
2026-10-08,5720.0,5720.0,5460.0,5550.0,4648.0,115160
2026-10-08,5380.0,5380.0,5130.0,5160.0,2573.0,083640
2026-10-08,1921.0,1971.0,1921.0,1958.0,16851.0,065690
2026-10-08,1850.0,1850.0,1773.0,1808.0,9227.0,219750
2026-10-08,1725.0,1760.0,1683.0,1690.0,16639.0,464500
2026-10-08,2500.0,2595.0,2500.0,2555.0,15217.0,035200
2026-10-08,907.0,931.0,907.0,921.0,47180.0,206560
2026-10-08,3095.0,3095.0,3000.0,3030.0,2428.0,267790
2026-10-08,2895.0,3020.0,2710.0,2805.0,72998.0,389680
2026-10-08,2920.0,2920.0,2850.0,2900.0,6002.0,039740
2026-10-08,990.0,1055.0,979.0,1005.0,106449.0,032680
2026-10-08,2795.0,2855.0,2655.0,2845.0,1893.0,377330
2026-10-08,5000.0,5080.0,4700.0,4940.0,4273.0,188040
2026-10-08,2755.0,2830.0,2705.0,2745.0,5634.0,101680
2026-10-08,1020.0,1035.0,995.0,1022.0,13609.0,076080
2026-10-08,3240.0,3240.0,3015.0,3090.0,12632.0,065370
2026-10-08,3965.0,4075.0,3965.0,3980.0,1226.0,417180
2026-10-08,1506.0,1506.0,1499.0,1503.0,8046.0,051380
2026-10-08,6050.0,6150.0,5960.0,6030.0,2915.0,036480
2026-10-08,1796.0,1796.0,1621.0,1735.0,9083.0,301300
2026-10-08,2530.0,2560.0,2500.0,2505.0,9802.0,020400
2026-10-08,3495.0,3540.0,3460.0,3500.0,3206.0,237750
2026-10-08,1900.0,2345.0,1900.0,2345.0,674222.0,210120
2026-10-08,1811.0,1880.0,1756.0,1816.0,6463.0,257370
2026-10-08,3930.0,4080.0,3750.0,3995.0,11363.0,361670
2026-10-08,2005.0,2055.0,1955.0,1962.0,7383.0,187220
2026-10-08,2850.0,2935.0,2755.0,2790.0,7298.0,208350
2026-10-08,1933.0,1934.0,1905.0,1934.0,10003.0,018680
2026-10-08,1480.0,1489.0,1480.0,1488.0,7581.0,032800
2026-10-08,2710.0,2715.0,2560.0,2615.0,3295.0,432980
2026-10-08,2345.0,2375.0,2305.0,2320.0,3942.0,298060
2026-10-08,2145.0,2230.0,2145.0,2210.0,20117.0,424760
2026-10-08,1058.0,1065.0,1050.0,1058.0,17091.0,017250
2026-10-08,1865.0,1865.0,1850.0,1858.0,22012.0,192390
2026-10-08,2435.0,2480.0,2360.0,2415.0,1711.0,033200
2026-10-08,3055.0,3055.0,2940.0,3010.0,3792.0,303530
2026-10-08,2005.0,2100.0,2005.0,2050.0,4471.0,352940
2026-10-08,1102.0,1102.0,1090.0,1094.0,6470.0,007720
2026-10-08,2610.0,2720.0,2610.0,2690.0,969.0,238200
2026-10-08,2700.0,2775.0,2655.0,2755.0,4854.0,115570
2026-10-08,1909.0,1920.0,1825.0,1850.0,32670.0,027580
2026-10-08,1518.0,1518.0,1492.0,1493.0,29693.0,013810
2026-10-08,1235.0,1249.0,1223.0,1240.0,40428.0,053060
2026-10-08,1980.0,2025.0,1972.0,1977.0,9981.0,222980
2026-10-08,3890.0,3890.0,3460.0,3515.0,147706.0,247660
2026-10-08,1998.0,1998.0,1799.0,1843.0,87370.0,115610
2026-10-08,0.0,0.0,0.0,1010.0,0.0,032080
2026-10-08,678.0,707.0,604.0,610.0,2241187.0,070300
2026-10-08,2355.0,2355.0,2260.0,2275.0,19388.0,200230
2026-10-08,1168.0,1199.0,1168.0,1190.0,8781.0,039310
2026-10-08,1702.0,1725.0,1702.0,1713.0,740.0,098660
2026-10-08,2010.0,2070.0,1988.0,1995.0,5543.0,215480
2026-10-08,1321.0,1329.0,1306.0,1320.0,23086.0,032280
2026-10-08,2260.0,2485.0,2230.0,2350.0,18564.0,274400
2026-10-08,3860.0,3965.0,3800.0,3910.0,3249.0,342870
2026-10-08,2605.0,2665.0,2300.0,2360.0,100253.0,092600
2026-10-08,1266.0,1275.0,1206.0,1272.0,11364.0,018700
2026-10-08,990.0,1000.0,906.0,976.0,451032.0,083470
2026-10-08,0.0,0.0,0.0,583.0,0.0,095910
2026-10-08,2230.0,2230.0,2135.0,2160.0,6887.0,331520
2026-10-08,3145.0,3255.0,3080.0,3180.0,5372.0,044480
2026-10-08,940.0,950.0,907.0,929.0,79088.0,347770
2026-10-08,2165.0,2265.0,2135.0,2230.0,25625.0,063760
2026-10-08,5630.0,5630.0,5400.0,5460.0,2183.0,277410
2026-10-08,3285.0,3285.0,3200.0,3215.0,8619.0,045520
2026-10-08,1697.0,1700.0,1647.0,1648.0,49565.0,054220
2026-10-08,2145.0,2145.0,2055.0,2080.0,10204.0,440320
2026-10-08,2190.0,2190.0,2130.0,2130.0,8594.0,067730
2026-10-08,2240.0,2240.0,2105.0,2170.0,20441.0,241840
2026-10-08,10180.0,10260.0,9260.0,9560.0,6475.0,154040
2026-10-08,3880.0,3880.0,3640.0,3835.0,7435.0,405000
2026-10-08,2060.0,2080.0,2030.0,2050.0,21227.0,024940
2026-10-08,2640.0,2640.0,2330.0,2450.0,64602.0,096870
2026-10-08,3730.0,3730.0,3505.0,3600.0,32897.0,340440
2026-10-08,2905.0,2905.0,2810.0,2875.0,73075.0,372800
2026-10-08,3550.0,3575.0,3100.0,3150.0,43125.0,131100
2026-10-08,1229.0,1229.0,1206.0,1211.0,3604.0,362990
2026-10-08,917.0,1090.0,917.0,935.0,104613.0,021040
2026-10-08,1877.0,1877.0,1803.0,1811.0,8112.0,438700
2026-10-08,1298.0,1356.0,1290.0,1341.0,29674.0,344860
2026-10-08,1565.0,1578.0,1532.0,1573.0,6934.0,353590
2026-10-08,901.0,943.0,900.0,905.0,26683.0,289220
2026-10-08,853.0,861.0,830.0,857.0,19200.0,276730
2026-10-08,1819.0,1819.0,1763.0,1787.0,13113.0,130740
2026-10-08,1442.0,1487.0,1442.0,1445.0,17649.0,079950
2026-10-08,2610.0,2610.0,2500.0,2545.0,8968.0,353190
2026-10-08,2705.0,2750.0,2705.0,2737.0,1929.0,080470
2026-10-08,2295.0,2295.0,2210.0,2220.0,4094.0,043360
2026-10-08,1426.0,1440.0,1397.0,1432.0,20527.0,019660
2026-10-08,1211.0,1211.0,1161.0,1164.0,10474.0,069330
2026-10-08,3200.0,3200.0,3025.0,3025.0,6749.0,113810
2026-10-08,4145.0,4145.0,3745.0,3755.0,1418.0,275630
2026-10-08,1261.0,1280.0,1232.0,1235.0,21072.0,065150
2026-10-08,2470.0,2470.0,2350.0,2370.0,5191.0,252500
2026-10-08,1425.0,1425.0,1371.0,1376.0,9817.0,085810
2026-10-08,2515.0,2515.0,2440.0,2465.0,1318.0,088290
2026-10-08,3320.0,3320.0,3235.0,3245.0,1062.0,065060
2026-10-08,1209.0,1240.0,1178.0,1211.0,28251.0,050760
2026-10-08,4260.0,4260.0,3675.0,3830.0,10483.0,038530
2026-10-08,1630.0,1630.0,1620.0,1622.0,7444.0,154030
2026-10-08,1573.0,1573.0,1475.0,1486.0,296535.0,023790
2026-10-08,0.0,0.0,0.0,1622.0,0.0,073190
2026-10-08,1035.0,1035.0,994.0,1029.0,136379.0,048830
2026-10-08,994.0,1000.0,971.0,992.0,46256.0,227610
2026-10-08,0.0,0.0,0.0,2290.0,0.0,214610
2026-10-08,1289.0,1300.0,1261.0,1298.0,52901.0,455180
2026-10-08,3840.0,4350.0,3620.0,3700.0,1274756.0,224060
2026-10-08,1345.0,1349.0,1276.0,1276.0,9630.0,056730
2026-10-08,2065.0,2075.0,1995.0,2025.0,6080.0,403490
2026-10-08,0.0,0.0,0.0,6930.0,0.0,031860
2026-10-08,1533.0,1584.0,1520.0,1550.0,15372.0,014100
2026-10-08,2310.0,2450.0,2260.0,2350.0,80863.0,026910
2026-10-08,2370.0,2480.0,2370.0,2445.0,13040.0,051780
2026-10-08,4910.0,5010.0,4750.0,4845.0,2806.0,084440
2026-10-08,2035.0,2140.0,2010.0,2025.0,14151.0,110020
2026-10-08,2610.0,2715.0,2610.0,2665.0,9473.0,018620
2026-10-08,2560.0,2560.0,2465.0,2500.0,53247.0,365900
2026-10-08,3360.0,3720.0,3360.0,3480.0,40519.0,037400
2026-10-08,2915.0,2995.0,2895.0,2970.0,7361.0,078860
2026-10-08,1031.0,1060.0,1026.0,1050.0,52615.0,373110
2026-10-08,1265.0,1275.0,1261.0,1263.0,24368.0,196700
2026-10-08,1852.0,1975.0,1822.0,1834.0,17088.0,137940
2026-10-08,1100.0,1121.0,1094.0,1103.0,11466.0,195990
2026-10-08,3780.0,3837.0,3780.0,3830.0,1009.0,279600
2026-10-08,900.0,937.0,865.0,929.0,13698.0,309930
2026-10-08,1836.0,1955.0,1755.0,1900.0,289570.0,306040
2026-10-08,1993.0,2195.0,1993.0,2175.0,111210.0,009730
2026-10-08,1917.0,1920.0,1907.0,1917.0,51116.0,0197V0
2026-10-08,2840.0,2995.0,2840.0,2885.0,3921.0,419540
2026-10-08,0.0,0.0,0.0,2055.0,0.0,482680
2026-10-08,2075.0,2080.0,2070.0,2080.0,14601.0,477380
2026-10-08,0.0,0.0,0.0,6040.0,0.0,241820
2026-10-08,1463.0,1553.0,1463.0,1521.0,21156.0,065650
2026-10-08,1910.0,1917.0,1903.0,1909.0,175824.0,0200G0
2026-10-08,0.0,0.0,0.0,696.0,0.0,050090
2026-10-08,3045.0,3230.0,2960.0,3205.0,74387.0,225590
2026-10-08,4635.0,4815.0,4585.0,4615.0,13637.0,009620
2026-10-08,3780.0,3865.0,3710.0,3795.0,98793.0,469480
2026-10-08,1515.0,1601.0,1462.0,1544.0,37648.0,376930
2026-10-08,2745.0,2745.0,2530.0,2570.0,57358.0,034940
2026-10-08,2740.0,2845.0,2625.0,2745.0,83952.0,475460
2026-10-08,1988.0,1988.0,1978.0,1980.0,6577.0,0072Z0
2026-10-08,2065.0,2070.0,2065.0,2065.0,1053.0,477340
2026-10-08,4265.0,4350.0,4015.0,4290.0,6683.0,285800
2026-10-08,1972.0,1987.0,1972.0,1986.0,749.0,0101C0
2026-10-08,1995.0,1999.0,1990.0,1990.0,1775.0,0130H0
2026-10-08,0.0,0.0,0.0,973.0,0.0,030350
2026-10-08,1998.0,1999.0,1984.0,1988.0,8953.0,0044K0
2026-10-08,2105.0,2110.0,2105.0,2105.0,277826.0,473050
2026-10-08,1996.0,1999.0,1996.0,1998.0,2116.0,0115H0
2026-10-08,0.0,0.0,0.0,2200.0,0.0,489480
2026-10-08,2065.0,2070.0,2060.0,2060.0,7661.0,478440
2026-10-08,2070.0,2070.0,2060.0,2070.0,7840.0,479880
2026-10-08,1542.0,1574.0,1409.0,1480.0,59598.0,101000
2026-10-08,531.0,537.0,455.0,475.0,2236434.0,418620
2026-10-08,1939.0,1943.0,1936.0,1940.0,5283.0,0165X0
2026-10-08,1982.0,1990.0,1982.0,1989.0,67.0,0099W0
2026-10-08,2500.0,2505.0,2375.0,2390.0,17971.0,054410
2026-10-08,1905.0,1907.0,1900.0,1905.0,159314.0,0209J0
2026-10-08,0.0,0.0,0.0,561.0,0.0,304840
2026-10-08,0.0,0.0,0.0,5250.0,0.0,352770
2026-10-08,2790.0,2795.0,2725.0,2740.0,119271.0,498390
2026-10-08,0.0,0.0,0.0,1651.0,0.0,244460
2026-10-08,1985.0,1989.0,1984.0,1989.0,44623.0,0134X0
2026-10-08,1350.0,1360.0,1331.0,1343.0,22035.0,177350
2026-10-08,1953.0,1955.0,1951.0,1954.0,34470.0,0164H0
2026-10-08,2065.0,2075.0,2060.0,2075.0,17074.0,481890
2026-10-08,1989.0,1998.0,1980.0,1998.0,15009.0,0096B0
2026-10-08,3920.0,3920.0,3705.0,3855.0,3017.0,335870
2026-10-08,2205.0,2220.0,2170.0,2170.0,93431.0,0099X0
2026-10-08,1991.0,1991.0,1979.0,1990.0,23.0,0097F0
2026-10-08,2035.0,2050.0,2035.0,2042.0,812.0,489730
2026-10-08,2065.0,2070.0,2065.0,2065.0,5955.0,478390
2026-10-08,1108.0,1330.0,1005.0,1151.0,389044.0,060480
2026-10-08,708.0,900.0,708.0,795.0,2004090.0,354200
2026-10-08,1988.0,1995.0,1988.0,1994.0,223.0,0093G0
2026-10-08,0.0,0.0,0.0,2295.0,0.0,054180
2026-10-08,2480.0,2480.0,2260.0,2345.0,10224.0,239340
2026-10-08,2035.0,2035.0,2030.0,2030.0,3581.0,492220
2026-10-08,0.0,0.0,0.0,2065.0,0.0,482520
2026-10-08,1995.0,1998.0,1984.0,1987.0,30785.0,0037T0
2026-10-08,0.0,0.0,0.0,5170.0,0.0,028080
2026-10-08,2040.0,2050.0,2040.0,2050.0,213.0,0091W0
2026-10-08,1963.0,1972.0,1963.0,1969.0,9436.0,0131D0
2026-10-08,2000.0,2000.0,1994.0,1996.0,14181.0,0054V0
2026-10-08,0.0,0.0,0.0,764.0,0.0,065570
2026-10-08,2070.0,2075.0,2067.0,2075.0,5051.0,477760
2026-10-08,2000.0,2005.0,1999.0,2000.0,12514.0,0041L0
2026-10-08,951.0,1145.0,895.0,1145.0,841965.0,065770
2026-10-08,2075.0,2075.0,2055.0,2070.0,2341.0,0088D0
2026-10-08,1060.0,1060.0,860.0,900.0,724084.0,060260
2026-10-08,1996.0,1998.0,1995.0,1996.0,9688.0,0132G0
2026-10-08,1541.0,1688.0,1541.0,1635.0,65954.0,103230
2026-10-08,2100.0,2100.0,2100.0,2100.0,82104.0,469900
2026-10-08,620.0,640.0,603.0,627.0,264576.0,035620
2026-10-08,2085.0,2085.0,2080.0,2085.0,2128.0,482690
2026-10-08,2090.0,2095.0,2085.0,2095.0,94099.0,474660
2026-10-08,1997.0,2010.0,1997.0,2007.0,14482.0,0071M0
2026-10-08,2080.0,2092.0,2080.0,2090.0,5972.0,474490
2026-10-08,2030.0,2035.0,2030.0,2030.0,6060.0,487360
2026-10-08,768.0,972.0,768.0,824.0,547197.0,289010
2026-10-08,2070.0,2075.0,2060.0,2075.0,9433.0,477470
2026-10-08,1999.0,1999.0,1999.0,1999.0,60.0,0105P0
2026-10-08,1805.0,1885.0,1706.0,1728.0,106050.0,060900
2026-10-08,2010.0,2010.0,2000.0,2005.0,740.0,496070
2026-10-08,1308.0,1369.0,1258.0,1300.0,102844.0,131760
2026-10-08,1979.0,1984.0,1974.0,1979.0,5239.0,0129K0
2026-10-08,485.0,574.0,485.0,533.0,1627201.0,142760
2026-10-08,1998.0,1998.0,1992.0,1992.0,5.0,0096D0
2026-10-08,2055.0,2060.0,2050.0,2055.0,1031.0,486630
2026-10-08,1746.0,2245.0,1746.0,2245.0,644713.0,001000
2026-10-08,2010.0,2010.0,2000.0,2005.0,20016.0,0098T0
2026-10-08,1950.0,1986.0,1870.0,1889.0,29335.0,377220
2026-10-08,2025.0,2025.0,2020.0,2025.0,5725.0,493790
2026-10-08,386.0,486.0,379.0,486.0,2791429.0,012340
2026-10-08,2050.0,2055.0,2050.0,2055.0,5196.0,489210
2026-10-08,2000.0,2020.0,2000.0,2000.0,608.0,0004Y0
2026-10-08,1115.0,1199.0,1100.0,1169.0,51797.0,303030
2026-10-08,1961.0,1979.0,1960.0,1968.0,1840.0,0130D0
2026-10-08,0.0,0.0,0.0,520.0,0.0,043100
2026-10-08,2770.0,3335.0,2770.0,2965.0,102224.0,006050
2026-10-08,2055.0,2065.0,2055.0,2060.0,1505.0,478110
2026-10-08,2015.0,2020.0,2000.0,2015.0,12383.0,466690
2026-10-08,2010.0,2020.0,2000.0,2020.0,17640.0,0041B0
2026-10-08,0.0,0.0,0.0,538.0,0.0,305090
2026-10-08,665.0,776.0,649.0,718.0,380845.0,208640
2026-10-08,1000.0,1170.0,1000.0,1170.0,542897.0,240600
2026-10-08,2040.0,2050.0,2040.0,2050.0,4266.0,488060
2026-10-08,211.0,263.0,210.0,263.0,3216586.0,288980
2026-10-08,0.0,0.0,0.0,1650.0,0.0,106080
2026-10-08,2040.0,2045.0,2040.0,2040.0,18750.0,484130
2026-10-08,2055.0,2065.0,2055.0,2062.0,1860.0,473950
2026-10-08,2135.0,2135.0,2105.0,2110.0,878.0,487720
2026-10-08,2045.0,2045.0,2035.0,2040.0,5233.0,487830
2026-10-08,0.0,0.0,0.0,2080.0,0.0,468760
2026-10-08,2105.0,2110.0,2105.0,2105.0,32647.0,472230
2026-10-08,0.0,0.0,0.0,1031.0,0.0,067770
2026-10-08,1992.0,2005.0,1992.0,1999.0,4770.0,0068Y0
2026-10-08,302.0,326.0,302.0,326.0,1134555.0,308100
2026-10-08,1993.0,1998.0,1987.0,1997.0,10753.0,0041J0
2026-10-08,5860.0,5860.0,5800.0,5860.0,109.0,03481K
2026-10-08,0.0,0.0,0.0,247.0,0.0,087260
2026-10-08,2090.0,2095.0,2090.0,2090.0,12.0,475250
2026-10-08,1160.0,1160.0,1160.0,1160.0,13656.0,250930
2026-10-08,0.0,0.0,0.0,596.0,0.0,079970
2026-10-08,2100.0,2100.0,2090.0,2100.0,2324.0,474930
2026-10-08,0.0,0.0,0.0,940.0,0.0,065420
2026-10-08,0.0,0.0,0.0,327.0,0.0,276040
2026-10-08,2080.0,2085.0,2080.0,2082.0,46.0,473000
2026-10-08,2095.0,2095.0,2090.0,2092.0,5187.0,475240
2026-10-08,0.0,0.0,0.0,1096.0,0.0,900100
2026-10-08,0.0,0.0,0.0,409.0,0.0,291810
2026-10-08,0.0,0.0,0.0,205.0,0.0,044180
2026-10-08,0.0,0.0,0.0,468.0,0.0,313760
2026-10-08,0.0,0.0,0.0,312.0,0.0,052770
2026-10-08,0.0,0.0,0.0,698.0,0.0,225430
2026-10-08,903.0,903.0,903.0,903.0,75323.0,199730
2026-10-08,0.0,0.0,0.0,1059.0,0.0,025870
2026-10-08,559.0,559.0,559.0,559.0,445892.0,011080
2026-10-08,0.0,0.0,0.0,599.0,0.0,058450
2026-10-08,0.0,0.0,0.0,384.0,0.0,035290
2026-10-08,2000.0,2000.0,1957.0,1957.0,1640.0,021045
2026-10-08,0.0,0.0,0.0,37.0,0.0,312610
2026-10-08,6500.0,7810.0,6330.0,6330.0,8498.0,032685
