date,open,high,low,close,volume,code
2026-10-01,266500.0,275500.0,264500.0,275500.0,11427751.0,005930
2026-10-01,1762000.0,1832000.0,1749000.0,1826000.0,1808969.0,000660
2026-10-01,195000.0,205000.0,193300.0,204000.0,2295559.0,005935
2026-10-01,1116000.0,1160000.0,1095000.0,1147000.0,408974.0,402340
2026-10-01,1495000.0,1563000.0,1462000.0,1552000.0,561066.0,009150
2026-10-01,355000.0,362000.0,352000.0,361000.0,124460.0,373220
2026-10-01,348500.0,349000.0,343500.0,347000.0,282443.0,005380
2026-10-01,1390000.0,1441000.0,1389000.0,1434000.0,44163.0,207940
2026-10-01,167100.0,169300.0,165700.0,166000.0,919844.0,105560
2026-10-01,279500.0,283500.0,276500.0,283000.0,144576.0,032830
2026-10-01,339000.0,346500.0,336500.0,345000.0,173299.0,028260
2026-10-01,1027000.0,1043000.0,1009000.0,1034000.0,66557.0,012450
2026-10-01,84000.0,84000.0,81300.0,82200.0,1900453.0,034020
2026-10-01,103500.0,106300.0,103200.0,103700.0,872121.0,055550
2026-10-01,434000.0,435500.0,426000.0,429000.0,108316.0,329180
2026-10-01,112400.0,114700.0,112300.0,112800.0,524584.0,000270
2026-10-01,179100.0,184200.0,178200.0,184100.0,365418.0,068270
2026-10-01,590000.0,591000.0,569000.0,580000.0,65770.0,034730
2026-10-01,510000.0,518000.0,503000.0,516000.0,156743.0,006400
2026-10-01,130600.0,130900.0,128200.0,128200.0,422643.0,086790
2026-10-01,211000.0,212000.0,205000.0,211000.0,345505.0,066570
2026-10-01,382500.0,391000.0,371500.0,381000.0,418498.0,012330
2026-10-01,202500.0,205500.0,198700.0,205500.0,275226.0,010120
2026-10-01,193700.0,193700.0,191100.0,191200.0,513669.0,035420
2026-10-01,636000.0,636000.0,617000.0,625000.0,26862.0,000810
2026-10-01,2755000.0,2801000.0,2705000.0,2799000.0,30792.0,298040
2026-10-01,256500.0,269500.0,254000.0,266500.0,522732.0,042700
2026-10-01,33450.0,33500.0,32250.0,33300.0,3691831.0,316140
2026-10-01,308500.0,311500.0,304000.0,306500.0,134530.0,005490
2026-10-01,656000.0,670000.0,643000.0,668000.0,115282.0,267260
2026-10-01,78800.0,79100.0,77000.0,78500.0,497828.0,042660
2026-10-01,148900.0,149900.0,137800.0,139200.0,896637.0,096770
2026-10-01,325500.0,328500.0,318500.0,324500.0,85873.0,009540
2026-10-01,1390000.0,1412000.0,1368000.0,1376000.0,55492.0,000150
2026-10-01,1075000.0,1075000.0,1052000.0,1062000.0,8818.0,010130
2026-10-01,127100.0,128300.0,125100.0,126700.0,99135.0,138040
2026-10-01,20900.0,21300.0,20800.0,21100.0,651335.0,011200
2026-10-01,30150.0,30350.0,29950.0,30100.0,558735.0,015760
2026-10-01,85500.0,86200.0,84700.0,86000.0,440472.0,017670
2026-10-01,250000.0,259000.0,248500.0,256000.0,125611.0,051910
2026-10-01,176600.0,178000.0,174000.0,174000.0,129321.0,033780
2026-10-01,19720.0,19810.0,19350.0,19710.0,1594362.0,010140
2026-10-01,30750.0,31900.0,30300.0,31850.0,625756.0,006800
2026-10-01,218500.0,223000.0,216500.0,221500.0,85730.0,018260
2026-10-01,161800.0,162000.0,147200.0,149400.0,330097.0,010950
2026-10-01,109800.0,110700.0,108300.0,109000.0,91045.0,003550
2026-10-01,178500.0,183300.0,177000.0,182800.0,149386.0,003670
2026-10-01,20200.0,20200.0,20000.0,20100.0,639633.0,024110
2026-10-01,692000.0,728500.0,684000.0,723000.0,75057.0,079550
2026-10-01,201000.0,202500.0,196800.0,197500.0,132902.0,267250
2026-10-01,33600.0,33750.0,33200.0,33450.0,578411.0,035720
2026-10-01,199500.0,201500.0,196500.0,197400.0,91534.0,086280
2026-10-01,75000.0,79500.0,72800.0,78000.0,676176.0,272210
2026-10-01,557000.0,585000.0,547000.0,583000.0,156011.0,011070
2026-10-01,367500.0,370000.0,357500.0,365500.0,131726.0,278470
2026-10-01,52300.0,52300.0,51500.0,51700.0,146591.0,030200
2026-10-01,122100.0,123500.0,113800.0,116600.0,483645.0,000720
2026-10-01,127200.0,127800.0,125400.0,126900.0,112817.0,047810
2026-10-01,111600.0,113100.0,110100.0,112300.0,306079.0,064350
2026-10-01,185200.0,185400.0,180500.0,182600.0,116942.0,005830
2026-10-01,31950.0,31950.0,30900.0,31350.0,1493344.0,003490
2026-10-01,238500.0,240500.0,229500.0,236500.0,45051.0,443060
2026-10-01,376500.0,378000.0,367500.0,377000.0,45187.0,307950
2026-10-01,178200.0,179500.0,174600.0,178500.0,92220.0,071050
2026-10-01,57700.0,57700.0,54750.0,55500.0,597016.0,047050
2026-10-01,26150.0,26500.0,26000.0,26450.0,304148.0,005940
2026-10-01,311500.0,318500.0,306000.0,318000.0,58007.0,000500
2026-10-01,107200.0,107400.0,101100.0,101400.0,318444.0,078930
2026-10-01,19880.0,19880.0,19720.0,19770.0,403507.0,323410
2026-10-01,48100.0,48850.0,46700.0,47300.0,889182.0,028050
2026-10-01,348000.0,378000.0,345000.0,372500.0,88461.0,0126Z0
2026-10-01,307000.0,307000.0,293000.0,296500.0,160618.0,006260
2026-10-01,1216000.0,1234000.0,1205000.0,1224000.0,23171.0,003230
2026-10-01,196000.0,203000.0,195500.0,198200.0,65681.0,259960
2026-10-01,115300.0,122800.0,113400.0,122400.0,758357.0,007660
2026-10-01,133500.0,134800.0,131100.0,132500.0,31106.0,180640
2026-10-01,89000.0,90400.0,87200.0,90100.0,163480.0,016360
2026-10-01,137100.0,139300.0,135300.0,135700.0,109544.0,090430
2026-10-01,33200.0,34700.0,32500.0,34250.0,3273884.0,009830
2026-10-01,131300.0,151400.0,129800.0,151000.0,1568818.0,353200
2026-10-01,18200.0,18200.0,17440.0,17730.0,4355709.0,047040
2026-10-01,59600.0,59600.0,58000.0,58400.0,173774.0,161390
2026-10-01,99600.0,100100.0,98200.0,99000.0,72017.0,021240
2026-10-01,253000.0,264500.0,245000.0,262500.0,92120.0,039490
2026-10-01,69000.0,70400.0,68300.0,70300.0,306945.0,064400
2026-10-01,156800.0,157500.0,153700.0,154600.0,171730.0,352820
2026-10-01,126200.0,126400.0,123000.0,124100.0,35183.0,000880
2026-10-01,208500.0,213500.0,203000.0,213500.0,180180.0,062040
2026-10-01,498000.0,526000.0,493500.0,500000.0,76356.0,128940
2026-10-01,137800.0,142400.0,137500.0,142200.0,407209.0,000990
2026-10-01,14580.0,14590.0,14410.0,14490.0,465221.0,032640
2026-10-01,176200.0,177500.0,175200.0,175600.0,61075.0,005387
2026-10-01,74400.0,76700.0,74200.0,76400.0,89611.0,326030
2026-10-01,29650.0,30150.0,28800.0,30100.0,1340721.0,001440
2026-10-01,125000.0,125000.0,118100.0,118400.0,377617.0,267270
2026-10-01,72900.0,75500.0,72400.0,74700.0,135597.0,000100
2026-10-01,39550.0,40050.0,39300.0,40000.0,76452.0,377300
2026-10-01,29050.0,29050.0,28150.0,28300.0,343068.0,175330
2026-10-01,55100.0,55400.0,54200.0,54500.0,171349.0,241560
2026-10-01,97400.0,106300.0,95500.0,105500.0,416715.0,011790
2026-10-01,226500.0,236500.0,223500.0,230000.0,235179.0,036570
2026-10-01,42400.0,42400.0,41550.0,41700.0,61705.0,029780
2026-10-01,15980.0,15980.0,15550.0,15790.0,403959.0,138930
2026-10-01,129000.0,129000.0,124300.0,126100.0,262007.0,052690
2026-10-01,9790.0,9805.0,9740.0,9770.0,461543.0,088980
2026-10-01,68700.0,71500.0,68000.0,71400.0,261802.0,454910
2026-10-01,111500.0,113700.0,109700.0,113100.0,211420.0,066970
2026-10-01,5350.0,5350.0,5220.0,5250.0,1585347.0,088350
2026-10-01,8330.0,8520.0,8230.0,8510.0,1795469.0,034220
2026-10-01,106900.0,107300.0,105600.0,105800.0,35683.0,271560
2026-10-01,219000.0,223500.0,214000.0,221000.0,121969.0,010060
2026-10-01,270500.0,277500.0,268000.0,272000.0,49341.0,051900
2026-10-01,31050.0,31050.0,29950.0,30300.0,513573.0,004020
2026-10-01,48600.0,49500.0,47850.0,48475.0,760630.0,082740
2026-10-01,469500.0,474500.0,465500.0,470500.0,7052.0,002380
2026-10-01,47750.0,48650.0,47100.0,47200.0,245888.0,001450
2026-10-01,175800.0,176500.0,173700.0,174700.0,27474.0,005385
2026-10-01,81600.0,82750.0,80100.0,82700.0,169877.0,103590
2026-10-01,134200.0,134300.0,130000.0,130700.0,58026.0,001040
2026-10-01,3505.0,3835.0,3460.0,3650.0,18542752.0,018880
2026-10-01,52500.0,54400.0,51800.0,52800.0,103162.0,008930
2026-10-01,146000.0,149400.0,144400.0,146000.0,173002.0,161890
2026-10-01,35200.0,35450.0,34800.0,34900.0,68188.0,036460
2026-10-01,83400.0,85700.0,82600.0,83200.0,33573.0,012750
2026-10-01,5780.0,6080.0,5720.0,5890.0,2807838.0,028670
2026-10-01,268000.0,278500.0,262500.0,277000.0,66897.0,192820
2026-10-01,335500.0,336000.0,323500.0,331500.0,38987.0,004170
2026-10-01,19930.0,20500.0,19910.0,20400.0,181865.0,022100
2026-10-01,69100.0,69500.0,68100.0,69000.0,19977.0,111770
2026-10-01,14230.0,14330.0,14220.0,14260.0,104365.0,035250
2026-10-01,256000.0,279000.0,255000.0,279000.0,85395.0,014680
2026-10-01,42450.0,42650.0,42000.0,42600.0,23542.0,031210
2026-10-01,78600.0,78900.0,75000.0,75800.0,310680.0,375500
2026-10-01,44450.0,44950.0,43350.0,44700.0,477190.0,336260
2026-10-01,48000.0,49900.0,47700.0,49700.0,124136.0,007340
2026-10-01,115900.0,116500.0,114500.0,115500.0,40590.0,011780
2026-10-01,18380.0,18510.0,18050.0,18320.0,337288.0,139130
2026-10-01,36400.0,37200.0,36150.0,36900.0,54684.0,302440
2026-10-01,34750.0,35650.0,34450.0,34850.0,175469.0,251270
2026-10-01,101300.0,102100.0,99200.0,100400.0,59635.0,023530
2026-10-01,73500.0,73500.0,71700.0,72000.0,102591.0,017800
2026-10-01,34450.0,34500.0,32200.0,32650.0,1346434.0,006360
2026-10-01,179300.0,179300.0,176700.0,177600.0,31368.0,097950
2026-10-01,69700.0,69900.0,68600.0,68700.0,35916.0,383220
2026-10-01,50000.0,52300.0,49650.0,52200.0,172298.0,489790
2026-10-01,18860.0,19720.0,18800.0,19430.0,60312.0,085620
2026-10-01,34700.0,36950.0,34350.0,36850.0,304259.0,450080
2026-10-01,158800.0,158800.0,153100.0,155800.0,5425.0,004800
2026-10-01,25350.0,26000.0,25250.0,25900.0,83171.0,026960
2026-10-01,60100.0,61800.0,59600.0,60500.0,101013.0,011170
2026-10-01,14720.0,14720.0,14250.0,14300.0,154489.0,003690
2026-10-01,43900.0,48250.0,43250.0,48250.0,280156.0,009420
2026-10-01,404000.0,410000.0,400000.0,401000.0,15534.0,004370
2026-10-01,50700.0,52600.0,50300.0,52500.0,110570.0,005850
2026-10-01,25200.0,25300.0,24800.0,25000.0,28322.0,000240
2026-10-01,23950.0,24100.0,23550.0,23700.0,58931.0,004990
2026-10-01,77700.0,78500.0,75100.0,77400.0,292063.0,457190
2026-10-01,12920.0,12960.0,12600.0,12620.0,270660.0,005440
2026-10-01,51000.0,54700.0,50100.0,54550.0,478715.0,112610
2026-10-01,185200.0,188000.0,182000.0,182600.0,55010.0,483650
2026-10-01,140000.0,140000.0,136200.0,138900.0,12158.0,001720
2026-10-01,41950.0,43300.0,41300.0,42900.0,138522.0,020150
2026-10-01,242000.0,242000.0,236500.0,240000.0,2944.0,018670
2026-10-01,129300.0,131100.0,127000.0,127400.0,26842.0,282330
2026-10-01,46100.0,47000.0,45400.0,46550.0,172675.0,204320
2026-10-01,5400.0,5420.0,5360.0,5390.0,136488.0,279570
2026-10-01,78300.0,78700.0,77000.0,77800.0,32943.0,103140
2026-10-01,18760.0,19120.0,18660.0,18790.0,344610.0,030000
2026-10-01,164000.0,164000.0,160900.0,161500.0,4971.0,009970
2026-10-01,37500.0,38000.0,37150.0,37300.0,63896.0,081660
2026-10-01,44500.0,45050.0,43500.0,44000.0,128483.0,051600
2026-10-01,6720.0,6900.0,6630.0,6860.0,638312.0,073240
2026-10-01,25650.0,26050.0,25500.0,25800.0,52751.0,002790
2026-10-01,71600.0,72000.0,70400.0,70800.0,60587.0,139480
2026-10-01,62100.0,63600.0,60600.0,63600.0,117644.0,229640
2026-10-01,89700.0,89700.0,87300.0,88500.0,36359.0,069960
2026-10-01,73200.0,79500.0,72600.0,78900.0,535777.0,007810
2026-10-01,471500.0,480000.0,465000.0,469000.0,7794.0,000155
2026-10-01,50400.0,52100.0,50300.0,51100.0,169806.0,089860
2026-10-01,22400.0,22550.0,21950.0,21950.0,93807.0,007070
2026-10-01,54500.0,57900.0,54200.0,56700.0,150125.0,181710
2026-10-01,30700.0,31300.0,30700.0,31150.0,16444.0,462870
2026-10-01,87800.0,92500.0,87600.0,92400.0,168198.0,281820
2026-10-01,45550.0,46000.0,44800.0,45900.0,16709.0,439260
2026-10-01,8490.0,8510.0,8270.0,8350.0,45456.0,020560
2026-10-01,45800.0,47500.0,44750.0,47250.0,180053.0,001430
2026-10-01,49400.0,49900.0,48550.0,49450.0,422528.0,475150
2026-10-01,37800.0,38700.0,37300.0,38550.0,24668.0,023590
2026-10-01,14880.0,15920.0,14390.0,15560.0,7918381.0,093370
2026-10-01,149500.0,163500.0,147300.0,159700.0,1151622.0,001820
2026-10-01,54600.0,55700.0,54400.0,54900.0,146899.0,120110
2026-10-01,43100.0,43300.0,41650.0,42400.0,111712.0,001120
2026-10-01,48550.0,48700.0,47400.0,48200.0,86523.0,071970
2026-10-01,70200.0,70200.0,69200.0,69600.0,34610.0,000120
2026-10-01,5240.0,5290.0,5180.0,5220.0,132265.0,395400
2026-10-01,35650.0,35650.0,35100.0,35150.0,16064.0,006040
2026-10-01,523000.0,528000.0,484500.0,526000.0,16613.0,009155
2026-10-01,39250.0,39350.0,38700.0,39050.0,206579.0,008770
2026-10-01,124400.0,129600.0,123400.0,129100.0,30216.0,006280
2026-10-01,23400.0,23500.0,22400.0,22500.0,96168.0,294870
2026-10-01,42800.0,44600.0,42700.0,44500.0,89326.0,005070
2026-10-01,25400.0,25900.0,24600.0,24650.0,52458.0,012630
2026-10-01,126700.0,132000.0,123000.0,131400.0,157422.0,322000
2026-10-01,52800.0,53600.0,52100.0,52600.0,50334.0,011210
2026-10-01,23400.0,23550.0,22850.0,22950.0,59082.0,001800
2026-10-01,14670.0,15050.0,14520.0,15010.0,128296.0,097230
2026-10-01,17440.0,17460.0,16050.0,16240.0,401886.0,361610
2026-10-01,10170.0,10270.0,9900.0,10240.0,267750.0,00680K
2026-10-01,6210.0,6450.0,6170.0,6440.0,633416.0,001740
2026-10-01,107300.0,110300.0,106000.0,109400.0,19374.0,069620
2026-10-01,72600.0,73500.0,71700.0,73500.0,19278.0,066575
2026-10-01,318000.0,318500.0,311500.0,313000.0,1774.0,007310
2026-10-01,58400.0,58500.0,57600.0,58000.0,19981.0,192080
2026-10-01,10030.0,10090.0,9950.0,10010.0,88540.0,415640
2026-10-01,25400.0,25450.0,25050.0,25350.0,19963.0,003540
2026-10-01,4100.0,4150.0,4070.0,4135.0,124127.0,330590
2026-10-01,278500.0,281000.0,273000.0,274000.0,18999.0,298020
2026-10-01,16230.0,16250.0,16030.0,16050.0,30176.0,300720
2026-10-01,399000.0,399500.0,390500.0,390500.0,7825.0,000815
2026-10-01,66000.0,66400.0,64300.0,66100.0,40698.0,006120
2026-10-01,36800.0,41900.0,36750.0,40450.0,2246146.0,003160
2026-10-01,9910.0,10000.0,9800.0,9950.0,13690.0,030610
2026-10-01,61400.0,66700.0,60800.0,66600.0,137863.0,195870
2026-10-01,123400.0,123600.0,121100.0,121500.0,7538.0,280360
2026-10-01,43100.0,43450.0,42450.0,42600.0,29969.0,004000
2026-10-01,20350.0,20350.0,19960.0,20200.0,92012.0,017960
2026-10-01,14910.0,14980.0,14760.0,14780.0,57365.0,000080
2026-10-01,12980.0,13150.0,12710.0,13150.0,828709.0,006340
2026-10-01,50100.0,50100.0,48550.0,48700.0,29061.0,000210
2026-10-01,30750.0,31550.0,30100.0,30550.0,75288.0,003570
2026-10-01,919000.0,920000.0,898000.0,901000.0,983.0,003240
2026-10-01,4550.0,4630.0,4400.0,4625.0,1152718.0,003530
2026-10-01,27100.0,27150.0,26800.0,27050.0,11529.0,192400
2026-10-01,5360.0,5440.0,5260.0,5290.0,70343.0,451800
2026-10-01,15930.0,16290.0,15920.0,16250.0,43422.0,030190
2026-10-01,11660.0,11790.0,11450.0,11690.0,205643.0,032350
2026-10-01,39500.0,39500.0,38650.0,38800.0,19601.0,009240
2026-10-01,60500.0,62100.0,58600.0,60450.0,100218.0,006110
2026-10-01,79400.0,79400.0,78100.0,78300.0,7471.0,071320
2026-10-01,15090.0,15630.0,15090.0,15510.0,93327.0,003090
2026-10-01,22300.0,22650.0,21750.0,22450.0,81601.0,077970
2026-10-01,61700.0,61900.0,60800.0,61500.0,18031.0,009450
2026-10-01,64700.0,65400.0,64100.0,64700.0,12938.0,185750
2026-10-01,112600.0,115000.0,112300.0,114500.0,3813.0,051915
2026-10-01,95500.0,95500.0,94300.0,94600.0,8981.0,005300
2026-10-01,51400.0,51800.0,50700.0,50800.0,22357.0,285130
2026-10-01,9390.0,9470.0,9250.0,9440.0,184510.0,034230
2026-10-01,59500.0,62000.0,59200.0,61800.0,51701.0,004490
2026-10-01,7340.0,7350.0,7170.0,7270.0,297810.0,000370
2026-10-01,4355.0,4400.0,4315.0,4370.0,124022.0,003470
2026-10-01,141900.0,143000.0,141200.0,142000.0,5601.0,071055
2026-10-01,5080.0,5120.0,4945.0,4960.0,380515.0,079160
2026-10-01,6130.0,6310.0,6080.0,6280.0,115507.0,137310
2026-10-01,3110.0,3210.0,3060.0,3085.0,142618.0,365550
2026-10-01,38550.0,38850.0,37900.0,38150.0,53069.0,499790
2026-10-01,12070.0,12660.0,12070.0,12560.0,649116.0,005690
2026-10-01,84900.0,86600.0,83100.0,85100.0,61272.0,005180
2026-10-01,11840.0,11990.0,11650.0,11970.0,294432.0,100090
2026-10-01,41000.0,41400.0,40000.0,40350.0,38445.0,000670
2026-10-01,46300.0,46750.0,45500.0,45600.0,11596.0,036530
2026-10-01,13400.0,15500.0,13060.0,15370.0,768609.0,248070
2026-10-01,8360.0,8520.0,8320.0,8510.0,44160.0,003850
2026-10-01,7720.0,7850.0,7650.0,7840.0,19559.0,094800
2026-10-01,18240.0,18400.0,18130.0,18180.0,44021.0,214320
2026-10-01,163500.0,163500.0,158700.0,161100.0,3751.0,298050
2026-10-01,37800.0,37900.0,35550.0,36450.0,146640.0,100840
2026-10-01,26450.0,26850.0,26350.0,26750.0,38901.0,064960
2026-10-01,48300.0,49000.0,47700.0,48650.0,35961.0,005090
2026-10-01,20300.0,20850.0,20100.0,20700.0,399755.0,090460
2026-10-01,22750.0,24050.0,22750.0,23350.0,71735.0,093050
2026-10-01,2050.0,2110.0,2045.0,2095.0,1014835.0,005880
2026-10-01,5620.0,5620.0,5540.0,5570.0,98663.0,293940
2026-10-01,524000.0,524000.0,513000.0,516000.0,479.0,002960
2026-10-01,42250.0,45200.0,42200.0,45000.0,37219.0,317450
2026-10-01,75100.0,75600.0,72300.0,73300.0,33116.0,456040
2026-10-01,2025.0,2120.0,2015.0,2105.0,490378.0,000400
2026-10-01,15800.0,15920.0,15630.0,15750.0,38955.0,069260
2026-10-01,92700.0,95800.0,92600.0,95400.0,12599.0,000640
2026-10-01,130300.0,130300.0,126400.0,127300.0,835.0,268280
2026-10-01,0.0,0.0,0.0,9900.0,0.0,001570
2026-10-01,10990.0,11970.0,10650.0,11930.0,1675959.0,004710
2026-10-01,26600.0,27100.0,26350.0,27050.0,22716.0,001060
2026-10-01,36500.0,38200.0,36300.0,38150.0,67833.0,108320
2026-10-01,21100.0,21300.0,20750.0,21150.0,16420.0,014820
2026-10-01,18100.0,18100.0,17700.0,17740.0,40768.0,001680
2026-10-01,8100.0,8100.0,8010.0,8040.0,33275.0,383800
2026-10-01,19380.0,19440.0,18700.0,18740.0,31279.0,453340
2026-10-01,138600.0,138600.0,133700.0,134600.0,1436.0,002840
2026-10-01,92000.0,93000.0,87200.0,87600.0,13475.0,017940
2026-10-01,7980.0,9250.0,7920.0,9080.0,3146607.0,192650
2026-10-01,26250.0,27650.0,25900.0,27550.0,55965.0,033240
2026-10-01,40000.0,40500.0,39850.0,40450.0,17975.0,079900
2026-10-01,88900.0,90200.0,87700.0,88600.0,15384.0,006650
2026-10-01,39400.0,39400.0,37800.0,38750.0,21389.0,00088K
2026-10-01,7900.0,8150.0,7860.0,8130.0,83770.0,336370
2026-10-01,19120.0,19420.0,18920.0,19400.0,32742.0,178920
2026-10-01,55500.0,56200.0,54700.0,56000.0,14403.0,025540
2026-10-01,9750.0,9970.0,9610.0,9960.0,62485.0,075580
2026-10-01,5820.0,6070.0,5600.0,5630.0,1278233.0,016380
2026-10-01,5630.0,5720.0,5590.0,5700.0,75226.0,002350
2026-10-01,9560.0,9590.0,9150.0,9530.0,844924.0,017900
2026-10-01,24000.0,24850.0,24000.0,24550.0,30877.0,284740
2026-10-01,130600.0,131900.0,126700.0,128400.0,5180.0,00104K
2026-10-01,17660.0,17830.0,17310.0,17500.0,8811.0,003300
2026-10-01,8830.0,8830.0,8580.0,8680.0,85157.0,114090
2026-10-01,2265.0,2325.0,2200.0,2315.0,1332363.0,001510
2026-10-01,25200.0,26000.0,25050.0,25800.0,16996.0,001530
2026-10-01,36650.0,37200.0,36500.0,36900.0,5659.0,005810
2026-10-01,50500.0,51400.0,49900.0,50800.0,2102.0,001270
2026-10-01,13450.0,13450.0,13300.0,13360.0,6295.0,007700
2026-10-01,129200.0,129900.0,127800.0,129600.0,173.0,058650
2026-10-01,1625.0,1670.0,1606.0,1629.0,465098.0,009410
2026-10-01,15000.0,16600.0,15000.0,16150.0,118022.0,008060
2026-10-01,2490.0,2520.0,2475.0,2520.0,175121.0,003620
2026-10-01,2905.0,2920.0,2605.0,2615.0,2322880.0,452260
2026-10-01,10120.0,10210.0,10040.0,10200.0,82583.0,161000
2026-10-01,44200.0,45500.0,43200.0,44900.0,37505.0,029460
2026-10-01,9000.0,9410.0,8960.0,9380.0,178760.0,019170
2026-10-01,11110.0,11780.0,9850.0,9910.0,3107771.0,460860
2026-10-01,20050.0,20100.0,19950.0,20000.0,23565.0,003545
2026-10-01,7800.0,7810.0,7690.0,7790.0,35617.0,001500
2026-10-01,4675.0,4720.0,4615.0,4655.0,28812.0,377740
2026-10-01,46000.0,46050.0,45100.0,45800.0,4415.0,145990
2026-10-01,17740.0,17930.0,17110.0,17160.0,65176.0,484870
2026-10-01,19170.0,19380.0,17240.0,17500.0,172282.0,002240
2026-10-01,5650.0,5830.0,5510.0,5570.0,1086423.0,0220W0
2026-10-01,30200.0,30250.0,29900.0,29950.0,13342.0,039130
2026-10-01,121000.0,121000.0,108100.0,111500.0,51726.0,003030
2026-10-01,13820.0,14620.0,13780.0,14540.0,201393.0,249420
2026-10-01,127800.0,129100.0,126300.0,126900.0,3707.0,004690
2026-10-01,21000.0,21800.0,21000.0,21200.0,111660.0,020000
2026-10-01,9510.0,9770.0,9500.0,9720.0,42709.0,005250
2026-10-01,4960.0,5030.0,4905.0,5010.0,36782.0,448730
2026-10-01,12260.0,12390.0,11960.0,12190.0,760632.0,002990
2026-10-01,8680.0,8680.0,8470.0,8530.0,181530.0,009900
2026-10-01,58200.0,58300.0,57300.0,57400.0,2339.0,000070
2026-10-01,65800.0,66700.0,65700.0,66700.0,427.0,004700
2026-10-01,14750.0,15300.0,14620.0,14920.0,51505.0,010780
2026-10-01,10300.0,10410.0,10230.0,10410.0,23304.0,016610
2026-10-01,1801.0,1832.0,1801.0,1828.0,1493522.0,003280
2026-10-01,41900.0,41900.0,40950.0,41150.0,10737.0,090435
2026-10-01,11760.0,12000.0,11710.0,11740.0,9409.0,034310
2026-10-01,197800.0,209500.0,195400.0,208500.0,1320.0,002030
2026-10-01,168400.0,168800.0,147800.0,149300.0,51810.0,306200
2026-10-01,22450.0,22450.0,22000.0,22375.0,29800.0,005945
2026-10-01,89500.0,89900.0,89000.0,89100.0,658.0,072710
2026-10-01,4050.0,4155.0,4020.0,4145.0,298717.0,003000
2026-10-01,60300.0,60600.0,59500.0,60300.0,6322.0,014830
2026-10-01,1852.0,2045.0,1852.0,2025.0,1701897.0,012030
2026-10-01,11180.0,11240.0,11090.0,11190.0,16533.0,271940
2026-10-01,10830.0,10830.0,10700.0,10710.0,1413.0,403550
2026-10-01,10410.0,10540.0,10170.0,10530.0,67584.0,005420
2026-10-01,173000.0,174100.0,172300.0,172900.0,2086.0,005389
2026-10-01,12500.0,12550.0,12160.0,12330.0,137034.0,130660
2026-10-01,4200.0,4225.0,4060.0,4070.0,89180.0,357120
2026-10-01,4060.0,4095.0,3955.0,4080.0,502284.0,001200
2026-10-01,21600.0,21600.0,21250.0,21400.0,6241.0,002810
2026-10-01,14600.0,14900.0,14600.0,14710.0,17400.0,015360
2026-10-01,17810.0,18860.0,17640.0,18750.0,306748.0,011930
2026-10-01,23750.0,23850.0,23550.0,23700.0,2032.0,344820
2026-10-01,96500.0,97800.0,94400.0,95600.0,1722.0,092230
2026-10-01,15080.0,16850.0,14870.0,16560.0,1625216.0,003350
2026-10-01,10480.0,10680.0,10480.0,10620.0,44359.0,031430
2026-10-01,3350.0,3405.0,3350.0,3385.0,50161.0,126560
2026-10-01,9470.0,9470.0,9110.0,9190.0,3737.0,016590
2026-10-01,38500.0,38500.0,37950.0,38100.0,2443.0,029530
2026-10-01,6030.0,6190.0,5940.0,6120.0,28308.0,950210
2026-10-01,4610.0,4700.0,4545.0,4545.0,124545.0,089590
2026-10-01,9840.0,10070.0,9400.0,9480.0,425439.0,317400
2026-10-01,14680.0,14850.0,14290.0,14760.0,66185.0,008730
2026-10-01,12530.0,12650.0,12500.0,12630.0,28784.0,194370
2026-10-01,15350.0,15820.0,13660.0,13980.0,1913070.0,002710
2026-10-01,15500.0,15560.0,13460.0,14080.0,1691491.0,092790
2026-10-01,10350.0,10380.0,10010.0,10100.0,37116.0,183190
2026-10-01,46450.0,49250.0,45850.0,49250.0,30323.0,0120G0
2026-10-01,9410.0,9600.0,9400.0,9580.0,38736.0,006220
2026-10-01,26150.0,26300.0,25100.0,25350.0,3115.0,001940
2026-10-01,3715.0,3730.0,3680.0,3700.0,55087.0,027410
2026-10-01,7070.0,7180.0,6990.0,7160.0,71159.0,015860
2026-10-01,40750.0,41900.0,40400.0,40750.0,5740.0,005610
2026-10-01,38000.0,38400.0,37500.0,37950.0,12062.0,007690
2026-10-01,10340.0,10390.0,9510.0,9530.0,124719.0,104700
2026-10-01,8620.0,8690.0,8580.0,8640.0,11489.0,105630
2026-10-01,13440.0,14380.0,13410.0,14240.0,476284.0,217590
2026-10-01,34650.0,35250.0,34450.0,35200.0,3050.0,170900
2026-10-01,38500.0,38500.0,38000.0,38300.0,7820.0,060980
2026-10-01,204000.0,209500.0,200500.0,207500.0,3249.0,006405
2026-10-01,19350.0,19770.0,19110.0,19340.0,47615.0,097520
2026-10-01,10120.0,10120.0,8840.0,9780.0,2570051.0,084010
2026-10-01,8640.0,8720.0,8600.0,8690.0,6511.0,017810
2026-10-01,24850.0,25250.0,24550.0,25100.0,23273.0,011760
2026-10-01,367000.0,370500.0,367000.0,370500.0,83.0,000157
2026-10-01,88200.0,88900.0,80000.0,81100.0,27430.0,010955
2026-10-01,224000.0,226000.0,220500.0,224000.0,1297.0,02826K
2026-10-01,6430.0,6600.0,6400.0,6580.0,145963.0,009290
2026-10-01,4935.0,4995.0,4865.0,4975.0,86500.0,009160
2026-10-01,4260.0,4360.0,4255.0,4355.0,39711.0,096760
2026-10-01,36900.0,37150.0,36500.0,37100.0,3967.0,145720
2026-10-01,9300.0,9370.0,9180.0,9300.0,6743.0,024720
2026-10-01,90100.0,102600.0,89800.0,100100.0,16821.0,005430
2026-10-01,2100.0,2130.0,2010.0,2035.0,412000.0,001230
2026-10-01,5960.0,6240.0,5880.0,6010.0,90324.0,005720
2026-10-01,6280.0,6460.0,6210.0,6410.0,313349.0,010820
2026-10-01,8210.0,8890.0,8210.0,8390.0,290160.0,020120
2026-10-01,23300.0,24050.0,22800.0,24050.0,24441.0,002020
2026-10-01,5990.0,6010.0,5890.0,5930.0,47554.0,272450
2026-10-01,7900.0,7960.0,7820.0,7840.0,17389.0,002310
2026-10-01,21500.0,21650.0,21150.0,21500.0,11152.0,126720
2026-10-01,7880.0,7930.0,7790.0,7880.0,27065.0,026890
2026-10-01,6320.0,6360.0,6230.0,6250.0,17450.0,381970
2026-10-01,6080.0,6080.0,5980.0,6030.0,121752.0,025860
2026-10-01,10950.0,11100.0,10910.0,11040.0,13985.0,200880
2026-10-01,2420.0,2435.0,2405.0,2430.0,74754.0,123890
2026-10-01,22300.0,23400.0,22050.0,22200.0,17071.0,003120
2026-10-01,33450.0,33500.0,32900.0,32950.0,6651.0,108670
2026-10-01,11220.0,11420.0,10920.0,11210.0,227666.0,005950
2026-10-01,11080.0,11260.0,11080.0,11150.0,14382.0,018250
2026-10-01,19200.0,19240.0,19070.0,19170.0,4112.0,001750
2026-10-01,4540.0,4685.0,4370.0,4635.0,71393.0,000430
2026-10-01,7850.0,7930.0,7780.0,7830.0,18419.0,084690
2026-10-01,1125.0,1125.0,1115.0,1120.0,102477.0,034830
2026-10-01,4250.0,4320.0,4140.0,4240.0,71267.0,001390
2026-10-01,17700.0,18220.0,17620.0,17690.0,12335.0,033270
2026-10-01,10770.0,11320.0,10640.0,11220.0,117899.0,078520
2026-10-01,12300.0,12380.0,12000.0,12320.0,16680.0,244920
2026-10-01,24350.0,24400.0,23800.0,24100.0,768.0,016800
2026-10-01,4960.0,4960.0,4495.0,4610.0,606948.0,058430
2026-10-01,13880.0,14040.0,13230.0,13640.0,328296.0,105840
2026-10-01,12510.0,12750.0,11810.0,12160.0,179681.0,044450
2026-10-01,8200.0,8280.0,8150.0,8170.0,31777.0,122900
2026-10-01,8320.0,8560.0,8320.0,8470.0,517769.0,004310
2026-10-01,54700.0,54700.0,53800.0,54100.0,4065.0,017390
2026-10-01,11260.0,11320.0,10990.0,11150.0,77967.0,004430
2026-10-01,6380.0,6420.0,6280.0,6400.0,173655.0,002900
2026-10-01,2590.0,2615.0,2585.0,2590.0,27667.0,091810
2026-10-01,7410.0,7560.0,7410.0,7540.0,115271.0,010690
2026-10-01,17350.0,17400.0,17170.0,17280.0,12576.0,286940
2026-10-01,34200.0,34200.0,33650.0,33900.0,12111.0,037710
2026-10-01,19040.0,19490.0,18800.0,19330.0,45040.0,005500
2026-10-01,2355.0,2440.0,2230.0,2270.0,513520.0,010580
2026-10-01,13260.0,13310.0,13080.0,13200.0,16431.0,004360
2026-10-01,3650.0,3660.0,3600.0,3615.0,31639.0,334890
2026-10-01,12550.0,12570.0,12380.0,12510.0,12160.0,005680
2026-10-01,27550.0,27550.0,26800.0,27050.0,4606.0,003960
2026-10-01,1511.0,1522.0,1504.0,1505.0,27892.0,298690
2026-10-01,1649.0,1649.0,1610.0,1624.0,184878.0,432320
2026-10-01,10600.0,10820.0,10540.0,10640.0,51770.0,003200
2026-10-01,2800.0,2840.0,2760.0,2785.0,99870.0,001790
2026-10-01,25100.0,25500.0,24300.0,25000.0,17814.0,044820
2026-10-01,3900.0,3975.0,3880.0,3890.0,16892.0,404990
2026-10-01,42100.0,42750.0,41300.0,42100.0,4335.0,003920
2026-10-01,10030.0,10100.0,9960.0,10000.0,15940.0,136490
2026-10-01,15290.0,15440.0,15150.0,15220.0,24291.0,002320
2026-10-01,47150.0,47350.0,46700.0,46950.0,840.0,007160
2026-10-01,21300.0,21650.0,20800.0,21300.0,87613.0,053690
2026-10-01,57500.0,57500.0,55800.0,56400.0,4353.0,025000
2026-10-01,3810.0,3870.0,3810.0,3845.0,17438.0,030210
2026-10-01,2940.0,2970.0,2920.0,2970.0,45952.0,000680
2026-10-01,0.0,0.0,0.0,1182.0,0.0,348950
2026-10-01,9340.0,9340.0,9030.0,9150.0,6988.0,003070
2026-10-01,20100.0,20100.0,19800.0,20050.0,7065.0,008490
2026-10-01,2845.0,3085.0,2800.0,2810.0,998578.0,001250
2026-10-01,10050.0,10850.0,9900.0,10720.0,413861.0,077500
2026-10-01,10450.0,10770.0,10340.0,10640.0,14386.0,226320
2026-10-01,5060.0,5170.0,5030.0,5140.0,98564.0,001340
2026-10-01,1205.0,1219.0,1189.0,1192.0,200675.0,900140
2026-10-01,8100.0,8440.0,7800.0,8290.0,573516.0,025560
2026-10-01,3750.0,3980.0,3710.0,3825.0,13578.0,0030R0
2026-10-01,0.0,0.0,0.0,5820.0,0.0,001470
2026-10-01,4460.0,4460.0,3945.0,4025.0,1611222.0,005010
2026-10-01,14400.0,14590.0,14010.0,14380.0,96926.0,011500
2026-10-01,10180.0,10180.0,10050.0,10150.0,1849.0,134380
2026-10-01,19820.0,19900.0,19200.0,19780.0,15387.0,028100
2026-10-01,35300.0,36450.0,35300.0,35450.0,746.0,001460
2026-10-01,5440.0,5720.0,5370.0,5670.0,168723.0,092200
2026-10-01,6280.0,6450.0,6190.0,6440.0,101407.0,003720
2026-10-01,10190.0,10190.0,10020.0,10030.0,12575.0,009680
2026-10-01,12480.0,12580.0,12170.0,12370.0,46359.0,017860
2026-10-01,7450.0,7600.0,7440.0,7550.0,55857.0,000490
2026-10-01,11670.0,11860.0,11610.0,11650.0,4676.0,034120
2026-10-01,7900.0,7930.0,7800.0,7910.0,7287.0,000050
2026-10-01,128800.0,128800.0,123100.0,124100.0,1498.0,003650
2026-10-01,3400.0,3425.0,3325.0,3350.0,17058.0,000540
2026-10-01,15230.0,15480.0,15070.0,15340.0,57876.0,035510
2026-10-01,14340.0,14350.0,14190.0,14290.0,8297.0,475560
2026-10-01,7460.0,7460.0,7350.0,7370.0,5716.0,033920
2026-10-01,372000.0,372500.0,366000.0,370500.0,1083.0,03473K
2026-10-01,15770.0,15810.0,15370.0,15560.0,3282.0,000320
2026-10-01,10570.0,10570.0,10320.0,10410.0,14114.0,035150
2026-10-01,3280.0,3280.0,3195.0,3205.0,100310.0,088260
2026-10-01,141700.0,142400.0,140700.0,141800.0,480.0,000650
2026-10-01,53900.0,54400.0,52800.0,53300.0,11131.0,298000
2026-10-01,67400.0,67500.0,66700.0,67000.0,2533.0,003555
2026-10-01,8260.0,8290.0,8160.0,8210.0,14538.0,004980
2026-10-01,4330.0,4330.0,4255.0,4270.0,14227.0,000480
2026-10-01,3100.0,3100.0,3055.0,3065.0,19368.0,100250
2026-10-01,3070.0,3095.0,3055.0,3075.0,88023.0,037270
2026-10-01,93500.0,94500.0,92000.0,93300.0,2074.0,051905
2026-10-01,7000.0,7090.0,7000.0,7020.0,47760.0,117580
2026-10-01,1035.0,1057.0,1022.0,1054.0,253022.0,003520
2026-10-01,3820.0,3865.0,3805.0,3855.0,34603.0,339770
2026-10-01,7050.0,7090.0,6800.0,7080.0,63924.0,000390
2026-10-01,7520.0,7520.0,7350.0,7410.0,14677.0,039570
2026-10-01,4300.0,4300.0,4230.0,4240.0,37311.0,095570
2026-10-01,21700.0,21950.0,21350.0,21500.0,39683.0,013580
2026-10-01,4030.0,4035.0,3970.0,4005.0,54491.0,053210
2026-10-01,53300.0,53300.0,49750.0,50100.0,6053.0,487570
2026-10-01,10050.0,10190.0,9950.0,10140.0,26071.0,102460
2026-10-01,6070.0,6130.0,6000.0,6040.0,14117.0,002420
2026-10-01,8250.0,8340.0,8130.0,8200.0,23051.0,005960
2026-10-01,3660.0,3735.0,3660.0,3710.0,74250.0,102260
2026-10-01,37400.0,37500.0,37150.0,37300.0,1403.0,001630
2026-10-01,12860.0,13000.0,12200.0,12390.0,30595.0,004560
2026-10-01,10050.0,10050.0,9970.0,10030.0,9458.0,016580
2026-10-01,11000.0,11080.0,10940.0,11030.0,5447.0,001130
2026-10-01,4095.0,4115.0,4040.0,4115.0,41227.0,128820
2026-10-01,19370.0,19370.0,19130.0,19170.0,7938.0,003547
2026-10-01,6820.0,6820.0,6680.0,6780.0,27912.0,033530
2026-10-01,7890.0,7890.0,7820.0,7850.0,977.0,000140
2026-10-01,7720.0,7900.0,7620.0,7690.0,18818.0,007860
2026-10-01,26150.0,27250.0,25800.0,27125.0,44781.0,009470
2026-10-01,8090.0,8340.0,8030.0,8210.0,54592.0,000520
2026-10-01,5530.0,5530.0,5440.0,5520.0,9399.0,003610
2026-10-01,9040.0,9040.0,8990.0,9030.0,6814.0,002100
2026-10-01,2020.0,2020.0,1972.0,1993.0,134713.0,377190
2026-10-01,7710.0,7850.0,7690.0,7820.0,17253.0,003220
2026-10-01,6450.0,6500.0,6360.0,6450.0,32044.0,015230
2026-10-01,11000.0,11070.0,10980.0,11030.0,11436.0,234080
2026-10-01,0.0,0.0,0.0,4200.0,0.0,000300
2026-10-01,6650.0,6700.0,6620.0,6650.0,14028.0,000700
2026-10-01,4350.0,4350.0,4300.0,4305.0,14981.0,016450
2026-10-01,7280.0,7280.0,7210.0,7230.0,10204.0,213500
2026-10-01,9900.0,9900.0,9670.0,9870.0,1839.0,014710
2026-10-01,2985.0,2990.0,2965.0,2985.0,7639.0,003460
2026-10-01,5070.0,5070.0,4925.0,4990.0,56621.0,002150
2026-10-01,2675.0,2675.0,2625.0,2675.0,13987.0,241590
2026-10-01,0.0,0.0,0.0,5530.0,0.0,101530
2026-10-01,7920.0,8030.0,7870.0,8020.0,53605.0,090350
2026-10-01,5660.0,5660.0,5310.0,5310.0,85634.0,460850
2026-10-01,7490.0,7640.0,7400.0,7630.0,16381.0,004380
2026-10-01,12130.0,12190.0,12000.0,12090.0,2329.0,000860
2026-10-01,52100.0,52100.0,51500.0,51800.0,378.0,002170
2026-10-01,8140.0,8140.0,8010.0,8120.0,8837.0,007570
2026-10-01,1577.0,1592.0,1568.0,1587.0,188395.0,001780
2026-10-01,2830.0,2830.0,2790.0,2795.0,30319.0,400760
2026-10-01,1695.0,1695.0,1402.0,1477.0,23438562.0,008970
2026-10-01,21500.0,21550.0,21400.0,21450.0,272.0,00279K
2026-10-01,11270.0,11310.0,11090.0,11270.0,33833.0,006805
2026-10-01,12800.0,12800.0,12670.0,12720.0,3100.0,462520
2026-10-01,6620.0,6630.0,6540.0,6570.0,9900.0,000970
2026-10-01,66500.0,66800.0,66100.0,66200.0,1297.0,001045
2026-10-01,6930.0,6930.0,6740.0,6790.0,14951.0,013890
2026-10-01,49800.0,49800.0,49250.0,49350.0,1368.0,011785
2026-10-01,11510.0,11730.0,11500.0,11610.0,56461.0,004090
2026-10-01,9850.0,9900.0,9730.0,9780.0,14241.0,272550
2026-10-01,8240.0,8350.0,8210.0,8330.0,22730.0,293480
2026-10-01,10000.0,10100.0,9850.0,10030.0,9721.0,271980
2026-10-01,3580.0,3585.0,3505.0,3570.0,65500.0,004150
2026-10-01,108200.0,111400.0,107100.0,108900.0,18.0,003830
2026-10-01,110800.0,110800.0,108700.0,108900.0,4183.0,097955
2026-10-01,1793.0,1823.0,1765.0,1808.0,69128.0,016880
2026-10-01,9010.0,9010.0,8950.0,8990.0,935.0,004970
2026-10-01,5040.0,5140.0,5020.0,5140.0,52056.0,000020
2026-10-01,4175.0,4275.0,4140.0,4245.0,71978.0,025820
2026-10-01,60400.0,60900.0,60400.0,60500.0,30.0,107590
2026-10-01,5980.0,5980.0,5800.0,5910.0,20744.0,071840
2026-10-01,4710.0,4735.0,4690.0,4715.0,4647.0,003480
2026-10-01,3250.0,3345.0,3230.0,3330.0,144443.0,012610
2026-10-01,4715.0,4795.0,4695.0,4720.0,17286.0,015890
2026-10-01,1064.0,1080.0,1056.0,1066.0,440447.0,008350
2026-10-01,11890.0,11910.0,11850.0,11900.0,1696.0,094280
2026-10-01,4120.0,4130.0,3765.0,3900.0,47120.0,001080
2026-10-01,1310.0,1490.0,1304.0,1458.0,2109911.0,001360
2026-10-01,4900.0,5040.0,4545.0,4655.0,550168.0,014280
2026-10-01,14660.0,14660.0,14400.0,14440.0,4476.0,004080
2026-10-01,3400.0,3900.0,3340.0,3625.0,1006957.0,011690
2026-10-01,5220.0,5220.0,5130.0,5190.0,43763.0,018470
2026-10-01,5340.0,5530.0,5330.0,5480.0,12871.0,214390
2026-10-01,9400.0,9400.0,9170.0,9210.0,20500.0,081000
2026-10-01,11470.0,11480.0,11330.0,11400.0,2266.0,024090
2026-10-01,9750.0,10250.0,9400.0,10150.0,179122.0,003010
2026-10-01,2280.0,2425.0,2225.0,2420.0,146263.0,015590
2026-10-01,3100.0,3205.0,3040.0,3195.0,439470.0,092220
2026-10-01,10830.0,11080.0,10680.0,11060.0,10103.0,004960
2026-10-01,1083.0,1105.0,1078.0,1104.0,184416.0,009270
2026-10-01,2510.0,2520.0,2475.0,2510.0,37541.0,013520
2026-10-01,1276.0,1298.0,1268.0,1296.0,40024.0,002210
2026-10-01,13420.0,13640.0,13280.0,13490.0,1860.0,078000
2026-10-01,21150.0,21150.0,21000.0,21100.0,5807.0,267290
2026-10-01,2230.0,2230.0,2180.0,2210.0,31467.0,006060
2026-10-01,11150.0,11190.0,11070.0,11120.0,16753.0,210540
2026-10-01,4015.0,4090.0,3985.0,4065.0,64743.0,009070
2026-10-01,4980.0,5070.0,4920.0,5070.0,23084.0,214420
2026-10-01,13580.0,13580.0,13480.0,13490.0,480.0,005800
2026-10-01,3285.0,3320.0,3260.0,3270.0,2113.0,350520
2026-10-01,1124.0,1142.0,1112.0,1125.0,330465.0,001520
2026-10-01,3750.0,3790.0,3715.0,3750.0,62718.0,089470
2026-10-01,9370.0,9420.0,9110.0,9380.0,596833.0,001210
2026-10-01,7310.0,7380.0,6920.0,7350.0,8406.0,002620
2026-10-01,8430.0,8550.0,8000.0,8520.0,4034.0,002390
2026-10-01,1549.0,1549.0,1507.0,1516.0,129815.0,037560
2026-10-01,3350.0,3350.0,3300.0,3350.0,64103.0,014530
2026-10-01,3040.0,3190.0,3025.0,3160.0,422640.0,004100
2026-10-01,1840.0,1859.0,1828.0,1858.0,99588.0,017550
2026-10-01,12980.0,12980.0,12590.0,12740.0,11852.0,227840
2026-10-01,26600.0,26600.0,26250.0,26400.0,135.0,034590
2026-10-01,3965.0,4020.0,3940.0,3990.0,12341.0,016740
2026-10-01,5590.0,5600.0,5520.0,5600.0,4214.0,079430
2026-10-01,4605.0,4680.0,4600.0,4670.0,10658.0,083420
2026-10-01,32050.0,32350.0,31900.0,32000.0,898.0,023450
2026-10-01,11080.0,11080.0,10900.0,10930.0,2253.0,002460
2026-10-01,6920.0,6920.0,6830.0,6840.0,11589.0,016710
2026-10-01,3000.0,3260.0,2970.0,3115.0,969668.0,012200
2026-10-01,0.0,0.0,0.0,3530.0,0.0,011810
2026-10-01,4200.0,4200.0,4075.0,4175.0,37255.0,013570
2026-10-01,1173.0,1195.0,1170.0,1195.0,225771.0,012800
2026-10-01,1712.0,1750.0,1705.0,1724.0,140985.0,009580
2026-10-01,12490.0,13580.0,12490.0,13060.0,680373.0,006660
2026-10-01,10540.0,10750.0,10510.0,10570.0,3930.0,021820
2026-10-01,7840.0,7840.0,7480.0,7480.0,9301.0,008040
2026-10-01,2860.0,2865.0,2825.0,2865.0,2495.0,004250
2026-10-01,3425.0,3465.0,3395.0,3435.0,52348.0,010100
2026-10-01,82700.0,83200.0,81800.0,82400.0,332.0,120030
2026-10-01,3765.0,3770.0,3715.0,3755.0,35410.0,014580
2026-10-01,6260.0,6520.0,6200.0,6420.0,65072.0,123690
2026-10-01,43100.0,43650.0,43100.0,43600.0,2205.0,012320
2026-10-01,59600.0,59600.0,57700.0,57800.0,6682.0,078935
2026-10-01,9180.0,9310.0,9150.0,9270.0,9221.0,267850
2026-10-01,2710.0,2735.0,2670.0,2690.0,4641.0,027970
2026-10-01,48400.0,48900.0,47600.0,48100.0,3390.0,37550L
2026-10-01,0.0,0.0,0.0,918.0,0.0,119650
2026-10-01,21850.0,22000.0,21700.0,21900.0,15434.0,248170
2026-10-01,1383.0,1400.0,1383.0,1398.0,29681.0,011280
2026-10-01,6050.0,6130.0,6030.0,6100.0,179482.0,035000
2026-10-01,1080.0,1088.0,1077.0,1085.0,45690.0,002450
2026-10-01,2050.0,2050.0,2005.0,2020.0,46672.0,070960
2026-10-01,2365.0,2385.0,2365.0,2385.0,10367.0,417310
2026-10-01,1254.0,1255.0,1231.0,1241.0,94784.0,008700
2026-10-01,7660.0,7740.0,7600.0,7620.0,3500.0,264900
2026-10-01,3460.0,3575.0,3305.0,3330.0,117341.0,008260
2026-10-01,2505.0,2510.0,2460.0,2500.0,33360.0,014790
2026-10-01,6510.0,6550.0,6410.0,6490.0,37044.0,002780
2026-10-01,1589.0,1611.0,1552.0,1572.0,82429.0,013700
2026-10-01,5590.0,5590.0,5480.0,5510.0,19720.0,032560
2026-10-01,1945.0,1966.0,1811.0,1853.0,325447.0,003580
2026-10-01,1429.0,1435.0,1403.0,1432.0,39271.0,007210
2026-10-01,46050.0,46500.0,45850.0,46350.0,5255.0,007540
2026-10-01,4660.0,4670.0,4630.0,4640.0,5867.0,014440
2026-10-01,2015.0,2150.0,2005.0,2050.0,16532.0,363280
2026-10-01,4990.0,5170.0,4880.0,5140.0,9770.0,025620
2026-10-01,2280.0,2285.0,2240.0,2280.0,9890.0,067830
2026-10-01,6830.0,6970.0,6710.0,6970.0,5814.0,006840
2026-10-01,2850.0,2855.0,2730.0,2745.0,23656.0,002200
2026-10-01,2210.0,2230.0,2195.0,2200.0,69496.0,058850
2026-10-01,4080.0,4205.0,4060.0,4205.0,25685.0,001290
2026-10-01,30250.0,30300.0,30150.0,30300.0,101.0,001275
2026-10-01,4980.0,5060.0,4950.0,5030.0,35269.0,019180
2026-10-01,2410.0,2525.0,2280.0,2330.0,120499.0,139990
2026-10-01,2490.0,2490.0,2445.0,2455.0,22368.0,036580
2026-10-01,2575.0,2600.0,2570.0,2585.0,62666.0,058860
2026-10-01,2215.0,2220.0,2200.0,2215.0,1319.0,023000
2026-10-01,1795.0,1799.0,1772.0,1790.0,22575.0,004140
2026-10-01,71400.0,71900.0,68000.0,68300.0,4673.0,096775
2026-10-01,34850.0,35100.0,34350.0,35050.0,465.0,004890
2026-10-01,8930.0,8930.0,8820.0,8900.0,1874.0,006090
2026-10-01,1794.0,1794.0,1765.0,1775.0,65114.0,007980
2026-10-01,139800.0,139800.0,137200.0,137200.0,3.0,002600
2026-10-01,2505.0,2560.0,2435.0,2530.0,163457.0,011700
2026-10-01,37300.0,37400.0,36550.0,37300.0,3199.0,000850
2026-10-01,6160.0,6230.0,6050.0,6130.0,4445.0,33626K
2026-10-01,71000.0,71000.0,69350.0,69900.0,456.0,000590
2026-10-01,5700.0,5970.0,5400.0,5530.0,153406.0,069730
2026-10-01,5090.0,5090.0,4990.0,5020.0,19503.0,023800
2026-10-01,7920.0,8150.0,7860.0,8040.0,30931.0,001260
2026-10-01,2800.0,2800.0,2760.0,2790.0,8276.0,009180
2026-10-01,15340.0,16360.0,15000.0,16360.0,26657.0,055490
2026-10-01,13030.0,13030.0,12720.0,12770.0,2802.0,111380
2026-10-01,4305.0,4330.0,4200.0,4315.0,150402.0,007610
2026-10-01,3935.0,3985.0,3935.0,3980.0,2411.0,004840
2026-10-01,5160.0,5220.0,5090.0,5160.0,5931.0,005740
2026-10-01,5510.0,5570.0,5460.0,5510.0,14813.0,163560
2026-10-01,7100.0,7750.0,6860.0,7270.0,45000.0,109070
2026-10-01,5600.0,5610.0,5560.0,5570.0,211.0,007590
2026-10-01,0.0,0.0,0.0,532.0,0.0,084680
2026-10-01,2900.0,2905.0,2725.0,2800.0,115103.0,002220
2026-10-01,64000.0,65300.0,64000.0,64800.0,156.0,000105
2026-10-01,1359.0,1375.0,1345.0,1369.0,69189.0,013360
2026-10-01,3040.0,3065.0,3030.0,3065.0,44135.0,010960
2026-10-01,7100.0,7100.0,6880.0,7000.0,26621.0,214330
2026-10-01,4100.0,4270.0,3500.0,3615.0,3361173.0,071090
2026-10-01,2195.0,2245.0,2180.0,2235.0,62679.0,024900
2026-10-01,3775.0,3830.0,3775.0,3805.0,11146.0,013870
2026-10-01,3830.0,3850.0,3825.0,3840.0,27110.0,338100
2026-10-01,11300.0,11300.0,11060.0,11140.0,8704.0,002795
2026-10-01,0.0,0.0,0.0,655.0,0.0,014160
2026-10-01,1971.0,1996.0,1959.0,1979.0,268897.0,004770
2026-10-01,5920.0,6090.0,5860.0,6090.0,10229.0,000230
2026-10-01,1974.0,2050.0,1969.0,1974.0,8971.0,001020
2026-10-01,4215.0,4300.0,4190.0,4240.0,31509.0,005750
2026-10-01,12660.0,12940.0,12560.0,12750.0,10921.0,063160
2026-10-01,5400.0,5530.0,5370.0,5470.0,19408.0,004440
2026-10-01,3220.0,3295.0,3195.0,3285.0,40174.0,002720
2026-10-01,25300.0,25300.0,25000.0,25100.0,1817.0,120115
2026-10-01,9060.0,9120.0,9060.0,9100.0,164.0,001560
2026-10-01,27750.0,27750.0,27350.0,27550.0,1849.0,009770
2026-10-01,999.0,1008.0,993.0,1003.0,522090.0,002700
2026-10-01,4360.0,4470.0,4250.0,4290.0,32999.0,155660
2026-10-01,5650.0,5700.0,5600.0,5660.0,9071.0,031820
2026-10-01,1903.0,1907.0,1889.0,1900.0,22369.0,011150
2026-10-01,1715.0,1720.0,1650.0,1682.0,64154.0,010040
2026-10-01,1213.0,1268.0,1190.0,1197.0,24799.0,095720
2026-10-01,23500.0,23550.0,22000.0,23450.0,9032.0,084670
2026-10-01,3080.0,3095.0,3045.0,3070.0,34709.0,010660
2026-10-01,4900.0,4945.0,4805.0,4805.0,10124.0,000180
2026-10-01,1937.0,1937.0,1905.0,1915.0,26699.0,079980
2026-10-01,8930.0,8930.0,8750.0,8850.0,4625.0,085310
2026-10-01,2815.0,2900.0,2750.0,2885.0,7761.0,004720
2026-10-01,1640.0,1640.0,1611.0,1621.0,9892.0,019680
2026-10-01,2345.0,2345.0,2215.0,2275.0,11214.0,007280
2026-10-01,3635.0,3635.0,3385.0,3465.0,36546.0,210980
2026-10-01,3490.0,3615.0,3465.0,3550.0,8613.0,017370
2026-10-01,4970.0,4995.0,4940.0,4995.0,11114.0,100220
2026-10-01,4485.0,4520.0,4335.0,4520.0,23190.0,005870
2026-10-01,3125.0,3165.0,3080.0,3140.0,159833.0,058730
2026-10-01,1812.0,2000.0,1801.0,1952.0,440439.0,480370
2026-10-01,1500.0,1529.0,1500.0,1523.0,23811.0,009200
2026-10-01,1349.0,1349.0,1320.0,1340.0,27733.0,018500
2026-10-01,1403.0,1410.0,1394.0,1400.0,37167.0,016090
2026-10-01,4860.0,4860.0,4750.0,4805.0,11250.0,072130
2026-10-01,6120.0,6230.0,5810.0,6100.0,10927.0,068290
2026-10-01,20650.0,20650.0,20000.0,20550.0,449.0,007815
2026-10-01,28150.0,28400.0,27750.0,28100.0,743.0,004450
2026-10-01,1000.0,1002.0,994.0,1000.0,43501.0,002760
2026-10-01,3700.0,3820.0,3685.0,3800.0,62845.0,000220
2026-10-01,2140.0,2165.0,2110.0,2145.0,110441.0,372910
2026-10-01,3800.0,3980.0,3745.0,3925.0,224688.0,014990
2026-10-01,30650.0,30700.0,30100.0,30300.0,192.0,003925
2026-10-01,6440.0,6440.0,6260.0,6320.0,2089.0,111110
2026-10-01,25500.0,27300.0,24850.0,27200.0,11445.0,35320K
2026-10-01,1905.0,1915.0,1893.0,1902.0,11098.0,129260
2026-10-01,1043.0,1043.0,1021.0,1032.0,50060.0,090080
2026-10-01,26900.0,26900.0,26300.0,26700.0,2120.0,37550K
2026-10-01,53300.0,53400.0,51900.0,53200.0,921.0,000725
2026-10-01,26050.0,26150.0,26000.0,26050.0,1023.0,001465
2026-10-01,4800.0,4880.0,4795.0,4815.0,11091.0,006890
2026-10-01,2980.0,2980.0,2855.0,2880.0,15913.0,075180
2026-10-01,0.0,0.0,0.0,902.0,0.0,020760
2026-10-01,2335.0,2375.0,2305.0,2330.0,206106.0,0220WL
2026-10-01,3255.0,3255.0,3025.0,3115.0,111.0,003465
2026-10-01,3590.0,3635.0,3590.0,3630.0,4636.0,025530
2026-10-01,4360.0,4360.0,4070.0,4135.0,178995.0,003780
2026-10-01,1860.0,1885.0,1835.0,1840.0,211389.0,092440
2026-10-01,25400.0,25700.0,25300.0,25350.0,1373.0,28513K
2026-10-01,2825.0,2850.0,2790.0,2820.0,12452.0,378850
2026-10-01,4160.0,4170.0,4140.0,4170.0,5006.0,003475
2026-10-01,1345.0,1370.0,1340.0,1348.0,25077.0,396690
2026-10-01,0.0,0.0,0.0,1935.0,0.0,002410
2026-10-01,1067.0,1130.0,1067.0,1120.0,181647.0,021050
2026-10-01,10100.0,10310.0,10030.0,10190.0,13472.0,001550
2026-10-01,42100.0,43050.0,42100.0,42900.0,2450.0,006125
2026-10-01,17130.0,17160.0,16000.0,16830.0,1795.0,006980
2026-10-01,5020.0,5250.0,5020.0,5190.0,12327.0,023810
2026-10-01,1414.0,1419.0,1396.0,1416.0,22540.0,012690
2026-10-01,3240.0,3300.0,3215.0,3285.0,10490.0,004830
2026-10-01,3515.0,3560.0,3500.0,3515.0,17508.0,010770
2026-10-01,2640.0,2695.0,2600.0,2680.0,170576.0,011230
2026-10-01,66500.0,66500.0,65500.0,66100.0,491.0,005305
2026-10-01,3320.0,3320.0,3230.0,3260.0,13895.0,123700
2026-10-01,1923.0,1977.0,1875.0,1974.0,115367.0,007460
2026-10-01,28500.0,32150.0,28500.0,29900.0,782.0,000950
2026-10-01,4290.0,4290.0,4150.0,4240.0,16974.0,006880
2026-10-01,45300.0,47600.0,45300.0,46900.0,2192.0,011390
2026-10-01,2920.0,2920.0,2840.0,2850.0,15135.0,011300
2026-10-01,0.0,0.0,0.0,2670.0,0.0,011000
2026-10-01,1611.0,1668.0,1611.0,1631.0,46029.0,002630
2026-10-01,1927.0,1946.0,1913.0,1927.0,104358.0,002140
2026-10-01,2190.0,2195.0,2140.0,2155.0,6458.0,001620
2026-10-01,958.0,976.0,958.0,971.0,10943.0,009320
2026-10-01,1201.0,1235.0,1200.0,1211.0,62283.0,004410
2026-10-01,4590.0,4855.0,4530.0,4725.0,3116.0,101140
2026-10-01,0.0,0.0,0.0,907.0,0.0,004920
2026-10-01,2200.0,2200.0,2170.0,2180.0,3702.0,041650
2026-10-01,18590.0,18650.0,18130.0,18260.0,5528.0,009835
2026-10-01,1239.0,1249.0,1232.0,1245.0,8104.0,004540
2026-10-01,0.0,0.0,0.0,2660.0,0.0,069460
2026-10-01,1860.0,1860.0,1840.0,1840.0,5886.0,357250
2026-10-01,2990.0,2990.0,2945.0,2945.0,14884.0,000910
2026-10-01,1762.0,1810.0,1750.0,1762.0,82770.0,002920
2026-10-01,1270.0,1324.0,1242.0,1323.0,178559.0,005320
2026-10-01,0.0,0.0,0.0,5110.0,0.0,074610
2026-10-01,3365.0,3415.0,3345.0,3395.0,28721.0,092780
2026-10-01,2215.0,2230.0,2200.0,2200.0,6304.0,003080
2026-10-01,2145.0,2180.0,2135.0,2145.0,3084.0,084870
2026-10-01,3180.0,3300.0,2790.0,2820.0,331704.0,007110
2026-10-01,3865.0,4090.0,3865.0,4085.0,36384.0,446070
2026-10-01,3365.0,3410.0,3340.0,3380.0,4563.0,004910
2026-10-01,2250.0,2470.0,2100.0,2110.0,498376.0,008420
2026-10-01,1960.0,1980.0,1932.0,1976.0,129442.0,014910
2026-10-01,2275.0,2440.0,2115.0,2135.0,1156938.0,026940
2026-10-01,1232.0,1267.0,1225.0,1262.0,58679.0,017180
2026-10-01,980.0,981.0,965.0,973.0,13674.0,481850
2026-10-01,2045.0,2095.0,2045.0,2075.0,49984.0,004060
2026-10-01,0.0,0.0,0.0,541.0,0.0,019490
2026-10-01,25000.0,25050.0,24300.0,24300.0,195.0,000215
2026-10-01,3780.0,3820.0,3715.0,3745.0,18509.0,023350
2026-10-01,0.0,0.0,0.0,932.0,0.0,017040
2026-10-01,4000.0,4000.0,3870.0,4000.0,40769.0,011330
2026-10-01,3400.0,3900.0,3400.0,3600.0,177525.0,002360
2026-10-01,1115.0,1155.0,1084.0,1138.0,127855.0,002870
2026-10-01,1445.0,1450.0,1430.0,1441.0,5624.0,011420
2026-10-01,40000.0,40050.0,39500.0,39650.0,182.0,008870
2026-10-01,1015.0,1015.0,987.0,1007.0,30712.0,023960
2026-10-01,794.0,795.0,789.0,795.0,72178.0,145270
2026-10-01,944.0,945.0,866.0,906.0,108620.0,047400
2026-10-01,1900.0,1900.0,1884.0,1886.0,6282.0,049800
2026-10-01,1946.0,1946.0,1765.0,1855.0,28602.0,009810
2026-10-01,18520.0,18830.0,18520.0,18530.0,473.0,134790
2026-10-01,974.0,1005.0,974.0,982.0,34464.0,133820
2026-10-01,1144.0,1155.0,1126.0,1150.0,27776.0,027740
2026-10-01,1292.0,1314.0,1292.0,1314.0,94747.0,000890
2026-10-01,3450.0,3475.0,3410.0,3470.0,5985.0,012280
2026-10-01,1199.0,1205.0,1145.0,1202.0,81268.0,013000
2026-10-01,3095.0,3145.0,3090.0,3120.0,7983.0,008250
2026-10-01,2180.0,2180.0,2000.0,2045.0,112167.0,010640
2026-10-01,2740.0,2795.0,2600.0,2745.0,5824.0,009460
2026-10-01,11840.0,12620.0,11840.0,12080.0,335.0,000760
2026-10-01,9210.0,9210.0,9130.0,9150.0,18.0,004365
2026-10-01,0.0,0.0,0.0,1199.0,0.0,143210
2026-10-01,14550.0,14770.0,14470.0,14560.0,1211.0,005820
2026-10-01,3560.0,3630.0,3480.0,3555.0,14620.0,002880
2026-10-01,2915.0,3085.0,2840.0,3055.0,123107.0,006370
2026-10-01,1775.0,1775.0,1461.0,1537.0,597966.0,051630
2026-10-01,2025.0,2135.0,2020.0,2075.0,7603.0,012160
2026-10-01,1161.0,1210.0,1161.0,1182.0,15371.0,090370
2026-10-01,2635.0,2720.0,2625.0,2700.0,44064.0,014130
2026-10-01,6540.0,6540.0,6300.0,6480.0,13675.0,003535
2026-10-01,1341.0,1672.0,1250.0,1455.0,421972.0,069640
2026-10-01,2545.0,2600.0,2505.0,2515.0,50107.0,088790
2026-10-01,4050.0,4160.0,4015.0,4105.0,12647.0,010400
2026-10-01,792.0,800.0,574.0,689.0,3596228.0,009190
2026-10-01,5800.0,5840.0,5680.0,5750.0,1059.0,001070
2026-10-01,19630.0,19990.0,19310.0,19390.0,2185.0,009140
2026-10-01,1897.0,1900.0,1878.0,1898.0,4139.0,025750
2026-10-01,1981.0,1999.0,1932.0,1980.0,4761.0,024070
2026-10-01,1535.0,1579.0,1460.0,1579.0,76266.0,036420
2026-10-01,2685.0,2685.0,2615.0,2665.0,5823.0,025890
2026-10-01,1870.0,1948.0,1817.0,1907.0,42896.0,006570
2026-10-01,3400.0,3400.0,3320.0,3390.0,6336.0,308170
2026-10-01,4805.0,4900.0,4715.0,4840.0,3993.0,006740
2026-10-01,4505.0,4575.0,4455.0,4550.0,37170.0,003680
2026-10-01,13920.0,14320.0,13920.0,14030.0,814.0,019175
2026-10-01,1503.0,1618.0,1280.0,1352.0,791720.0,002690
2026-10-01,3980.0,4615.0,3980.0,4370.0,95653.0,023150
2026-10-01,1253.0,1253.0,1197.0,1219.0,18033.0,118000
2026-10-01,4225.0,4225.0,4085.0,4155.0,19242.0,033250
2026-10-01,0.0,0.0,0.0,1254.0,0.0,005110
2026-10-01,1016.0,1020.0,895.0,958.0,154901.0,007120
2026-10-01,9800.0,10000.0,9650.0,9950.0,25000.0,006345
2026-10-01,3930.0,3945.0,3925.0,3945.0,2322.0,002355
2026-10-01,5500.0,5690.0,5400.0,5570.0,7519.0,004270
2026-10-01,1490.0,1499.0,1486.0,1494.0,1716.0,33637K
2026-10-01,1470.0,1544.0,1450.0,1540.0,145783.0,003060
2026-10-01,1361.0,1424.0,1330.0,1382.0,70978.0,006490
2026-10-01,827.0,829.0,790.0,808.0,16887.0,357430
2026-10-01,1050.0,1096.0,1048.0,1085.0,89703.0,001380
2026-10-01,22100.0,22250.0,21900.0,21900.0,1784.0,003495
2026-10-01,1610.0,1637.0,1560.0,1637.0,63357.0,071950
2026-10-01,0.0,0.0,0.0,5330.0,0.0,009310
2026-10-01,7410.0,7780.0,7200.0,7500.0,316.0,33626L
2026-10-01,901.0,1039.0,901.0,990.0,39385.0,004870
2026-10-01,2985.0,3010.0,2885.0,2915.0,42083.0,001420
2026-10-01,4700.0,4760.0,4620.0,4720.0,25074.0,030720
2026-10-01,1129.0,1160.0,1092.0,1136.0,339205.0,005360
2026-10-01,2920.0,3075.0,2895.0,2930.0,14545.0,012170
2026-10-01,28400.0,28400.0,27900.0,27950.0,558.0,008775
2026-10-01,14600.0,14780.0,14510.0,14730.0,865.0,001685
2026-10-01,1004.0,1038.0,1004.0,1020.0,22787.0,000040
2026-10-01,24700.0,24950.0,24250.0,24700.0,65.0,00499K
2026-10-01,0.0,0.0,0.0,928.0,0.0,015020
2026-10-01,18900.0,18900.0,18300.0,18470.0,160.0,108675
2026-10-01,0.0,0.0,0.0,296.0,0.0,093240
2026-10-01,3720.0,3980.0,3505.0,3760.0,59466.0,002070
2026-10-01,0.0,0.0,0.0,2620.0,0.0,008600
2026-10-01,0.0,0.0,0.0,756.0,0.0,009440
2026-10-01,2300.0,2305.0,2160.0,2280.0,96618.0,465770
2026-10-01,4490.0,4490.0,4490.0,4490.0,10.0,005725
2026-10-01,1789.0,1789.0,1700.0,1700.0,69927.0,006200
2026-10-01,1420.0,1438.0,1341.0,1350.0,103377.0,011090
2026-10-01,30300.0,30300.0,29500.0,30050.0,1014.0,18064K
2026-10-01,17870.0,18400.0,17870.0,18400.0,155.0,005257
2026-10-01,19860.0,20315.0,19860.0,20300.0,408.0,0106J0
2026-10-01,4130.0,4525.0,4085.0,4510.0,172750.0,004105
2026-10-01,12690.0,12830.0,12690.0,12750.0,492.0,002025
2026-10-01,12080.0,12250.0,12080.0,12250.0,997.0,000087
2026-10-01,2150.0,2150.0,2095.0,2105.0,3714.0,001795
2026-10-01,10650.0,11050.0,10590.0,10950.0,5629.0,00806K
2026-10-01,4600.0,4600.0,4475.0,4475.0,5191.0,45226K
2026-10-01,13890.0,14090.0,13890.0,14000.0,3389.0,084695
2026-10-01,1737.0,1737.0,1498.0,1529.0,65500.0,024890
2026-10-01,32800.0,32800.0,32400.0,32400.0,165.0,145995
2026-10-01,1129.0,1129.0,908.0,991.0,296050.0,002820
2026-10-01,14680.0,14980.0,14670.0,14980.0,399.0,00781K
2026-10-01,249.0,252.0,238.0,240.0,318943.0,015260
2026-10-01,7780.0,7780.0,7460.0,7490.0,56.0,38380K
2026-10-01,10100.0,10100.0,10100.0,10100.0,0.0,0120X0
2026-10-01,51400.0,51400.0,50100.0,50100.0,7.0,001067
2026-10-01,1900.0,1908.0,1845.0,1890.0,22797.0,004255
2026-10-01,956.0,1047.0,956.0,977.0,9937.0,019685
2026-10-01,0.0,0.0,0.0,2240.0,0.0,145210
2026-10-01,12380.0,13000.0,12270.0,12550.0,2937.0,003075
2026-10-01,19300.0,19340.0,19210.0,19290.0,32.0,001755
2026-10-01,2225.0,2260.0,2195.0,2260.0,495.0,33637L
2026-10-01,3595.0,3630.0,3555.0,3605.0,3551.0,000225
2026-10-01,3865.0,3990.0,3865.0,3990.0,2401.0,001515
2026-10-01,22200.0,22200.0,22000.0,22000.0,34.0,001065
2026-10-01,9190.0,9190.0,8900.0,9020.0,673.0,004985
2026-10-01,27100.0,27100.0,26600.0,27000.0,28.0,000325
2026-10-01,4490.0,4490.0,4230.0,4450.0,10438.0,004835
2026-10-01,0.0,0.0,0.0,436.0,0.0,044380
2026-10-01,4995.0,5080.0,4995.0,5000.0,2363.0,012205
2026-10-01,7410.0,7410.0,7300.0,7380.0,311.0,26490K
2026-10-01,11750.0,11750.0,11750.0,11750.0,10.0,090355
2026-10-01,4200.0,4200.0,3600.0,3970.0,177379.0,001770
2026-10-01,14620.0,14680.0,14310.0,14670.0,9800.0,002995
2026-10-01,5530.0,5590.0,5530.0,5580.0,73.0,000545
2026-10-01,9100.0,9100.0,9100.0,9100.0,22.0,000145
2026-10-01,50.0,51.0,41.0,44.0,13919880.0,005030
2026-10-01,6170.0,6250.0,6020.0,6020.0,1283.0,009415
2026-10-01,17280.0,17280.0,17200.0,17270.0,26.0,005965
2026-10-01,7950.0,8050.0,7760.0,8040.0,61.0,007575
2026-10-01,13300.0,13500.0,13300.0,13500.0,33.0,014825
2026-10-01,5800.0,5850.0,5590.0,5830.0,3573.0,014285
2026-10-01,2895.0,2895.0,2700.0,2855.0,976.0,36328K
2026-10-01,5200.0,5200.0,5050.0,5100.0,4245.0,005745
2026-10-01,4910.0,4910.0,4910.0,4910.0,1.0,014915
2026-10-01,7650.0,7750.0,7600.0,7600.0,862.0,000227
2026-10-01,7360.0,7360.0,6740.0,7020.0,1839.0,008355
2026-10-01,7910.0,7990.0,7910.0,7990.0,138.0,001525
2026-10-01,3625.0,3630.0,3530.0,3625.0,757.0,004545
2026-10-01,5850.0,5850.0,5750.0,5820.0,802.0,011155
2026-10-01,5100.0,5100.0,5000.0,5050.0,306.0,001527
2026-10-01,3820.0,3820.0,3800.0,3800.0,2916.0,004415
2026-10-01,7200.0,7400.0,6920.0,7400.0,2131.0,002785
2026-10-01,10930.0,11110.0,10660.0,10780.0,726.0,002787
2026-10-01,253500.0,266000.0,251500.0,265000.0,352758.0,196170
2026-10-01,80000.0,85000.0,79800.0,84700.0,644315.0,086520
2026-10-01,108100.0,114400.0,107500.0,114100.0,307178.0,247540
2026-10-01,230000.0,244500.0,224000.0,239250.0,1424267.0,036930
2026-10-01,418000.0,437000.0,412000.0,436500.0,49801.0,277810
2026-10-01,131500.0,142000.0,131000.0,141800.0,1421092.0,240810
2026-10-01,515000.0,561000.0,510000.0,560000.0,116859.0,039030
2026-10-01,73400.0,81300.0,73100.0,81300.0,1182764.0,058470
2026-10-01,149200.0,159900.0,146400.0,158800.0,694693.0,222800
2026-10-01,63600.0,69200.0,63000.0,69200.0,3774387.0,403870
2026-10-01,40800.0,40800.0,38800.0,40250.0,1021803.0,028300
2026-10-01,211500.0,225000.0,211000.0,224000.0,152332.0,095340
2026-10-01,171800.0,205500.0,170400.0,198300.0,419829.0,000250
2026-10-01,147600.0,159500.0,146900.0,159100.0,326621.0,319660
2026-10-01,81900.0,90000.0,81800.0,89900.0,743070.0,440110
2026-10-01,287500.0,296000.0,276500.0,295500.0,133781.0,108490
2026-10-01,167700.0,184400.0,167600.0,183000.0,212943.0,084370
2026-10-01,178600.0,194300.0,177900.0,191000.0,196685.0,031980
2026-10-01,168700.0,182500.0,168600.0,182000.0,348727.0,095610
2026-10-01,301500.0,312000.0,299500.0,311000.0,50136.0,064760
2026-10-01,47200.0,50800.0,47200.0,50500.0,2431695.0,067310
2026-10-01,283000.0,304000.0,283000.0,303500.0,74424.0,131290
2026-10-01,403000.0,432000.0,402500.0,431500.0,52909.0,357780
2026-10-01,131200.0,142600.0,130400.0,141900.0,137537.0,087010
2026-10-01,308500.0,317500.0,305500.0,311000.0,102384.0,214450
2026-10-01,79500.0,85900.0,78200.0,85900.0,282370.0,141080
2026-10-01,77700.0,87600.0,77200.0,87500.0,2877077.0,080220
2026-10-01,48300.0,53300.0,47350.0,53200.0,457374.0,298380
2026-10-01,131900.0,151700.0,130700.0,151200.0,131362.0,310210
2026-10-01,47200.0,53300.0,47150.0,53100.0,1207340.0,005290
2026-10-01,101600.0,116600.0,99900.0,116300.0,403720.0,226950
2026-10-01,16700.0,17060.0,16260.0,16970.0,4364402.0,010170
2026-10-01,38450.0,40400.0,37700.0,40250.0,1131610.0,178320
2026-10-01,38350.0,39250.0,37250.0,38150.0,560029.0,257720
2026-10-01,30950.0,34050.0,30550.0,33850.0,2964653.0,098460
2026-10-01,20450.0,20750.0,20050.0,20700.0,648555.0,319400
2026-10-01,40650.0,43100.0,39900.0,43100.0,76060.0,214370
2026-10-01,178200.0,181000.0,175500.0,179500.0,55867.0,145020
2026-10-01,73200.0,74400.0,70400.0,73300.0,78666.0,140410
2026-10-01,98100.0,100100.0,96500.0,99900.0,124163.0,058610
2026-10-01,12640.0,12800.0,12180.0,12490.0,1799402.0,032820
2026-10-01,26200.0,28000.0,26100.0,27900.0,987013.0,030530
2026-10-01,26650.0,28450.0,26050.0,28350.0,4037478.0,043260
2026-10-01,32300.0,33800.0,32000.0,33650.0,202106.0,263750
2026-10-01,51900.0,57300.0,51400.0,57000.0,1354815.0,089030
2026-10-01,272000.0,299500.0,271500.0,297000.0,59220.0,140860
2026-10-01,41500.0,45150.0,41050.0,45050.0,598858.0,347850
2026-10-01,97200.0,106000.0,97000.0,105800.0,358602.0,131970
2026-10-01,30050.0,31300.0,29700.0,31300.0,181167.0,214150
2026-10-01,91500.0,95700.0,91000.0,95600.0,110487.0,237690
2026-10-01,57100.0,61900.0,56700.0,61000.0,500709.0,323280
2026-10-01,62300.0,62400.0,59600.0,59800.0,302653.0,083650
2026-10-01,33850.0,36200.0,33600.0,35550.0,399896.0,183300
2026-10-01,61600.0,69400.0,61100.0,69300.0,710120.0,089970
2026-10-01,10780.0,11850.0,10650.0,10900.0,13310306.0,036540
2026-10-01,81400.0,81700.0,77000.0,77200.0,129629.0,041510
2026-10-01,37900.0,39450.0,37800.0,39450.0,103004.0,068760
2026-10-01,34800.0,37300.0,34750.0,37250.0,468484.0,096530
2026-10-01,31850.0,32650.0,31250.0,32550.0,167238.0,060370
2026-10-01,127100.0,134000.0,124000.0,133700.0,89343.0,420770
2026-10-01,22100.0,25600.0,22000.0,25400.0,207593.0,0009K0
2026-10-01,24050.0,25100.0,23850.0,25000.0,186697.0,007390
2026-10-01,49650.0,50900.0,48400.0,50900.0,231426.0,437730
2026-10-01,58000.0,60100.0,57300.0,59600.0,216956.0,218410
2026-10-01,93100.0,98000.0,92400.0,96800.0,145672.0,078600
2026-10-01,50900.0,56700.0,49950.0,56300.0,333147.0,290650
2026-10-01,35400.0,37750.0,35150.0,37700.0,147247.0,039200
2026-10-01,15400.0,16500.0,15030.0,16460.0,717624.0,950160
2026-10-01,26050.0,29000.0,26000.0,28150.0,1457182.0,950260
2026-10-01,37350.0,37850.0,36950.0,37500.0,137893.0,035900
2026-10-01,14550.0,15970.0,14520.0,15960.0,3996076.0,232140
2026-10-01,27900.0,28900.0,27900.0,28850.0,104890.0,082920
2026-10-01,22050.0,22050.0,20700.0,22000.0,1089635.0,204270
2026-10-01,59700.0,63400.0,59300.0,63200.0,146736.0,166090
2026-10-01,10750.0,11000.0,10730.0,10890.0,171431.0,003380
2026-10-01,112800.0,117200.0,107800.0,113700.0,157098.0,241710
2026-10-01,19750.0,20750.0,19610.0,20000.0,719532.0,252990
2026-10-01,22100.0,23450.0,21600.0,22800.0,749769.0,347700
2026-10-01,38750.0,40600.0,38750.0,40450.0,86364.0,195940
2026-10-01,45050.0,48300.0,44950.0,48150.0,580969.0,356860
2026-10-01,30450.0,30750.0,29900.0,30700.0,71044.0,127120
2026-10-01,45300.0,52100.0,44950.0,51900.0,548544.0,101490
2026-10-01,29500.0,29900.0,29000.0,29850.0,214616.0,056190
2026-10-01,9280.0,10010.0,9240.0,9930.0,595685.0,293490
2026-10-01,57000.0,60800.0,56500.0,59100.0,67108.0,445680
2026-10-01,51200.0,55300.0,50100.0,55000.0,302557.0,083450
2026-10-01,25400.0,26200.0,25100.0,26150.0,198966.0,458870
2026-10-01,21700.0,22400.0,21600.0,22150.0,390261.0,086450
2026-10-01,38500.0,40950.0,38000.0,40550.0,448417.0,161580
2026-10-01,16750.0,17850.0,16680.0,17840.0,395747.0,100790
2026-10-01,13910.0,14050.0,13440.0,13820.0,1040868.0,417200
2026-10-01,22250.0,25050.0,22250.0,25000.0,190211.0,115180
2026-10-01,30550.0,37850.0,30150.0,36700.0,587872.0,491000
2026-10-01,64000.0,75300.0,64000.0,73500.0,323200.0,425420
2026-10-01,87700.0,94900.0,87700.0,94400.0,93774.0,388210
2026-10-01,41700.0,44400.0,41350.0,44400.0,60970.0,036830
2026-10-01,55700.0,58200.0,54500.0,54600.0,431266.0,119850
2026-10-01,49000.0,49850.0,47200.0,49500.0,497235.0,327260
2026-10-01,28450.0,29350.0,27700.0,28800.0,109519.0,160190
2026-10-01,8330.0,8800.0,8270.0,8780.0,423496.0,031330
2026-10-01,30500.0,31900.0,30450.0,31850.0,99503.0,065350
2026-10-01,75000.0,77800.0,74900.0,77600.0,48241.0,053800
2026-10-01,75700.0,79000.0,75000.0,78800.0,46647.0,099320
2026-10-01,30300.0,32800.0,30150.0,32650.0,262739.0,074600
2026-10-01,23700.0,30000.0,23500.0,29950.0,739333.0,476830
2026-10-01,32250.0,32250.0,30400.0,30950.0,241636.0,014620
2026-10-01,66600.0,69900.0,66100.0,69800.0,20041.0,388720
2026-10-01,10740.0,11100.0,10450.0,11030.0,623681.0,328130
2026-10-01,18640.0,19350.0,18380.0,19330.0,105150.0,032500
2026-10-01,60000.0,64800.0,59400.0,64700.0,163528.0,295310
2026-10-01,8140.0,8635.0,8100.0,8630.0,211279.0,085660
2026-10-01,11370.0,12050.0,11190.0,12010.0,534140.0,281740
2026-10-01,22650.0,23750.0,22500.0,23550.0,336084.0,059090
2026-10-01,47150.0,48700.0,46900.0,48650.0,60912.0,033100
2026-10-01,61300.0,63400.0,60500.0,63000.0,52362.0,251970
2026-10-01,8770.0,9230.0,8660.0,9030.0,1293239.0,033790
2026-10-01,36900.0,37200.0,35150.0,35300.0,75950.0,035760
2026-10-01,42750.0,42850.0,41050.0,41150.0,114825.0,122870
2026-10-01,39500.0,39650.0,38050.0,38150.0,131151.0,044490
2026-10-01,75400.0,78300.0,74400.0,78100.0,59397.0,090360
2026-10-01,79400.0,86000.0,79400.0,84900.0,58106.0,053610
2026-10-01,6020.0,6340.0,5960.0,6310.0,884497.0,090710
2026-10-01,31300.0,34800.0,31000.0,34800.0,252022.0,036810
2026-10-01,29100.0,30150.0,29000.0,30100.0,73125.0,213420
2026-10-01,53000.0,59000.0,52600.0,57700.0,279708.0,064290
2026-10-01,18980.0,19420.0,18800.0,19400.0,56737.0,032190
2026-10-01,33100.0,34800.0,33100.0,34400.0,379935.0,122640
2026-10-01,28600.0,29250.0,27450.0,28800.0,212998.0,023160
2026-10-01,35250.0,45150.0,34650.0,45000.0,571511.0,456160
2026-10-01,69700.0,73700.0,69100.0,72700.0,40658.0,171090
2026-10-01,29550.0,31000.0,29200.0,30950.0,118511.0,137400
2026-10-01,9890.0,10080.0,9680.0,9820.0,156374.0,041960
2026-10-01,66000.0,68100.0,65500.0,67900.0,36157.0,189300
2026-10-01,6490.0,6770.0,6460.0,6740.0,259686.0,038500
2026-10-01,28900.0,31900.0,28800.0,31600.0,387380.0,033640
2026-10-01,15170.0,16000.0,15170.0,15950.0,268011.0,476060
2026-10-01,52100.0,54300.0,51200.0,53400.0,60049.0,041830
2026-10-01,22300.0,23300.0,22050.0,23200.0,222244.0,466100
2026-10-01,10260.0,10900.0,10210.0,10820.0,175811.0,225570
2026-10-01,46850.0,49700.0,46850.0,49550.0,106328.0,102710
2026-10-01,55200.0,57400.0,54800.0,57400.0,46969.0,121600
2026-10-01,18480.0,21700.0,18330.0,20500.0,9048575.0,490470
2026-10-01,10610.0,11000.0,10580.0,10840.0,281666.0,006730
2026-10-01,48700.0,54600.0,48650.0,52900.0,620331.0,092870
2026-10-01,28300.0,29400.0,28200.0,29300.0,112453.0,124500
2026-10-01,6900.0,7100.0,6830.0,7050.0,1102851.0,048410
2026-10-01,90800.0,93600.0,89900.0,93600.0,108079.0,126340
2026-10-01,13350.0,14150.0,13200.0,14130.0,969335.0,077360
2026-10-01,10450.0,10940.0,10360.0,10930.0,407260.0,046890
2026-10-01,13400.0,14450.0,13350.0,14380.0,1522546.0,253590
2026-10-01,7870.0,8050.0,7690.0,8030.0,505755.0,222080
2026-10-01,32900.0,35450.0,32900.0,35150.0,276509.0,045100
2026-10-01,8110.0,9560.0,8100.0,9560.0,573619.0,358570
2026-10-01,20100.0,20550.0,20050.0,20450.0,36498.0,253450
2026-10-01,128200.0,128400.0,122700.0,124000.0,6848.0,093320
2026-10-01,9420.0,10060.0,9360.0,9980.0,1126108.0,050890
2026-10-01,32650.0,36300.0,30850.0,36000.0,409835.0,089890
2026-10-01,93400.0,96000.0,90400.0,93700.0,33938.0,219130
2026-10-01,19980.0,21350.0,19620.0,21300.0,266208.0,397030
2026-10-01,52500.0,54500.0,49800.0,51600.0,117095.0,468530
2026-10-01,26300.0,27450.0,26200.0,27450.0,53790.0,094170
2026-10-01,45200.0,48300.0,45000.0,48250.0,143578.0,399720
2026-10-01,12830.0,13390.0,12780.0,13070.0,1306069.0,144960
2026-10-01,37650.0,38200.0,37150.0,38150.0,26277.0,052400
2026-10-01,31150.0,36300.0,31150.0,36250.0,681221.0,078350
2026-10-01,13120.0,13840.0,12980.0,13620.0,182379.0,060250
2026-10-01,31950.0,33250.0,31650.0,33100.0,60415.0,101160
2026-10-01,7300.0,8130.0,7200.0,8040.0,194612.0,052020
2026-10-01,24400.0,26700.0,24200.0,25850.0,465661.0,080580
2026-10-01,22350.0,28100.0,21900.0,27000.0,497968.0,174900
2026-10-01,66600.0,74000.0,66600.0,74000.0,36652.0,214430
2026-10-01,15000.0,15680.0,14930.0,15640.0,168048.0,112040
2026-10-01,39900.0,42500.0,39600.0,41800.0,145250.0,104830
2026-10-01,12550.0,12680.0,12350.0,12660.0,78465.0,009520
2026-10-01,30900.0,32250.0,30500.0,32250.0,40564.0,037460
2026-10-01,40550.0,40550.0,38550.0,39000.0,13322.0,079940
2026-10-01,16200.0,16490.0,15460.0,16350.0,231789.0,024850
2026-10-01,17660.0,18340.0,17280.0,18160.0,1135610.0,356680
2026-10-01,18560.0,21400.0,18560.0,21300.0,531478.0,042000
2026-10-01,15960.0,17550.0,15880.0,17190.0,97640.0,099190
2026-10-01,10210.0,11170.0,10200.0,11160.0,187845.0,082270
2026-10-01,21850.0,23900.0,21500.0,23250.0,336552.0,475830
2026-10-01,34800.0,37500.0,33900.0,37250.0,80615.0,475960
2026-10-01,26700.0,29100.0,26000.0,28700.0,168196.0,376900
2026-10-01,66500.0,67400.0,66100.0,67100.0,8859.0,086900
2026-10-01,4835.0,5070.0,4820.0,5040.0,1076254.0,025980
2026-10-01,22300.0,23350.0,21900.0,23250.0,125835.0,383310
2026-10-01,20250.0,21100.0,19830.0,20850.0,279078.0,348340
2026-10-01,9440.0,9990.0,9330.0,9920.0,76733.0,211050
2026-10-01,15960.0,16050.0,15610.0,16030.0,79344.0,033500
2026-10-01,7800.0,8240.0,7180.0,7500.0,1517335.0,187660
2026-10-01,55500.0,57800.0,54600.0,57600.0,141412.0,098120
2026-10-01,25400.0,28600.0,25300.0,28500.0,246186.0,089010
2026-10-01,5680.0,5940.0,5650.0,5940.0,857116.0,041190
2026-10-01,35750.0,36600.0,35300.0,36400.0,19543.0,365340
2026-10-01,12640.0,12790.0,12320.0,12640.0,402431.0,019210
2026-10-01,20350.0,21600.0,20000.0,21500.0,113100.0,348370
2026-10-01,104300.0,104400.0,103200.0,103700.0,670.0,034950
2026-10-01,3735.0,3870.0,3680.0,3860.0,1064950.0,027360
2026-10-01,5770.0,5840.0,5760.0,5830.0,134250.0,015750
2026-10-01,4120.0,4150.0,4000.0,4135.0,2887719.0,069540
2026-10-01,11650.0,12200.0,11440.0,12190.0,333351.0,056080
2026-10-01,40850.0,44000.0,40300.0,43650.0,246552.0,170920
2026-10-01,12960.0,13020.0,12775.0,13000.0,43374.0,460930
2026-10-01,36350.0,38000.0,36250.0,37600.0,94494.0,078340
2026-10-01,2190.0,2230.0,2150.0,2195.0,170824.0,035890
2026-10-01,16520.0,18910.0,16330.0,18630.0,1532575.0,033160
2026-10-01,35000.0,37200.0,34950.0,37200.0,24264.0,278280
2026-10-01,12940.0,14830.0,12810.0,14590.0,1484561.0,079370
2026-10-01,3930.0,3930.0,3655.0,3700.0,864669.0,067630
2026-10-01,12820.0,13760.0,12720.0,13660.0,163808.0,368770
2026-10-01,21350.0,22450.0,21200.0,22400.0,109734.0,272290
2026-10-01,4850.0,5000.0,4815.0,4980.0,332393.0,336570
2026-10-01,27650.0,28200.0,27450.0,27700.0,56680.0,340570
2026-10-01,18440.0,18840.0,18040.0,18700.0,78357.0,376300
2026-10-01,9240.0,10480.0,9190.0,10140.0,1999777.0,200470
2026-10-01,11630.0,12190.0,11460.0,12150.0,712253.0,125490
2026-10-01,14770.0,15890.0,14770.0,15590.0,280961.0,114810
2026-10-01,19730.0,20550.0,19400.0,20500.0,293175.0,486990
2026-10-01,21400.0,22050.0,21250.0,21900.0,191422.0,290550
2026-10-01,12110.0,12670.0,12060.0,12530.0,178335.0,018290
2026-10-01,40100.0,43200.0,39550.0,42550.0,29637.0,241770
2026-10-01,36700.0,37200.0,35900.0,36350.0,20321.0,013030
2026-10-01,18340.0,19260.0,18190.0,18570.0,791951.0,417840
2026-10-01,29200.0,32300.0,28950.0,31950.0,361870.0,159010
2026-10-01,17080.0,17480.0,16970.0,17330.0,71037.0,030520
2026-10-01,8480.0,9190.0,8320.0,9010.0,232065.0,092190
2026-10-01,8960.0,9020.0,8500.0,9020.0,1678411.0,332570
2026-10-01,18420.0,22000.0,18100.0,21850.0,1347849.0,052710
2026-10-01,36100.0,36600.0,36000.0,36400.0,32449.0,067160
2026-10-01,5730.0,5950.0,5720.0,5810.0,509847.0,204620
2026-10-01,36250.0,38800.0,35850.0,38750.0,81759.0,348210
2026-10-01,22900.0,26250.0,22800.0,26100.0,393715.0,039440
2026-10-01,20750.0,23400.0,20750.0,22600.0,696685.0,477850
2026-10-01,57100.0,58800.0,56700.0,57500.0,13819.0,236200
2026-10-01,4660.0,4780.0,4600.0,4750.0,396626.0,101730
2026-10-01,9120.0,9510.0,9070.0,9420.0,390944.0,441270
2026-10-01,27650.0,29450.0,27650.0,29400.0,132527.0,200710
2026-10-01,3465.0,3570.0,3440.0,3510.0,77960.0,078130
2026-10-01,30800.0,33350.0,30200.0,32250.0,402140.0,330860
2026-10-01,17700.0,18140.0,17600.0,18010.0,38890.0,095660
2026-10-01,25250.0,29200.0,25100.0,29100.0,182121.0,389470
2026-10-01,36800.0,37400.0,36700.0,37200.0,30387.0,215200
2026-10-01,41300.0,41900.0,40750.0,41750.0,36031.0,107640
2026-10-01,23000.0,23600.0,22750.0,23250.0,29188.0,092730
2026-10-01,11800.0,11820.0,10700.0,11190.0,594228.0,047920
2026-10-01,28200.0,29950.0,27550.0,29500.0,286009.0,138080
2026-10-01,9000.0,9400.0,8950.0,9350.0,44136.0,078160
2026-10-01,7010.0,7200.0,6990.0,7180.0,41181.0,025900
2026-10-01,6550.0,6600.0,6490.0,6520.0,28981.0,078020
2026-10-01,3795.0,3930.0,3750.0,3925.0,366047.0,025320
2026-10-01,11470.0,11750.0,11390.0,11620.0,125710.0,069080
2026-10-01,32400.0,32600.0,32100.0,32150.0,2224.0,003800
2026-10-01,17600.0,18900.0,17450.0,18870.0,119650.0,110990
2026-10-01,7800.0,8000.0,7520.0,7780.0,170577.0,036800
2026-10-01,8160.0,8610.0,8100.0,8590.0,239033.0,060280
2026-10-01,7350.0,7370.0,7110.0,7220.0,453583.0,006910
2026-10-01,61800.0,62100.0,30100.0,30550.0,15023234.0,468670
2026-10-01,10060.0,10850.0,10025.0,10400.0,254713.0,393890
2026-10-01,29400.0,29500.0,28800.0,29250.0,12951.0,093520
2026-10-01,18280.0,20100.0,17140.0,18450.0,2260477.0,386380
2026-10-01,21800.0,23000.0,21550.0,22850.0,40225.0,372320
2026-10-01,17670.0,19460.0,16690.0,17370.0,5441193.0,486510
2026-10-01,4545.0,4930.0,4505.0,4860.0,599810.0,061970
2026-10-01,22950.0,23500.0,22050.0,23300.0,582928.0,456010
2026-10-01,14750.0,15070.0,14560.0,15070.0,96112.0,117730
2026-10-01,3555.0,3785.0,3445.0,3650.0,701447.0,900290
2026-10-01,3730.0,3755.0,3600.0,3745.0,234840.0,036620
2026-10-01,4340.0,4470.0,4310.0,4455.0,393054.0,064260
2026-10-01,39650.0,40650.0,32400.0,32650.0,7906343.0,0035S0
2026-10-01,13980.0,15450.0,13850.0,15410.0,564352.0,482630
2026-10-01,21300.0,21700.0,21050.0,21650.0,21835.0,455900
2026-10-01,52500.0,55000.0,51100.0,54900.0,42435.0,448900
2026-10-01,15770.0,16090.0,15670.0,16070.0,75985.0,017890
2026-10-01,14000.0,14850.0,13700.0,14850.0,193082.0,168360
2026-10-01,2375.0,2385.0,2290.0,2375.0,472961.0,215600
2026-10-01,10150.0,10770.0,10060.0,10760.0,316047.0,036200
2026-10-01,1125.0,1140.0,1099.0,1128.0,404451.0,018000
2026-10-01,7650.0,7970.0,7650.0,7680.0,33560.0,121440
2026-10-01,36500.0,37700.0,36100.0,36450.0,25097.0,199800
2026-10-01,11120.0,11710.0,10940.0,11220.0,581892.0,446540
2026-10-01,14210.0,15000.0,14020.0,14810.0,1106866.0,425040
2026-10-01,22050.0,23300.0,21800.0,23250.0,259288.0,234340
2026-10-01,7430.0,7500.0,7050.0,7390.0,836599.0,046970
2026-10-01,37900.0,39700.0,37600.0,39050.0,35719.0,452430
2026-10-01,20950.0,23750.0,20450.0,22500.0,222252.0,042520
2026-10-01,27300.0,29950.0,27100.0,29300.0,197816.0,160980
2026-10-01,13990.0,15130.0,13810.0,15010.0,366661.0,086390
2026-10-01,3260.0,3460.0,3240.0,3450.0,750687.0,424870
2026-10-01,8360.0,8610.0,8230.0,8590.0,69992.0,206650
2026-10-01,12080.0,12760.0,11900.0,12690.0,96187.0,228760
2026-10-01,16940.0,19900.0,16340.0,16650.0,14120254.0,266690
2026-10-01,10590.0,10810.0,10210.0,10810.0,44767.0,488900
2026-10-01,19220.0,20650.0,18970.0,20550.0,108651.0,265520
2026-10-01,7250.0,7380.0,7050.0,7320.0,230520.0,484590
2026-10-01,18000.0,18540.0,17870.0,18510.0,59124.0,049070
2026-10-01,21600.0,23100.0,21550.0,22900.0,21490.0,084110
2026-10-01,24700.0,25900.0,24700.0,25800.0,21621.0,200670
2026-10-01,23900.0,24150.0,23750.0,23900.0,9408.0,054950
2026-10-01,16860.0,16900.0,16570.0,16810.0,7464.0,092460
2026-10-01,20700.0,21350.0,20650.0,21200.0,7091.0,352480
2026-10-01,7720.0,7770.0,7610.0,7690.0,20058.0,025770
2026-10-01,10720.0,11040.0,10660.0,10970.0,569052.0,042370
2026-10-01,4455.0,4455.0,4385.0,4450.0,69265.0,035810
2026-10-01,11850.0,11970.0,11410.0,11700.0,20097.0,071200
2026-10-01,20100.0,21450.0,20100.0,21350.0,204056.0,091580
2026-10-01,6400.0,9440.0,6400.0,8720.0,25918503.0,439960
2026-10-01,2650.0,2655.0,2635.0,2645.0,143704.0,136480
2026-10-01,6140.0,6210.0,6020.0,6160.0,14274.0,101930
2026-10-01,41400.0,42350.0,40700.0,42100.0,35886.0,389500
2026-10-01,5110.0,5420.0,5000.0,5360.0,415785.0,314130
2026-10-01,9450.0,9560.0,9340.0,9340.0,5215.0,448280
2026-10-01,2705.0,2735.0,2575.0,2710.0,1400165.0,203650
2026-10-01,17220.0,18480.0,16840.0,18280.0,45742.0,287840
2026-10-01,4835.0,4980.0,4690.0,4780.0,22311.0,472850
2026-10-01,6260.0,6350.0,6060.0,6340.0,1049284.0,024840
2026-10-01,12620.0,13300.0,11800.0,11890.0,2227144.0,012210
2026-10-01,32600.0,33850.0,31400.0,33100.0,45143.0,389650
2026-10-01,9850.0,10390.0,9830.0,10350.0,136295.0,394280
2026-10-01,12310.0,12780.0,12220.0,12780.0,111759.0,094360
2026-10-01,25750.0,27050.0,25550.0,26950.0,39890.0,294570
2026-10-01,20750.0,21750.0,19990.0,21600.0,30378.0,304360
2026-10-01,12400.0,12640.0,12230.0,12420.0,33398.0,378340
2026-10-01,0.0,0.0,0.0,21000.0,0.0,309710
2026-10-01,40450.0,42450.0,39550.0,42000.0,76786.0,354320
2026-10-01,9780.0,9830.0,9650.0,9730.0,33103.0,035600
2026-10-01,24300.0,25250.0,23950.0,24450.0,43247.0,484120
2026-10-01,13680.0,14200.0,13240.0,13870.0,1202487.0,452280
2026-10-01,17210.0,18470.0,16850.0,18420.0,160842.0,254490
2026-10-01,0.0,0.0,0.0,3670.0,0.0,182400
2026-10-01,17530.0,17920.0,17500.0,17880.0,12474.0,043150
2026-10-01,24450.0,24450.0,23600.0,23650.0,51252.0,098070
2026-10-01,16480.0,17940.0,16340.0,17700.0,88784.0,493280
2026-10-01,10970.0,11100.0,10890.0,11070.0,50743.0,060720
2026-10-01,12490.0,12840.0,12390.0,12800.0,30438.0,317330
2026-10-01,3860.0,3895.0,3815.0,3840.0,113166.0,099440
2026-10-01,23800.0,26600.0,23450.0,25950.0,293582.0,011560
2026-10-01,12300.0,12900.0,11860.0,12860.0,450860.0,112290
2026-10-01,30900.0,33250.0,30300.0,32400.0,143210.0,272110
2026-10-01,5150.0,5230.0,5130.0,5200.0,61875.0,091700
2026-10-01,16090.0,16260.0,15900.0,16240.0,21340.0,089980
2026-10-01,9310.0,9610.0,9310.0,9380.0,42139.0,068930
2026-10-01,4535.0,4900.0,4495.0,4860.0,358413.0,036710
2026-10-01,0.0,0.0,0.0,3320.0,0.0,121800
2026-10-01,32050.0,34000.0,31700.0,33700.0,50464.0,073490
2026-10-01,21700.0,21900.0,21250.0,21500.0,7154.0,051500
2026-10-01,32950.0,33250.0,32750.0,33050.0,4171.0,267980
2026-10-01,0.0,0.0,0.0,4080.0,0.0,377460
2026-10-01,27250.0,28350.0,26950.0,28200.0,24536.0,100120
2026-10-01,7910.0,8300.0,7550.0,7600.0,943225.0,032580
2026-10-01,5390.0,5390.0,5120.0,5340.0,116341.0,0011T0
2026-10-01,11600.0,11600.0,11280.0,11390.0,96061.0,036890
2026-10-01,5270.0,5300.0,5210.0,5290.0,20057.0,151860
2026-10-01,3225.0,3250.0,3210.0,3250.0,70061.0,023410
2026-10-01,14990.0,15230.0,14810.0,15050.0,62764.0,439090
2026-10-01,21750.0,22650.0,21500.0,22650.0,28939.0,445090
2026-10-01,6040.0,6040.0,5830.0,5840.0,33650.0,067390
2026-10-01,14570.0,14570.0,13890.0,14190.0,15646.0,377450
2026-10-01,7670.0,7900.0,7670.0,7890.0,29894.0,064820
2026-10-01,18310.0,18500.0,18100.0,18260.0,12021.0,461300
2026-10-01,4895.0,4995.0,4890.0,4950.0,52775.0,036030
2026-10-01,8740.0,8990.0,8660.0,8975.0,121600.0,108860
2026-10-01,19930.0,21300.0,19830.0,21150.0,42701.0,064850
2026-10-01,11200.0,11440.0,11200.0,11370.0,7295.0,043370
2026-10-01,16380.0,17260.0,16000.0,17200.0,112480.0,085910
2026-10-01,32650.0,33350.0,32350.0,32800.0,8349.0,376270
2026-10-01,6110.0,6360.0,5950.0,6240.0,181362.0,450950
2026-10-01,12910.0,13230.0,12860.0,13200.0,55394.0,389260
2026-10-01,24800.0,25650.0,24550.0,25450.0,17267.0,065680
2026-10-01,2500.0,2505.0,2400.0,2460.0,450258.0,115450
2026-10-01,25250.0,25950.0,24750.0,25850.0,25637.0,416180
2026-10-01,14030.0,14680.0,13980.0,14660.0,35459.0,144510
2026-10-01,19010.0,19330.0,18910.0,19320.0,11630.0,243070
2026-10-01,5670.0,5900.0,5640.0,5860.0,182980.0,094480
2026-10-01,2290.0,2395.0,2290.0,2330.0,28562.0,180400
2026-10-01,10410.0,10670.0,10180.0,10350.0,48734.0,365270
2026-10-01,7900.0,7950.0,7770.0,7940.0,24354.0,200130
2026-10-01,8900.0,8900.0,8640.0,8730.0,173433.0,114190
2026-10-01,3555.0,3700.0,3530.0,3670.0,332174.0,099430
2026-10-01,4150.0,4295.0,4120.0,4205.0,153555.0,298830
2026-10-01,8180.0,8490.0,8040.0,8480.0,140190.0,241520
2026-10-01,43750.0,44350.0,42900.0,43500.0,5732.0,065710
2026-10-01,36100.0,36100.0,35550.0,35700.0,4325.0,215000
2026-10-01,3265.0,3395.0,3190.0,3280.0,4023301.0,256840
2026-10-01,6340.0,6340.0,5900.0,5990.0,249748.0,216080
2026-10-01,14650.0,15200.0,14650.0,15180.0,7813.0,018310
2026-10-01,15530.0,15820.0,15400.0,15810.0,27183.0,190510
2026-10-01,18190.0,18870.0,18070.0,18870.0,43725.0,475400
2026-10-01,24450.0,25450.0,24100.0,25400.0,105712.0,382900
2026-10-01,41300.0,41650.0,39400.0,40700.0,54983.0,061090
2026-10-01,1414.0,1414.0,1399.0,1400.0,63801.0,023760
2026-10-01,11800.0,12270.0,11710.0,12190.0,50839.0,237880
2026-10-01,23150.0,23500.0,23150.0,23300.0,7781.0,0008Z0
2026-10-01,8250.0,8530.0,8250.0,8510.0,133493.0,064550
2026-10-01,8700.0,9450.0,8700.0,9290.0,949805.0,340450
2026-10-01,2185.0,2315.0,2160.0,2305.0,1879897.0,078150
2026-10-01,5700.0,5930.0,5520.0,5910.0,203495.0,307180
2026-10-01,5470.0,5620.0,5430.0,5590.0,85351.0,243840
2026-10-01,11390.0,11620.0,11340.0,11610.0,32642.0,067080
2026-10-01,8310.0,8540.0,8200.0,8450.0,34467.0,0001A0
2026-10-01,2200.0,2325.0,2160.0,2295.0,584854.0,217730
2026-10-01,7060.0,7680.0,7040.0,7600.0,117170.0,293780
2026-10-01,4500.0,4565.0,4390.0,4425.0,97960.0,019010
2026-10-01,2955.0,3040.0,2935.0,3025.0,463420.0,045390
2026-10-01,11010.0,12120.0,11010.0,11920.0,201856.0,083310
2026-10-01,9600.0,9730.0,9450.0,9700.0,12898.0,206640
2026-10-01,6180.0,6500.0,6160.0,6470.0,48477.0,053030
2026-10-01,6800.0,6830.0,6640.0,6800.0,89052.0,095500
2026-10-01,23400.0,24650.0,22800.0,24050.0,367223.0,126730
2026-10-01,6040.0,6230.0,5840.0,6230.0,169566.0,462350
2026-10-01,10530.0,10730.0,10360.0,10510.0,9840.0,005710
2026-10-01,6000.0,6020.0,5820.0,6000.0,439622.0,125020
2026-10-01,6400.0,6720.0,6250.0,6630.0,649821.0,394800
2026-10-01,2820.0,2900.0,2765.0,2885.0,414469.0,462860
2026-10-01,16700.0,16870.0,16500.0,16770.0,10736.0,058970
2026-10-01,16890.0,18450.0,16050.0,17040.0,2105848.0,0161M0
2026-10-01,0.0,0.0,0.0,8450.0,0.0,380540
2026-10-01,6690.0,7010.0,6600.0,6920.0,37531.0,314930
2026-10-01,4215.0,4220.0,4160.0,4220.0,2164.0,950170
2026-10-01,34400.0,34800.0,33950.0,34300.0,3112.0,036190
2026-10-01,14620.0,14740.0,13970.0,14260.0,14600.0,481070
2026-10-01,4460.0,4500.0,4390.0,4490.0,57349.0,014940
2026-10-01,5070.0,5160.0,5030.0,5160.0,80927.0,053300
2026-10-01,22000.0,22600.0,21950.0,22400.0,24095.0,049430
2026-10-01,15270.0,15620.0,15120.0,15610.0,29635.0,459510
2026-10-01,14180.0,16550.0,14180.0,16420.0,257170.0,405100
2026-10-01,6140.0,6140.0,6020.0,6090.0,33776.0,353810
2026-10-01,17580.0,17900.0,17290.0,17850.0,45577.0,199430
2026-10-01,9880.0,11290.0,9700.0,11130.0,1026038.0,234690
2026-10-01,6790.0,6980.0,6610.0,6900.0,37966.0,176750
2026-10-01,3000.0,3135.0,2965.0,3135.0,49685.0,126600
2026-10-01,19820.0,21000.0,19530.0,19620.0,583387.0,0010S0
2026-10-01,5940.0,6150.0,5790.0,6110.0,1799282.0,382800
2026-10-01,14080.0,14790.0,13930.0,14760.0,93641.0,102940
2026-10-01,0.0,0.0,0.0,2410.0,0.0,080720
2026-10-01,2100.0,2115.0,2050.0,2110.0,110031.0,013120
2026-10-01,14570.0,15260.0,14510.0,15190.0,58432.0,304100
2026-10-01,19150.0,19600.0,18860.0,19200.0,47815.0,086670
2026-10-01,5280.0,5330.0,5110.0,5250.0,121606.0,452450
2026-10-01,11900.0,12080.0,11900.0,11990.0,1114.0,036560
2026-10-01,5970.0,5970.0,5890.0,5960.0,7254.0,034810
2026-10-01,9650.0,10650.0,9500.0,10130.0,183940.0,041920
2026-10-01,0.0,0.0,0.0,994.0,0.0,016790
2026-10-01,10230.0,10270.0,9940.0,10030.0,289500.0,388050
2026-10-01,10290.0,10400.0,9980.0,10390.0,70847.0,464080
2026-10-01,11830.0,12110.0,11680.0,12100.0,57537.0,484810
2026-10-01,18330.0,18350.0,17790.0,18300.0,31553.0,419530
2026-10-01,10440.0,10550.0,10360.0,10500.0,3729.0,052330
2026-10-01,22700.0,22900.0,22300.0,22850.0,3336.0,042420
2026-10-01,10100.0,10250.0,10000.0,10150.0,57468.0,194700
2026-10-01,8130.0,8190.0,8010.0,8140.0,7639.0,084850
2026-10-01,15540.0,16310.0,15480.0,16300.0,55850.0,138610
2026-10-01,17550.0,17550.0,17050.0,17210.0,11680.0,143240
2026-10-01,24750.0,24800.0,24200.0,24600.0,4047.0,066620
2026-10-01,6810.0,7150.0,6670.0,7130.0,103672.0,220100
2026-10-01,13980.0,14600.0,13660.0,14550.0,81168.0,163730
2026-10-01,12410.0,12580.0,12200.0,12520.0,17336.0,083930
2026-10-01,13960.0,14450.0,13510.0,14300.0,40701.0,308430
2026-10-01,13550.0,13770.0,13160.0,13750.0,88887.0,230240
2026-10-01,6780.0,6970.0,6580.0,6900.0,138531.0,119830
2026-10-01,15830.0,16490.0,15380.0,16300.0,63909.0,318060
2026-10-01,29800.0,29800.0,29150.0,29300.0,1635.0,192440
2026-10-01,23200.0,23400.0,22450.0,22900.0,217109.0,123330
2026-10-01,12300.0,13160.0,12200.0,13100.0,91494.0,187870
2026-10-01,11920.0,12040.0,11750.0,12000.0,62500.0,094820
2026-10-01,5540.0,5550.0,5240.0,5360.0,573701.0,046120
2026-10-01,7890.0,8270.0,7890.0,8130.0,92731.0,068790
2026-10-01,11760.0,12120.0,11760.0,11930.0,330897.0,024060
2026-10-01,3455.0,3510.0,3260.0,3290.0,410310.0,005160
2026-10-01,13780.0,13780.0,13420.0,13770.0,32531.0,214180
2026-10-01,31050.0,31200.0,29500.0,30850.0,143908.0,417030
2026-10-01,22250.0,23100.0,22000.0,22800.0,123060.0,355150
2026-10-01,6750.0,6890.0,6500.0,6870.0,33314.0,086820
2026-10-01,18350.0,18630.0,18300.0,18600.0,4203.0,108380
2026-10-01,2845.0,2955.0,2755.0,2920.0,109282.0,082800
2026-10-01,14580.0,15310.0,14000.0,15190.0,63732.0,0015G0
2026-10-01,19320.0,19790.0,19210.0,19510.0,72355.0,263860
2026-10-01,15700.0,15740.0,14740.0,15360.0,38214.0,119610
2026-10-01,58800.0,61000.0,58700.0,60600.0,10703.0,260970
2026-10-01,2780.0,2870.0,2745.0,2865.0,125009.0,036170
2026-10-01,12400.0,12400.0,11940.0,12220.0,37266.0,403850
2026-10-01,4575.0,4620.0,4485.0,4600.0,174799.0,039860
2026-10-01,5520.0,6000.0,5480.0,5750.0,489091.0,264850
2026-10-01,11900.0,13340.0,11500.0,13110.0,103828.0,0082N0
2026-10-01,12400.0,12680.0,12220.0,12660.0,237626.0,274090
2026-10-01,9700.0,10140.0,9550.0,10140.0,118284.0,445180
2026-10-01,15460.0,16480.0,15460.0,16200.0,48943.0,039830
2026-10-01,1112.0,1161.0,1088.0,1150.0,2107900.0,255220
2026-10-01,3745.0,3815.0,3560.0,3760.0,396797.0,084990
2026-10-01,14150.0,14490.0,13880.0,14240.0,43489.0,194480
2026-10-01,11050.0,11590.0,10900.0,11530.0,55005.0,126700
2026-10-01,2350.0,2355.0,2285.0,2355.0,262077.0,012860
2026-10-01,14200.0,14430.0,14180.0,14270.0,1129.0,092130
2026-10-01,12040.0,12610.0,11830.0,12550.0,107378.0,149950
2026-10-01,7550.0,7780.0,7360.0,7740.0,61095.0,199820
2026-10-01,13230.0,13510.0,13230.0,13480.0,15947.0,270660
2026-10-01,6710.0,6720.0,6590.0,6670.0,54942.0,122990
2026-10-01,15970.0,15970.0,15600.0,15950.0,3636.0,143160
2026-10-01,11590.0,11590.0,10910.0,11570.0,26193.0,489460
2026-10-01,30200.0,31200.0,30000.0,31200.0,2947.0,357550
2026-10-01,20000.0,21200.0,20000.0,21150.0,6622.0,372170
2026-10-01,5110.0,5160.0,5070.0,5130.0,103772.0,013990
2026-10-01,6850.0,7230.0,6800.0,7215.0,157524.0,049630
2026-10-01,3195.0,3235.0,3185.0,3230.0,27006.0,032620
2026-10-01,6620.0,6690.0,6490.0,6660.0,150674.0,054210
2026-10-01,10880.0,12750.0,10870.0,11870.0,553413.0,432720
2026-10-01,3420.0,3420.0,3050.0,3175.0,1752731.0,290690
2026-10-01,2645.0,2815.0,2605.0,2785.0,725841.0,289080
2026-10-01,0.0,0.0,0.0,741.0,0.0,245620
2026-10-01,6000.0,6010.0,5910.0,5970.0,35133.0,123410
2026-10-01,2985.0,3005.0,2910.0,2980.0,1771196.0,067290
2026-10-01,10060.0,10060.0,9940.0,9990.0,2465.0,038390
2026-10-01,6920.0,7180.0,6810.0,7160.0,141464.0,051370
2026-10-01,11240.0,11430.0,11020.0,11380.0,41450.0,264450
2026-10-01,1811.0,1825.0,1800.0,1812.0,42963.0,104480
2026-10-01,13710.0,14400.0,13550.0,14150.0,419960.0,478340
2026-10-01,13440.0,14220.0,13390.0,14160.0,76250.0,092070
2026-10-01,8200.0,8240.0,8090.0,8240.0,7279.0,950140
2026-10-01,8910.0,9050.0,8800.0,9030.0,144884.0,032940
2026-10-01,2140.0,2200.0,2100.0,2160.0,103842.0,088800
2026-10-01,14660.0,15240.0,14400.0,15070.0,284318.0,488280
2026-10-01,26700.0,28600.0,26350.0,28200.0,18707.0,474650
2026-10-01,3000.0,3000.0,2890.0,2910.0,57448.0,204610
2026-10-01,9730.0,10800.0,9590.0,10630.0,146490.0,494120
2026-10-01,8620.0,9050.0,8540.0,8970.0,145729.0,251370
2026-10-01,5460.0,6430.0,5370.0,6115.0,16184469.0,396300
2026-10-01,2800.0,2865.0,2700.0,2820.0,3092647.0,267320
2026-10-01,2960.0,3015.0,2915.0,2995.0,167183.0,475040
2026-10-01,5200.0,5280.0,5060.0,5280.0,254611.0,388790
2026-10-01,14260.0,15080.0,14170.0,14970.0,83250.0,226590
2026-10-01,0.0,0.0,0.0,1153.0,0.0,066410
2026-10-01,5010.0,5010.0,4880.0,4990.0,44441.0,418550
2026-10-01,12540.0,12800.0,12380.0,12770.0,16526.0,402030
2026-10-01,5340.0,5490.0,5210.0,5260.0,1808831.0,052260
2026-10-01,8240.0,8390.0,8050.0,8200.0,10013.0,093190
2026-10-01,13100.0,13400.0,12960.0,13010.0,6611.0,123860
2026-10-01,8230.0,8400.0,8160.0,8340.0,18859.0,080160
2026-10-01,11860.0,12060.0,11520.0,11680.0,64796.0,051160
2026-10-01,12630.0,13100.0,12550.0,12930.0,29786.0,041520
2026-10-01,6410.0,6460.0,6370.0,6420.0,20954.0,118990
2026-10-01,26150.0,26400.0,25950.0,26250.0,5318.0,023910
2026-10-01,3755.0,3960.0,3755.0,3885.0,50731.0,086890
2026-10-01,13270.0,13360.0,13120.0,13130.0,10356.0,072870
2026-10-01,3060.0,3170.0,3050.0,3150.0,146854.0,041020
2026-10-01,9980.0,10390.0,9980.0,10340.0,60038.0,054450
2026-10-01,4510.0,4510.0,4350.0,4400.0,24332.0,024800
2026-10-01,23200.0,24450.0,22900.0,24450.0,16269.0,489500
2026-10-01,26400.0,26450.0,26000.0,26100.0,6525.0,067280
2026-10-01,5020.0,5050.0,4985.0,5020.0,19487.0,011040
2026-10-01,15110.0,15120.0,14740.0,14860.0,2053.0,054800
2026-10-01,8200.0,8770.0,8090.0,8650.0,451672.0,102120
2026-10-01,4720.0,4720.0,4575.0,4665.0,12354.0,093640
2026-10-01,4545.0,4820.0,4390.0,4755.0,326383.0,220260
2026-10-01,9040.0,9260.0,9000.0,9210.0,19198.0,300080
2026-10-01,8850.0,8890.0,8690.0,8870.0,9952.0,078070
2026-10-01,4595.0,4670.0,4550.0,4665.0,18665.0,179290
2026-10-01,8310.0,8380.0,7850.0,8010.0,882894.0,0039P0
2026-10-01,4110.0,4160.0,4040.0,4140.0,381420.0,413630
2026-10-01,14690.0,15050.0,14570.0,15040.0,9425.0,065660
2026-10-01,1760.0,1800.0,1730.0,1795.0,53496.0,205500
2026-10-01,18360.0,18830.0,18090.0,18690.0,72964.0,0007C0
2026-10-01,15000.0,15980.0,14900.0,15950.0,118227.0,322310
2026-10-01,10000.0,10000.0,9900.0,9910.0,9132.0,007330
2026-10-01,6050.0,6350.0,6020.0,6230.0,2391523.0,452190
2026-10-01,19660.0,19860.0,18760.0,19370.0,524904.0,387690
2026-10-01,8000.0,8340.0,7830.0,8290.0,64962.0,101360
2026-10-01,12150.0,12160.0,11800.0,11920.0,9437.0,042600
2026-10-01,14500.0,15130.0,14310.0,15120.0,61269.0,264660
2026-10-01,4020.0,4040.0,3980.0,4035.0,35952.0,046440
2026-10-01,4495.0,4875.0,4495.0,4860.0,130700.0,321550
2026-10-01,4170.0,4260.0,3900.0,4100.0,1467049.0,950250
2026-10-01,10430.0,11230.0,10260.0,10930.0,248499.0,232680
2026-10-01,13270.0,14980.0,13170.0,14690.0,233900.0,0088M0
2026-10-01,15240.0,15400.0,15000.0,15400.0,7975.0,049960
2026-10-01,9010.0,9050.0,8960.0,9040.0,1416.0,023600
2026-10-01,3000.0,3140.0,2745.0,2925.0,614969.0,134580
2026-10-01,10770.0,11310.0,10570.0,11240.0,29327.0,146320
2026-10-01,13090.0,13280.0,12950.0,13190.0,5078.0,069510
2026-10-01,3980.0,4060.0,3980.0,4045.0,16637.0,148150
2026-10-01,7010.0,7120.0,6980.0,7120.0,87042.0,147830
2026-10-01,4040.0,4380.0,4000.0,4335.0,734048.0,417500
2026-10-01,10650.0,10680.0,10410.0,10670.0,1337.0,005990
2026-10-01,3995.0,4820.0,3995.0,4575.0,750114.0,351320
2026-10-01,8430.0,8680.0,8330.0,8550.0,116344.0,228850
2026-10-01,15370.0,15900.0,15210.0,15850.0,49655.0,469610
2026-10-01,7360.0,7720.0,7280.0,7710.0,478691.0,059120
2026-10-01,9580.0,9590.0,9300.0,9490.0,1102.0,115310
2026-10-01,8640.0,9460.0,7410.0,7500.0,3199909.0,053260
2026-10-01,5910.0,6380.0,5860.0,6270.0,176565.0,156100
2026-10-01,1600.0,1604.0,1583.0,1593.0,127657.0,048870
2026-10-01,10200.0,10390.0,10050.0,10390.0,36464.0,212560
2026-10-01,9540.0,9540.0,9320.0,9410.0,2211.0,101970
2026-10-01,7450.0,7590.0,6700.0,6720.0,644163.0,222040
2026-10-01,6350.0,6760.0,6250.0,6660.0,249977.0,142210
2026-10-01,8930.0,9190.0,8780.0,9150.0,44323.0,211270
2026-10-01,6090.0,6930.0,6090.0,6870.0,172690.0,256940
2026-10-01,12430.0,12430.0,12110.0,12150.0,19240.0,089600
2026-10-01,12220.0,12790.0,12220.0,12760.0,21416.0,038290
2026-10-01,8220.0,8390.0,8020.0,8340.0,37275.0,451760
2026-10-01,8250.0,8320.0,8140.0,8260.0,14361.0,114840
2026-10-01,7390.0,7900.0,7060.0,7600.0,56224.0,052860
2026-10-01,10180.0,10640.0,10180.0,10620.0,37165.0,140670
2026-10-01,4980.0,5030.0,4835.0,4985.0,6331.0,035610
2026-10-01,3450.0,3600.0,3445.0,3585.0,371077.0,047770
2026-10-01,20500.0,20550.0,20300.0,20500.0,3943.0,003100
2026-10-01,8150.0,8800.0,7940.0,8450.0,27087.0,105330
2026-10-01,1576.0,1576.0,1523.0,1537.0,606575.0,138360
2026-10-01,2940.0,2975.0,2935.0,2955.0,18705.0,060150
2026-10-01,7460.0,7990.0,7420.0,7980.0,198572.0,402490
2026-10-01,3845.0,3955.0,3790.0,3840.0,478410.0,126640
2026-10-01,7430.0,7600.0,7340.0,7520.0,136295.0,265740
2026-10-01,4650.0,4770.0,4580.0,4750.0,333890.0,054920
2026-10-01,4700.0,4925.0,4610.0,4910.0,101624.0,297090
2026-10-01,8480.0,8790.0,8360.0,8740.0,147177.0,071280
2026-10-01,6220.0,6400.0,6130.0,6380.0,104218.0,240550
2026-10-01,10690.0,10820.0,10160.0,10510.0,204227.0,0015N0
2026-10-01,5000.0,5180.0,4950.0,5150.0,51697.0,322510
2026-10-01,5300.0,5420.0,5200.0,5400.0,373344.0,158430
2026-10-01,10740.0,10750.0,10630.0,10700.0,11986.0,136540
2026-10-01,3340.0,3370.0,3230.0,3280.0,171942.0,073010
2026-10-01,8030.0,8580.0,7950.0,8540.0,34408.0,338840
2026-10-01,14000.0,14160.0,13660.0,14120.0,44452.0,457550
2026-10-01,6610.0,6670.0,6570.0,6580.0,42675.0,037070
2026-10-01,4230.0,4325.0,4185.0,4255.0,74665.0,418420
2026-10-01,13000.0,13490.0,12710.0,13340.0,19247.0,094840
2026-10-01,9940.0,10170.0,9860.0,10020.0,29715.0,001540
2026-10-01,9100.0,9170.0,9100.0,9130.0,6493.0,049720
2026-10-01,10680.0,11020.0,10640.0,11000.0,19618.0,282880
2026-10-01,12090.0,12260.0,12050.0,12170.0,21953.0,285490
2026-10-01,12750.0,13190.0,12750.0,13190.0,16025.0,361390
2026-10-01,10480.0,10680.0,10230.0,10600.0,50316.0,141000
2026-10-01,11560.0,11560.0,11350.0,11430.0,11373.0,035080
2026-10-01,9380.0,9550.0,9360.0,9520.0,8840.0,039840
2026-10-01,2700.0,2810.0,2700.0,2805.0,109068.0,095700
2026-10-01,12760.0,14610.0,12740.0,14160.0,134639.0,172670
2026-10-01,9720.0,9770.0,9610.0,9760.0,3176.0,950190
2026-10-01,11610.0,11890.0,11110.0,11730.0,603639.0,115440
2026-10-01,16750.0,16920.0,16570.0,16780.0,14362.0,079960
2026-10-01,7670.0,8330.0,7670.0,8310.0,286716.0,037350
2026-10-01,10610.0,10620.0,10160.0,10550.0,121279.0,115500
2026-10-01,2270.0,2340.0,2255.0,2335.0,62365.0,307750
2026-10-01,0.0,0.0,0.0,2885.0,0.0,036690
2026-10-01,6060.0,6260.0,6060.0,6200.0,89488.0,417010
2026-10-01,3205.0,3300.0,3175.0,3285.0,129731.0,108230
2026-10-01,6940.0,7090.0,6760.0,6980.0,21472.0,474170
2026-10-01,1101.0,1114.0,1100.0,1113.0,78581.0,027710
2026-10-01,1550.0,1562.0,1530.0,1555.0,2094.0,080420
2026-10-01,7000.0,7040.0,6900.0,7030.0,7375.0,009780
2026-10-01,2890.0,2890.0,2840.0,2860.0,13249.0,408920
2026-10-01,14990.0,16450.0,14470.0,15360.0,3789001.0,072950
2026-10-01,0.0,0.0,0.0,1190.0,0.0,056090
2026-10-01,6260.0,6360.0,6200.0,6360.0,167033.0,008830
2026-10-01,13750.0,14830.0,13640.0,14690.0,94701.0,083500
2026-10-01,5790.0,5800.0,5600.0,5720.0,6984.0,021320
2026-10-01,1260.0,1290.0,1241.0,1271.0,223299.0,293580
2026-10-01,1708.0,1725.0,1620.0,1718.0,1623841.0,321370
2026-10-01,9560.0,9950.0,9440.0,9890.0,140275.0,259630
2026-10-01,5760.0,5960.0,5600.0,5900.0,100353.0,308080
2026-10-01,11170.0,11230.0,10700.0,10810.0,191709.0,042510
2026-10-01,8930.0,9260.0,8800.0,9250.0,65425.0,053080
2026-10-01,1828.0,1854.0,1828.0,1838.0,53621.0,095190
2026-10-01,1594.0,1639.0,1581.0,1637.0,330352.0,297890
2026-10-01,3810.0,4190.0,3795.0,3865.0,754735.0,333430
2026-10-01,2270.0,2270.0,2155.0,2245.0,81159.0,166480
2026-10-01,14350.0,14880.0,14050.0,14810.0,26473.0,299030
2026-10-01,7930.0,8220.0,7770.0,8220.0,76543.0,474610
2026-10-01,6550.0,6620.0,6500.0,6600.0,26226.0,041440
2026-10-01,7720.0,7730.0,7530.0,7730.0,56978.0,017510
2026-10-01,9360.0,9890.0,9060.0,9750.0,227251.0,153890
2026-10-01,3095.0,3220.0,3095.0,3220.0,95637.0,047310
2026-10-01,7420.0,7420.0,7270.0,7280.0,34537.0,054050
2026-10-01,2985.0,2985.0,2930.0,2965.0,7723.0,336680
2026-10-01,0.0,0.0,0.0,2370.0,0.0,041590
2026-10-01,11810.0,12330.0,11290.0,11530.0,82081.0,290740
2026-10-01,6950.0,7170.0,6850.0,7120.0,116035.0,396470
2026-10-01,0.0,0.0,0.0,1035.0,0.0,051980
2026-10-01,7560.0,7620.0,7440.0,7620.0,6668.0,458650
2026-10-01,8240.0,8340.0,8000.0,8170.0,240135.0,338220
2026-10-01,2530.0,2570.0,2515.0,2555.0,7504.0,122450
2026-10-01,8040.0,8500.0,8040.0,8460.0,26235.0,101170
2026-10-01,3735.0,3735.0,3675.0,3700.0,22685.0,049520
2026-10-01,4800.0,4850.0,4710.0,4755.0,175802.0,443670
2026-10-01,2980.0,3050.0,2850.0,3030.0,35312.0,290720
2026-10-01,3875.0,3900.0,3845.0,3880.0,42340.0,067990
2026-10-01,21450.0,21650.0,16880.0,18810.0,1177842.0,109670
2026-10-01,10270.0,10460.0,9930.0,10090.0,29926.0,331920
2026-10-01,8260.0,9000.0,8250.0,8900.0,52431.0,311320
2026-10-01,3250.0,3300.0,3250.0,3295.0,3656.0,063570
2026-10-01,3115.0,3240.0,3090.0,3240.0,211468.0,242040
2026-10-01,8290.0,8560.0,8140.0,8530.0,70691.0,255440
2026-10-01,3400.0,3470.0,3360.0,3415.0,558759.0,201490
2026-10-01,10150.0,10260.0,10020.0,10220.0,18323.0,473980
2026-10-01,4910.0,4965.0,4910.0,4945.0,7746.0,090850
2026-10-01,5760.0,5760.0,5470.0,5570.0,566087.0,079650
2026-10-01,2310.0,2340.0,2275.0,2330.0,167414.0,217820
2026-10-01,16800.0,16800.0,16740.0,16770.0,343.0,018120
2026-10-01,2510.0,2620.0,2490.0,2590.0,103644.0,039560
2026-10-01,6610.0,7000.0,6430.0,6810.0,142123.0,129920
2026-10-01,11680.0,11870.0,11500.0,11800.0,14170.0,051360
2026-10-01,1398.0,1430.0,1321.0,1430.0,92093.0,334970
2026-10-01,5960.0,6440.0,5950.0,6250.0,137251.0,131030
2026-10-01,15810.0,16190.0,15700.0,15850.0,96003.0,389020
2026-10-01,1740.0,1774.0,1740.0,1758.0,60413.0,086980
2026-10-01,2130.0,2295.0,2115.0,2280.0,136251.0,246710
2026-10-01,2625.0,2950.0,2580.0,2950.0,723840.0,317770
2026-10-01,8010.0,8420.0,7950.0,8200.0,147012.0,217190
2026-10-01,7660.0,8170.0,7580.0,8140.0,156039.0,036010
2026-10-01,5880.0,5960.0,5880.0,5940.0,7161.0,067900
2026-10-01,2295.0,2295.0,2245.0,2260.0,46727.0,040300
2026-10-01,2370.0,2370.0,2340.0,2360.0,8079.0,217270
2026-10-01,4890.0,4890.0,4850.0,4890.0,510.0,039340
2026-10-01,7950.0,8170.0,7930.0,8160.0,25406.0,289930
2026-10-01,7710.0,7710.0,7520.0,7630.0,3550.0,036630
2026-10-01,14780.0,14950.0,14720.0,14880.0,4990.0,120240
2026-10-01,11320.0,11470.0,10740.0,11430.0,174224.0,0011A0
2026-10-01,1587.0,1778.0,1515.0,1727.0,362927.0,175250
2026-10-01,2370.0,2390.0,2340.0,2380.0,24630.0,339950
2026-10-01,9820.0,9950.0,9780.0,9930.0,12888.0,106190
2026-10-01,3890.0,3930.0,3800.0,3930.0,70287.0,053700
2026-10-01,9650.0,9750.0,9400.0,9690.0,104762.0,475230
2026-10-01,3535.0,3705.0,3520.0,3690.0,266503.0,209640
2026-10-01,4670.0,4820.0,4670.0,4770.0,29030.0,053350
2026-10-01,1496.0,1510.0,1495.0,1509.0,40649.0,073560
2026-10-01,6760.0,6850.0,6680.0,6770.0,13292.0,130580
2026-10-01,6160.0,6340.0,6050.0,6310.0,100904.0,125210
2026-10-01,1851.0,1879.0,1851.0,1871.0,9118.0,038540
2026-10-01,2855.0,3020.0,2835.0,3010.0,104829.0,235980
2026-10-01,1816.0,1918.0,1784.0,1805.0,4035864.0,419050
2026-10-01,8630.0,9480.0,8530.0,9390.0,106297.0,394420
2026-10-01,2075.0,2155.0,1992.0,2140.0,357048.0,306620
2026-10-01,2765.0,2870.0,2650.0,2780.0,279428.0,091440
2026-10-01,1670.0,1670.0,1622.0,1631.0,29682.0,123040
2026-10-01,3035.0,3940.0,2870.0,3745.0,8661131.0,097800
2026-10-01,3480.0,3600.0,3480.0,3590.0,74295.0,006620
2026-10-01,9650.0,10100.0,9490.0,10050.0,505109.0,105740
2026-10-01,3110.0,3170.0,3065.0,3160.0,137087.0,250060
2026-10-01,4100.0,4100.0,3900.0,3960.0,17885.0,109740
2026-10-01,12680.0,12820.0,12500.0,12810.0,15920.0,453450
2026-10-01,3470.0,3635.0,3300.0,3520.0,595175.0,261780
2026-10-01,3630.0,3875.0,3630.0,3850.0,65552.0,045970
2026-10-01,4335.0,4470.0,4335.0,4460.0,17726.0,366030
2026-10-01,2315.0,2315.0,2290.0,2300.0,13677.0,100700
2026-10-01,6450.0,6660.0,6400.0,6590.0,126854.0,411080
2026-10-01,6450.0,6630.0,6130.0,6430.0,20522.0,182360
2026-10-01,7270.0,7430.0,7270.0,7350.0,23359.0,475580
2026-10-01,2065.0,2090.0,2030.0,2080.0,86007.0,021080
2026-10-01,6210.0,6390.0,6210.0,6380.0,10806.0,307930
2026-10-01,4280.0,4300.0,4225.0,4290.0,14395.0,309960
2026-10-01,6670.0,7150.0,6590.0,6850.0,538366.0,412350
2026-10-01,3610.0,3685.0,3585.0,3655.0,163291.0,059210
2026-10-01,11000.0,11350.0,10850.0,11290.0,26963.0,049950
2026-10-01,4250.0,4350.0,4155.0,4280.0,79332.0,323990
2026-10-01,5620.0,5670.0,5490.0,5600.0,10640.0,063170
2026-10-01,0.0,0.0,0.0,6070.0,0.0,246720
2026-10-01,10170.0,10730.0,9980.0,10570.0,139523.0,189330
2026-10-01,2945.0,2990.0,2830.0,2935.0,679494.0,439580
2026-10-01,2260.0,2355.0,2215.0,2345.0,735311.0,086960
2026-10-01,7110.0,7250.0,7050.0,7250.0,33292.0,099750
2026-10-01,3685.0,3695.0,3630.0,3670.0,21422.0,352090
2026-10-01,7610.0,7710.0,7440.0,7490.0,95716.0,173130
2026-10-01,1013.0,1124.0,1012.0,1015.0,411474.0,048550
2026-10-01,5620.0,5660.0,5480.0,5610.0,89279.0,088130
2026-10-01,1410.0,1449.0,1410.0,1449.0,269892.0,205100
2026-10-01,0.0,0.0,0.0,2205.0,0.0,066790
2026-10-01,3010.0,3185.0,3010.0,3165.0,79989.0,187790
2026-10-01,1821.0,1838.0,1778.0,1789.0,501573.0,357880
2026-10-01,12130.0,12160.0,11810.0,12030.0,16805.0,493330
2026-10-01,0.0,0.0,0.0,2530.0,0.0,068240
2026-10-01,6650.0,6720.0,6610.0,6660.0,4925.0,298540
2026-10-01,7500.0,7950.0,7430.0,7850.0,120226.0,380550
2026-10-01,9350.0,10000.0,9350.0,9780.0,32753.0,348350
2026-10-01,3650.0,3745.0,3600.0,3735.0,181680.0,037030
2026-10-01,7210.0,7270.0,7060.0,7210.0,37112.0,330350
2026-10-01,1570.0,1570.0,1522.0,1560.0,286988.0,198440
2026-10-01,0.0,0.0,0.0,10800.0,0.0,017650
2026-10-01,5090.0,5170.0,5060.0,5150.0,30440.0,002230
2026-10-01,4140.0,4410.0,4140.0,4410.0,74841.0,322180
2026-10-01,9580.0,9790.0,9540.0,9720.0,18643.0,052420
2026-10-01,1178.0,1245.0,1152.0,1229.0,1559003.0,052900
2026-10-01,7700.0,8110.0,7390.0,8000.0,285277.0,357580
2026-10-01,4200.0,4235.0,4170.0,4210.0,44814.0,042500
2026-10-01,5410.0,5600.0,5320.0,5460.0,34345.0,091120
2026-10-01,1037.0,1056.0,1030.0,1042.0,48279.0,074430
2026-10-01,1841.0,2005.0,1841.0,1896.0,238524.0,109610
2026-10-01,7460.0,7680.0,7430.0,7630.0,7565.0,282720
2026-10-01,2310.0,2345.0,2300.0,2340.0,138636.0,005860
2026-10-01,6350.0,6490.0,6340.0,6430.0,26427.0,036220
2026-10-01,5840.0,5870.0,5820.0,5850.0,6681.0,040420
2026-10-01,3700.0,4040.0,3655.0,3890.0,1257070.0,234030
2026-10-01,6970.0,7100.0,6970.0,7030.0,7057.0,053580
2026-10-01,6200.0,6440.0,6120.0,6240.0,77017.0,052460
2026-10-01,5180.0,5390.0,5180.0,5330.0,22113.0,033560
2026-10-01,4095.0,4505.0,3985.0,4455.0,612736.0,123010
2026-10-01,8350.0,10850.0,8350.0,10850.0,175676.0,136150
2026-10-01,7220.0,7230.0,7070.0,7210.0,6343.0,023900
2026-10-01,1200.0,1250.0,1176.0,1235.0,515782.0,307870
2026-10-01,10230.0,10460.0,10220.0,10350.0,27573.0,432470
2026-10-01,2535.0,3140.0,2505.0,2995.0,4001933.0,0017J0
2026-10-01,6880.0,6940.0,6700.0,6930.0,58480.0,054540
2026-10-01,2820.0,2930.0,2770.0,2805.0,1508779.0,303810
2026-10-01,10610.0,11710.0,10530.0,11100.0,1688515.0,457370
2026-10-01,2290.0,2305.0,2250.0,2305.0,45681.0,013310
2026-10-01,3075.0,3105.0,3005.0,3035.0,730310.0,065450
2026-10-01,2295.0,2320.0,2245.0,2310.0,35922.0,066590
2026-10-01,2670.0,2670.0,2505.0,2620.0,87234.0,246960
2026-10-01,4750.0,4805.0,4730.0,4790.0,2677.0,093920
2026-10-01,2825.0,2925.0,2805.0,2870.0,40754.0,048530
2026-10-01,7000.0,7270.0,6910.0,7060.0,41742.0,048910
2026-10-01,2160.0,2160.0,2120.0,2140.0,3965.0,357230
2026-10-01,7530.0,7590.0,7350.0,7540.0,13949.0,047560
2026-10-01,14140.0,14140.0,13760.0,13930.0,486.0,009300
2026-10-01,3255.0,3300.0,3210.0,3255.0,71014.0,234300
2026-10-01,2365.0,2445.0,2040.0,2105.0,1798944.0,162300
2026-10-01,1830.0,1911.0,1830.0,1901.0,2878.0,900260
2026-10-01,8560.0,8760.0,8450.0,8690.0,330017.0,014950
2026-10-01,2260.0,2370.0,2260.0,2360.0,97161.0,140070
2026-10-01,3295.0,3455.0,3250.0,3370.0,38791.0,478560
2026-10-01,10000.0,10060.0,9720.0,10010.0,9690.0,251120
2026-10-01,8430.0,8500.0,8350.0,8480.0,6911.0,096240
2026-10-01,1150.0,1380.0,1148.0,1217.0,7784155.0,067000
2026-10-01,10840.0,11280.0,10840.0,11240.0,16583.0,044990
2026-10-01,3355.0,3545.0,3300.0,3545.0,241731.0,223250
2026-10-01,3410.0,3450.0,3250.0,3450.0,27981.0,192410
2026-10-01,4150.0,4235.0,4105.0,4160.0,31366.0,362320
2026-10-01,1512.0,1544.0,1494.0,1504.0,132543.0,100130
2026-10-01,1523.0,1530.0,1514.0,1528.0,34829.0,033290
2026-10-01,2890.0,2910.0,2740.0,2835.0,877066.0,062970
2026-10-01,9220.0,9300.0,9220.0,9250.0,9360.0,004650
2026-10-01,10050.0,10140.0,9800.0,10130.0,22086.0,025950
2026-10-01,7640.0,7670.0,7540.0,7650.0,19939.0,078140
2026-10-01,11030.0,11090.0,10520.0,10830.0,144754.0,0007J0
2026-10-01,6870.0,6990.0,6850.0,6930.0,1826.0,263720
2026-10-01,1988.0,1988.0,1921.0,1965.0,33882.0,185490
2026-10-01,4085.0,4150.0,4020.0,4100.0,45163.0,226400
2026-10-01,9210.0,9210.0,9050.0,9130.0,2183.0,072020
2026-10-01,2200.0,2295.0,2200.0,2270.0,33591.0,066700
2026-10-01,1624.0,1920.0,1618.0,1680.0,3468300.0,365330
2026-10-01,6800.0,6910.0,6800.0,6910.0,5804.0,086710
2026-10-01,4370.0,4565.0,4325.0,4565.0,60454.0,078890
2026-10-01,0.0,0.0,0.0,1009.0,0.0,049180
2026-10-01,3975.0,4130.0,3945.0,4120.0,76647.0,215100
2026-10-01,4540.0,4605.0,4520.0,4600.0,15077.0,330730
2026-10-01,0.0,0.0,0.0,990.0,0.0,183490
2026-10-01,3405.0,3455.0,3130.0,3415.0,179636.0,085670
2026-10-01,3495.0,3625.0,3465.0,3595.0,65155.0,101330
2026-10-01,1995.0,2035.0,1995.0,2025.0,29834.0,038110
2026-10-01,0.0,0.0,0.0,562.0,0.0,058820
2026-10-01,2395.0,2450.0,2375.0,2445.0,102201.0,037760
2026-10-01,1378.0,1384.0,1356.0,1382.0,40393.0,029480
2026-10-01,1981.0,2130.0,1948.0,2110.0,363266.0,389030
2026-10-01,4645.0,4855.0,4525.0,4805.0,174694.0,100590
2026-10-01,1446.0,1530.0,1446.0,1527.0,177833.0,066980
2026-10-01,3090.0,3110.0,2980.0,3070.0,91019.0,294630
2026-10-01,3370.0,3510.0,3345.0,3500.0,87628.0,007820
2026-10-01,7330.0,7480.0,7230.0,7480.0,5228.0,032300
2026-10-01,2365.0,2515.0,2340.0,2495.0,340645.0,396270
2026-10-01,12090.0,12550.0,12090.0,12300.0,13276.0,063080
2026-10-01,1533.0,1549.0,1491.0,1530.0,49757.0,094860
2026-10-01,0.0,0.0,0.0,3935.0,0.0,412540
2026-10-01,9400.0,9600.0,9150.0,9550.0,97873.0,049080
2026-10-01,4965.0,5000.0,4900.0,4950.0,28586.0,036640
2026-10-01,4630.0,4700.0,4420.0,4685.0,15469.0,149980
2026-10-01,3270.0,3375.0,3230.0,3350.0,522365.0,142280
2026-10-01,5880.0,6120.0,5810.0,6110.0,29876.0,381620
2026-10-01,2070.0,2075.0,2000.0,2050.0,242480.0,066430
2026-10-01,3980.0,4100.0,3890.0,3965.0,207717.0,147760
2026-10-01,5440.0,5630.0,5380.0,5520.0,8266.0,054670
2026-10-01,9690.0,9810.0,9130.0,9710.0,14572.0,360070
2026-10-01,9320.0,9320.0,9200.0,9280.0,5239.0,418470
2026-10-01,7790.0,8050.0,7730.0,8050.0,32502.0,0015S0
2026-10-01,6020.0,6020.0,5850.0,5960.0,15609.0,058400
2026-10-01,2640.0,2670.0,2590.0,2615.0,13351.0,302550
2026-10-01,4390.0,4450.0,4340.0,4430.0,76190.0,475430
2026-10-01,5830.0,6120.0,5650.0,6070.0,54926.0,388870
2026-10-01,5400.0,5630.0,5320.0,5570.0,73177.0,0117P0
2026-10-01,3745.0,3795.0,3745.0,3775.0,814.0,032540
2026-10-01,5350.0,5840.0,5250.0,5530.0,34824.0,389140
2026-10-01,5130.0,5190.0,5030.0,5150.0,33120.0,382840
2026-10-01,1470.0,1485.0,1465.0,1479.0,27601.0,131370
2026-10-01,5220.0,5220.0,5110.0,5210.0,16628.0,004590
2026-10-01,5890.0,6110.0,5820.0,6060.0,57675.0,303360
2026-10-01,3215.0,3225.0,3180.0,3190.0,9943.0,047820
2026-10-01,3550.0,3635.0,3515.0,3635.0,29164.0,079810
2026-10-01,2120.0,2210.0,2115.0,2210.0,40988.0,950130
2026-10-01,6220.0,6510.0,6080.0,6470.0,36177.0,012790
2026-10-01,9300.0,9900.0,8870.0,9700.0,99398.0,323350
2026-10-01,3880.0,3930.0,3820.0,3870.0,18065.0,024880
2026-10-01,6640.0,7020.0,6630.0,6970.0,41088.0,084730
2026-10-01,3750.0,3750.0,3450.0,3470.0,50088.0,137950
2026-10-01,8120.0,8290.0,8110.0,8290.0,2873.0,088390
2026-10-01,2110.0,2140.0,2085.0,2125.0,10225.0,225530
2026-10-01,8040.0,8340.0,8030.0,8340.0,50011.0,066310
2026-10-01,7630.0,8180.0,7500.0,7840.0,132691.0,302430
2026-10-01,4400.0,4590.0,4370.0,4570.0,88783.0,253840
2026-10-01,2140.0,2140.0,2030.0,2070.0,15745.0,331380
2026-10-01,12250.0,12370.0,12160.0,12250.0,6637.0,000440
2026-10-01,2800.0,2870.0,2720.0,2870.0,40470.0,104040
2026-10-01,0.0,0.0,0.0,654.0,0.0,073640
2026-10-01,3970.0,4210.0,3950.0,4035.0,160607.0,058630
2026-10-01,6740.0,6990.0,6720.0,6980.0,59486.0,065510
2026-10-01,4710.0,4735.0,4690.0,4735.0,6183.0,030960
2026-10-01,1995.0,1999.0,1870.0,1923.0,212242.0,089230
2026-10-01,2850.0,3070.0,2740.0,3030.0,89721.0,294140
2026-10-01,3675.0,3785.0,3620.0,3785.0,72108.0,038680
2026-10-01,2915.0,2915.0,2870.0,2895.0,6304.0,012700
2026-10-01,3880.0,3935.0,3845.0,3895.0,23411.0,011320
2026-10-01,4920.0,4975.0,4820.0,4955.0,17112.0,041930
2026-10-01,2900.0,2950.0,2890.0,2900.0,8981.0,102370
2026-10-01,4430.0,4640.0,4430.0,4615.0,115373.0,263800
2026-10-01,2330.0,2375.0,2305.0,2340.0,6248.0,168330
2026-10-01,5990.0,5990.0,5660.0,5750.0,109915.0,010280
2026-10-01,3660.0,3720.0,3650.0,3710.0,11319.0,011370
2026-10-01,13000.0,13190.0,12500.0,13190.0,11951.0,107600
2026-10-01,3070.0,3100.0,3010.0,3080.0,32574.0,060590
2026-10-01,3075.0,3235.0,3060.0,3225.0,68704.0,217330
2026-10-01,4110.0,4140.0,4070.0,4095.0,12236.0,040910
2026-10-01,6600.0,6600.0,6200.0,6270.0,10950.0,040160
2026-10-01,7220.0,7480.0,7010.0,7260.0,6022.0,451250
2026-10-01,2940.0,3190.0,2915.0,3150.0,101290.0,371950
2026-10-01,923.0,932.0,911.0,919.0,123627.0,019550
2026-10-01,4825.0,4850.0,4720.0,4820.0,9856.0,170030
2026-10-01,5520.0,5570.0,5420.0,5570.0,6766.0,041910
2026-10-01,4980.0,5020.0,4975.0,4975.0,915.0,060570
2026-10-01,4285.0,4340.0,4180.0,4325.0,5393.0,347890
2026-10-01,2245.0,2265.0,2215.0,2240.0,48835.0,208140
2026-10-01,4960.0,5090.0,4850.0,5080.0,45408.0,039980
2026-10-01,8780.0,9300.0,8580.0,9240.0,39280.0,451220
2026-10-01,7350.0,7470.0,7300.0,7390.0,725.0,080010
2026-10-01,4850.0,4965.0,4700.0,4700.0,46988.0,017480
2026-10-01,7140.0,7500.0,7090.0,7440.0,76161.0,212710
2026-10-01,2925.0,2925.0,2800.0,2890.0,307799.0,487580
2026-10-01,2580.0,2835.0,2560.0,2635.0,1661888.0,067170
2026-10-01,3585.0,3635.0,3490.0,3635.0,75619.0,020710
2026-10-01,4175.0,4175.0,4005.0,4140.0,11061.0,090470
2026-10-01,6290.0,6450.0,6130.0,6400.0,13021.0,413390
2026-10-01,2215.0,2220.0,2185.0,2200.0,46601.0,024740
2026-10-01,1992.0,2010.0,1991.0,2010.0,8065.0,171120
2026-10-01,2915.0,2920.0,2845.0,2880.0,6188.0,053280
2026-10-01,0.0,0.0,0.0,5310.0,0.0,234920
2026-10-01,10000.0,10120.0,9900.0,10100.0,25707.0,377480
2026-10-01,3590.0,3640.0,3545.0,3635.0,19176.0,277880
2026-10-01,8420.0,8500.0,8150.0,8290.0,23477.0,039010
2026-10-01,10010.0,10380.0,9900.0,10340.0,81598.0,320000
2026-10-01,2810.0,2830.0,2760.0,2820.0,48767.0,038460
2026-10-01,6000.0,6150.0,5900.0,6060.0,100072.0,091590
2026-10-01,4425.0,4465.0,4410.0,4425.0,5928.0,054040
2026-10-01,964.0,964.0,910.0,925.0,53692.0,083790
2026-10-01,1884.0,1884.0,1840.0,1879.0,28015.0,347000
2026-10-01,8610.0,8730.0,8260.0,8570.0,17079.0,045660
2026-10-01,2850.0,2850.0,2810.0,2830.0,25187.0,128660
2026-10-01,3390.0,4410.0,3340.0,4410.0,529244.0,263600
2026-10-01,2755.0,2835.0,2650.0,2725.0,458598.0,208370
2026-10-01,5070.0,5220.0,4970.0,5220.0,44410.0,460940
2026-10-01,2390.0,2430.0,2330.0,2380.0,197929.0,299660
2026-10-01,6650.0,6720.0,6580.0,6660.0,5393.0,104460
2026-10-01,3505.0,3700.0,3450.0,3660.0,83405.0,155650
2026-10-01,7400.0,7730.0,7340.0,7660.0,12825.0,109860
2026-10-01,6070.0,6830.0,6070.0,6710.0,262092.0,089790
2026-10-01,11850.0,12040.0,11800.0,11850.0,27816.0,282620
2026-10-01,5340.0,5640.0,5220.0,5240.0,1933.0,332370
2026-10-01,7420.0,7880.0,7370.0,7790.0,17148.0,214260
2026-10-01,952.0,988.0,940.0,986.0,219473.0,092040
2026-10-01,2180.0,2320.0,2045.0,2265.0,57015.0,291650
2026-10-01,4160.0,4200.0,4080.0,4175.0,39149.0,032850
2026-10-01,10180.0,10400.0,10130.0,10340.0,15856.0,117670
2026-10-01,2950.0,3240.0,2820.0,2945.0,18854.0,110790
2026-10-01,1875.0,1887.0,1820.0,1869.0,54085.0,096350
2026-10-01,3910.0,3960.0,3880.0,3920.0,12741.0,026150
2026-10-01,2380.0,2390.0,2330.0,2370.0,21379.0,337930
2026-10-01,8390.0,8390.0,8100.0,8240.0,7555.0,024830
2026-10-01,1650.0,1650.0,1609.0,1630.0,19355.0,067570
2026-10-01,3375.0,3445.0,3300.0,3440.0,193780.0,228340
2026-10-01,6000.0,6050.0,5850.0,5930.0,41724.0,048430
2026-10-01,3725.0,3775.0,3675.0,3730.0,32652.0,054620
2026-10-01,6410.0,6780.0,6410.0,6450.0,31235.0,417790
2026-10-01,4375.0,4415.0,4320.0,4350.0,35393.0,228670
2026-10-01,4995.0,5080.0,4920.0,5050.0,19215.0,019540
2026-10-01,1593.0,1623.0,1506.0,1610.0,146507.0,347860
2026-10-01,6250.0,6350.0,6190.0,6340.0,8430.0,265560
2026-10-01,5890.0,6240.0,5820.0,6140.0,110997.0,0004V0
2026-10-01,4430.0,4460.0,4390.0,4460.0,4441.0,002800
2026-10-01,3445.0,3450.0,3380.0,3445.0,5781.0,049550
2026-10-01,5540.0,5630.0,5420.0,5530.0,2227.0,067370
2026-10-01,6370.0,6520.0,6370.0,6470.0,23056.0,123420
2026-10-01,1950.0,2010.0,1907.0,1975.0,175681.0,950220
2026-10-01,1095.0,1123.0,1095.0,1103.0,375275.0,076610
2026-10-01,5860.0,6150.0,5730.0,6120.0,103044.0,456070
2026-10-01,9950.0,10540.0,9940.0,10510.0,19447.0,417970
2026-10-01,6530.0,6540.0,6400.0,6500.0,91822.0,487400
2026-10-01,12100.0,12240.0,11820.0,12170.0,115785.0,0155E0
2026-10-01,4085.0,4190.0,4085.0,4190.0,25804.0,004780
2026-10-01,4360.0,4465.0,4320.0,4420.0,18309.0,262260
2026-10-01,4360.0,4610.0,4310.0,4600.0,40069.0,095270
2026-10-01,7120.0,7440.0,6310.0,6360.0,720735.0,039610
2026-10-01,4510.0,4585.0,4470.0,4500.0,11712.0,153710
2026-10-01,4305.0,4325.0,4220.0,4255.0,6007.0,204840
2026-10-01,6220.0,6230.0,5900.0,6200.0,14174.0,137080
2026-10-01,5410.0,5590.0,5390.0,5550.0,17180.0,096250
2026-10-01,3280.0,3335.0,3205.0,3300.0,35378.0,040350
2026-10-01,6290.0,6580.0,6210.0,6550.0,92355.0,241790
2026-10-01,4400.0,4400.0,4310.0,4400.0,13264.0,006140
2026-10-01,11770.0,12380.0,11770.0,12380.0,13252.0,0218L0
2026-10-01,3135.0,3170.0,3075.0,3160.0,27496.0,111710
2026-10-01,7120.0,7290.0,7120.0,7200.0,1099.0,061040
2026-10-01,4335.0,4410.0,4285.0,4395.0,13833.0,014970
2026-10-01,2460.0,2650.0,2460.0,2630.0,66019.0,205470
2026-10-01,3685.0,3920.0,3685.0,3895.0,35365.0,214680
2026-10-01,2810.0,2810.0,2645.0,2705.0,53700.0,049470
2026-10-01,4750.0,4765.0,4700.0,4760.0,605.0,222110
2026-10-01,2640.0,2815.0,2635.0,2775.0,97053.0,126880
2026-10-01,4605.0,4890.0,4515.0,4800.0,192860.0,104540
2026-10-01,1997.0,1997.0,1925.0,1970.0,72083.0,187420
2026-10-01,1702.0,1741.0,1664.0,1700.0,169094.0,033130
2026-10-01,4010.0,4090.0,3820.0,4050.0,192512.0,048770
2026-10-01,5850.0,5850.0,5740.0,5780.0,26995.0,067920
2026-10-01,1369.0,1408.0,1363.0,1402.0,29899.0,214270
2026-10-01,6380.0,6580.0,6300.0,6490.0,9119.0,331740
2026-10-01,1602.0,1677.0,1574.0,1600.0,82943.0,382480
2026-10-01,7190.0,7190.0,6750.0,6760.0,17738.0,318160
2026-10-01,2155.0,2190.0,2065.0,2165.0,93693.0,315640
2026-10-01,2550.0,2720.0,2495.0,2580.0,28790.0,241690
2026-10-01,6650.0,7030.0,6650.0,7010.0,53948.0,463020
2026-10-01,3440.0,4505.0,3430.0,4455.0,2398432.0,225190
2026-10-01,2545.0,2590.0,2545.0,2590.0,61170.0,081150
2026-10-01,2600.0,2640.0,2580.0,2615.0,14487.0,291230
2026-10-01,3300.0,3305.0,3250.0,3300.0,13125.0,041460
2026-10-01,4210.0,4300.0,4205.0,4255.0,3392.0,089850
2026-10-01,2645.0,2745.0,2645.0,2720.0,12547.0,036000
2026-10-01,0.0,0.0,0.0,2215.0,0.0,001840
2026-10-01,3565.0,3565.0,3480.0,3495.0,37860.0,043650
2026-10-01,3730.0,3880.0,3730.0,3780.0,10651.0,424960
2026-10-01,1571.0,1687.0,1571.0,1629.0,647387.0,122350
2026-10-01,0.0,0.0,0.0,1490.0,0.0,294090
2026-10-01,8030.0,8190.0,7860.0,8020.0,79437.0,0156T0
2026-10-01,1409.0,1428.0,1401.0,1414.0,34628.0,127710
2026-10-01,1813.0,1813.0,1761.0,1787.0,8639.0,064240
2026-10-01,1062.0,1083.0,1057.0,1061.0,219797.0,043610
2026-10-01,3295.0,3345.0,3260.0,3285.0,20841.0,066670
2026-10-01,6140.0,6180.0,6070.0,6170.0,8566.0,005670
2026-10-01,2805.0,2850.0,2755.0,2775.0,217767.0,483350
2026-10-01,1889.0,1961.0,1873.0,1960.0,136902.0,049480
2026-10-01,5450.0,5640.0,5340.0,5510.0,25137.0,059270
2026-10-01,1820.0,1820.0,1723.0,1754.0,10632.0,082210
2026-10-01,1025.0,1058.0,1019.0,1053.0,96100.0,054300
2026-10-01,1394.0,1566.0,1367.0,1470.0,9629286.0,299170
2026-10-01,4865.0,4920.0,4825.0,4840.0,4907.0,352910
2026-10-01,5440.0,5530.0,5200.0,5510.0,3189.0,900110
2026-10-01,3635.0,3820.0,3600.0,3700.0,22894.0,221800
2026-10-01,1289.0,1289.0,1265.0,1276.0,46643.0,065530
2026-10-01,1060.0,1097.0,1042.0,1068.0,110427.0,014470
2026-10-01,0.0,0.0,0.0,676.0,0.0,203400
2026-10-01,5200.0,5210.0,5100.0,5200.0,13458.0,010240
2026-10-01,3660.0,3920.0,3570.0,3585.0,1440630.0,145170
2026-10-01,2905.0,3060.0,2830.0,3020.0,71156.0,460870
2026-10-01,5020.0,5060.0,5020.0,5045.0,2891.0,008370
2026-10-01,6080.0,6200.0,5970.0,6180.0,71745.0,056360
2026-10-01,12090.0,12230.0,12000.0,12000.0,717.0,016250
2026-10-01,5050.0,5050.0,4960.0,5040.0,3841.0,010470
2026-10-01,4940.0,4950.0,4885.0,4945.0,6329.0,216050
2026-10-01,3050.0,3160.0,3040.0,3155.0,66192.0,033320
2026-10-01,2640.0,2675.0,2600.0,2615.0,28416.0,039420
2026-10-01,4300.0,4305.0,4170.0,4275.0,25150.0,094850
2026-10-01,3050.0,3125.0,3050.0,3110.0,42044.0,950200
2026-10-01,1382.0,1402.0,1366.0,1400.0,160957.0,036090
2026-10-01,11010.0,11330.0,10970.0,11230.0,8992.0,448710
2026-10-01,3620.0,3735.0,3615.0,3715.0,8597.0,251630
2026-10-01,7740.0,7740.0,7000.0,7290.0,7058.0,191420
2026-10-01,5300.0,5390.0,5120.0,5390.0,12826.0,273640
2026-10-01,2170.0,2215.0,2050.0,2120.0,343576.0,065170
2026-10-01,1063.0,1115.0,1063.0,1110.0,59390.0,060310
2026-10-01,2290.0,2350.0,2290.0,2310.0,35620.0,025550
2026-10-01,5120.0,5210.0,5090.0,5200.0,6107.0,263690
2026-10-01,2670.0,2670.0,2595.0,2610.0,61991.0,039020
2026-10-01,1625.0,1660.0,1613.0,1648.0,159271.0,003310
2026-10-01,1486.0,1486.0,1442.0,1450.0,89978.0,033310
2026-10-01,6650.0,6830.0,6650.0,6740.0,9410.0,045340
2026-10-01,9380.0,9970.0,9260.0,9810.0,33297.0,424980
2026-10-01,0.0,0.0,0.0,1284.0,0.0,099520
2026-10-01,8610.0,8690.0,8130.0,8560.0,2598.0,050960
2026-10-01,11280.0,11280.0,10320.0,10580.0,68920.0,360350
2026-10-01,8420.0,8420.0,8110.0,8210.0,19604.0,192250
2026-10-01,2310.0,2335.0,2270.0,2325.0,14154.0,175140
2026-10-01,2895.0,3000.0,2815.0,3000.0,35855.0,348150
2026-10-01,6400.0,6900.0,6240.0,6570.0,104399.0,081180
2026-10-01,4180.0,4200.0,4100.0,4155.0,41768.0,037440
2026-10-01,6730.0,6740.0,6630.0,6730.0,4572.0,053620
2026-10-01,4880.0,5210.0,4700.0,5030.0,96386.0,464490
2026-10-01,1274.0,1274.0,1192.0,1254.0,164567.0,046210
2026-10-01,6200.0,6270.0,6160.0,6270.0,13031.0,215360
2026-10-01,5580.0,5590.0,5380.0,5480.0,39952.0,261520
2026-10-01,1900.0,1900.0,1869.0,1879.0,19469.0,053050
2026-10-01,1110.0,1114.0,1078.0,1105.0,121170.0,033230
2026-10-01,3225.0,3290.0,3145.0,3195.0,17235.0,317530
2026-10-01,5170.0,5170.0,4970.0,5090.0,34110.0,333620
2026-10-01,1664.0,1664.0,1517.0,1582.0,113920.0,036120
2026-10-01,3900.0,3975.0,3900.0,3945.0,7278.0,007370
2026-10-01,0.0,0.0,0.0,806.0,0.0,340930
2026-10-01,4115.0,4165.0,4050.0,4120.0,168290.0,365660
2026-10-01,9070.0,9480.0,8890.0,9440.0,19460.0,420570
2026-10-01,1324.0,1344.0,1283.0,1290.0,319078.0,290660
2026-10-01,1804.0,1804.0,1778.0,1803.0,21216.0,238090
2026-10-01,5070.0,5130.0,5050.0,5080.0,4269.0,443250
2026-10-01,0.0,0.0,0.0,499.0,0.0,217480
2026-10-01,2670.0,2735.0,2510.0,2645.0,70264.0,900300
2026-10-01,3055.0,3210.0,3000.0,3150.0,58629.0,088280
2026-10-01,7150.0,7390.0,7150.0,7340.0,6397.0,288180
2026-10-01,3240.0,3500.0,3080.0,3485.0,176295.0,321820
2026-10-01,6410.0,6500.0,6390.0,6440.0,9104.0,061250
2026-10-01,4900.0,5050.0,4810.0,4970.0,24143.0,419080
2026-10-01,1283.0,1283.0,1250.0,1268.0,107328.0,391710
2026-10-01,7090.0,7090.0,6940.0,7060.0,835.0,435570
2026-10-01,3150.0,3160.0,3115.0,3150.0,11678.0,040610
2026-10-01,5090.0,5090.0,4995.0,4995.0,9443.0,036670
2026-10-01,4030.0,4030.0,3965.0,3970.0,3211.0,459100
2026-10-01,1700.0,1790.0,1675.0,1789.0,86234.0,179530
2026-10-01,1975.0,1975.0,1936.0,1947.0,24742.0,053270
2026-10-01,5040.0,5670.0,5030.0,5360.0,401473.0,0013V0
2026-10-01,2700.0,3475.0,2700.0,3095.0,1426644.0,033170
2026-10-01,9230.0,9440.0,9130.0,9430.0,9371.0,109080
2026-10-01,3255.0,3255.0,2980.0,3035.0,258563.0,278650
2026-10-01,1465.0,1500.0,1465.0,1484.0,28065.0,024910
2026-10-01,8820.0,8870.0,8625.0,8810.0,3117.0,053160
2026-10-01,2105.0,2115.0,2055.0,2095.0,282234.0,459550
2026-10-01,1933.0,2125.0,1933.0,1957.0,323750.0,039240
2026-10-01,2095.0,2245.0,2055.0,2220.0,117475.0,246690
2026-10-01,5950.0,6180.0,5950.0,6130.0,13865.0,370090
2026-10-01,3435.0,3650.0,3290.0,3365.0,906939.0,393210
2026-10-01,3115.0,3330.0,3045.0,3105.0,99274.0,104620
2026-10-01,8300.0,8300.0,8130.0,8210.0,8895.0,170790
2026-10-01,17630.0,17690.0,17410.0,17500.0,2910.0,054930
2026-10-01,1998.0,2230.0,1882.0,2080.0,50253.0,064800
2026-10-01,2515.0,2620.0,2485.0,2590.0,76244.0,092300
2026-10-01,6180.0,6320.0,6180.0,6280.0,40394.0,317850
2026-10-01,3860.0,3980.0,3800.0,3865.0,60415.0,163280
2026-10-01,3155.0,3190.0,2990.0,3000.0,4181.0,043710
2026-10-01,4255.0,4255.0,4110.0,4190.0,7292.0,024950
2026-10-01,5320.0,5330.0,5140.0,5190.0,31482.0,071670
2026-10-01,5910.0,6170.0,5880.0,6140.0,29733.0,094940
2026-10-01,3815.0,3920.0,3700.0,3745.0,43807.0,457600
2026-10-01,4670.0,4815.0,4605.0,4690.0,50052.0,052790
2026-10-01,5000.0,5050.0,4985.0,5020.0,8313.0,105760
2026-10-01,5940.0,6000.0,5860.0,5910.0,2924.0,314140
2026-10-01,5220.0,5380.0,5140.0,5350.0,53843.0,355690
2026-10-01,1252.0,1283.0,1247.0,1273.0,36297.0,027050
2026-10-01,2910.0,2920.0,2850.0,2900.0,3789.0,015710
2026-10-01,4630.0,4775.0,4535.0,4715.0,41204.0,317830
2026-10-01,4280.0,4415.0,4280.0,4360.0,2887.0,256630
2026-10-01,1509.0,1598.0,1505.0,1585.0,157729.0,217500
2026-10-01,0.0,0.0,0.0,2825.0,0.0,393970
2026-10-01,5190.0,5300.0,5100.0,5160.0,34609.0,019990
2026-10-01,1967.0,1971.0,1950.0,1957.0,68369.0,088910
2026-10-01,4795.0,4795.0,4640.0,4725.0,12463.0,408470
2026-10-01,2735.0,2750.0,2700.0,2735.0,61586.0,046940
2026-10-01,924.0,924.0,895.0,923.0,70936.0,340360
2026-10-01,1098.0,1098.0,1079.0,1092.0,17748.0,063440
2026-10-01,1229.0,1229.0,1178.0,1195.0,14460.0,219550
2026-10-01,3590.0,3635.0,3415.0,3570.0,134408.0,340810
2026-10-01,1655.0,1688.0,1635.0,1637.0,41538.0,347740
2026-10-01,5350.0,6040.0,5170.0,5880.0,616210.0,226340
2026-10-01,2740.0,2805.0,2700.0,2760.0,55422.0,044340
2026-10-01,1927.0,1950.0,1912.0,1936.0,10215.0,060560
2026-10-01,2750.0,2825.0,2700.0,2775.0,2709.0,376290
2026-10-01,3750.0,3865.0,3655.0,3790.0,28850.0,348080
2026-10-01,5060.0,5600.0,4975.0,5060.0,624701.0,189860
2026-10-01,3175.0,3370.0,3165.0,3295.0,89061.0,053450
2026-10-01,3655.0,3795.0,3655.0,3730.0,29441.0,382150
2026-10-01,1688.0,1742.0,1672.0,1738.0,92653.0,321260
2026-10-01,3705.0,3830.0,3685.0,3715.0,2940.0,311690
2026-10-01,3905.0,3925.0,3870.0,3900.0,7630.0,463480
2026-10-01,3295.0,3300.0,3135.0,3240.0,13151.0,199550
2026-10-01,3320.0,3320.0,3280.0,3280.0,2810.0,122310
2026-10-01,5180.0,5340.0,5090.0,5320.0,19213.0,038010
2026-10-01,0.0,0.0,0.0,6550.0,0.0,418250
2026-10-01,5280.0,5310.0,5200.0,5250.0,10703.0,452400
2026-10-01,6850.0,7530.0,6720.0,7230.0,53454.0,476040
2026-10-01,1334.0,1350.0,1323.0,1345.0,55978.0,014190
2026-10-01,2640.0,2790.0,2490.0,2710.0,59451.0,032960
2026-10-01,3355.0,3565.0,3355.0,3475.0,9893.0,277070
2026-10-01,2215.0,2265.0,2150.0,2190.0,105261.0,179900
2026-10-01,6690.0,6750.0,6630.0,6720.0,18528.0,059100
2026-10-01,990.0,996.0,976.0,981.0,123778.0,042110
2026-10-01,2840.0,3060.0,2760.0,2935.0,74300.0,065130
2026-10-01,2860.0,2985.0,2785.0,2860.0,98116.0,232830
2026-10-01,1741.0,1741.0,1705.0,1717.0,17790.0,440290
2026-10-01,931.0,985.0,915.0,981.0,316090.0,222420
2026-10-01,0.0,0.0,0.0,521.0,0.0,023440
2026-10-01,7710.0,7710.0,7040.0,7270.0,20772.0,453860
2026-10-01,2595.0,2630.0,2530.0,2610.0,40887.0,384470
2026-10-01,2210.0,2365.0,2200.0,2325.0,43294.0,317690
2026-10-01,3445.0,3535.0,3275.0,3445.0,12175.0,373160
2026-10-01,2675.0,2795.0,2650.0,2795.0,151737.0,094970
2026-10-01,2750.0,3100.0,2635.0,2755.0,123147.0,037950
2026-10-01,1020.0,1050.0,1016.0,1047.0,26298.0,068330
2026-10-01,1151.0,1184.0,1147.0,1153.0,20016.0,189980
2026-10-01,5090.0,5290.0,5090.0,5200.0,660.0,073110
2026-10-01,1600.0,1600.0,1570.0,1596.0,4648.0,361570
2026-10-01,0.0,0.0,0.0,1957.0,0.0,229000
2026-10-01,0.0,0.0,0.0,766.0,0.0,131400
2026-10-01,8850.0,8990.0,8730.0,8920.0,2724.0,0010V0
2026-10-01,3900.0,3975.0,3850.0,3885.0,43789.0,150900
2026-10-01,2185.0,2280.0,2185.0,2275.0,62862.0,114450
2026-10-01,2385.0,2420.0,2380.0,2395.0,11074.0,053980
2026-10-01,4010.0,4050.0,3910.0,4020.0,7130.0,471820
2026-10-01,2325.0,2375.0,2320.0,2330.0,15558.0,263700
2026-10-01,2090.0,2100.0,2075.0,2095.0,12650.0,198080
2026-10-01,3070.0,3145.0,3070.0,3120.0,15469.0,072990
2026-10-01,1012.0,1024.0,995.0,1007.0,58962.0,143540
2026-10-01,2355.0,2385.0,2285.0,2370.0,9210.0,072470
2026-10-01,4050.0,4050.0,3915.0,3940.0,2856.0,051390
2026-10-01,3400.0,3430.0,3220.0,3300.0,9296.0,083550
2026-10-01,8690.0,8950.0,8690.0,8850.0,5592.0,466410
2026-10-01,0.0,0.0,0.0,460.0,0.0,033340
2026-10-01,3245.0,3315.0,3230.0,3285.0,1789.0,050120
2026-10-01,2405.0,2445.0,2320.0,2380.0,13457.0,178780
2026-10-01,3480.0,3500.0,3425.0,3465.0,6918.0,066130
2026-10-01,0.0,0.0,0.0,416.0,0.0,288330
2026-10-01,6010.0,6220.0,6010.0,6220.0,5024.0,479960
2026-10-01,2980.0,2980.0,2850.0,2900.0,16965.0,460470
2026-10-01,4565.0,4775.0,4410.0,4625.0,32617.0,196300
2026-10-01,1217.0,1240.0,1217.0,1224.0,58464.0,900250
2026-10-01,1201.0,1338.0,1200.0,1276.0,198285.0,227950
2026-10-01,2295.0,2310.0,2215.0,2265.0,11816.0,260930
2026-10-01,4800.0,5080.0,4580.0,4945.0,10742.0,317870
2026-10-01,820.0,845.0,820.0,840.0,4045.0,022220
2026-10-01,1200.0,1200.0,1162.0,1191.0,28974.0,258610
2026-10-01,1880.0,1880.0,1700.0,1712.0,80910.0,373200
2026-10-01,1203.0,1228.0,1196.0,1216.0,49213.0,900340
2026-10-01,3100.0,3125.0,3055.0,3070.0,37087.0,099410
2026-10-01,3120.0,3130.0,3100.0,3110.0,12958.0,263020
2026-10-01,5000.0,5000.0,4900.0,4975.0,1087.0,042040
2026-10-01,4435.0,4455.0,4395.0,4430.0,8056.0,082850
2026-10-01,4815.0,4970.0,4750.0,4960.0,11516.0,086060
2026-10-01,934.0,943.0,926.0,934.0,60417.0,129890
2026-10-01,6110.0,6110.0,5860.0,5970.0,8155.0,307280
2026-10-01,2010.0,2040.0,1998.0,2005.0,11253.0,140520
2026-10-01,4965.0,5050.0,4965.0,5030.0,1440.0,256150
2026-10-01,2960.0,2975.0,2870.0,2960.0,25220.0,461030
2026-10-01,5900.0,5900.0,5750.0,5820.0,6998.0,413640
2026-10-01,5180.0,5420.0,5180.0,5320.0,2732.0,290670
2026-10-01,2065.0,2100.0,2065.0,2095.0,5109.0,159580
2026-10-01,2640.0,2670.0,2580.0,2640.0,9893.0,261200
2026-10-01,6490.0,6500.0,6415.0,6490.0,2449.0,190650
2026-10-01,3370.0,3370.0,3315.0,3340.0,3107.0,002290
2026-10-01,2615.0,2825.0,2610.0,2780.0,79385.0,084650
2026-10-01,1410.0,1415.0,1401.0,1406.0,32089.0,056700
2026-10-01,3970.0,4020.0,3930.0,4020.0,6477.0,199480
2026-10-01,2580.0,2600.0,2550.0,2570.0,12370.0,263810
2026-10-01,3180.0,3250.0,3125.0,3250.0,39826.0,100660
2026-10-01,3740.0,3740.0,3675.0,3700.0,3544.0,136410
2026-10-01,1485.0,1485.0,1460.0,1483.0,11284.0,189690
2026-10-01,1694.0,1698.0,1609.0,1661.0,43802.0,452200
2026-10-01,8090.0,8120.0,7860.0,7960.0,5155.0,224110
2026-10-01,3945.0,4055.0,3920.0,3980.0,4945.0,465480
2026-10-01,3090.0,3245.0,2870.0,3040.0,38078.0,007680
2026-10-01,1698.0,1711.0,1691.0,1696.0,15560.0,263770
2026-10-01,2575.0,2590.0,2455.0,2535.0,18858.0,286750
2026-10-01,0.0,0.0,0.0,798.0,0.0,064090
2026-10-01,1966.0,2030.0,1965.0,2020.0,51358.0,053950
2026-10-01,2815.0,2840.0,2730.0,2820.0,13106.0,203450
2026-10-01,6490.0,6490.0,6380.0,6420.0,228.0,049830
2026-10-01,1317.0,1338.0,1301.0,1321.0,13687.0,037230
2026-10-01,1762.0,1762.0,1722.0,1726.0,2858.0,066900
2026-10-01,2850.0,2860.0,2750.0,2775.0,35579.0,238120
2026-10-01,3110.0,3125.0,3085.0,3090.0,16321.0,044960
2026-10-01,1882.0,1916.0,1858.0,1909.0,63703.0,218150
2026-10-01,4705.0,4790.0,4630.0,4770.0,6869.0,450330
2026-10-01,2305.0,2325.0,2280.0,2315.0,11893.0,025880
2026-10-01,2005.0,2080.0,1984.0,2040.0,48326.0,184230
2026-10-01,1728.0,1728.0,1672.0,1708.0,33900.0,050860
2026-10-01,1409.0,1433.0,1383.0,1409.0,91566.0,065440
2026-10-01,9570.0,9570.0,9500.0,9500.0,14.0,221980
2026-10-01,1463.0,1463.0,1453.0,1456.0,459.0,352700
2026-10-01,1660.0,1690.0,1603.0,1665.0,28972.0,052220
2026-10-01,2005.0,2070.0,1995.0,2050.0,10646.0,221840
2026-10-01,1205.0,1230.0,1172.0,1208.0,69468.0,045510
2026-10-01,3215.0,3280.0,3215.0,3270.0,5707.0,019770
2026-10-01,2290.0,2290.0,2180.0,2270.0,18100.0,215380
2026-10-01,2290.0,2330.0,2280.0,2330.0,13502.0,046310
2026-10-01,2445.0,2455.0,2405.0,2445.0,55500.0,081580
2026-10-01,1749.0,1749.0,1696.0,1705.0,2462.0,007530
2026-10-01,3165.0,3470.0,3020.0,3425.0,43937.0,446840
2026-10-01,3320.0,3370.0,3275.0,3340.0,4569.0,101240
2026-10-01,3220.0,3280.0,3185.0,3250.0,13312.0,219420
2026-10-01,2520.0,2610.0,2515.0,2600.0,38063.0,171010
2026-10-01,3820.0,3870.0,3750.0,3785.0,4128.0,273060
2026-10-01,4360.0,4440.0,4345.0,4370.0,2127.0,097870
2026-10-01,2545.0,2560.0,2480.0,2540.0,12047.0,234100
2026-10-01,5450.0,5530.0,5450.0,5490.0,1919.0,250000
2026-10-01,1910.0,1950.0,1837.0,1878.0,87914.0,054780
2026-10-01,2110.0,2260.0,2075.0,2210.0,75120.0,026040
2026-10-01,1590.0,1599.0,1580.0,1599.0,14919.0,122690
2026-10-01,2430.0,2465.0,2390.0,2450.0,73845.0,035460
2026-10-01,2770.0,2835.0,2735.0,2765.0,37843.0,208710
2026-10-01,3945.0,3945.0,3850.0,3925.0,4119.0,038070
2026-10-01,4190.0,4190.0,4060.0,4175.0,3355.0,039290
2026-10-01,720.0,730.0,580.0,671.0,1334742.0,027830
2026-10-01,1623.0,1630.0,1595.0,1628.0,6222.0,123570
2026-10-01,2275.0,2275.0,2210.0,2270.0,5853.0,086040
2026-10-01,7480.0,7480.0,7220.0,7220.0,15951.0,258790
2026-10-01,3685.0,3700.0,3575.0,3640.0,16287.0,239890
2026-10-01,2735.0,2790.0,2690.0,2730.0,63532.0,121890
2026-10-01,1025.0,1030.0,1005.0,1007.0,41105.0,065500
2026-10-01,3225.0,3235.0,3140.0,3165.0,5145.0,043910
2026-10-01,5400.0,5400.0,5210.0,5270.0,7995.0,042940
2026-10-01,0.0,0.0,0.0,1087.0,0.0,284620
2026-10-01,4195.0,4345.0,4100.0,4150.0,5771.0,037370
2026-10-01,0.0,0.0,0.0,602.0,0.0,057540
2026-10-01,4190.0,4205.0,4165.0,4180.0,5783.0,363250
2026-10-01,1286.0,1345.0,1254.0,1344.0,30957.0,106240
2026-10-01,0.0,0.0,0.0,778.0,0.0,068940
2026-10-01,2095.0,2110.0,2045.0,2067.0,3174.0,046390
2026-10-01,3185.0,3245.0,3185.0,3240.0,8625.0,014570
2026-10-01,4380.0,4380.0,4355.0,4360.0,3647.0,060850
2026-10-01,6430.0,6510.0,6340.0,6400.0,1835.0,318410
2026-10-01,6300.0,6350.0,6010.0,6300.0,5105.0,387570
2026-10-01,3900.0,3925.0,3870.0,3905.0,10193.0,196450
2026-10-01,3615.0,3720.0,3595.0,3680.0,20500.0,177900
2026-10-01,2520.0,2690.0,2445.0,2505.0,1295702.0,406820
2026-10-01,2420.0,2500.0,2395.0,2495.0,19939.0,452300
2026-10-01,2065.0,2115.0,2065.0,2085.0,11867.0,045060
2026-10-01,0.0,0.0,0.0,959.0,0.0,263050
2026-10-01,1485.0,1489.0,1445.0,1472.0,12035.0,066360
2026-10-01,3065.0,3085.0,3040.0,3060.0,2283.0,024120
2026-10-01,2515.0,2515.0,2455.0,2480.0,13374.0,051490
2026-10-01,4420.0,4530.0,4400.0,4405.0,11306.0,332290
2026-10-01,2265.0,2295.0,2205.0,2280.0,11312.0,260660
2026-10-01,2750.0,2830.0,2715.0,2795.0,19817.0,434480
2026-10-01,1349.0,1349.0,1320.0,1333.0,17793.0,060540
2026-10-01,2040.0,2100.0,2010.0,2090.0,10252.0,207760
2026-10-01,1800.0,1800.0,1743.0,1785.0,5067.0,204020
2026-10-01,868.0,995.0,868.0,922.0,678735.0,206400
2026-10-01,3205.0,3205.0,3060.0,3165.0,3677.0,186230
2026-10-01,2130.0,2170.0,2105.0,2170.0,11939.0,290120
2026-10-01,3120.0,3225.0,2980.0,3080.0,1039827.0,0010F0
2026-10-01,5230.0,5330.0,5150.0,5280.0,2774.0,153460
2026-10-01,6990.0,7820.0,6890.0,7240.0,146081.0,417860
2026-10-01,0.0,0.0,0.0,991.0,0.0,469750
2026-10-01,2180.0,2320.0,2170.0,2315.0,24793.0,104200
2026-10-01,2120.0,2135.0,2080.0,2110.0,9745.0,075130
2026-10-01,4300.0,4645.0,4250.0,4530.0,91960.0,431190
2026-10-01,6510.0,6690.0,6390.0,6580.0,1127.0,397810
2026-10-01,4465.0,4850.0,4375.0,4540.0,4721.0,290090
2026-10-01,2105.0,2105.0,2045.0,2090.0,4069.0,057030
2026-10-01,2065.0,2065.0,2025.0,2040.0,3402.0,432430
2026-10-01,5220.0,5400.0,5160.0,5270.0,13860.0,099220
2026-10-01,859.0,895.0,780.0,841.0,3655436.0,270520
2026-10-01,2855.0,2920.0,2840.0,2880.0,6852.0,052600
2026-10-01,1486.0,1486.0,1468.0,1484.0,3551.0,064520
2026-10-01,0.0,0.0,0.0,689.0,0.0,038060
2026-10-01,4335.0,4365.0,4220.0,4320.0,22283.0,131090
2026-10-01,1481.0,1544.0,1480.0,1506.0,4073.0,335810
2026-10-01,9810.0,10050.0,9620.0,9660.0,2245.0,208860
2026-10-01,1278.0,1289.0,1202.0,1266.0,53564.0,032790
2026-10-01,4100.0,4100.0,3970.0,4050.0,4973.0,476080
2026-10-01,1541.0,1541.0,1485.0,1493.0,72553.0,310870
2026-10-01,1400.0,1434.0,1328.0,1400.0,34980.0,215090
2026-10-01,2960.0,2990.0,2950.0,2985.0,15224.0,006920
2026-10-01,1332.0,1380.0,1321.0,1353.0,13620.0,220180
2026-10-01,997.0,999.0,970.0,990.0,14197.0,408900
2026-10-01,3500.0,3580.0,3500.0,3575.0,3341.0,270870
2026-10-01,1040.0,1100.0,1032.0,1093.0,96267.0,271830
2026-10-01,1714.0,1715.0,1690.0,1700.0,7720.0,033830
2026-10-01,1335.0,1395.0,1335.0,1371.0,8143.0,133750
2026-10-01,1163.0,1182.0,1143.0,1158.0,8619.0,068050
2026-10-01,3000.0,3025.0,2995.0,3005.0,2255.0,200780
2026-10-01,2225.0,2265.0,2177.0,2255.0,24410.0,419120
2026-10-01,2785.0,2875.0,2690.0,2810.0,21512.0,080520
2026-10-01,2560.0,2605.0,2530.0,2595.0,10985.0,318020
2026-10-01,3670.0,3790.0,3440.0,3625.0,184743.0,462510
2026-10-01,1289.0,1354.0,1250.0,1308.0,90425.0,226330
2026-10-01,1802.0,1887.0,1731.0,1739.0,19080.0,169330
2026-10-01,1931.0,1953.0,1924.0,1948.0,14135.0,021650
2026-10-01,3880.0,3930.0,3830.0,3900.0,216.0,087600
2026-10-01,1119.0,1131.0,1107.0,1128.0,12695.0,065950
2026-10-01,1988.0,2100.0,1988.0,2100.0,43669.0,038620
2026-10-01,2075.0,2120.0,2055.0,2075.0,28640.0,089140
2026-10-01,2510.0,2610.0,2435.0,2545.0,54968.0,900270
2026-10-01,2850.0,2925.0,2830.0,2910.0,47269.0,430690
2026-10-01,2650.0,2685.0,2635.0,2680.0,7431.0,127980
2026-10-01,1138.0,1140.0,1120.0,1130.0,117691.0,031510
2026-10-01,7000.0,7210.0,6990.0,7200.0,3932.0,012620
2026-10-01,2570.0,2570.0,2480.0,2510.0,19876.0,311390
2026-10-01,3250.0,3255.0,3155.0,3235.0,2122.0,025440
2026-10-01,0.0,0.0,0.0,1079.0,0.0,050110
2026-10-01,2220.0,2280.0,2210.0,2255.0,6585.0,016600
2026-10-01,1542.0,1542.0,1515.0,1539.0,8200.0,109820
2026-10-01,3120.0,3305.0,3070.0,3305.0,3732.0,376980
2026-10-01,3035.0,3120.0,2935.0,3095.0,16843.0,148930
2026-10-01,0.0,0.0,0.0,412.0,0.0,258830
2026-10-01,3150.0,3200.0,3117.0,3175.0,1396.0,263920
2026-10-01,6080.0,6150.0,5960.0,5960.0,10140.0,296640
2026-10-01,3355.0,3450.0,3310.0,3365.0,11610.0,090410
2026-10-01,3025.0,3100.0,2880.0,3000.0,4771.0,153490
2026-10-01,2675.0,2690.0,2620.0,2620.0,24941.0,091340
2026-10-01,4805.0,4835.0,4705.0,4780.0,3830.0,444530
2026-10-01,1999.0,2005.0,1994.0,1996.0,3626.0,173940
2026-10-01,2540.0,2550.0,2395.0,2550.0,55755.0,073570
2026-10-01,2345.0,2390.0,2290.0,2345.0,15875.0,197140
2026-10-01,3765.0,3900.0,3715.0,3845.0,8227.0,462310
2026-10-01,1623.0,1690.0,1614.0,1650.0,15447.0,464580
2026-10-01,2960.0,2960.0,2875.0,2895.0,2581.0,159910
2026-10-01,2560.0,2560.0,2520.0,2540.0,16291.0,064480
2026-10-01,686.0,695.0,680.0,690.0,12816.0,037330
2026-10-01,2810.0,2925.0,2780.0,2855.0,6731.0,049120
2026-10-01,3420.0,3420.0,3070.0,3135.0,25709.0,336060
2026-10-01,2825.0,2890.0,2805.0,2860.0,14055.0,262840
2026-10-01,0.0,0.0,0.0,1969.0,0.0,246250
2026-10-01,3225.0,3240.0,3055.0,3055.0,9787.0,093380
2026-10-01,3840.0,3840.0,3590.0,3680.0,4576.0,099390
2026-10-01,2320.0,2420.0,2320.0,2350.0,41714.0,237820
2026-10-01,1633.0,1650.0,1633.0,1635.0,5329.0,075970
2026-10-01,2955.0,2955.0,2920.0,2940.0,1121.0,038950
2026-10-01,3450.0,3805.0,3395.0,3690.0,94943.0,364950
2026-10-01,1132.0,1132.0,1019.0,1110.0,978391.0,900070
2026-10-01,2875.0,3040.0,2870.0,3015.0,39353.0,300120
2026-10-01,2980.0,3045.0,2940.0,2985.0,9342.0,369370
2026-10-01,3850.0,3900.0,3850.0,3880.0,11188.0,020180
2026-10-01,2105.0,2240.0,2025.0,2125.0,13182.0,038870
2026-10-01,1440.0,1465.0,1434.0,1465.0,3365.0,097780
2026-10-01,2510.0,2550.0,2450.0,2485.0,27409.0,356890
2026-10-01,5380.0,5450.0,5320.0,5350.0,5489.0,464280
2026-10-01,3100.0,3100.0,2995.0,3075.0,3386.0,452160
2026-10-01,2120.0,2155.0,2110.0,2135.0,4346.0,070590
2026-10-01,2810.0,3005.0,2730.0,2945.0,53952.0,200350
2026-10-01,1084.0,1122.0,1077.0,1105.0,51385.0,128540
2026-10-01,2985.0,2985.0,2775.0,2890.0,7647.0,187270
2026-10-01,5730.0,5740.0,5440.0,5490.0,11602.0,388610
2026-10-01,2720.0,2810.0,2705.0,2765.0,25914.0,045300
2026-10-01,1227.0,1253.0,1184.0,1201.0,7707.0,071850
2026-10-01,1005.0,1005.0,982.0,997.0,55844.0,317240
2026-10-01,2545.0,2605.0,2520.0,2540.0,9258.0,073540
2026-10-01,946.0,982.0,936.0,970.0,37707.0,031310
2026-10-01,1879.0,1920.0,1861.0,1908.0,1040.0,109960
2026-10-01,2050.0,2165.0,2030.0,2075.0,10548.0,188260
2026-10-01,2025.0,2145.0,1951.0,2010.0,20855.0,377030
2026-10-01,1236.0,1288.0,1220.0,1283.0,38883.0,290560
2026-10-01,1963.0,1963.0,1913.0,1960.0,15601.0,407400
2026-10-01,5550.0,5740.0,5510.0,5680.0,8161.0,333050
2026-10-01,0.0,0.0,0.0,1710.0,0.0,043220
2026-10-01,5450.0,5520.0,5190.0,5410.0,3035.0,079170
2026-10-01,6520.0,6640.0,6360.0,6500.0,6683.0,088340
2026-10-01,2335.0,2550.0,2335.0,2550.0,62147.0,368970
2026-10-01,3280.0,3525.0,3275.0,3395.0,14217.0,351330
2026-10-01,1464.0,1465.0,1444.0,1465.0,21166.0,225220
2026-10-01,5150.0,5210.0,5100.0,5210.0,921.0,239610
2026-10-01,1014.0,1029.0,990.0,1005.0,66454.0,160550
2026-10-01,1421.0,1421.0,1340.0,1408.0,104618.0,198940
2026-10-01,3350.0,3435.0,3270.0,3340.0,3368.0,367000
2026-10-01,2755.0,2845.0,2595.0,2665.0,31470.0,033540
2026-10-01,0.0,0.0,0.0,910.0,0.0,254120
2026-10-01,2330.0,2400.0,2320.0,2340.0,1771.0,068100
2026-10-01,1650.0,1660.0,1621.0,1660.0,8091.0,008470
2026-10-01,1628.0,1642.0,1596.0,1624.0,30670.0,089150
2026-10-01,2365.0,2365.0,2335.0,2350.0,13722.0,119500
2026-10-01,1599.0,1616.0,1550.0,1615.0,23251.0,114630
2026-10-01,615.0,615.0,573.0,585.0,60784.0,043340
2026-10-01,2040.0,2135.0,2000.0,2040.0,29579.0,148250
2026-10-01,2350.0,2350.0,2225.0,2280.0,3854.0,115480
2026-10-01,1890.0,1930.0,1860.0,1899.0,7540.0,130500
2026-10-01,708.0,708.0,640.0,665.0,152124.0,072770
2026-10-01,1786.0,1802.0,1722.0,1792.0,30197.0,066910
2026-10-01,2450.0,2545.0,2395.0,2455.0,9023.0,080530
2026-10-01,3480.0,3480.0,3435.0,3465.0,116.0,318010
2026-10-01,3490.0,3595.0,3200.0,3420.0,70654.0,002680
2026-10-01,1681.0,1681.0,1601.0,1612.0,20610.0,236810
2026-10-01,2530.0,2530.0,2495.0,2510.0,41999.0,067010
2026-10-01,3015.0,3315.0,2815.0,2830.0,320530.0,048470
2026-10-01,1840.0,2270.0,1796.0,1844.0,178070.0,450520
2026-10-01,1755.0,1838.0,1750.0,1827.0,24664.0,373170
2026-10-01,7970.0,7970.0,7700.0,7720.0,1527.0,007770
2026-10-01,1675.0,1721.0,1661.0,1695.0,41348.0,195500
2026-10-01,2570.0,2720.0,2525.0,2655.0,27033.0,016670
2026-10-01,2945.0,3005.0,2825.0,2840.0,8247.0,019570
2026-10-01,1689.0,1714.0,1666.0,1713.0,8397.0,057680
2026-10-01,3890.0,3910.0,3775.0,3860.0,22361.0,288620
2026-10-01,1390.0,1540.0,1361.0,1450.0,38407.0,376180
2026-10-01,476.0,489.0,468.0,476.0,235393.0,101670
2026-10-01,1868.0,1899.0,1855.0,1898.0,7237.0,139670
2026-10-01,1230.0,1399.0,1230.0,1364.0,210430.0,060230
2026-10-01,2685.0,2690.0,2615.0,2665.0,34376.0,078590
2026-10-01,2305.0,2315.0,2265.0,2280.0,20634.0,017000
2026-10-01,2745.0,2840.0,2700.0,2765.0,10712.0,290270
2026-10-01,2475.0,2525.0,2415.0,2495.0,50768.0,140430
2026-10-01,1050.0,1050.0,1011.0,1032.0,13605.0,016920
2026-10-01,1605.0,1680.0,1605.0,1669.0,32609.0,096630
2026-10-01,2330.0,2390.0,2270.0,2305.0,8115.0,359090
2026-10-01,2990.0,2990.0,2905.0,2930.0,1637.0,032750
2026-10-01,3485.0,3570.0,3450.0,3500.0,7676.0,091970
2026-10-01,2080.0,2085.0,1927.0,2055.0,748.0,900310
2026-10-01,1872.0,2065.0,1872.0,2065.0,79681.0,383930
2026-10-01,3920.0,4095.0,3510.0,3790.0,31275.0,297570
2026-10-01,2175.0,2192.0,2090.0,2150.0,8959.0,013720
2026-10-01,3920.0,4110.0,3920.0,4070.0,8043.0,363260
2026-10-01,1040.0,1060.0,1031.0,1050.0,89644.0,047080
2026-10-01,3540.0,3545.0,3495.0,3500.0,2312.0,131220
2026-10-01,1731.0,1778.0,1701.0,1727.0,8884.0,069140
2026-10-01,1581.0,1610.0,1576.0,1600.0,40954.0,052300
2026-10-01,2570.0,2580.0,2500.0,2535.0,13523.0,069410
2026-10-01,3625.0,3625.0,3590.0,3605.0,4923.0,079000
2026-10-01,1566.0,1611.0,1527.0,1569.0,17360.0,053290
2026-10-01,667.0,667.0,629.0,644.0,743093.0,215790
2026-10-01,1283.0,1319.0,1283.0,1314.0,12851.0,060380
2026-10-01,1263.0,1350.0,1213.0,1269.0,28330.0,079190
2026-10-01,5410.0,5450.0,5310.0,5410.0,4487.0,134060
2026-10-01,4000.0,4000.0,3720.0,3765.0,7384.0,328380
2026-10-01,1570.0,1581.0,1565.0,1572.0,8362.0,103840
2026-10-01,1829.0,1829.0,1616.0,1652.0,4419.0,123840
2026-10-01,1249.0,1252.0,1195.0,1236.0,67947.0,043200
2026-10-01,2220.0,2300.0,2205.0,2265.0,2711.0,238490
2026-10-01,806.0,814.0,799.0,804.0,13928.0,033050
2026-10-01,1460.0,1463.0,1412.0,1463.0,16020.0,138070
2026-10-01,3285.0,4155.0,3270.0,3530.0,1002541.0,429270
2026-10-01,1995.0,2000.0,1900.0,1905.0,15669.0,193250
2026-10-01,2610.0,2675.0,2610.0,2640.0,1410.0,348030
2026-10-01,6200.0,6500.0,6190.0,6320.0,2094.0,096690
2026-10-01,1580.0,1660.0,1564.0,1636.0,224014.0,191410
2026-10-01,1052.0,1070.0,1050.0,1063.0,13668.0,146060
2026-10-01,1598.0,1688.0,1575.0,1607.0,56698.0,290520
2026-10-01,2905.0,2960.0,2880.0,2910.0,21026.0,458350
2026-10-01,1580.0,1615.0,1565.0,1611.0,15200.0,105550
2026-10-01,1675.0,1841.0,1586.0,1665.0,67334.0,322780
2026-10-01,6000.0,6070.0,5810.0,5960.0,5959.0,090150
2026-10-01,1151.0,1151.0,1119.0,1131.0,20590.0,001810
2026-10-01,994.0,1017.0,960.0,1000.0,63901.0,054090
2026-10-01,3155.0,3335.0,3150.0,3280.0,12853.0,038880
2026-10-01,3060.0,3075.0,2935.0,3015.0,40681.0,389680
2026-10-01,2205.0,2260.0,2180.0,2220.0,1944.0,351870
2026-10-01,1829.0,1870.0,1761.0,1780.0,147311.0,027040
2026-10-01,1851.0,1999.0,1851.0,1981.0,17626.0,257370
2026-10-01,0.0,0.0,0.0,956.0,0.0,368600
2026-10-01,1406.0,1442.0,1377.0,1412.0,19803.0,083660
2026-10-01,1320.0,1359.0,1317.0,1328.0,9387.0,044780
2026-10-01,1161.0,1164.0,1138.0,1158.0,12235.0,021880
2026-10-01,1591.0,1648.0,1563.0,1607.0,30478.0,101400
2026-10-01,3020.0,3055.0,2720.0,2840.0,51635.0,115530
2026-10-01,3880.0,3950.0,3720.0,3870.0,31623.0,148780
2026-10-01,1743.0,1768.0,1734.0,1741.0,9492.0,123750
2026-10-01,1286.0,1442.0,1176.0,1284.0,173594.0,016100
2026-10-01,3045.0,3045.0,2800.0,2800.0,10446.0,101680
2026-10-01,1105.0,1165.0,1066.0,1068.0,232859.0,069920
2026-10-01,4190.0,4190.0,4107.0,4125.0,4707.0,131180
2026-10-01,5180.0,5330.0,5100.0,5220.0,6774.0,083640
2026-10-01,2600.0,2620.0,2560.0,2600.0,20935.0,035200
2026-10-01,2095.0,2095.0,2060.0,2085.0,6805.0,415380
2026-10-01,2075.0,2105.0,2020.0,2100.0,11584.0,177830
2026-10-01,2625.0,2680.0,2565.0,2635.0,16248.0,020400
2026-10-01,2940.0,2960.0,2905.0,2935.0,11290.0,039740
2026-10-01,1266.0,1278.0,1250.0,1272.0,13701.0,365590
2026-10-01,1827.0,1827.0,1796.0,1822.0,3944.0,405920
2026-10-01,5480.0,5650.0,5430.0,5430.0,2946.0,115160
2026-10-01,1473.0,1480.0,1453.0,1459.0,14248.0,058110
2026-10-01,4970.0,5000.0,4890.0,5000.0,4194.0,188040
2026-10-01,3020.0,3065.0,3020.0,3035.0,3599.0,267790
2026-10-01,3000.0,3000.0,2830.0,2887.0,10187.0,208350
2026-10-01,2900.0,2960.0,2885.0,2925.0,12979.0,475660
2026-10-01,921.0,934.0,903.0,917.0,52826.0,206560
2026-10-01,1043.0,1044.0,1000.0,1025.0,38619.0,076080
2026-10-01,3500.0,3515.0,3395.0,3485.0,25830.0,054940
2026-10-01,2670.0,2675.0,2615.0,2645.0,8534.0,318000
2026-10-01,995.0,1009.0,988.0,1003.0,31876.0,032680
2026-10-01,2160.0,2190.0,2115.0,2120.0,20916.0,215480
2026-10-01,2225.0,2225.0,2085.0,2090.0,1971.0,222980
2026-10-01,1933.0,1987.0,1912.0,1948.0,93681.0,027580
2026-10-01,1480.0,1509.0,1480.0,1495.0,7000.0,051380
2026-10-01,1631.0,1677.0,1536.0,1630.0,39681.0,464500
2026-10-01,2470.0,2560.0,2340.0,2495.0,65063.0,378800
2026-10-01,1397.0,1500.0,1397.0,1431.0,140235.0,355390
2026-10-01,2790.0,2895.0,2655.0,2830.0,40039.0,223310
2026-10-01,1538.0,1563.0,1520.0,1543.0,8649.0,013810
2026-10-01,1933.0,1949.0,1917.0,1939.0,194.0,018680
2026-10-01,2370.0,2390.0,2320.0,2345.0,4114.0,298060
2026-10-01,2485.0,2555.0,2450.0,2530.0,15761.0,023770
2026-10-01,1666.0,1706.0,1634.0,1663.0,7286.0,043590
2026-10-01,1979.0,1979.0,1901.0,1958.0,5299.0,187220
2026-10-01,3805.0,3940.0,3805.0,3890.0,3911.0,417180
2026-10-01,1473.0,1490.0,1473.0,1488.0,1429.0,032800
2026-10-01,2720.0,2775.0,2665.0,2755.0,1543.0,377330
2026-10-01,5940.0,5970.0,5870.0,5910.0,2783.0,036480
2026-10-01,2425.0,2520.0,2380.0,2395.0,3301.0,033200
2026-10-01,1865.0,1889.0,1800.0,1856.0,20264.0,065690
2026-10-01,1053.0,1059.0,1045.0,1057.0,12287.0,017250
2026-10-01,4880.0,4880.0,4150.0,4305.0,404277.0,224060
2026-10-01,2745.0,2825.0,2655.0,2765.0,18926.0,115570
2026-10-01,1133.0,1165.0,1073.0,1099.0,52413.0,007720
2026-10-01,1824.0,1850.0,1792.0,1850.0,15691.0,192390
2026-10-01,2565.0,2580.0,2460.0,2575.0,18655.0,432980
2026-10-01,3420.0,3420.0,3340.0,3405.0,3639.0,237750
2026-10-01,1674.0,1695.0,1630.0,1690.0,7202.0,219750
2026-10-01,3000.0,3030.0,2965.0,3005.0,3388.0,303530
2026-10-01,2170.0,2335.0,2170.0,2295.0,16239.0,200230
2026-10-01,2700.0,2710.0,2660.0,2705.0,2559.0,032860
2026-10-01,2005.0,2035.0,2000.0,2010.0,4921.0,352940
2026-10-01,2690.0,2890.0,2640.0,2670.0,3050.0,238200
2026-10-01,1282.0,1303.0,1245.0,1301.0,26532.0,018700
2026-10-01,1424.0,1443.0,1345.0,1434.0,24712.0,317120
2026-10-01,637.0,663.0,532.0,620.0,7018655.0,070300
2026-10-01,0.0,0.0,0.0,1010.0,0.0,032080
2026-10-01,1177.0,1205.0,1150.0,1195.0,38257.0,039310
2026-10-01,2870.0,2980.0,2870.0,2935.0,5240.0,065370
2026-10-01,1210.0,1227.0,1180.0,1220.0,60992.0,053060
2026-10-01,0.0,0.0,0.0,756.0,0.0,340440
2026-10-01,2010.0,2120.0,1620.0,1650.0,3346896.0,023790
2026-10-01,1317.0,1329.0,1308.0,1313.0,109200.0,032280
2026-10-01,5430.0,5600.0,5430.0,5540.0,1984.0,277410
2026-10-01,2160.0,2195.0,2155.0,2165.0,11100.0,331520
2026-10-01,3320.0,3320.0,3200.0,3260.0,9371.0,045520
2026-10-01,1679.0,1689.0,1654.0,1687.0,45577.0,054220
2026-10-01,3650.0,3745.0,3650.0,3725.0,7100.0,361670
2026-10-01,2110.0,2125.0,2040.0,2080.0,18204.0,424760
2026-10-01,2175.0,2225.0,2145.0,2170.0,13217.0,067730
2026-10-01,2225.0,2225.0,2175.0,2200.0,7082.0,241840
2026-10-01,3190.0,3200.0,3085.0,3115.0,12003.0,044480
2026-10-01,2910.0,3015.0,2855.0,2940.0,6499.0,372800
2026-10-01,2215.0,2215.0,2060.0,2080.0,7675.0,440320
2026-10-01,3955.0,4010.0,3770.0,3980.0,13717.0,247660
2026-10-01,1811.0,1840.0,1800.0,1824.0,12185.0,130740
2026-10-01,1360.0,1365.0,1320.0,1360.0,32354.0,344860
2026-10-01,2575.0,2615.0,2560.0,2587.0,2989.0,353190
2026-10-01,3705.0,4020.0,3705.0,3915.0,4498.0,038530
2026-10-01,1492.0,1547.0,1492.0,1540.0,11773.0,301300
2026-10-01,1377.0,1480.0,1334.0,1474.0,184250.0,079950
2026-10-01,2045.0,2045.0,2015.0,2025.0,12585.0,024940
2026-10-01,878.0,912.0,873.0,901.0,43497.0,289220
2026-10-01,1194.0,1203.0,1181.0,1198.0,6439.0,362990
2026-10-01,1500.0,1500.0,1407.0,1439.0,42044.0,019660
2026-10-01,1775.0,1816.0,1763.0,1793.0,21571.0,438700
2026-10-01,2235.0,2275.0,2200.0,2225.0,22764.0,043360
2026-10-01,1097.0,1098.0,1059.0,1069.0,227135.0,048830
2026-10-01,2395.0,2445.0,2365.0,2380.0,39746.0,096870
2026-10-01,1572.0,1617.0,1572.0,1598.0,18330.0,098660
2026-10-01,5550.0,5720.0,5470.0,5710.0,33364.0,009620
2026-10-01,2070.0,2150.0,2070.0,2135.0,36294.0,063760
2026-10-01,546.0,554.0,530.0,545.0,117072.0,095910
2026-10-01,947.0,947.0,873.0,913.0,21576.0,021040
2026-10-01,2690.0,2715.0,2665.0,2715.0,9195.0,080470
2026-10-01,3000.0,3050.0,2895.0,2970.0,22257.0,113810
2026-10-01,1378.0,1435.0,1351.0,1381.0,29566.0,085810
2026-10-01,0.0,0.0,0.0,1622.0,0.0,073190
2026-10-01,848.0,849.0,804.0,821.0,74824.0,276730
2026-10-01,1169.0,1169.0,1131.0,1141.0,39833.0,069330
2026-10-01,890.0,909.0,870.0,906.0,119049.0,083470
2026-10-01,2040.0,2150.0,2020.0,2125.0,5420.0,274400
2026-10-01,3525.0,3640.0,3460.0,3585.0,5033.0,405000
2026-10-01,1000.0,1000.0,953.0,993.0,13533.0,227610
2026-10-01,1586.0,1634.0,1579.0,1627.0,18299.0,115610
2026-10-01,3750.0,3750.0,3610.0,3660.0,3773.0,275630
2026-10-01,0.0,0.0,0.0,2290.0,0.0,214610
2026-10-01,2415.0,2415.0,2260.0,2395.0,4070.0,088290
2026-10-01,3520.0,3520.0,3445.0,3510.0,4428.0,342870
2026-10-01,1182.0,1182.0,1152.0,1171.0,27054.0,050760
2026-10-01,1470.0,1542.0,1460.0,1479.0,9920.0,353590
2026-10-01,8410.0,8950.0,8400.0,8845.0,4968.0,154040
2026-10-01,833.0,850.0,796.0,838.0,78922.0,347770
2026-10-01,2200.0,2205.0,2035.0,2055.0,3633.0,110020
2026-10-01,2275.0,2275.0,2225.0,2275.0,4452.0,252500
2026-10-01,5080.0,5130.0,4830.0,4922.0,2483.0,084440
2026-10-01,2710.0,2725.0,2655.0,2685.0,2639.0,018620
2026-10-01,0.0,0.0,0.0,6930.0,0.0,031860
2026-10-01,1562.0,1599.0,1521.0,1549.0,20774.0,154030
2026-10-01,1186.0,1220.0,1159.0,1168.0,12793.0,065150
2026-10-01,2765.0,2945.0,2700.0,2875.0,43555.0,131100
2026-10-01,3075.0,3180.0,3030.0,3180.0,4956.0,065060
2026-10-01,1121.0,1140.0,1111.0,1132.0,6433.0,195990
2026-10-01,1240.0,1288.0,1204.0,1250.0,12425.0,455180
2026-10-01,2010.0,2035.0,1943.0,1994.0,7053.0,403490
2026-10-01,4135.0,4135.0,3790.0,3875.0,2892.0,279600
2026-10-01,1547.0,1547.0,1500.0,1525.0,29206.0,014100
2026-10-01,2915.0,3295.0,2835.0,2910.0,92259.0,078860
2026-10-01,2955.0,3005.0,2905.0,2980.0,9048.0,419540
2026-10-01,2425.0,2445.0,2415.0,2437.0,4620.0,365900
2026-10-01,1257.0,1257.0,1233.0,1234.0,17378.0,196700
2026-10-01,3330.0,3360.0,3315.0,3355.0,4357.0,037400
2026-10-01,2330.0,2340.0,2290.0,2315.0,15421.0,051780
2026-10-01,1789.0,1791.0,1752.0,1777.0,17361.0,137940
2026-10-01,0.0,0.0,0.0,1040.0,0.0,900120
2026-10-01,1153.0,1214.0,1153.0,1165.0,33806.0,056730
2026-10-01,1900.0,1908.0,1886.0,1906.0,83556.0,0197V0
2026-10-01,1779.0,1782.0,1681.0,1771.0,33219.0,210120
2026-10-01,977.0,994.0,971.0,980.0,50646.0,373110
2026-10-01,0.0,0.0,0.0,2055.0,0.0,482680
2026-10-01,2075.0,2080.0,2075.0,2080.0,9605.0,477380
2026-10-01,0.0,0.0,0.0,6040.0,0.0,241820
2026-10-01,2560.0,2720.0,2545.0,2680.0,40693.0,034940
2026-10-01,1895.0,1906.0,1889.0,1904.0,193958.0,0200G0
2026-10-01,844.0,858.0,800.0,840.0,26934.0,309930
2026-10-01,3055.0,3085.0,2755.0,2820.0,30250.0,054410
2026-10-01,2035.0,2085.0,1994.0,2010.0,26814.0,009730
2026-10-01,4440.0,4550.0,4285.0,4430.0,23216.0,285800
2026-10-01,608.0,698.0,545.0,679.0,367501.0,050090
2026-10-01,1967.0,1977.0,1966.0,1975.0,7484.0,0072Z0
2026-10-01,2065.0,2070.0,2065.0,2065.0,1052.0,477340
2026-10-01,2095.0,2140.0,1675.0,1938.0,704251.0,026910
2026-10-01,1992.0,1999.0,1970.0,1998.0,1618.0,0130H0
2026-10-01,1529.0,1529.0,1480.0,1495.0,30402.0,376930
2026-10-01,1971.0,1997.0,1971.0,1978.0,71.0,0101C0
2026-10-01,0.0,0.0,0.0,973.0,0.0,030350
2026-10-01,1401.0,1409.0,1326.0,1370.0,14412.0,065650
2026-10-01,1998.0,1998.0,1978.0,1993.0,448.0,0044K0
2026-10-01,2625.0,2650.0,2580.0,2650.0,7572.0,475460
2026-10-01,2105.0,2110.0,2105.0,2105.0,54540.0,473050
2026-10-01,1450.0,1515.0,1331.0,1510.0,132345.0,101000
2026-10-01,2925.0,2960.0,2835.0,2875.0,30051.0,225590
2026-10-01,1996.0,1996.0,1970.0,1981.0,2921.0,0115H0
2026-10-01,0.0,0.0,0.0,2200.0,0.0,489480
2026-10-01,2070.0,2070.0,2055.0,2065.0,1444.0,478440
2026-10-01,2075.0,2080.0,2070.0,2080.0,1188.0,479880
2026-10-01,1927.0,1942.0,1927.0,1942.0,12239.0,0165X0
2026-10-01,1978.0,1980.0,1967.0,1971.0,519.0,0099W0
2026-10-01,1500.0,1519.0,1463.0,1491.0,5738.0,306040
2026-10-01,4430.0,4430.0,4015.0,4105.0,4609.0,335870
2026-10-01,1885.0,1901.0,1884.0,1899.0,349690.0,0209J0
2026-10-01,2480.0,2655.0,2455.0,2535.0,3974.0,239340
2026-10-01,0.0,0.0,0.0,561.0,0.0,304840
2026-10-01,0.0,0.0,0.0,5250.0,0.0,352770
2026-10-01,2625.0,2785.0,2575.0,2710.0,146394.0,498390
2026-10-01,700.0,762.0,700.0,721.0,69576.0,035620
2026-10-01,0.0,0.0,0.0,1651.0,0.0,244460
2026-10-01,1391.0,1421.0,1323.0,1346.0,104323.0,177350
2026-10-01,2710.0,2965.0,2605.0,2670.0,87624.0,092600
2026-10-01,839.0,880.0,760.0,827.0,337153.0,354200
2026-10-01,1975.0,1984.0,1965.0,1973.0,13572.0,0134X0
2026-10-01,3095.0,3145.0,3020.0,3115.0,171411.0,469480
2026-10-01,1940.0,1954.0,1940.0,1950.0,20719.0,0164H0
2026-10-01,2200.0,2235.0,2145.0,2200.0,49106.0,0099X0
2026-10-01,2075.0,2075.0,2065.0,2070.0,4543.0,481890
2026-10-01,1986.0,1987.0,1963.0,1983.0,1702.0,0096B0
2026-10-01,1993.0,1993.0,1985.0,1988.0,5040.0,0097F0
2026-10-01,2035.0,2040.0,2030.0,2037.0,25669.0,489730
2026-10-01,2070.0,2075.0,2065.0,2070.0,101.0,478390
2026-10-01,0.0,0.0,0.0,2295.0,0.0,054180
2026-10-01,2040.0,2040.0,2020.0,2035.0,2667.0,492220
2026-10-01,2000.0,2000.0,1980.0,1993.0,5111.0,0037T0
2026-10-01,0.0,0.0,0.0,2065.0,0.0,482520
2026-10-01,1981.0,1981.0,1964.0,1965.0,22.0,0093G0
2026-10-01,0.0,0.0,0.0,5170.0,0.0,028080
2026-10-01,2005.0,2005.0,1995.0,2000.0,71.0,0054V0
2026-10-01,1978.0,1978.0,1955.0,1959.0,1819.0,0131D0
2026-10-01,2025.0,2035.0,2025.0,2035.0,1540.0,0091W0
2026-10-01,470.0,499.0,436.0,474.0,2644573.0,418620
2026-10-01,0.0,0.0,0.0,764.0,0.0,065570
2026-10-01,2070.0,2070.0,2065.0,2065.0,149.0,477760
2026-10-01,1999.0,1999.0,1981.0,1999.0,5986.0,0041L0
2026-10-01,2075.0,2075.0,2050.0,2075.0,139.0,0088D0
2026-10-01,1991.0,1995.0,1981.0,1992.0,13515.0,0132G0
2026-10-01,2100.0,2100.0,2100.0,2100.0,94373.0,469900
2026-10-01,2075.0,2085.0,2065.0,2085.0,17049.0,482690
2026-10-01,1250.0,1329.0,1015.0,1068.0,220595.0,060480
2026-10-01,2085.0,2090.0,2085.0,2090.0,37357.0,474660
2026-10-01,2055.0,2130.0,1980.0,2030.0,29455.0,377220
2026-10-01,2080.0,2085.0,2080.0,2085.0,327.0,474490
2026-10-01,1990.0,1992.0,1987.0,1990.0,3153.0,0071M0
2026-10-01,2030.0,2030.0,2025.0,2025.0,10210.0,487360
2026-10-01,2070.0,2070.0,2065.0,2070.0,2735.0,477470
2026-10-01,2005.0,2010.0,2005.0,2005.0,533.0,496070
2026-10-01,1993.0,1997.0,1987.0,1988.0,443.0,0105P0
2026-10-01,1982.0,1982.0,1972.0,1972.0,1177.0,0129K0
2026-10-01,1988.0,1988.0,1985.0,1987.0,3446.0,0096D0
2026-10-01,2055.0,2055.0,2045.0,2055.0,5716.0,486630
2026-10-01,2000.0,2000.0,2000.0,2000.0,418.0,0098T0
2026-10-01,798.0,798.0,731.0,779.0,211087.0,208640
2026-10-01,835.0,838.0,790.0,794.0,29503.0,060260
2026-10-01,2020.0,2020.0,2015.0,2020.0,9117.0,493790
2026-10-01,1997.0,2005.0,1997.0,2005.0,11274.0,0004Y0
2026-10-01,2050.0,2055.0,2045.0,2055.0,12621.0,489210
2026-10-01,1970.0,1973.0,1958.0,1959.0,1306.0,0130D0
2026-10-01,804.0,806.0,735.0,754.0,67276.0,289010
2026-10-01,0.0,0.0,0.0,520.0,0.0,043100
2026-10-01,2040.0,2060.0,2030.0,2055.0,3296.0,478110
2026-10-01,1550.0,1689.0,1287.0,1445.0,565483.0,103230
2026-10-01,1145.0,1208.0,1145.0,1181.0,73407.0,131760
2026-10-01,2005.0,2005.0,1970.0,2000.0,6493.0,466690
2026-10-01,1820.0,1844.0,1545.0,1580.0,541904.0,060900
2026-10-01,0.0,0.0,0.0,538.0,0.0,305090
2026-10-01,2010.0,2015.0,2010.0,2015.0,5417.0,0041B0
2026-10-01,487.0,495.0,473.0,486.0,62557.0,142760
2026-10-01,2995.0,3095.0,2700.0,2875.0,38086.0,006050
2026-10-01,2040.0,2045.0,2035.0,2035.0,6899.0,488060
2026-10-01,0.0,0.0,0.0,1650.0,0.0,106080
2026-10-01,1299.0,1299.0,918.0,1016.0,364056.0,303030
2026-10-01,2040.0,2040.0,2030.0,2035.0,3808.0,484130
2026-10-01,2055.0,2060.0,2055.0,2055.0,8421.0,473950
2026-10-01,2035.0,2040.0,2030.0,2040.0,3937.0,487830
2026-10-01,0.0,0.0,0.0,2080.0,0.0,468760
2026-10-01,915.0,915.0,761.0,835.0,65170.0,065770
2026-10-01,2105.0,2105.0,2105.0,2105.0,3327.0,472230
2026-10-01,2050.0,2060.0,2050.0,2060.0,4439.0,487720
2026-10-01,1990.0,1990.0,1973.0,1990.0,10728.0,0068Y0
2026-10-01,408.0,409.0,350.0,385.0,474315.0,012340
2026-10-01,1996.0,1998.0,1985.0,1986.0,2503.0,0041J0
2026-10-01,5850.0,5890.0,5800.0,5880.0,155.0,03481K
2026-10-01,1678.0,1678.0,1619.0,1663.0,6058.0,001000
2026-10-01,0.0,0.0,0.0,247.0,0.0,087260
2026-10-01,208.0,246.0,200.0,219.0,4022859.0,288980
2026-10-01,999.0,999.0,939.0,966.0,46035.0,240600
2026-10-01,2080.0,2090.0,2080.0,2090.0,700.0,475250
2026-10-01,0.0,0.0,0.0,596.0,0.0,079970
2026-10-01,2090.0,2105.0,2090.0,2105.0,12632.0,474930
2026-10-01,0.0,0.0,0.0,940.0,0.0,065420
2026-10-01,908.0,908.0,856.0,890.0,129675.0,067770
2026-10-01,0.0,0.0,0.0,327.0,0.0,276040
2026-10-01,2075.0,2080.0,2075.0,2077.0,312.0,473000
2026-10-01,2095.0,2095.0,2090.0,2090.0,180.0,475240
2026-10-01,257.0,273.0,254.0,258.0,263652.0,308100
2026-10-01,0.0,0.0,0.0,1096.0,0.0,900100
2026-10-01,0.0,0.0,0.0,409.0,0.0,291810
2026-10-01,0.0,0.0,0.0,205.0,0.0,044180
2026-10-01,0.0,0.0,0.0,468.0,0.0,313760
2026-10-01,0.0,0.0,0.0,312.0,0.0,052770
2026-10-01,0.0,0.0,0.0,698.0,0.0,225430
2026-10-01,0.0,0.0,0.0,1059.0,0.0,025870
2026-10-01,499.0,591.0,454.0,472.0,305061.0,250930
2026-10-01,650.0,699.0,593.0,615.0,85955.0,199730
2026-10-01,559.0,559.0,500.0,529.0,109278.0,058450
2026-10-01,374.0,415.0,361.0,376.0,784901.0,011080
2026-10-01,0.0,0.0,0.0,384.0,0.0,035290
2026-10-01,1985.0,1985.0,1935.0,1957.0,248.0,021045
2026-10-01,115.0,172.0,102.0,102.0,2521577.0,196490
2026-10-01,43.0,44.0,39.0,39.0,1610710.0,312610
2026-10-01,5690.0,5830.0,5600.0,5750.0,1164.0,032685
