date,open,high,low,close,volume,code
2026-10-06,278500.0,279000.0,270000.0,272500.0,10243639.0,005930
2026-10-06,1835000.0,1837000.0,1771000.0,1783000.0,2160830.0,000660
2026-10-06,202000.0,202500.0,197100.0,197700.0,2102755.0,005935
2026-10-06,1174000.0,1199000.0,1140000.0,1160000.0,499502.0,402340
2026-10-06,1628000.0,1685000.0,1616000.0,1673000.0,663171.0,009150
2026-10-06,372000.0,391000.0,367500.0,388500.0,372494.0,373220
2026-10-06,349500.0,353000.0,345000.0,347500.0,331859.0,005380
2026-10-06,1355000.0,1363000.0,1300000.0,1305000.0,66900.0,207940
2026-10-06,167400.0,168700.0,165300.0,166700.0,631115.0,105560
2026-10-06,293000.0,295500.0,281000.0,282500.0,187914.0,032830
2026-10-06,353500.0,353500.0,340500.0,341000.0,205875.0,028260
2026-10-06,1092000.0,1111000.0,1016000.0,1023000.0,101673.0,012450
2026-10-06,81600.0,81700.0,80700.0,81200.0,1533503.0,034020
2026-10-06,105000.0,105600.0,103000.0,103200.0,534928.0,055550
2026-10-06,537000.0,575000.0,535000.0,573000.0,562566.0,006400
2026-10-06,428500.0,429000.0,418000.0,419500.0,136203.0,329180
2026-10-06,114000.0,114300.0,111800.0,112200.0,454520.0,000270
2026-10-06,185200.0,186800.0,181100.0,182200.0,287798.0,068270
2026-10-06,575000.0,592000.0,565000.0,582000.0,101245.0,034730
2026-10-06,227000.0,235000.0,226000.0,231000.0,1085796.0,066570
2026-10-06,129200.0,129700.0,128000.0,128500.0,348576.0,086790
2026-10-06,388500.0,389000.0,377000.0,379500.0,165537.0,012330
2026-10-06,213000.0,216000.0,209000.0,215500.0,386540.0,010120
2026-10-06,194300.0,194700.0,190300.0,190500.0,393253.0,035420
2026-10-06,645000.0,645000.0,624000.0,630000.0,58604.0,000810
2026-10-06,151800.0,157400.0,147000.0,156700.0,717413.0,096770
2026-10-06,280000.0,281500.0,273000.0,277000.0,402828.0,042700
2026-10-06,2821000.0,2833000.0,2767000.0,2801000.0,27970.0,298040
2026-10-06,314000.0,317000.0,310500.0,317000.0,166549.0,005490
2026-10-06,692000.0,697000.0,676000.0,681000.0,62280.0,267260
2026-10-06,33750.0,33800.0,33100.0,33250.0,1500313.0,316140
2026-10-06,1439000.0,1491000.0,1427000.0,1461000.0,120824.0,000150
2026-10-06,79000.0,79200.0,77000.0,77100.0,521220.0,042660
2026-10-06,1105000.0,1110000.0,1080000.0,1101000.0,8944.0,010130
2026-10-06,327000.0,328000.0,315000.0,317000.0,136015.0,009540
2026-10-06,130000.0,131000.0,128400.0,129200.0,98979.0,138040
2026-10-06,21450.0,21600.0,21200.0,21350.0,522035.0,011200
2026-10-06,266000.0,277500.0,261500.0,277000.0,155977.0,051910
2026-10-06,30150.0,30300.0,29950.0,30250.0,753831.0,015760
2026-10-06,88500.0,89400.0,87300.0,87800.0,290437.0,017670
2026-10-06,167800.0,167800.0,154300.0,164300.0,352146.0,010950
2026-10-06,179300.0,179300.0,175300.0,176100.0,168362.0,033780
2026-10-06,189500.0,206000.0,188800.0,205000.0,438747.0,003670
2026-10-06,114100.0,115900.0,112700.0,114800.0,121436.0,003550
2026-10-06,20150.0,20150.0,19600.0,19670.0,2075005.0,010140
2026-10-06,32400.0,33400.0,31650.0,31800.0,1119865.0,006800
2026-10-06,222000.0,222000.0,217000.0,218500.0,65388.0,018260
2026-10-06,20350.0,20350.0,20050.0,20100.0,455133.0,024110
2026-10-06,204500.0,207000.0,194100.0,195200.0,145388.0,267250
2026-10-06,765000.0,773000.0,700000.0,702000.0,85062.0,079550
2026-10-06,86200.0,89600.0,79700.0,81100.0,1137239.0,272210
2026-10-06,595000.0,642000.0,593000.0,642000.0,383872.0,011070
2026-10-06,203000.0,204500.0,199600.0,200000.0,56186.0,086280
2026-10-06,33700.0,33750.0,33300.0,33450.0,843614.0,035720
2026-10-06,369500.0,374000.0,356500.0,360500.0,211548.0,278470
2026-10-06,52000.0,52200.0,51400.0,51500.0,163058.0,030200
2026-10-06,115100.0,116600.0,112600.0,113000.0,467217.0,000720
2026-10-06,134100.0,134300.0,128600.0,129000.0,205611.0,047810
2026-10-06,116900.0,116900.0,111200.0,111700.0,309598.0,064350
2026-10-06,188000.0,188000.0,180900.0,181500.0,69780.0,005830
2026-10-06,31000.0,31400.0,30200.0,30850.0,1229948.0,003490
2026-10-06,389500.0,394500.0,385000.0,388000.0,32252.0,307950
2026-10-06,235000.0,237000.0,220000.0,225500.0,83612.0,443060
2026-10-06,56800.0,57600.0,55900.0,57200.0,263348.0,047050
2026-10-06,183500.0,184100.0,177000.0,177700.0,107585.0,071050
2026-10-06,27050.0,27350.0,26450.0,26550.0,230449.0,005940
2026-10-06,104500.0,105200.0,99400.0,104800.0,300606.0,078930
2026-10-06,329000.0,334000.0,321000.0,326500.0,125392.0,000500
2026-10-06,127500.0,134800.0,126900.0,131900.0,1323815.0,007660
2026-10-06,19840.0,20100.0,19710.0,19960.0,537143.0,323410
2026-10-06,48000.0,48400.0,47550.0,47800.0,983415.0,028050
2026-10-06,300500.0,305500.0,294000.0,298000.0,130226.0,006260
2026-10-06,369000.0,374500.0,360000.0,369500.0,24693.0,0126Z0
2026-10-06,200000.0,200000.0,195600.0,199000.0,54329.0,259960
2026-10-06,1215000.0,1223000.0,1182000.0,1200000.0,28791.0,003230
2026-10-06,133500.0,134000.0,130400.0,133100.0,42982.0,180640
2026-10-06,36450.0,37500.0,35100.0,36900.0,3707983.0,009830
2026-10-06,91000.0,91700.0,88100.0,88600.0,245623.0,016360
2026-10-06,153100.0,158200.0,149500.0,157900.0,1009168.0,353200
2026-10-06,133400.0,134500.0,129000.0,131700.0,200486.0,090430
2026-10-06,60800.0,60800.0,59500.0,60000.0,113995.0,161390
2026-10-06,17700.0,18160.0,17630.0,17700.0,3499399.0,047040
2026-10-06,231500.0,238000.0,225000.0,235500.0,294423.0,062040
2026-10-06,73100.0,75000.0,72700.0,73100.0,517660.0,064400
2026-10-06,102100.0,103000.0,98600.0,100400.0,144907.0,021240
2026-10-06,156100.0,159500.0,155700.0,156400.0,106437.0,352820
2026-10-06,505000.0,527000.0,498000.0,524000.0,70232.0,128940
2026-10-06,129900.0,133200.0,124800.0,125800.0,58829.0,000880
2026-10-06,260000.0,261500.0,252000.0,253500.0,42114.0,039490
2026-10-06,31950.0,32900.0,31200.0,31650.0,2291945.0,001440
2026-10-06,14620.0,14710.0,14430.0,14460.0,325203.0,032640
2026-10-06,176000.0,180100.0,175900.0,178300.0,70109.0,005387
2026-10-06,143000.0,143100.0,136800.0,139200.0,474529.0,000990
2026-10-06,77500.0,78000.0,75500.0,76500.0,83429.0,326030
2026-10-06,118300.0,119300.0,116000.0,118000.0,198981.0,267270
2026-10-06,74500.0,76900.0,74400.0,75900.0,168064.0,000100
2026-10-06,106500.0,112700.0,104100.0,112000.0,378481.0,011790
2026-10-06,40500.0,40800.0,39950.0,40400.0,98156.0,377300
2026-10-06,29050.0,29150.0,28300.0,28500.0,249093.0,175330
2026-10-06,55800.0,55900.0,54800.0,55100.0,95048.0,241560
2026-10-06,117400.0,125000.0,115300.0,124300.0,618546.0,066970
2026-10-06,15980.0,16190.0,15730.0,15950.0,421737.0,138930
2026-10-06,125800.0,128300.0,124600.0,128100.0,218122.0,052690
2026-10-06,73100.0,76350.0,72400.0,74700.0,461553.0,454910
2026-10-06,42300.0,42350.0,41600.0,41600.0,43914.0,029780
2026-10-06,239500.0,239500.0,222000.0,223500.0,263271.0,036570
2026-10-06,9790.0,9820.0,9720.0,9735.0,576868.0,088980
2026-10-06,5350.0,5420.0,5270.0,5290.0,1341403.0,088350
2026-10-06,243500.0,247500.0,233500.0,244500.0,204798.0,010060
2026-10-06,8640.0,8710.0,8530.0,8530.0,1907411.0,034220
2026-10-06,105700.0,106600.0,104900.0,106300.0,67977.0,271560
2026-10-06,87100.0,89200.0,85800.0,87500.0,322824.0,103590
2026-10-06,472500.0,479000.0,472000.0,477000.0,9610.0,002380
2026-10-06,176900.0,180300.0,175400.0,178400.0,42656.0,005385
2026-10-06,30100.0,30650.0,29700.0,29800.0,675629.0,004020
2026-10-06,3835.0,4025.0,3765.0,3875.0,13186489.0,018880
2026-10-06,47950.0,47950.0,46300.0,46550.0,216765.0,001450
2026-10-06,48850.0,49000.0,46650.0,47450.0,576295.0,082740
2026-10-06,271500.0,273000.0,261000.0,263500.0,49654.0,051900
2026-10-06,55000.0,57700.0,54200.0,57500.0,163449.0,008930
2026-10-06,131600.0,131900.0,127700.0,129400.0,72056.0,001040
2026-10-06,271500.0,298000.0,264500.0,297000.0,135045.0,192820
2026-10-06,21200.0,21950.0,21050.0,21950.0,306305.0,022100
2026-10-06,35850.0,36100.0,35600.0,36000.0,51019.0,036460
2026-10-06,137000.0,140300.0,133100.0,139600.0,303114.0,161890
2026-10-06,84500.0,85400.0,83400.0,84200.0,45698.0,012750
2026-10-06,6240.0,6320.0,5930.0,5940.0,2752828.0,028670
2026-10-06,46050.0,47200.0,45200.0,47150.0,365335.0,336260
2026-10-06,332500.0,333000.0,321000.0,324000.0,39101.0,004170
2026-10-06,14300.0,14400.0,14250.0,14250.0,86843.0,035250
2026-10-06,66800.0,68300.0,66800.0,67700.0,82932.0,111770
2026-10-06,118300.0,119000.0,116400.0,118100.0,36825.0,011780
2026-10-06,276000.0,284000.0,269500.0,275000.0,51323.0,014680
2026-10-06,18700.0,18800.0,18520.0,18680.0,204777.0,139130
2026-10-06,42100.0,42350.0,41750.0,41900.0,25640.0,031210
2026-10-06,36700.0,37800.0,36650.0,37200.0,49839.0,302440
2026-10-06,50500.0,51300.0,49200.0,49350.0,60209.0,007340
2026-10-06,75300.0,75900.0,73700.0,74100.0,169549.0,375500
2026-10-06,73300.0,73400.0,72400.0,73100.0,68877.0,017800
2026-10-06,35450.0,35450.0,34050.0,34300.0,172819.0,251270
2026-10-06,51400.0,55000.0,51400.0,54100.0,491898.0,020150
2026-10-06,33200.0,33550.0,32800.0,32900.0,753964.0,006360
2026-10-06,102700.0,102800.0,98000.0,99300.0,77030.0,023530
2026-10-06,38750.0,40400.0,37950.0,39600.0,490476.0,450080
2026-10-06,19700.0,20500.0,19560.0,20450.0,100227.0,085620
2026-10-06,69200.0,70800.0,69200.0,70700.0,27946.0,383220
2026-10-06,179600.0,179700.0,178100.0,179300.0,20816.0,097950
2026-10-06,158600.0,159900.0,157100.0,157600.0,7481.0,004800
2026-10-06,27550.0,27900.0,26200.0,26300.0,179066.0,026960
2026-10-06,61200.0,61700.0,60100.0,61000.0,62419.0,011170
2026-10-06,52100.0,52500.0,50800.0,51100.0,180890.0,489790
2026-10-06,14430.0,14490.0,14290.0,14380.0,91149.0,003690
2026-10-06,82100.0,84800.0,80500.0,84100.0,259213.0,457190
2026-10-06,46100.0,48750.0,45850.0,47700.0,208882.0,009420
2026-10-06,55900.0,58100.0,54200.0,57500.0,537178.0,112610
2026-10-06,404000.0,404000.0,391000.0,394500.0,11547.0,004370
2026-10-06,52600.0,52900.0,51500.0,51800.0,67678.0,005850
2026-10-06,25450.0,25550.0,25050.0,25200.0,17879.0,000240
2026-10-06,241000.0,262000.0,239500.0,255500.0,29108.0,018670
2026-10-06,23850.0,23850.0,23200.0,23200.0,110680.0,004990
2026-10-06,139900.0,144800.0,139300.0,140800.0,14609.0,001720
2026-10-06,12710.0,12750.0,12380.0,12440.0,336044.0,005440
2026-10-06,183400.0,188000.0,177700.0,181400.0,85044.0,483650
2026-10-06,5400.0,5550.0,5390.0,5510.0,470439.0,279570
2026-10-06,47400.0,48150.0,46650.0,47300.0,322744.0,204320
2026-10-06,128300.0,129500.0,126100.0,127200.0,18086.0,282330
2026-10-06,18710.0,18810.0,18560.0,18630.0,276582.0,030000
2026-10-06,79600.0,80000.0,75200.0,75500.0,151853.0,103140
2026-10-06,84500.0,90000.0,83400.0,88000.0,569632.0,007810
2026-10-06,166500.0,166500.0,160600.0,160900.0,8320.0,009970
2026-10-06,92100.0,106200.0,90400.0,105100.0,327786.0,281820
2026-10-06,39100.0,39150.0,38250.0,38900.0,50640.0,081660
2026-10-06,67000.0,67800.0,65000.0,67400.0,124950.0,229640
2026-10-06,45450.0,46600.0,44850.0,45100.0,63244.0,051600
2026-10-06,72000.0,72600.0,71400.0,71700.0,36661.0,139480
2026-10-06,25300.0,25550.0,24750.0,25100.0,72766.0,002790
2026-10-06,6900.0,6920.0,6610.0,6670.0,726616.0,073240
2026-10-06,470500.0,486500.0,469000.0,480000.0,9866.0,000155
2026-10-06,88800.0,89200.0,86300.0,87500.0,61503.0,069960
2026-10-06,58000.0,58400.0,56300.0,57600.0,85044.0,181710
2026-10-06,22200.0,22300.0,21900.0,22050.0,67200.0,007070
2026-10-06,51200.0,52000.0,49900.0,50700.0,58453.0,089860
2026-10-06,46300.0,48350.0,46300.0,47700.0,58945.0,439260
2026-10-06,31000.0,31350.0,30500.0,30550.0,26088.0,462870
2026-10-06,16390.0,16500.0,15440.0,16240.0,3805342.0,093370
2026-10-06,56900.0,60400.0,56100.0,57300.0,207115.0,120110
2026-10-06,49800.0,50200.0,48850.0,50200.0,516273.0,475150
2026-10-06,8230.0,8310.0,8120.0,8240.0,42936.0,020560
2026-10-06,48100.0,48600.0,46850.0,47200.0,113146.0,001430
2026-10-06,139300.0,149900.0,136700.0,149600.0,270071.0,322000
2026-10-06,43750.0,43850.0,42900.0,43100.0,65920.0,001120
2026-10-06,160300.0,166300.0,157200.0,159600.0,703290.0,001820
2026-10-06,38150.0,39150.0,38000.0,38250.0,44253.0,023590
2026-10-06,49400.0,49400.0,47050.0,47100.0,174949.0,071970
2026-10-06,71000.0,71200.0,69400.0,69600.0,41324.0,000120
2026-10-06,47600.0,47950.0,46350.0,47700.0,286681.0,005070
2026-10-06,5300.0,5360.0,5220.0,5250.0,131497.0,395400
2026-10-06,533000.0,544000.0,532000.0,541000.0,18176.0,009155
2026-10-06,35500.0,35600.0,34800.0,34950.0,24519.0,006040
2026-10-06,39400.0,39500.0,38900.0,38950.0,100173.0,008770
2026-10-06,126500.0,130500.0,126400.0,127500.0,19692.0,006280
2026-10-06,17760.0,18160.0,16960.0,18100.0,449285.0,361610
2026-10-06,53500.0,54300.0,53300.0,53500.0,37426.0,011210
2026-10-06,22350.0,22550.0,21450.0,21850.0,93698.0,294870
2026-10-06,77100.0,82000.0,77100.0,81800.0,202327.0,066575
2026-10-06,15400.0,15590.0,15010.0,15270.0,175116.0,097230
2026-10-06,23500.0,23800.0,23000.0,23150.0,52071.0,012630
2026-10-06,23000.0,23200.0,22200.0,22550.0,83994.0,001800
2026-10-06,6600.0,6640.0,6460.0,6550.0,650164.0,001740
2026-10-06,10280.0,10510.0,10120.0,10210.0,222478.0,00680K
2026-10-06,108700.0,110500.0,107600.0,109000.0,13332.0,069620
2026-10-06,319000.0,320000.0,313000.0,313500.0,2166.0,007310
2026-10-06,275000.0,296000.0,270000.0,289000.0,35646.0,298020
2026-10-06,10040.0,10070.0,9940.0,9980.0,80364.0,415640
2026-10-06,25850.0,25850.0,25200.0,25250.0,28995.0,003540
2026-10-06,58700.0,58700.0,56400.0,56600.0,26894.0,192080
2026-10-06,42550.0,43000.0,41400.0,42350.0,715863.0,003160
2026-10-06,4055.0,4140.0,4045.0,4130.0,132297.0,330590
2026-10-06,391000.0,395000.0,389500.0,392500.0,3885.0,000815
2026-10-06,16100.0,16190.0,16000.0,16020.0,24732.0,300720
2026-10-06,68100.0,68900.0,65000.0,66000.0,19706.0,006120
2026-10-06,67000.0,68300.0,64900.0,66500.0,115302.0,195870
2026-10-06,10000.0,10040.0,9870.0,9910.0,12065.0,030610
2026-10-06,43250.0,43250.0,42400.0,42500.0,35408.0,004000
2026-10-06,121400.0,121400.0,118200.0,119500.0,10389.0,280360
2026-10-06,20900.0,21100.0,20350.0,20400.0,112120.0,017960
2026-10-06,13470.0,13580.0,13250.0,13390.0,1186899.0,006340
2026-10-06,62900.0,71200.0,61600.0,69300.0,374001.0,006110
2026-10-06,49450.0,50100.0,49250.0,49300.0,22541.0,000210
2026-10-06,14780.0,14890.0,14720.0,14730.0,47588.0,000080
2026-10-06,32650.0,33375.0,30500.0,30750.0,120947.0,003570
2026-10-06,894000.0,918000.0,891000.0,911000.0,876.0,003240
2026-10-06,4690.0,4740.0,4600.0,4610.0,587911.0,003530
2026-10-06,5360.0,5360.0,5280.0,5290.0,28271.0,451800
2026-10-06,27000.0,27100.0,26600.0,26600.0,9371.0,192400
2026-10-06,39750.0,40200.0,39150.0,40000.0,21573.0,009240
2026-10-06,16500.0,16550.0,16100.0,16130.0,43735.0,030190
2026-10-06,117000.0,120800.0,115300.0,120800.0,36512.0,051915
2026-10-06,22900.0,23250.0,22550.0,23050.0,105363.0,077970
2026-10-06,79900.0,80000.0,78700.0,78800.0,8589.0,071320
2026-10-06,65600.0,66000.0,65100.0,65600.0,6892.0,185750
2026-10-06,51900.0,52200.0,50600.0,51800.0,24259.0,285130
2026-10-06,62400.0,64900.0,62200.0,64500.0,74634.0,004490
2026-10-06,61600.0,62000.0,60600.0,61000.0,20239.0,009450
2026-10-06,15490.0,15550.0,15220.0,15290.0,37514.0,003090
2026-10-06,95600.0,96500.0,94400.0,94500.0,12122.0,005300
2026-10-06,9330.0,9450.0,9240.0,9400.0,163950.0,034230
2026-10-06,10980.0,11000.0,10220.0,10880.0,661320.0,032350
2026-10-06,7370.0,7450.0,7190.0,7210.0,267186.0,000370
2026-10-06,4350.0,4405.0,4315.0,4320.0,144904.0,003470
2026-10-06,143000.0,144500.0,141100.0,142000.0,7224.0,071055
2026-10-06,5020.0,5100.0,4905.0,4905.0,233894.0,079160
2026-10-06,16710.0,17030.0,16100.0,16720.0,256316.0,248070
2026-10-06,12070.0,12800.0,12010.0,12740.0,710818.0,100090
2026-10-06,12800.0,13770.0,12760.0,13200.0,2630106.0,005690
2026-10-06,6350.0,6570.0,6240.0,6420.0,119335.0,137310
2026-10-06,3120.0,3180.0,3070.0,3110.0,156857.0,365550
2026-10-06,40800.0,41600.0,40350.0,41200.0,23759.0,000670
2026-10-06,21100.0,22650.0,20850.0,22400.0,1028086.0,090460
2026-10-06,38000.0,38900.0,37700.0,37900.0,16024.0,499790
2026-10-06,83500.0,84800.0,83000.0,83400.0,24667.0,005180
2026-10-06,163200.0,165900.0,162200.0,163300.0,4590.0,298050
2026-10-06,45300.0,45650.0,44700.0,44750.0,12555.0,036530
2026-10-06,8490.0,8580.0,8420.0,8500.0,29601.0,003850
2026-10-06,18110.0,18320.0,17930.0,17930.0,40764.0,214320
2026-10-06,7790.0,7860.0,7630.0,7680.0,15053.0,094800
2026-10-06,27200.0,27400.0,26550.0,26650.0,44006.0,064960
2026-10-06,49700.0,49700.0,46900.0,48150.0,77033.0,005090
2026-10-06,24450.0,24450.0,23500.0,23550.0,48793.0,093050
2026-10-06,36000.0,36200.0,34300.0,34400.0,217199.0,100840
2026-10-06,520000.0,523000.0,516000.0,521000.0,330.0,002960
2026-10-06,2210.0,2240.0,2150.0,2160.0,296959.0,000400
2026-10-06,5550.0,5550.0,5470.0,5520.0,89609.0,293940
2026-10-06,75500.0,75700.0,73600.0,73800.0,19656.0,456040
2026-10-06,8860.0,9570.0,8830.0,9400.0,539483.0,336370
2026-10-06,2150.0,2160.0,2020.0,2030.0,1878497.0,005880
2026-10-06,16020.0,16020.0,15840.0,15860.0,31715.0,069260
2026-10-06,26800.0,27750.0,26800.0,27350.0,31261.0,001060
2026-10-06,21400.0,22050.0,21400.0,22000.0,12265.0,014820
2026-10-06,9400.0,9860.0,9320.0,9610.0,988773.0,192650
2026-10-06,0.0,0.0,0.0,9900.0,0.0,001570
2026-10-06,43700.0,44550.0,43050.0,43250.0,8727.0,317450
2026-10-06,94600.0,95300.0,92700.0,93000.0,9331.0,000640
2026-10-06,12170.0,12240.0,11400.0,11920.0,723475.0,004710
2026-10-06,37950.0,38500.0,37500.0,38150.0,49606.0,108320
2026-10-06,89400.0,91400.0,87300.0,90400.0,6118.0,017940
2026-10-06,126800.0,128600.0,122300.0,123400.0,1737.0,268280
2026-10-06,8080.0,8080.0,7990.0,8010.0,47592.0,383800
2026-10-06,28250.0,28550.0,27900.0,28300.0,53676.0,033240
2026-10-06,137700.0,137700.0,133700.0,135400.0,2128.0,002840
2026-10-06,19500.0,19500.0,18640.0,18730.0,25582.0,453340
2026-10-06,17850.0,17870.0,17500.0,17510.0,57849.0,001680
2026-10-06,9950.0,10430.0,9930.0,10330.0,2214635.0,017900
2026-10-06,20450.0,20600.0,20000.0,20400.0,46931.0,178920
2026-10-06,91700.0,93500.0,90150.0,90700.0,33535.0,006650
2026-10-06,40200.0,40350.0,39750.0,39850.0,25494.0,079900
2026-10-06,5750.0,5790.0,5690.0,5710.0,193816.0,016380
2026-10-06,39700.0,39700.0,38750.0,38900.0,6697.0,00088K
2026-10-06,10050.0,10080.0,9930.0,10010.0,112009.0,075580
2026-10-06,56100.0,56400.0,55100.0,55300.0,15093.0,025540
2026-10-06,5800.0,5810.0,5700.0,5710.0,65190.0,002350
2026-10-06,24800.0,24900.0,23950.0,24500.0,33306.0,284740
2026-10-06,11300.0,11310.0,11030.0,11290.0,306871.0,161000
2026-10-06,2390.0,2415.0,2315.0,2330.0,1622500.0,001510
2026-10-06,25000.0,25950.0,24700.0,25800.0,20329.0,001530
2026-10-06,128800.0,128900.0,125600.0,125900.0,2689.0,00104K
2026-10-06,17430.0,17510.0,17110.0,17180.0,3757.0,003300
2026-10-06,37000.0,37250.0,36550.0,36600.0,5041.0,005810
2026-10-06,18610.0,19240.0,18210.0,19240.0,133763.0,484870
2026-10-06,13380.0,13500.0,13360.0,13410.0,2357.0,007700
2026-10-06,2545.0,2625.0,2540.0,2590.0,508377.0,003620
2026-10-06,49850.0,50800.0,49850.0,50500.0,1188.0,001270
2026-10-06,1628.0,1642.0,1612.0,1630.0,276012.0,009410
2026-10-06,128000.0,128900.0,126300.0,127700.0,163.0,058650
2026-10-06,8580.0,8590.0,8380.0,8390.0,90433.0,114090
2026-10-06,16110.0,16770.0,16100.0,16380.0,112881.0,008060
2026-10-06,2600.0,2660.0,2575.0,2610.0,665507.0,452260
2026-10-06,44000.0,45500.0,43200.0,45250.0,26974.0,029460
2026-10-06,9360.0,9500.0,9300.0,9490.0,119218.0,019170
2026-10-06,9990.0,10240.0,9810.0,9870.0,358976.0,460860
2026-10-06,20250.0,20250.0,19950.0,19970.0,27388.0,003545
2026-10-06,7810.0,7880.0,7770.0,7800.0,31812.0,001500
2026-10-06,5690.0,5920.0,5660.0,5690.0,1338697.0,0220W0
2026-10-06,45900.0,46450.0,45800.0,45850.0,6290.0,145990
2026-10-06,4660.0,4690.0,4620.0,4640.0,41380.0,377740
2026-10-06,14570.0,14950.0,14550.0,14710.0,115581.0,249420
2026-10-06,30000.0,30200.0,29850.0,30000.0,17272.0,039130
2026-10-06,115900.0,118500.0,111600.0,112100.0,8991.0,003030
2026-10-06,22000.0,22100.0,21050.0,21550.0,115037.0,020000
2026-10-06,128100.0,128100.0,125700.0,127500.0,3445.0,004690
2026-10-06,9780.0,10000.0,9680.0,9760.0,48488.0,005250
2026-10-06,18350.0,19420.0,17870.0,19050.0,8841730.0,217590
2026-10-06,11670.0,11900.0,11430.0,11900.0,192202.0,005420
2026-10-06,17300.0,17300.0,16860.0,16900.0,44078.0,002240
2026-10-06,8640.0,8730.0,8310.0,8640.0,193302.0,009900
2026-10-06,5050.0,5050.0,4960.0,4975.0,30810.0,448730
2026-10-06,66900.0,67500.0,66900.0,67200.0,733.0,004700
2026-10-06,57500.0,57600.0,56600.0,57000.0,11329.0,000070
2026-10-06,155400.0,158300.0,154300.0,155200.0,9054.0,306200
2026-10-06,12230.0,12250.0,11760.0,11800.0,813819.0,002990
2026-10-06,14700.0,14800.0,14640.0,14790.0,27643.0,010780
2026-10-06,10410.0,10570.0,10290.0,10310.0,20005.0,016610
2026-10-06,1855.0,1858.0,1809.0,1814.0,1988239.0,003280
2026-10-06,12070.0,12070.0,11680.0,11710.0,9938.0,034310
2026-10-06,11730.0,11870.0,11660.0,11780.0,22827.0,271940
2026-10-06,11380.0,11800.0,11100.0,11230.0,31006.0,403550
2026-10-06,22550.0,22700.0,22250.0,22350.0,25365.0,005945
2026-10-06,204500.0,204500.0,199300.0,203500.0,1558.0,002030
2026-10-06,2050.0,2105.0,2015.0,2055.0,692402.0,012030
2026-10-06,39800.0,40400.0,38800.0,39100.0,20936.0,090435
2026-10-06,60800.0,61100.0,60300.0,60700.0,8172.0,014830
2026-10-06,89300.0,89300.0,88300.0,88400.0,1396.0,072710
2026-10-06,19960.0,20350.0,19310.0,20150.0,330340.0,011930
2026-10-06,4150.0,4200.0,4085.0,4130.0,252327.0,003000
2026-10-06,173300.0,175800.0,173000.0,174400.0,8310.0,005389
2026-10-06,12350.0,12450.0,12270.0,12350.0,124196.0,130660
2026-10-06,10020.0,10300.0,9750.0,10235.0,746054.0,317400
2026-10-06,21100.0,21550.0,21050.0,21450.0,16010.0,002810
2026-10-06,4095.0,4155.0,4055.0,4065.0,255155.0,001200
2026-10-06,4100.0,4125.0,4010.0,4045.0,60257.0,357120
2026-10-06,15020.0,15750.0,14920.0,15750.0,60936.0,008730
2026-10-06,14000.0,15800.0,13920.0,14870.0,2143582.0,002710
2026-10-06,24300.0,24550.0,24100.0,24200.0,7110.0,344820
2026-10-06,14850.0,14850.0,14560.0,14630.0,10761.0,015360
2026-10-06,38700.0,39050.0,38200.0,38950.0,4637.0,029530
2026-10-06,96300.0,96300.0,94300.0,95000.0,2001.0,092230
2026-10-06,49000.0,50300.0,48400.0,50300.0,38354.0,0120G0
2026-10-06,3385.0,3410.0,3360.0,3380.0,48704.0,126560
2026-10-06,14210.0,14670.0,14070.0,14170.0,619793.0,092790
2026-10-06,9180.0,9180.0,9020.0,9090.0,4333.0,016590
2026-10-06,10460.0,10540.0,10370.0,10470.0,41704.0,031430
2026-10-06,9720.0,9770.0,9650.0,9670.0,104704.0,006220
2026-10-06,25650.0,25800.0,24950.0,25750.0,4215.0,001940
2026-10-06,4510.0,4565.0,4430.0,4440.0,154377.0,089590
2026-10-06,212500.0,224000.0,212500.0,223000.0,9303.0,006405
2026-10-06,10100.0,10180.0,9910.0,9920.0,39094.0,183190
2026-10-06,7390.0,7480.0,7150.0,7210.0,92012.0,015860
2026-10-06,38800.0,38850.0,38150.0,38400.0,9279.0,007690
2026-10-06,12930.0,12990.0,12210.0,12270.0,47278.0,194370
2026-10-06,3700.0,3745.0,3700.0,3705.0,43074.0,027410
2026-10-06,41800.0,41900.0,40950.0,41000.0,2238.0,005610
2026-10-06,8890.0,8900.0,8770.0,8840.0,30047.0,105630
2026-10-06,89000.0,89000.0,83100.0,86700.0,23291.0,010955
2026-10-06,6140.0,6140.0,5800.0,5810.0,38302.0,950210
2026-10-06,39400.0,40400.0,39300.0,40300.0,39451.0,145720
2026-10-06,9350.0,9480.0,9350.0,9440.0,11895.0,104700
2026-10-06,365000.0,384500.0,365000.0,383500.0,348.0,000157
2026-10-06,35600.0,35600.0,34800.0,35000.0,3633.0,170900
2026-10-06,19440.0,19700.0,19390.0,19500.0,30114.0,097520
2026-10-06,6620.0,6870.0,6580.0,6790.0,259488.0,009290
2026-10-06,38700.0,38700.0,37500.0,37550.0,15816.0,060980
2026-10-06,8760.0,8870.0,8740.0,8800.0,11156.0,017810
2026-10-06,15400.0,15590.0,14110.0,14860.0,840682.0,003350
2026-10-06,6440.0,6510.0,6350.0,6370.0,79148.0,005720
2026-10-06,25050.0,25100.0,24500.0,24850.0,25983.0,011760
2026-10-06,4965.0,4995.0,4890.0,4980.0,35987.0,009160
2026-10-06,222500.0,223000.0,217000.0,217500.0,2435.0,02826K
2026-10-06,2030.0,2090.0,2005.0,2045.0,248471.0,001230
2026-10-06,9340.0,9430.0,9140.0,9180.0,271713.0,084010
2026-10-06,9300.0,9420.0,9160.0,9250.0,22839.0,024720
2026-10-06,4290.0,4290.0,4225.0,4230.0,38526.0,096760
2026-10-06,11750.0,11990.0,11520.0,11860.0,330544.0,005950
2026-10-06,23850.0,24000.0,23500.0,23700.0,15209.0,002020
2026-10-06,7980.0,8080.0,7800.0,7890.0,58952.0,026890
2026-10-06,21550.0,21600.0,21300.0,21400.0,8553.0,126720
2026-10-06,6290.0,6330.0,6240.0,6260.0,12525.0,381970
2026-10-06,5910.0,5940.0,5790.0,5830.0,33538.0,272450
2026-10-06,7890.0,7890.0,7660.0,7680.0,122191.0,002310
2026-10-06,6530.0,6620.0,6170.0,6200.0,652936.0,010820
2026-10-06,11240.0,11360.0,11150.0,11170.0,17724.0,200880
2026-10-06,97600.0,99600.0,94300.0,95600.0,5962.0,005430
2026-10-06,6030.0,6050.0,5980.0,6030.0,110582.0,025860
2026-10-06,2400.0,2435.0,2390.0,2420.0,76665.0,123890
2026-10-06,11160.0,11290.0,11130.0,11180.0,12192.0,018250
2026-10-06,33300.0,33850.0,32650.0,32750.0,11629.0,108670
2026-10-06,22050.0,22200.0,21950.0,22050.0,1078.0,003120
2026-10-06,19210.0,19340.0,19010.0,19140.0,8792.0,001750
2026-10-06,7920.0,7920.0,7830.0,7840.0,7312.0,084690
2026-10-06,17580.0,17690.0,17500.0,17650.0,10119.0,033270
2026-10-06,4235.0,4285.0,4205.0,4210.0,76241.0,001390
2026-10-06,12500.0,12780.0,12295.0,12380.0,31290.0,244920
2026-10-06,1124.0,1132.0,1105.0,1111.0,355813.0,034830
2026-10-06,24500.0,28700.0,24200.0,24250.0,920.0,016800
2026-10-06,4600.0,4720.0,4570.0,4635.0,241508.0,058430
2026-10-06,11570.0,11600.0,11320.0,11550.0,77911.0,004430
2026-10-06,11090.0,11220.0,10850.0,11020.0,39242.0,078520
2026-10-06,4535.0,4570.0,4395.0,4415.0,52703.0,000430
2026-10-06,8200.0,8210.0,8150.0,8150.0,30464.0,122900
2026-10-06,6480.0,6600.0,6440.0,6530.0,203499.0,002900
2026-10-06,2615.0,2655.0,2595.0,2630.0,44166.0,091810
2026-10-06,7710.0,7860.0,7690.0,7730.0,144489.0,010690
2026-10-06,54200.0,54400.0,53600.0,54300.0,3770.0,017390
2026-10-06,12000.0,12130.0,11770.0,11910.0,80298.0,044450
2026-10-06,13620.0,14000.0,13250.0,13300.0,251590.0,105840
2026-10-06,8340.0,8450.0,8230.0,8330.0,518492.0,004310
2026-10-06,8180.0,8180.0,7010.0,7220.0,1057038.0,020120
2026-10-06,17580.0,17580.0,17230.0,17280.0,10138.0,286940
2026-10-06,3015.0,3250.0,2980.0,3145.0,1399751.0,001250
2026-10-06,34000.0,34050.0,33700.0,33750.0,11454.0,037710
2026-10-06,19140.0,19390.0,18980.0,19210.0,22267.0,005500
2026-10-06,13490.0,13500.0,13320.0,13360.0,16451.0,004360
2026-10-06,12570.0,12590.0,12420.0,12460.0,12907.0,005680
2026-10-06,26900.0,27300.0,26850.0,27250.0,1724.0,003960
2026-10-06,10900.0,10930.0,10720.0,10860.0,35148.0,003200
2026-10-06,2235.0,2280.0,2220.0,2240.0,247103.0,010580
2026-10-06,3655.0,3655.0,3545.0,3550.0,50729.0,334890
2026-10-06,1630.0,1643.0,1620.0,1633.0,154097.0,432320
2026-10-06,10810.0,11350.0,10780.0,11240.0,46465.0,226320
2026-10-06,1504.0,1520.0,1496.0,1497.0,59485.0,298690
2026-10-06,15600.0,15850.0,15560.0,15720.0,17191.0,002320
2026-10-06,2810.0,2810.0,2765.0,2790.0,68890.0,001790
2026-10-06,10130.0,10190.0,9980.0,10070.0,64693.0,136490
2026-10-06,3855.0,3950.0,3855.0,3925.0,44925.0,030210
2026-10-06,43250.0,43250.0,41600.0,42050.0,2136.0,003920
2026-10-06,47800.0,48300.0,47150.0,47550.0,1425.0,007160
2026-10-06,8360.0,8990.0,8360.0,8570.0,525861.0,025560
2026-10-06,56000.0,57800.0,56000.0,57300.0,3312.0,025000
2026-10-06,5280.0,5290.0,5120.0,5270.0,86577.0,001340
2026-10-06,15000.0,15230.0,14690.0,15050.0,109692.0,011500
2026-10-06,3880.0,3895.0,3785.0,3820.0,35157.0,404990
2026-10-06,2990.0,3000.0,2940.0,2940.0,48786.0,000680
2026-10-06,3920.0,4045.0,3825.0,3905.0,8503.0,0030R0
2026-10-06,0.0,0.0,0.0,1182.0,0.0,348950
2026-10-06,9140.0,9340.0,9050.0,9150.0,4963.0,003070
2026-10-06,20300.0,20400.0,20000.0,20100.0,7879.0,008490
2026-10-06,1187.0,1199.0,1178.0,1194.0,336907.0,900140
2026-10-06,12950.0,13170.0,12750.0,12950.0,104892.0,017860
2026-10-06,5780.0,5940.0,5780.0,5860.0,203901.0,092200
2026-10-06,0.0,0.0,0.0,5820.0,0.0,001470
2026-10-06,25000.0,25500.0,23100.0,23750.0,27810.0,044820
2026-10-06,10440.0,10440.0,10220.0,10300.0,508.0,134380
2026-10-06,4060.0,4170.0,4020.0,4030.0,440389.0,005010
2026-10-06,35600.0,37050.0,34050.0,36200.0,935.0,001460
2026-10-06,20700.0,20800.0,20500.0,20650.0,45240.0,053690
2026-10-06,6470.0,6640.0,6450.0,6550.0,184512.0,003720
2026-10-06,3430.0,3485.0,3370.0,3450.0,13941.0,000540
2026-10-06,7650.0,7720.0,7630.0,7700.0,73431.0,000490
2026-10-06,19820.0,19820.0,19460.0,19680.0,17602.0,028100
2026-10-06,15650.0,15830.0,15400.0,15640.0,78977.0,035510
2026-10-06,10450.0,10740.0,10060.0,10080.0,190847.0,077500
2026-10-06,7990.0,8010.0,7900.0,7940.0,22430.0,000050
2026-10-06,10010.0,10080.0,9980.0,10000.0,13533.0,009680
2026-10-06,11610.0,11750.0,11580.0,11680.0,5986.0,034120
2026-10-06,125400.0,125400.0,121100.0,121500.0,2430.0,003650
2026-10-06,14210.0,14390.0,14200.0,14210.0,12325.0,475560
2026-10-06,377000.0,377000.0,370500.0,371000.0,974.0,03473K
2026-10-06,10570.0,10610.0,10380.0,10570.0,29135.0,035150
2026-10-06,7450.0,7450.0,7250.0,7270.0,19127.0,033920
2026-10-06,15730.0,15730.0,15440.0,15540.0,3765.0,000320
2026-10-06,67900.0,68300.0,67600.0,68100.0,2406.0,003555
2026-10-06,4320.0,4405.0,4270.0,4310.0,59184.0,000480
2026-10-06,3270.0,3270.0,3170.0,3185.0,113257.0,088260
2026-10-06,53800.0,54900.0,52200.0,52500.0,13151.0,298000
2026-10-06,140800.0,143000.0,137700.0,138700.0,2062.0,000650
2026-10-06,3100.0,3160.0,3080.0,3100.0,101158.0,037270
2026-10-06,8160.0,8200.0,7700.0,8090.0,63601.0,004980
2026-10-06,93500.0,94200.0,92500.0,92900.0,5002.0,051905
2026-10-06,3885.0,3915.0,3860.0,3905.0,41315.0,339770
2026-10-06,7100.0,7110.0,7040.0,7060.0,34703.0,117580
2026-10-06,7490.0,7520.0,7420.0,7430.0,4134.0,039570
2026-10-06,3060.0,3080.0,3000.0,3015.0,55916.0,100250
2026-10-06,21500.0,22100.0,21450.0,21550.0,13919.0,013580
2026-10-06,8500.0,8520.0,8300.0,8350.0,20211.0,005960
2026-10-06,4290.0,4340.0,4225.0,4235.0,64676.0,095570
2026-10-06,4235.0,4265.0,4150.0,4205.0,126118.0,128820
2026-10-06,7150.0,7150.0,6940.0,7000.0,36204.0,000390
2026-10-06,4025.0,4025.0,3995.0,4000.0,14644.0,053210
2026-10-06,1050.0,1055.0,1026.0,1030.0,192535.0,003520
2026-10-06,8610.0,8760.0,8430.0,8670.0,82302.0,000520
2026-10-06,10240.0,10260.0,10060.0,10140.0,9297.0,016580
2026-10-06,49800.0,50400.0,49400.0,50200.0,1345.0,487570
2026-10-06,10120.0,10120.0,9960.0,9980.0,25226.0,102460
2026-10-06,38000.0,38000.0,37150.0,37150.0,1204.0,001630
2026-10-06,3750.0,3750.0,3665.0,3665.0,51271.0,102260
2026-10-06,11230.0,11230.0,10950.0,10970.0,3022.0,001130
2026-10-06,12500.0,12540.0,12200.0,12250.0,22394.0,004560
2026-10-06,6090.0,6090.0,5910.0,5910.0,4450.0,002420
2026-10-06,6820.0,6940.0,6770.0,6800.0,34863.0,033530
2026-10-06,19130.0,19310.0,19130.0,19170.0,4777.0,003547
2026-10-06,27850.0,28000.0,27450.0,27700.0,50964.0,009470
2026-10-06,7800.0,7890.0,7620.0,7710.0,9301.0,000140
2026-10-06,7680.0,7780.0,7570.0,7590.0,9102.0,007860
2026-10-06,6540.0,6600.0,6450.0,6490.0,56148.0,015230
2026-10-06,9080.0,9080.0,9010.0,9020.0,9930.0,002100
2026-10-06,7880.0,7920.0,7800.0,7830.0,18184.0,003220
2026-10-06,1987.0,1999.0,1978.0,1979.0,113214.0,377190
2026-10-06,5510.0,5540.0,5430.0,5450.0,65761.0,003610
2026-10-06,0.0,0.0,0.0,4200.0,0.0,000300
2026-10-06,11030.0,11060.0,10900.0,10960.0,15187.0,234080
2026-10-06,9690.0,9980.0,9600.0,9950.0,1592.0,014710
2026-10-06,4330.0,4335.0,4280.0,4280.0,7526.0,016450
2026-10-06,6620.0,6700.0,6410.0,6550.0,37550.0,000700
2026-10-06,7200.0,7570.0,7120.0,7150.0,33255.0,213500
2026-10-06,2990.0,3010.0,2990.0,2995.0,13176.0,003460
2026-10-06,5060.0,5060.0,4955.0,4965.0,18359.0,002150
2026-10-06,8140.0,8320.0,8100.0,8190.0,51439.0,090350
2026-10-06,0.0,0.0,0.0,5530.0,0.0,101530
2026-10-06,5430.0,5440.0,5370.0,5370.0,16298.0,460850
2026-10-06,7770.0,8050.0,7730.0,7760.0,22564.0,004380
2026-10-06,2720.0,2750.0,2635.0,2645.0,45321.0,241590
2026-10-06,1627.0,1655.0,1615.0,1650.0,239748.0,001780
2026-10-06,12040.0,12040.0,11910.0,11960.0,3275.0,000860
2026-10-06,52400.0,52400.0,51600.0,51800.0,83.0,002170
2026-10-06,8090.0,8160.0,8000.0,8040.0,8473.0,007570
2026-10-06,12860.0,15040.0,12760.0,13020.0,626744.0,462520
2026-10-06,2815.0,2820.0,2790.0,2795.0,100020.0,400760
2026-10-06,5100.0,6130.0,5070.0,5440.0,5574446.0,000020
2026-10-06,1370.0,1555.0,1360.0,1455.0,13978119.0,008970
2026-10-06,11140.0,11340.0,11140.0,11250.0,19350.0,006805
2026-10-06,11880.0,11950.0,11610.0,11830.0,94019.0,004090
2026-10-06,67500.0,67500.0,66100.0,66300.0,1189.0,001045
2026-10-06,8400.0,8450.0,8350.0,8410.0,10423.0,293480
2026-10-06,6920.0,6920.0,6790.0,6800.0,8030.0,013890
2026-10-06,50000.0,50000.0,49250.0,49400.0,3442.0,011785
2026-10-06,9870.0,9890.0,9760.0,9830.0,5351.0,272550
2026-10-06,21300.0,21300.0,20700.0,20850.0,3400.0,00279K
2026-10-06,6560.0,6590.0,6460.0,6480.0,36199.0,000970
2026-10-06,10000.0,10060.0,9900.0,10000.0,9006.0,271980
2026-10-06,110900.0,111000.0,108900.0,109450.0,1785.0,097955
2026-10-06,3645.0,3645.0,3530.0,3550.0,89892.0,004150
2026-10-06,106700.0,109000.0,106700.0,109000.0,34.0,003830
2026-10-06,1852.0,1862.0,1793.0,1816.0,36699.0,016880
2026-10-06,4380.0,4380.0,4260.0,4285.0,82360.0,025820
2026-10-06,3415.0,3470.0,3395.0,3425.0,121772.0,012610
2026-10-06,9120.0,9120.0,8920.0,8940.0,6514.0,004970
2026-10-06,4770.0,4815.0,4762.0,4795.0,9003.0,015890
2026-10-06,5880.0,6030.0,5880.0,5940.0,5304.0,071840
2026-10-06,3760.0,3885.0,3695.0,3800.0,206774.0,011690
2026-10-06,4000.0,4105.0,3935.0,3960.0,101891.0,001080
2026-10-06,59900.0,59900.0,59700.0,59700.0,24.0,107590
2026-10-06,1070.0,1076.0,1066.0,1068.0,331451.0,008350
2026-10-06,11860.0,11940.0,11840.0,11900.0,1537.0,094280
2026-10-06,1470.0,1480.0,1444.0,1462.0,435645.0,001360
2026-10-06,4680.0,4715.0,4600.0,4635.0,61794.0,003480
2026-10-06,9460.0,9680.0,9450.0,9550.0,15715.0,081000
2026-10-06,5230.0,5370.0,5150.0,5320.0,98880.0,018470
2026-10-06,14490.0,14490.0,14310.0,14360.0,898.0,004080
2026-10-06,4630.0,4685.0,4550.0,4555.0,160128.0,014280
2026-10-06,3260.0,3300.0,3225.0,3280.0,334558.0,092220
2026-10-06,11520.0,11520.0,11400.0,11440.0,1698.0,024090
2026-10-06,5460.0,5500.0,5400.0,5430.0,29159.0,214390
2026-10-06,2520.0,2590.0,2510.0,2565.0,47994.0,013520
2026-10-06,10810.0,11020.0,10810.0,10830.0,13064.0,004960
2026-10-06,13510.0,13540.0,13450.0,13500.0,635.0,078000
2026-10-06,1100.0,1106.0,1085.0,1085.0,104178.0,009270
2026-10-06,2255.0,2255.0,2230.0,2250.0,40281.0,006060
2026-10-06,1300.0,1330.0,1270.0,1278.0,39366.0,002210
2026-10-06,2380.0,2410.0,2205.0,2305.0,114190.0,015590
2026-10-06,21300.0,21300.0,20700.0,20800.0,5895.0,267290
2026-10-06,4145.0,4170.0,4075.0,4090.0,70968.0,009070
2026-10-06,11110.0,11200.0,11060.0,11070.0,19535.0,210540
2026-10-06,5050.0,5130.0,5010.0,5020.0,20968.0,214420
2026-10-06,3805.0,3840.0,3765.0,3820.0,31129.0,089470
2026-10-06,7560.0,7680.0,7340.0,7570.0,4926.0,002620
2026-10-06,1525.0,1562.0,1525.0,1557.0,86978.0,037560
2026-10-06,13520.0,13580.0,13200.0,13280.0,5134.0,005800
2026-10-06,3270.0,3375.0,3230.0,3250.0,470300.0,004100
2026-10-06,1137.0,1137.0,1111.0,1113.0,259924.0,001520
2026-10-06,8700.0,8900.0,8530.0,8590.0,12377.0,002390
2026-10-06,3395.0,3440.0,3355.0,3390.0,64358.0,014530
2026-10-06,3350.0,3390.0,3195.0,3200.0,74320.0,350520
2026-10-06,12750.0,12910.0,12550.0,12750.0,7673.0,227840
2026-10-06,1859.0,1879.0,1839.0,1841.0,177671.0,017550
2026-10-06,26500.0,26500.0,26100.0,26250.0,747.0,034590
2026-10-06,3980.0,4025.0,3910.0,3995.0,21537.0,016740
2026-10-06,9500.0,9500.0,9000.0,9010.0,713015.0,001210
2026-10-06,4790.0,4790.0,4675.0,4720.0,8934.0,083420
2026-10-06,5660.0,5660.0,5550.0,5620.0,15327.0,079430
2026-10-06,1791.0,1888.0,1753.0,1797.0,824685.0,009580
2026-10-06,31700.0,31900.0,30450.0,31750.0,809.0,023450
2026-10-06,3125.0,3170.0,3100.0,3140.0,323047.0,012200
2026-10-06,6890.0,6940.0,6840.0,6890.0,6971.0,016710
2026-10-06,11050.0,11050.0,10910.0,10920.0,1529.0,002460
2026-10-06,9450.0,9450.0,8340.0,8670.0,764895.0,003010
2026-10-06,4240.0,4240.0,4155.0,4180.0,17742.0,013570
2026-10-06,0.0,0.0,0.0,3530.0,0.0,011810
2026-10-06,13260.0,13600.0,13150.0,13420.0,210518.0,006660
2026-10-06,3875.0,3965.0,3870.0,3950.0,69144.0,014580
2026-10-06,1205.0,1217.0,1187.0,1191.0,244590.0,012800
2026-10-06,1795.0,2280.0,1794.0,2105.0,3491683.0,003580
2026-10-06,1460.0,1498.0,1436.0,1494.0,60537.0,011280
2026-10-06,10620.0,10630.0,10460.0,10490.0,5611.0,021820
2026-10-06,3485.0,3485.0,3425.0,3435.0,25382.0,010100
2026-10-06,2835.0,2860.0,2830.0,2855.0,8057.0,004250
2026-10-06,59500.0,59600.0,57900.0,58900.0,2527.0,078935
2026-10-06,43900.0,44150.0,43250.0,43850.0,3977.0,012320
2026-10-06,7470.0,7580.0,7340.0,7340.0,14349.0,008040
2026-10-06,82300.0,83000.0,81900.0,82000.0,441.0,120030
2026-10-06,9260.0,9350.0,9260.0,9300.0,773.0,267850
2026-10-06,2710.0,2730.0,2675.0,2690.0,12235.0,027970
2026-10-06,6590.0,6590.0,6300.0,6370.0,47217.0,123690
2026-10-06,0.0,0.0,0.0,918.0,0.0,119650
2026-10-06,21950.0,22050.0,21800.0,21850.0,8573.0,248170
2026-10-06,47500.0,47800.0,47050.0,47200.0,240.0,37550L
2026-10-06,6150.0,6180.0,6100.0,6150.0,265717.0,035000
2026-10-06,5200.0,5470.0,5100.0,5460.0,22032.0,025620
2026-10-06,1088.0,1102.0,1077.0,1078.0,51182.0,002450
2026-10-06,2310.0,2390.0,2285.0,2350.0,29019.0,067830
2026-10-06,1257.0,1257.0,1233.0,1244.0,129924.0,008700
2026-10-06,2385.0,2385.0,2370.0,2380.0,25777.0,417310
2026-10-06,6670.0,6820.0,6490.0,6560.0,55594.0,002780
2026-10-06,7700.0,7700.0,7580.0,7610.0,3968.0,264900
2026-10-06,2050.0,2050.0,1965.0,1969.0,30800.0,070960
2026-10-06,5510.0,5570.0,5480.0,5550.0,11296.0,032560
2026-10-06,1441.0,1446.0,1431.0,1434.0,37430.0,007210
2026-10-06,2090.0,2090.0,2030.0,2060.0,6251.0,363280
2026-10-06,2510.0,2520.0,2475.0,2480.0,28912.0,014790
2026-10-06,3325.0,3335.0,3260.0,3280.0,50491.0,008260
2026-10-06,46700.0,46800.0,46000.0,46350.0,6574.0,007540
2026-10-06,4665.0,4675.0,4655.0,4670.0,3820.0,014440
2026-10-06,4265.0,4380.0,4205.0,4245.0,42885.0,001290
2026-10-06,71900.0,73800.0,70500.0,73400.0,3799.0,096775
2026-10-06,7010.0,7010.0,6900.0,6910.0,6844.0,006840
2026-10-06,2800.0,2810.0,2715.0,2725.0,128816.0,002200
2026-10-06,2205.0,2205.0,2185.0,2200.0,41887.0,058850
2026-10-06,30350.0,30350.0,30350.0,30350.0,334.0,001275
2026-10-06,1580.0,1580.0,1507.0,1520.0,197598.0,013700
2026-10-06,5090.0,5140.0,5020.0,5050.0,46060.0,019180
2026-10-06,2575.0,2635.0,2575.0,2610.0,74734.0,058860
2026-10-06,2525.0,2525.0,2440.0,2440.0,16189.0,036580
2026-10-06,2315.0,2315.0,2265.0,2290.0,15952.0,139990
2026-10-06,1823.0,1838.0,1804.0,1833.0,119997.0,004140
2026-10-06,2225.0,2225.0,2195.0,2205.0,1714.0,023000
2026-10-06,9000.0,9060.0,8950.0,8970.0,825.0,006090
2026-10-06,6300.0,6350.0,6210.0,6300.0,5964.0,33626K
2026-10-06,34500.0,34750.0,34150.0,34450.0,324.0,004890
2026-10-06,139000.0,139000.0,139000.0,139000.0,3.0,002600
2026-10-06,1792.0,1797.0,1752.0,1769.0,219521.0,007980
2026-10-06,2550.0,2600.0,2515.0,2545.0,134972.0,011700
2026-10-06,70300.0,71000.0,70100.0,70600.0,949.0,000590
2026-10-06,37250.0,37450.0,36550.0,36650.0,7383.0,000850
2026-10-06,5030.0,5100.0,5030.0,5050.0,27174.0,023800
2026-10-06,8170.0,8280.0,8030.0,8100.0,30181.0,001260
2026-10-06,16850.0,16880.0,16530.0,16530.0,11155.0,055490
2026-10-06,2790.0,2830.0,2790.0,2800.0,30471.0,009180
2026-10-06,4270.0,4390.0,4265.0,4360.0,174698.0,007610
2026-10-06,12920.0,12920.0,12680.0,12780.0,3249.0,111380
2026-10-06,5450.0,5480.0,5380.0,5430.0,9141.0,069730
2026-10-06,5250.0,5250.0,5180.0,5230.0,3045.0,005740
2026-10-06,3970.0,4000.0,3970.0,3975.0,4060.0,004840
2026-10-06,5600.0,5630.0,5510.0,5540.0,15641.0,163560
2026-10-06,2790.0,2885.0,2790.0,2850.0,64219.0,002220
2026-10-06,7500.0,7510.0,7070.0,7090.0,44325.0,109070
2026-10-06,5580.0,5580.0,5490.0,5530.0,5937.0,007590
2026-10-06,64500.0,67500.0,64500.0,65300.0,522.0,000105
2026-10-06,3110.0,3110.0,3050.0,3065.0,62656.0,010960
2026-10-06,12940.0,13650.0,12940.0,13450.0,27126.0,063160
2026-10-06,1380.0,1385.0,1359.0,1363.0,141293.0,013360
2026-10-06,6200.0,6400.0,6180.0,6310.0,9252.0,000230
2026-10-06,3790.0,3820.0,3775.0,3800.0,18435.0,013870
2026-10-06,7070.0,7120.0,6910.0,6920.0,21761.0,214330
2026-10-06,2275.0,2295.0,2090.0,2225.0,120246.0,024900
2026-10-06,2400.0,2445.0,2145.0,2205.0,1923809.0,480370
2026-10-06,3485.0,3675.0,3465.0,3530.0,939184.0,071090
2026-10-06,3315.0,3370.0,3300.0,3370.0,72370.0,002720
2026-10-06,0.0,0.0,0.0,655.0,0.0,014160
2026-10-06,25350.0,25900.0,25250.0,25600.0,10416.0,120115
2026-10-06,3890.0,3890.0,3765.0,3795.0,123239.0,338100
2026-10-06,11020.0,11030.0,10950.0,11030.0,2838.0,002795
2026-10-06,5850.0,5960.0,5780.0,5790.0,47862.0,031820
2026-10-06,1011.0,1029.0,1003.0,1023.0,614751.0,002700
2026-10-06,4235.0,4280.0,4180.0,4225.0,20511.0,005750
2026-10-06,5390.0,5530.0,5380.0,5480.0,25795.0,004440
2026-10-06,9030.0,9350.0,9020.0,9190.0,3195.0,001560
2026-10-06,27850.0,27900.0,27350.0,27650.0,3134.0,009770
2026-10-06,1640.0,1687.0,1613.0,1681.0,55560.0,010040
2026-10-06,1968.0,1968.0,1915.0,1935.0,6417.0,001020
2026-10-06,4285.0,4285.0,4210.0,4240.0,18776.0,155660
2026-10-06,1210.0,1210.0,1179.0,1188.0,30153.0,095720
2026-10-06,1888.0,1895.0,1864.0,1874.0,58678.0,011150
2026-10-06,3150.0,3155.0,3055.0,3060.0,50974.0,010660
2026-10-06,4775.0,4820.0,4770.0,4785.0,2933.0,000180
2026-10-06,21350.0,22350.0,21350.0,22350.0,1740.0,007815
2026-10-06,1970.0,1970.0,1917.0,1918.0,19969.0,079980
2026-10-06,2300.0,2300.0,2275.0,2275.0,5308.0,007280
2026-10-06,2850.0,2895.0,2825.0,2880.0,5855.0,004720
2026-10-06,3560.0,3650.0,3515.0,3560.0,16478.0,017370
2026-10-06,23150.0,23200.0,22300.0,22400.0,12776.0,084670
2026-10-06,1623.0,1623.0,1599.0,1611.0,11506.0,019680
2026-10-06,4950.0,5090.0,4950.0,4980.0,10783.0,100220
2026-10-06,8870.0,8950.0,8650.0,8680.0,15703.0,085310
2026-10-06,3190.0,3245.0,3175.0,3175.0,160812.0,058730
2026-10-06,1854.0,1918.0,1785.0,1802.0,910110.0,004770
2026-10-06,1392.0,1392.0,1355.0,1360.0,37330.0,018500
2026-10-06,4620.0,4640.0,4475.0,4495.0,53239.0,005870
2026-10-06,1530.0,1538.0,1509.0,1518.0,13238.0,009200
2026-10-06,2335.0,2400.0,2175.0,2205.0,88509.0,084680
2026-10-06,1415.0,1415.0,1406.0,1411.0,31359.0,016090
2026-10-06,6210.0,6300.0,6120.0,6300.0,17100.0,068290
2026-10-06,28000.0,29050.0,28000.0,28800.0,11337.0,35320K
2026-10-06,3400.0,3465.0,3150.0,3225.0,121632.0,210980
2026-10-06,4830.0,4830.0,4710.0,4715.0,25893.0,072130
2026-10-06,999.0,1005.0,993.0,996.0,45948.0,002760
2026-10-06,28200.0,28900.0,27750.0,27750.0,109.0,004450
2026-10-06,3785.0,3820.0,3750.0,3780.0,35595.0,000220
2026-10-06,4040.0,4065.0,3845.0,3975.0,148694.0,014990
2026-10-06,2155.0,2205.0,2115.0,2125.0,240235.0,372910
2026-10-06,6440.0,6440.0,6290.0,6340.0,2492.0,111110
2026-10-06,30950.0,30950.0,29500.0,30300.0,3094.0,003925
2026-10-06,26300.0,26850.0,25800.0,26450.0,1271.0,001465
2026-10-06,27000.0,27000.0,26250.0,26700.0,3806.0,37550K
2026-10-06,1937.0,1937.0,1895.0,1898.0,13885.0,129260
2026-10-06,4810.0,4880.0,4810.0,4845.0,19467.0,006890
2026-10-06,2320.0,2405.0,2320.0,2380.0,198792.0,0220WL
2026-10-06,2915.0,2960.0,2875.0,2900.0,10554.0,075180
2026-10-06,0.0,0.0,0.0,902.0,0.0,020760
2026-10-06,2120.0,2190.0,2110.0,2165.0,147550.0,007460
2026-10-06,1022.0,1022.0,994.0,999.0,89785.0,090080
2026-10-06,51500.0,52400.0,51200.0,51800.0,1371.0,000725
2026-10-06,3650.0,3650.0,3620.0,3630.0,9112.0,025530
2026-10-06,1127.0,1167.0,1125.0,1147.0,221528.0,021050
2026-10-06,25300.0,25700.0,25300.0,25600.0,252.0,28513K
2026-10-06,1850.0,1852.0,1824.0,1836.0,32703.0,092440
2026-10-06,43500.0,43850.0,43350.0,43400.0,545.0,006125
2026-10-06,3345.0,3420.0,3320.0,3400.0,56364.0,004830
2026-10-06,2860.0,2875.0,2800.0,2805.0,21530.0,378850
2026-10-06,0.0,0.0,0.0,1935.0,0.0,002410
2026-10-06,5300.0,5400.0,5220.0,5300.0,13810.0,023810
2026-10-06,4160.0,4180.0,4120.0,4135.0,4786.0,003475
2026-10-06,10190.0,10250.0,10080.0,10120.0,16506.0,001550
2026-10-06,3005.0,3005.0,3005.0,3005.0,1.0,003465
2026-10-06,1360.0,1360.0,1318.0,1318.0,79067.0,396690
2026-10-06,4150.0,4155.0,3980.0,3990.0,81852.0,003780
2026-10-06,16860.0,17130.0,16700.0,16700.0,2389.0,006980
2026-10-06,1417.0,1520.0,1350.0,1514.0,362471.0,005320
2026-10-06,1417.0,1423.0,1403.0,1408.0,57924.0,012690
2026-10-06,3530.0,3550.0,3485.0,3525.0,23697.0,010770
2026-10-06,2685.0,2765.0,2670.0,2670.0,130800.0,011230
2026-10-06,66000.0,66300.0,65800.0,66000.0,201.0,005305
2026-10-06,5150.0,5180.0,4850.0,4995.0,6765.0,101140
2026-10-06,3255.0,3300.0,3255.0,3255.0,2452.0,123700
2026-10-06,48100.0,48200.0,46150.0,47500.0,1560.0,011390
2026-10-06,4305.0,4305.0,4180.0,4250.0,8546.0,006880
2026-10-06,1668.0,1718.0,1630.0,1673.0,20445.0,002630
2026-10-06,29150.0,29600.0,29150.0,29200.0,198.0,000950
2026-10-06,0.0,0.0,0.0,2670.0,0.0,011000
2026-10-06,18770.0,19220.0,18570.0,19060.0,8847.0,009835
2026-10-06,2190.0,2210.0,2160.0,2165.0,8329.0,001620
2026-10-06,1220.0,1233.0,1214.0,1215.0,65165.0,004410
2026-10-06,1940.0,1940.0,1915.0,1917.0,79310.0,002140
2026-10-06,2585.0,2860.0,2585.0,2755.0,24138.0,011300
2026-10-06,1800.0,1824.0,1757.0,1817.0,86553.0,002920
2026-10-06,2185.0,2190.0,2165.0,2190.0,2519.0,041650
2026-10-06,965.0,965.0,949.0,952.0,48543.0,009320
2026-10-06,0.0,0.0,0.0,2660.0,0.0,069460
2026-10-06,2965.0,2965.0,2925.0,2940.0,23445.0,000910
2026-10-06,1868.0,1868.0,1835.0,1835.0,27302.0,357250
2026-10-06,1240.0,1243.0,1217.0,1235.0,8878.0,004540
2026-10-06,0.0,0.0,0.0,5110.0,0.0,074610
2026-10-06,2220.0,2220.0,2160.0,2185.0,5170.0,084870
2026-10-06,2245.0,2245.0,2210.0,2220.0,3313.0,003080
2026-10-06,3490.0,3490.0,3355.0,3370.0,33109.0,092780
2026-10-06,3465.0,3465.0,3420.0,3430.0,2115.0,004910
2026-10-06,2005.0,2025.0,1970.0,1984.0,132659.0,014910
2026-10-06,1269.0,1282.0,1252.0,1264.0,60312.0,017180
2026-10-06,2080.0,2125.0,2080.0,2090.0,26411.0,008420
2026-10-06,970.0,983.0,969.0,975.0,14998.0,481850
2026-10-06,4045.0,4045.0,3880.0,3980.0,44084.0,446070
2026-10-06,2110.0,2145.0,2085.0,2090.0,145949.0,026940
2026-10-06,2110.0,2110.0,2055.0,2065.0,60555.0,004060
2026-10-06,4250.0,4350.0,4110.0,4155.0,78262.0,011330
2026-10-06,0.0,0.0,0.0,541.0,0.0,019490
2026-10-06,24300.0,24600.0,24050.0,24100.0,2274.0,000215
2026-10-06,3750.0,3760.0,3705.0,3715.0,13363.0,023350
2026-10-06,2500.0,2700.0,2440.0,2600.0,150931.0,007110
2026-10-06,0.0,0.0,0.0,932.0,0.0,017040
2026-10-06,2000.0,2030.0,1965.0,1974.0,34125.0,049800
2026-10-06,1217.0,1234.0,1110.0,1113.0,306467.0,002870
2026-10-06,7720.0,7730.0,6600.0,7300.0,62770.0,004920
2026-10-06,1943.0,1943.0,1900.0,1910.0,2492.0,009810
2026-10-06,38750.0,39200.0,38750.0,38850.0,385.0,008870
2026-10-06,1427.0,1439.0,1396.0,1403.0,27332.0,011420
2026-10-06,804.0,804.0,792.0,796.0,28187.0,145270
2026-10-06,1019.0,1019.0,995.0,1004.0,6401.0,023960
2026-10-06,3325.0,3525.0,3150.0,3410.0,53014.0,002360
2026-10-06,905.0,912.0,879.0,890.0,143511.0,047400
2026-10-06,18930.0,18950.0,18220.0,18280.0,184.0,134790
2026-10-06,990.0,1008.0,975.0,980.0,28444.0,133820
2026-10-06,3600.0,3710.0,3570.0,3670.0,25698.0,012280
2026-10-06,1327.0,1338.0,1311.0,1312.0,113537.0,000890
2026-10-06,1156.0,1156.0,1093.0,1133.0,157077.0,027740
2026-10-06,20450.0,25050.0,19750.0,22500.0,39443.0,009140
2026-10-06,3115.0,3240.0,3115.0,3230.0,41363.0,008250
2026-10-06,12100.0,12980.0,12070.0,12470.0,5549.0,000760
2026-10-06,3900.0,3900.0,3700.0,3725.0,15072.0,002880
2026-10-06,1202.0,1210.0,1190.0,1200.0,157537.0,013000
2026-10-06,2770.0,2810.0,2670.0,2755.0,8394.0,009460
2026-10-06,9180.0,9200.0,9150.0,9200.0,603.0,004365
2026-10-06,14500.0,14720.0,14350.0,14610.0,1287.0,005820
2026-10-06,0.0,0.0,0.0,1199.0,0.0,143210
2026-10-06,2070.0,2075.0,1977.0,1985.0,67477.0,010640
2026-10-06,2160.0,2200.0,2100.0,2115.0,31792.0,012160
2026-10-06,2755.0,2795.0,2750.0,2795.0,49848.0,014130
2026-10-06,2985.0,3090.0,2950.0,3045.0,38489.0,006370
2026-10-06,1186.0,1216.0,1166.0,1172.0,16216.0,090370
2026-10-06,6640.0,6640.0,6450.0,6490.0,15220.0,003535
2026-10-06,4185.0,4240.0,4025.0,4045.0,20578.0,010400
2026-10-06,1899.0,1902.0,1878.0,1899.0,8354.0,025750
2026-10-06,1398.0,1398.0,1360.0,1398.0,21114.0,069640
2026-10-06,1999.0,1999.0,1975.0,1980.0,9643.0,024070
2026-10-06,1525.0,1561.0,1412.0,1428.0,233293.0,051630
2026-10-06,5750.0,5780.0,5650.0,5670.0,3068.0,001070
2026-10-06,1570.0,1613.0,1547.0,1552.0,15188.0,036420
2026-10-06,2650.0,2650.0,2605.0,2635.0,16197.0,025890
2026-10-06,2540.0,2540.0,2350.0,2350.0,31993.0,088790
2026-10-06,3410.0,3410.0,3340.0,3340.0,4032.0,308170
2026-10-06,1924.0,1924.0,1847.0,1854.0,23923.0,006570
2026-10-06,14080.0,14390.0,13910.0,14150.0,1449.0,019175
2026-10-06,4805.0,4850.0,4650.0,4710.0,6962.0,006740
2026-10-06,4535.0,4550.0,4415.0,4485.0,16797.0,023150
2026-10-06,4430.0,4455.0,4395.0,4405.0,32161.0,003680
2026-10-06,984.0,1027.0,975.0,997.0,38550.0,007120
2026-10-06,1536.0,1605.0,1536.0,1583.0,21881.0,33637K
2026-10-06,1315.0,1331.0,1296.0,1305.0,19030.0,002690
2026-10-06,612.0,673.0,575.0,589.0,2641332.0,009190
2026-10-06,1271.0,1271.0,1190.0,1197.0,20652.0,118000
2026-10-06,5590.0,5740.0,5450.0,5710.0,11062.0,004270
2026-10-06,4200.0,4210.0,4060.0,4065.0,31388.0,033250
2026-10-06,3945.0,3990.0,3945.0,3965.0,2130.0,002355
2026-10-06,9830.0,10110.0,9720.0,9830.0,12043.0,006345
2026-10-06,1466.0,1538.0,1401.0,1445.0,54614.0,006490
2026-10-06,1577.0,1616.0,1490.0,1558.0,116151.0,003060
2026-10-06,1225.0,1225.0,1105.0,1105.0,167036.0,001380
2026-10-06,21900.0,22000.0,21800.0,21850.0,553.0,003495
2026-10-06,790.0,816.0,760.0,771.0,22189.0,357430
2026-10-06,0.0,0.0,0.0,5330.0,0.0,009310
2026-10-06,1660.0,1668.0,1503.0,1526.0,282150.0,071950
2026-10-06,2985.0,3100.0,2855.0,2905.0,44762.0,001420
2026-10-06,7440.0,7480.0,7060.0,7370.0,1425.0,33626L
2026-10-06,985.0,999.0,952.0,965.0,51142.0,004870
2026-10-06,2990.0,3050.0,2880.0,2940.0,7501.0,012170
2026-10-06,4665.0,4675.0,4500.0,4600.0,27811.0,030720
2026-10-06,28000.0,28150.0,27700.0,27900.0,1094.0,008775
2026-10-06,1079.0,1125.0,1004.0,1084.0,788410.0,005360
2026-10-06,1010.0,1085.0,1010.0,1027.0,22308.0,000040
2026-10-06,25000.0,25000.0,24450.0,24850.0,102.0,00499K
2026-10-06,14750.0,14750.0,14600.0,14600.0,489.0,001685
2026-10-06,0.0,0.0,0.0,928.0,0.0,015020
2026-10-06,18400.0,18400.0,18220.0,18240.0,521.0,108675
2026-10-06,0.0,0.0,0.0,296.0,0.0,093240
2026-10-06,3785.0,3820.0,3710.0,3725.0,14993.0,002070
2026-10-06,0.0,0.0,0.0,2620.0,0.0,008600
2026-10-06,0.0,0.0,0.0,756.0,0.0,009440
2026-10-06,31150.0,31150.0,30050.0,30300.0,205.0,18064K
2026-10-06,4450.0,4450.0,4390.0,4450.0,3754.0,005725
2026-10-06,1700.0,1700.0,1630.0,1673.0,58080.0,006200
2026-10-06,4490.0,4850.0,4460.0,4715.0,108326.0,004105
2026-10-06,1341.0,1342.0,1292.0,1309.0,64361.0,011090
2026-10-06,2220.0,2220.0,2025.0,2105.0,255132.0,465770
2026-10-06,20460.0,20460.0,20205.0,20205.0,36.0,0106J0
2026-10-06,13040.0,13050.0,12730.0,12830.0,891.0,002025
2026-10-06,18340.0,18340.0,17500.0,17500.0,103.0,005257
2026-10-06,12430.0,12430.0,12310.0,12370.0,166.0,000087
2026-10-06,2160.0,2160.0,2105.0,2140.0,8454.0,001795
2026-10-06,10910.0,11160.0,10910.0,11090.0,3664.0,00806K
2026-10-06,4425.0,4430.0,4420.0,4420.0,3194.0,45226K
2026-10-06,13980.0,14190.0,13810.0,14000.0,5118.0,084695
2026-10-06,15400.0,16080.0,15400.0,16080.0,2173.0,00781K
2026-10-06,997.0,1089.0,976.0,1023.0,158498.0,002820
2026-10-06,32000.0,32250.0,31500.0,32250.0,4274.0,145995
2026-10-06,1428.0,1436.0,1374.0,1375.0,52899.0,024890
2026-10-06,7600.0,7600.0,7520.0,7590.0,650.0,38380K
2026-10-06,10115.0,10115.0,10115.0,10115.0,0.0,0120X0
2026-10-06,49000.0,50500.0,49000.0,50500.0,129.0,001067
2026-10-06,1910.0,1927.0,1871.0,1895.0,27059.0,004255
2026-10-06,982.0,990.0,964.0,980.0,14336.0,019685
2026-10-06,0.0,0.0,0.0,2240.0,0.0,145210
2026-10-06,12520.0,12600.0,11900.0,12450.0,89.0,003075
2026-10-06,19290.0,19320.0,19130.0,19300.0,75.0,001755
2026-10-06,2310.0,2385.0,2300.0,2380.0,486.0,33637L
2026-10-06,3670.0,3670.0,3610.0,3640.0,3077.0,000225
2026-10-06,4080.0,4080.0,3950.0,4000.0,2646.0,001515
2026-10-06,202.0,210.0,155.0,163.0,2558436.0,015260
2026-10-06,22500.0,22500.0,22150.0,22150.0,282.0,001065
2026-10-06,28700.0,28900.0,28050.0,28650.0,155.0,000325
2026-10-06,9320.0,9320.0,8900.0,8900.0,1542.0,004985
2026-10-06,4540.0,4735.0,4455.0,4595.0,27442.0,004835
2026-10-06,0.0,0.0,0.0,436.0,0.0,044380
2026-10-06,5020.0,5020.0,4970.0,4980.0,3649.0,012205
2026-10-06,7590.0,7590.0,7330.0,7420.0,225.0,26490K
2026-10-06,12030.0,12290.0,12030.0,12280.0,180.0,090355
2026-10-06,0.0,0.0,0.0,3925.0,0.0,001770
2026-10-06,5970.0,5970.0,5730.0,5730.0,23.0,000545
2026-10-06,9990.0,9990.0,9010.0,9140.0,759.0,000145
2026-10-06,14590.0,14590.0,14270.0,14270.0,4428.0,002995
2026-10-06,6050.0,6290.0,6050.0,6150.0,309.0,009415
2026-10-06,17190.0,17190.0,17190.0,17190.0,10.0,005965
2026-10-06,13810.0,13810.0,13810.0,13810.0,1.0,014825
2026-10-06,7700.0,8000.0,7700.0,7930.0,246.0,007575
2026-10-06,2995.0,2995.0,2880.0,2980.0,151.0,36328K
2026-10-06,5780.0,5780.0,5300.0,5470.0,376.0,014285
2026-10-06,5090.0,5090.0,4955.0,4955.0,3872.0,005745
2026-10-06,5140.0,5140.0,4815.0,4820.0,2031.0,014915
2026-10-06,7600.0,7620.0,7590.0,7610.0,69.0,000227
2026-10-06,35.0,37.0,26.0,26.0,15100334.0,005030
2026-10-06,7400.0,7400.0,7010.0,7030.0,63.0,008355
2026-10-06,8400.0,8400.0,7850.0,7850.0,2559.0,001525
2026-10-06,112.0,118.0,73.0,77.0,7342282.0,005110
2026-10-06,3800.0,3800.0,3750.0,3750.0,20.0,004545
2026-10-06,5700.0,5840.0,5500.0,5600.0,675.0,011155
2026-10-06,5150.0,5150.0,4885.0,4910.0,983.0,001527
2026-10-06,3795.0,3795.0,3735.0,3785.0,927.0,004415
2026-10-06,6520.0,6800.0,6520.0,6670.0,4241.0,002785
2026-10-06,9820.0,9820.0,9090.0,9120.0,2204.0,002787
2026-10-06,259000.0,266500.0,256500.0,260000.0,213746.0,196170
2026-10-06,89900.0,96700.0,89300.0,95100.0,1195085.0,086520
2026-10-06,245000.0,279500.0,242500.0,277000.0,3006691.0,036930
2026-10-06,117200.0,129400.0,116800.0,128200.0,666855.0,247540
2026-10-06,448500.0,468500.0,448500.0,464500.0,75305.0,277810
2026-10-06,141500.0,142500.0,136900.0,141700.0,1066725.0,240810
2026-10-06,172800.0,182600.0,169700.0,174500.0,843786.0,222800
2026-10-06,538000.0,549000.0,526000.0,545000.0,65555.0,039030
2026-10-06,87500.0,88000.0,85700.0,87400.0,1165662.0,058470
2026-10-06,42700.0,50700.0,42150.0,47550.0,5378464.0,028300
2026-10-06,66900.0,69700.0,65800.0,68700.0,2361964.0,403870
2026-10-06,217000.0,246500.0,215500.0,241500.0,285287.0,000250
2026-10-06,309000.0,323000.0,306500.0,315000.0,217049.0,108490
2026-10-06,153800.0,156200.0,147200.0,153600.0,298841.0,319660
2026-10-06,208000.0,209500.0,204000.0,205500.0,118362.0,095340
2026-10-06,88100.0,89100.0,82900.0,86300.0,440448.0,440110
2026-10-06,201000.0,206500.0,187100.0,196100.0,193772.0,031980
2026-10-06,180000.0,184700.0,177800.0,181900.0,111956.0,084370
2026-10-06,52300.0,54500.0,51600.0,52600.0,2083669.0,067310
2026-10-06,178300.0,179200.0,171100.0,175400.0,247220.0,095610
2026-10-06,291500.0,310000.0,288000.0,307000.0,80982.0,131290
2026-10-06,426500.0,435000.0,416500.0,424000.0,25779.0,357780
2026-10-06,296500.0,298000.0,287500.0,295000.0,43642.0,064760
2026-10-06,93500.0,94300.0,89400.0,93100.0,1907912.0,080220
2026-10-06,305500.0,310500.0,298500.0,304500.0,106876.0,214450
2026-10-06,82300.0,86600.0,82100.0,83700.0,189741.0,141080
2026-10-06,128300.0,133300.0,127100.0,130000.0,123925.0,087010
2026-10-06,51900.0,54100.0,51100.0,52400.0,276132.0,298380
2026-10-06,18040.0,18880.0,17950.0,18540.0,12410015.0,010170
2026-10-06,144100.0,157200.0,143300.0,154500.0,70658.0,310210
2026-10-06,117000.0,126300.0,116800.0,122700.0,248031.0,226950
2026-10-06,42500.0,43150.0,41300.0,43150.0,926921.0,178320
2026-10-06,52600.0,52800.0,51100.0,52200.0,449712.0,005290
2026-10-06,34500.0,36600.0,34100.0,36250.0,1933123.0,098460
2026-10-06,31850.0,32850.0,31000.0,32450.0,3548214.0,043260
2026-10-06,37000.0,37500.0,35900.0,36700.0,475630.0,257720
2026-10-06,102500.0,109700.0,101600.0,106200.0,424480.0,058610
2026-10-06,29450.0,31900.0,29250.0,30350.0,1744421.0,030530
2026-10-06,21000.0,21375.0,20800.0,20925.0,709799.0,319400
2026-10-06,111900.0,122700.0,109200.0,120400.0,470449.0,131970
2026-10-06,42500.0,45700.0,42450.0,43000.0,68087.0,214370
2026-10-06,180100.0,182900.0,178900.0,180900.0,50771.0,145020
2026-10-06,12760.0,12940.0,12600.0,12830.0,1745061.0,032820
2026-10-06,43200.0,48350.0,42850.0,47700.0,1020581.0,347850
2026-10-06,66000.0,70900.0,64300.0,70600.0,155238.0,140410
2026-10-06,298000.0,310000.0,292000.0,308500.0,41111.0,140860
2026-10-06,56100.0,57700.0,55500.0,57200.0,670666.0,089030
2026-10-06,33350.0,33650.0,32850.0,33000.0,86264.0,263750
2026-10-06,30900.0,31700.0,30700.0,31100.0,140020.0,214150
2026-10-06,93600.0,99000.0,93500.0,96500.0,136370.0,237690
2026-10-06,11490.0,12370.0,11370.0,11720.0,8866263.0,036540
2026-10-06,60600.0,62900.0,59400.0,61300.0,273578.0,323280
2026-10-06,68800.0,71100.0,65100.0,70400.0,698110.0,089970
2026-10-06,33800.0,35200.0,33800.0,34850.0,185546.0,060370
2026-10-06,59200.0,59500.0,58000.0,58000.0,173995.0,083650
2026-10-06,78800.0,80700.0,77700.0,78100.0,56416.0,041510
2026-10-06,38650.0,40150.0,38600.0,39550.0,70558.0,068760
2026-10-06,112600.0,114900.0,109100.0,111200.0,283316.0,078600
2026-10-06,36650.0,37450.0,36350.0,37100.0,154983.0,096530
2026-10-06,35100.0,35200.0,33500.0,33700.0,389650.0,183300
2026-10-06,132800.0,138800.0,130300.0,134600.0,72201.0,420770
2026-10-06,25200.0,26450.0,25100.0,25650.0,142195.0,0009K0
2026-10-06,62700.0,62900.0,61200.0,62400.0,318688.0,218410
2026-10-06,51800.0,53300.0,50500.0,51500.0,434748.0,437730
2026-10-06,24650.0,25200.0,24650.0,24900.0,139576.0,007390
2026-10-06,36600.0,39250.0,36450.0,39050.0,163816.0,039200
2026-10-06,17090.0,18690.0,16770.0,17970.0,3142409.0,232140
2026-10-06,16250.0,17440.0,16150.0,17070.0,964974.0,950160
2026-10-06,28500.0,29950.0,27450.0,29200.0,656537.0,950260
2026-10-06,53900.0,54400.0,51500.0,52500.0,93997.0,290650
2026-10-06,26350.0,28300.0,25850.0,26600.0,3269496.0,347700
2026-10-06,29900.0,30250.0,29150.0,30050.0,243885.0,082920
2026-10-06,37500.0,38700.0,37500.0,37850.0,116049.0,035900
2026-10-06,22250.0,23750.0,22150.0,22925.0,929055.0,204270
2026-10-06,63500.0,65800.0,62400.0,65200.0,130657.0,166090
2026-10-06,11340.0,11600.0,11290.0,11460.0,331099.0,003380
2026-10-06,108300.0,111600.0,102900.0,110500.0,256900.0,241710
2026-10-06,49900.0,51500.0,49500.0,49900.0,475648.0,356860
2026-10-06,20050.0,20150.0,19150.0,19410.0,631058.0,252990
2026-10-06,40950.0,41550.0,40600.0,41200.0,93756.0,195940
2026-10-06,54500.0,54500.0,52800.0,53700.0,320984.0,101490
2026-10-06,30750.0,32100.0,30200.0,31550.0,176468.0,056190
2026-10-06,29750.0,30350.0,28800.0,30100.0,153497.0,127120
2026-10-06,10140.0,10400.0,9980.0,10020.0,428886.0,293490
2026-10-06,15340.0,16050.0,14840.0,15770.0,2102161.0,417200
2026-10-06,61000.0,63900.0,59600.0,61300.0,94751.0,445680
2026-10-06,29000.0,35800.0,28200.0,34000.0,890364.0,160190
2026-10-06,54100.0,58000.0,53400.0,57600.0,910758.0,327260
2026-10-06,54800.0,56900.0,54400.0,56300.0,178090.0,083450
2026-10-06,27350.0,27400.0,26350.0,26850.0,127214.0,458870
2026-10-06,48800.0,49700.0,47400.0,49400.0,110239.0,036830
2026-10-06,93100.0,93100.0,83800.0,89850.0,617460.0,053800
2026-10-06,22750.0,22750.0,21450.0,21750.0,418755.0,086450
2026-10-06,40800.0,42000.0,40050.0,41850.0,302433.0,161580
2026-10-06,19000.0,19690.0,18280.0,18330.0,862570.0,100790
2026-10-06,36550.0,39150.0,36300.0,38300.0,247527.0,491000
2026-10-06,77800.0,77800.0,72200.0,76600.0,255278.0,295310
2026-10-06,24900.0,25800.0,24050.0,25150.0,109253.0,115180
2026-10-06,33150.0,34300.0,33100.0,33550.0,89718.0,065350
2026-10-06,96000.0,96800.0,91000.0,93700.0,55776.0,388210
2026-10-06,85800.0,86200.0,80500.0,81700.0,120429.0,099320
2026-10-06,8980.0,9010.0,8810.0,8860.0,324853.0,031330
2026-10-06,10200.0,10300.0,9710.0,10265.0,2001613.0,033790
2026-10-06,21100.0,21250.0,20500.0,20850.0,191074.0,032500
2026-10-06,12650.0,13340.0,12510.0,13060.0,741673.0,281740
2026-10-06,32800.0,33200.0,32400.0,32750.0,173578.0,074600
2026-10-06,53000.0,53300.0,51000.0,52400.0,424766.0,119850
2026-10-06,71700.0,71700.0,67000.0,68400.0,160427.0,425420
2026-10-06,71300.0,73300.0,70700.0,71700.0,36172.0,388720
2026-10-06,28300.0,31150.0,27500.0,29650.0,400658.0,476830
2026-10-06,10560.0,11160.0,10560.0,11120.0,577588.0,328130
2026-10-06,49850.0,50300.0,49350.0,50300.0,91407.0,033100
2026-10-06,8480.0,8890.0,8320.0,8650.0,185373.0,085660
2026-10-06,77100.0,77300.0,72500.0,74500.0,155789.0,189300
2026-10-06,30600.0,30700.0,29700.0,30150.0,126163.0,014620
2026-10-06,23900.0,24200.0,23550.0,23950.0,238260.0,059090
2026-10-06,79700.0,82800.0,79500.0,81800.0,106557.0,090360
2026-10-06,32950.0,33600.0,32400.0,33450.0,155888.0,137400
2026-10-06,60900.0,64200.0,60900.0,63600.0,132617.0,251970
2026-10-06,60500.0,62400.0,59800.0,60600.0,197787.0,064290
2026-10-06,60200.0,65400.0,59700.0,64100.0,166024.0,121600
2026-10-06,6500.0,6790.0,6460.0,6510.0,1711641.0,090710
2026-10-06,9900.0,10610.0,9810.0,10420.0,408803.0,041960
2026-10-06,35500.0,36450.0,35100.0,35750.0,156631.0,036810
2026-10-06,86500.0,87100.0,83900.0,85400.0,36290.0,053610
2026-10-06,76200.0,77100.0,75000.0,75400.0,39722.0,171090
2026-10-06,40800.0,42350.0,40700.0,40750.0,59542.0,122870
2026-10-06,30250.0,31000.0,30100.0,30400.0,85065.0,213420
2026-10-06,37750.0,37850.0,37100.0,37550.0,78969.0,044490
2026-10-06,35000.0,35800.0,34150.0,34150.0,37206.0,035760
2026-10-06,31800.0,33900.0,29550.0,32450.0,331606.0,033640
2026-10-06,23700.0,24450.0,23550.0,24050.0,249821.0,466100
2026-10-06,20950.0,22200.0,20700.0,21700.0,1775913.0,490470
2026-10-06,11430.0,11630.0,11210.0,11460.0,347165.0,006730
2026-10-06,19500.0,19830.0,19080.0,19130.0,70843.0,032190
2026-10-06,6900.0,7020.0,6730.0,6760.0,318378.0,038500
2026-10-06,34750.0,34900.0,33400.0,33500.0,322543.0,122640
2026-10-06,43200.0,44300.0,41050.0,43350.0,229252.0,456160
2026-10-06,10750.0,10930.0,10720.0,10900.0,55349.0,225570
2026-10-06,15800.0,16400.0,15300.0,16250.0,1541812.0,253590
2026-10-06,49050.0,49900.0,47900.0,49700.0,64445.0,102710
2026-10-06,15680.0,15910.0,14890.0,15620.0,134073.0,476060
2026-10-06,51500.0,52600.0,51000.0,52200.0,43430.0,041830
2026-10-06,52900.0,54600.0,51200.0,53700.0,281922.0,092870
2026-10-06,29500.0,30350.0,29450.0,30000.0,112770.0,124500
2026-10-06,27800.0,27850.0,26750.0,26750.0,150312.0,023160
2026-10-06,8410.0,8960.0,8380.0,8780.0,987115.0,222080
2026-10-06,7080.0,7380.0,7020.0,7060.0,853684.0,048410
2026-10-06,96400.0,96400.0,90800.0,92900.0,119272.0,126340
2026-10-06,14440.0,14940.0,14210.0,14450.0,770925.0,077360
2026-10-06,10700.0,10700.0,10370.0,10570.0,1485271.0,050890
2026-10-06,10950.0,11010.0,10820.0,10850.0,199728.0,046890
2026-10-06,127700.0,129500.0,125000.0,128000.0,6208.0,093320
2026-10-06,20500.0,21300.0,20400.0,20450.0,40513.0,253450
2026-10-06,16370.0,19980.0,16330.0,17750.0,1133424.0,024850
2026-10-06,13450.0,14040.0,12950.0,13710.0,1349904.0,144960
2026-10-06,35450.0,35500.0,34050.0,34300.0,64665.0,045100
2026-10-06,29050.0,29100.0,27700.0,28300.0,388989.0,080580
2026-10-06,80300.0,82500.0,78100.0,80700.0,46737.0,214430
2026-10-06,36750.0,36750.0,34600.0,35350.0,237549.0,089890
2026-10-06,21400.0,22300.0,20050.0,20350.0,6889779.0,356680
2026-10-06,93600.0,96000.0,90100.0,92200.0,24235.0,219130
2026-10-06,8850.0,9480.0,8780.0,9030.0,224378.0,358570
2026-10-06,48100.0,48550.0,47350.0,48400.0,91925.0,399720
2026-10-06,28000.0,29500.0,27300.0,28650.0,217330.0,174900
2026-10-06,4435.0,5130.0,4305.0,5020.0,30409857.0,069540
2026-10-06,54200.0,54600.0,50200.0,51000.0,109967.0,468530
2026-10-06,20500.0,24250.0,20250.0,22950.0,879409.0,042000
2026-10-06,13260.0,13460.0,13100.0,13440.0,107654.0,009520
2026-10-06,25100.0,27050.0,25100.0,26500.0,325100.0,383310
2026-10-06,36050.0,37000.0,34950.0,36450.0,237311.0,078350
2026-10-06,13850.0,14050.0,13650.0,13660.0,132233.0,060250
2026-10-06,3670.0,4645.0,3670.0,4505.0,6060279.0,067630
2026-10-06,33100.0,33350.0,32675.0,32900.0,32864.0,101160
2026-10-06,7850.0,7990.0,7650.0,7950.0,124063.0,052020
2026-10-06,26800.0,26950.0,25600.0,25750.0,75713.0,094170
2026-10-06,37700.0,37950.0,36850.0,36850.0,36697.0,052400
2026-10-06,33200.0,33300.0,32400.0,32550.0,39013.0,037460
2026-10-06,15600.0,15900.0,15560.0,15650.0,71204.0,112040
2026-10-06,23000.0,24600.0,22800.0,24350.0,285572.0,348370
2026-10-06,23500.0,23500.0,22200.0,22650.0,520778.0,348340
2026-10-06,42000.0,42450.0,38700.0,41700.0,83147.0,104830
2026-10-06,40000.0,40350.0,38400.0,38600.0,14464.0,079940
2026-10-06,11170.0,11580.0,10970.0,11090.0,81855.0,082270
2026-10-06,60500.0,60800.0,57600.0,60700.0,117739.0,098120
2026-10-06,38300.0,39750.0,37850.0,38950.0,52713.0,365340
2026-10-06,28000.0,30000.0,27650.0,28550.0,117365.0,376900
2026-10-06,13250.0,14110.0,13220.0,13640.0,2262003.0,125490
2026-10-06,6270.0,6320.0,6120.0,6220.0,2345281.0,041190
2026-10-06,12820.0,13250.0,12660.0,12920.0,487287.0,056080
2026-10-06,16990.0,17420.0,16540.0,16750.0,30677.0,099190
2026-10-06,4115.0,4435.0,4000.0,4045.0,5615492.0,027360
2026-10-06,67000.0,67900.0,66900.0,67400.0,6882.0,086900
2026-10-06,24050.0,24650.0,23600.0,24450.0,313522.0,290550
2026-10-06,5040.0,5080.0,4880.0,5030.0,1042951.0,025980
2026-10-06,16410.0,16490.0,16060.0,16170.0,55101.0,033500
2026-10-06,38400.0,40000.0,38150.0,39300.0,24219.0,278280
2026-10-06,28250.0,29350.0,27650.0,28750.0,142443.0,089010
2026-10-06,35000.0,36500.0,34650.0,36000.0,38029.0,475960
2026-10-06,20300.0,20800.0,18820.0,19520.0,1332287.0,033160
2026-10-06,15000.0,15040.0,14380.0,14590.0,440831.0,368770
2026-10-06,5930.0,6050.0,5930.0,5980.0,162556.0,015750
2026-10-06,9560.0,9900.0,9560.0,9650.0,42038.0,211050
2026-10-06,13000.0,13280.0,12550.0,12650.0,490960.0,019210
2026-10-06,44000.0,44350.0,42550.0,44200.0,106558.0,170920
2026-10-06,13190.0,13220.0,13060.0,13110.0,45246.0,460930
2026-10-06,104500.0,104500.0,102100.0,102500.0,916.0,034950
2026-10-06,2225.0,2265.0,2185.0,2240.0,108912.0,035890
2026-10-06,27800.0,29000.0,27600.0,28800.0,65363.0,340570
2026-10-06,5090.0,5220.0,5060.0,5150.0,508468.0,336570
2026-10-06,22950.0,23000.0,22600.0,22750.0,71763.0,272290
2026-10-06,37700.0,38350.0,37050.0,37200.0,62716.0,078340
2026-10-06,14360.0,14820.0,13950.0,14450.0,567549.0,079370
2026-10-06,19010.0,19010.0,17850.0,18440.0,462039.0,030520
2026-10-06,12510.0,12960.0,12420.0,12730.0,134356.0,018290
2026-10-06,18900.0,19900.0,18480.0,19410.0,948300.0,417840
2026-10-06,20800.0,20800.0,20350.0,20700.0,161810.0,486990
2026-10-06,20950.0,21300.0,20150.0,20400.0,346783.0,475830
2026-10-06,10150.0,10270.0,9900.0,10080.0,708428.0,200470
2026-10-06,18850.0,19680.0,18550.0,18550.0,106534.0,376300
2026-10-06,16440.0,16940.0,15860.0,15920.0,513079.0,397030
2026-10-06,7060.0,7230.0,6700.0,6790.0,722384.0,187660
2026-10-06,3700.0,3880.0,3670.0,3835.0,132752.0,078130
2026-10-06,15550.0,15690.0,15150.0,15300.0,77954.0,114810
2026-10-06,21300.0,23050.0,20600.0,22750.0,777664.0,052710
2026-10-06,10530.0,13010.0,10110.0,13010.0,4288812.0,047920
2026-10-06,9370.0,9480.0,9170.0,9270.0,1283311.0,332570
2026-10-06,39300.0,42550.0,38500.0,40500.0,117197.0,348210
2026-10-06,32450.0,35000.0,31150.0,31700.0,127531.0,159010
2026-10-06,36400.0,36400.0,35600.0,35650.0,11517.0,013030
2026-10-06,57100.0,60000.0,56500.0,59700.0,55625.0,236200
2026-10-06,40900.0,41200.0,39150.0,40900.0,13321.0,241770
2026-10-06,32700.0,35250.0,32250.0,34100.0,416515.0,330860
2026-10-06,42900.0,45450.0,42700.0,45400.0,181009.0,107640
2026-10-06,32650.0,34100.0,31000.0,33000.0,572276.0,138080
2026-10-06,27900.0,30350.0,27500.0,28450.0,1706173.0,456010
2026-10-06,36350.0,36900.0,36350.0,36700.0,37698.0,067160
2026-10-06,9770.0,10400.0,9650.0,10400.0,154292.0,078160
2026-10-06,22900.0,23250.0,22250.0,22850.0,195129.0,477850
2026-10-06,26050.0,26500.0,25300.0,25950.0,109005.0,039440
2026-10-06,9310.0,9630.0,9160.0,9450.0,368311.0,441270
2026-10-06,29850.0,29900.0,29100.0,29450.0,99912.0,200710
2026-10-06,17970.0,18540.0,17970.0,18190.0,42388.0,095660
2026-10-06,37350.0,38150.0,37350.0,37600.0,25430.0,215200
2026-10-06,9040.0,9100.0,8440.0,8500.0,145942.0,092190
2026-10-06,4600.0,4670.0,4575.0,4610.0,99210.0,101730
2026-10-06,7450.0,7580.0,7400.0,7550.0,81463.0,025900
2026-10-06,8410.0,9400.0,8390.0,8740.0,6733677.0,046970
2026-10-06,5680.0,5720.0,5370.0,5380.0,1210569.0,204620
2026-10-06,8430.0,8460.0,8080.0,8280.0,142718.0,036800
2026-10-06,16880.0,17210.0,16690.0,16810.0,292396.0,168360
2026-10-06,11060.0,11370.0,10700.0,10940.0,312973.0,393890
2026-10-06,7460.0,7540.0,7350.0,7530.0,579414.0,006910
2026-10-06,11680.0,12010.0,11680.0,11950.0,89526.0,069080
2026-10-06,8840.0,9270.0,8780.0,8930.0,346115.0,060280
2026-10-06,4005.0,4025.0,3970.0,3995.0,205006.0,025320
2026-10-06,19470.0,19500.0,18970.0,19300.0,86673.0,110990
2026-10-06,27550.0,28600.0,26750.0,27500.0,82344.0,389470
2026-10-06,23100.0,23450.0,22300.0,22550.0,40733.0,092730
2026-10-06,6550.0,6550.0,6430.0,6460.0,20110.0,078020
2026-10-06,32000.0,32350.0,31900.0,32050.0,1505.0,003800
2026-10-06,4570.0,4740.0,4510.0,4675.0,920210.0,064260
2026-10-06,1142.0,1209.0,1100.0,1202.0,1659025.0,018000
2026-10-06,29650.0,29750.0,28700.0,29400.0,11154.0,093520
2026-10-06,13150.0,13150.0,11750.0,12060.0,443845.0,488900
2026-10-06,57200.0,58300.0,56400.0,57700.0,29820.0,448900
2026-10-06,33500.0,33900.0,30450.0,30450.0,1843956.0,468670
2026-10-06,22000.0,22850.0,21700.0,22500.0,59919.0,455900
2026-10-06,23000.0,23550.0,22600.0,22650.0,16451.0,372320
2026-10-06,14910.0,15260.0,14750.0,15140.0,143991.0,117730
2026-10-06,4855.0,4960.0,4800.0,4860.0,367229.0,061970
2026-10-06,15710.0,15950.0,15390.0,15570.0,262200.0,482630
2026-10-06,3720.0,3770.0,3695.0,3770.0,180974.0,036620
2026-10-06,10910.0,11070.0,10770.0,10980.0,198318.0,036200
2026-10-06,11080.0,11670.0,10120.0,11510.0,877814.0,446540
2026-10-06,14780.0,15400.0,14730.0,15140.0,653362.0,425040
2026-10-06,23850.0,24200.0,23400.0,23550.0,262441.0,234340
2026-10-06,22800.0,25000.0,22500.0,24650.0,580433.0,091580
2026-10-06,15390.0,15760.0,15020.0,15590.0,286830.0,086390
2026-10-06,7900.0,7900.0,7650.0,7670.0,19850.0,121440
2026-10-06,2360.0,2395.0,2330.0,2360.0,441734.0,215600
2026-10-06,31400.0,34200.0,30100.0,31500.0,2507356.0,0035S0
2026-10-06,15770.0,15960.0,15560.0,15670.0,79357.0,017890
2026-10-06,45600.0,54500.0,45300.0,50600.0,521292.0,354320
2026-10-06,18200.0,18700.0,17060.0,17140.0,1269434.0,386380
2026-10-06,3390.0,3515.0,3365.0,3490.0,682887.0,424870
2026-10-06,34750.0,35800.0,34300.0,35700.0,13764.0,199800
2026-10-06,21600.0,22250.0,21100.0,22200.0,72804.0,042520
2026-10-06,28950.0,29450.0,28500.0,28950.0,139004.0,160980
2026-10-06,3200.0,3360.0,2995.0,3085.0,17110979.0,203650
2026-10-06,20800.0,20850.0,20500.0,20650.0,29273.0,265520
2026-10-06,8470.0,8700.0,8270.0,8450.0,70080.0,206650
2026-10-06,16710.0,17180.0,16090.0,16120.0,2150356.0,266690
2026-10-06,3495.0,3495.0,3285.0,3305.0,354860.0,900290
2026-10-06,5630.0,5930.0,5500.0,5830.0,653929.0,314130
2026-10-06,11650.0,11730.0,11240.0,11710.0,1369866.0,042370
2026-10-06,18860.0,19420.0,18600.0,19340.0,102426.0,049070
2026-10-06,12340.0,12680.0,12020.0,12150.0,62467.0,228760
2026-10-06,7600.0,7600.0,7250.0,7320.0,255985.0,484590
2026-10-06,44750.0,46200.0,44100.0,45200.0,92038.0,389500
2026-10-06,37750.0,37750.0,35750.0,35750.0,46342.0,452430
2026-10-06,7900.0,8050.0,7800.0,7870.0,40247.0,025770
2026-10-06,22900.0,23250.0,22550.0,23150.0,16272.0,084110
2026-10-06,24300.0,24550.0,24000.0,24150.0,15859.0,054950
2026-10-06,25900.0,26200.0,25700.0,26100.0,13765.0,200670
2026-10-06,14920.0,16590.0,14300.0,14730.0,4697096.0,486510
2026-10-06,12900.0,13520.0,12810.0,13420.0,75583.0,378340
2026-10-06,11990.0,11990.0,11730.0,11920.0,21995.0,071200
2026-10-06,16740.0,17180.0,16740.0,16980.0,15621.0,092460
2026-10-06,14390.0,15320.0,14140.0,15000.0,1094505.0,452280
2026-10-06,21650.0,23400.0,21200.0,23200.0,43566.0,304360
2026-10-06,4540.0,4565.0,4435.0,4445.0,134679.0,035810
2026-10-06,6450.0,6450.0,6230.0,6260.0,41021.0,101930
2026-10-06,11970.0,12780.0,11740.0,12280.0,1859483.0,012210
2026-10-06,2670.0,2675.0,2650.0,2650.0,129011.0,136480
2026-10-06,17600.0,19770.0,17480.0,18880.0,383445.0,493280
2026-10-06,20850.0,20900.0,20350.0,20500.0,6579.0,352480
2026-10-06,26700.0,27800.0,26650.0,27700.0,74091.0,294570
2026-10-06,13290.0,13610.0,13010.0,13610.0,86352.0,317330
2026-10-06,9370.0,9590.0,9100.0,9340.0,5664.0,448280
2026-10-06,18200.0,21150.0,18180.0,20250.0,560546.0,085910
2026-10-06,10520.0,10600.0,10370.0,10510.0,99752.0,394280
2026-10-06,11560.0,11700.0,11460.0,11660.0,55428.0,060720
2026-10-06,6430.0,6550.0,6300.0,6320.0,1196027.0,024840
2026-10-06,2530.0,3100.0,2520.0,2895.0,3955815.0,115450
2026-10-06,12880.0,12950.0,12790.0,12840.0,80452.0,094360
2026-10-06,19130.0,19220.0,18880.0,18940.0,102563.0,254490
2026-10-06,5140.0,5400.0,5010.0,5140.0,592497.0,036710
2026-10-06,18440.0,18970.0,18010.0,18130.0,23516.0,287840
2026-10-06,34050.0,35800.0,33650.0,35500.0,25819.0,267980
2026-10-06,17120.0,17480.0,16800.0,16930.0,46837.0,089980
2026-10-06,0.0,0.0,0.0,21000.0,0.0,309710
2026-10-06,4620.0,4740.0,4620.0,4660.0,18171.0,472850
2026-10-06,9790.0,9870.0,9640.0,9680.0,41501.0,035600
2026-10-06,28900.0,30300.0,28850.0,29750.0,34450.0,100120
2026-10-06,0.0,0.0,0.0,3670.0,0.0,182400
2026-10-06,35200.0,35200.0,34200.0,34800.0,58100.0,073490
2026-10-06,3950.0,4015.0,3855.0,3865.0,177326.0,099440
2026-10-06,8000.0,8040.0,7360.0,7890.0,711511.0,032580
2026-10-06,17880.0,17940.0,17470.0,17570.0,25832.0,043150
2026-10-06,5270.0,5280.0,5170.0,5220.0,45518.0,091700
2026-10-06,23600.0,23775.0,23300.0,23400.0,39776.0,098070
2026-10-06,15650.0,15850.0,15500.0,15840.0,83036.0,439090
2026-10-06,31750.0,32600.0,31100.0,31350.0,15696.0,389650
2026-10-06,32400.0,33300.0,31700.0,32300.0,93088.0,272110
2026-10-06,5460.0,5460.0,5370.0,5400.0,31572.0,151860
2026-10-06,5430.0,5580.0,5420.0,5460.0,98627.0,0011T0
2026-10-06,0.0,0.0,0.0,3320.0,0.0,121800
2026-10-06,21800.0,21950.0,21400.0,21600.0,5129.0,051500
2026-10-06,9200.0,9460.0,9200.0,9410.0,639926.0,108860
2026-10-06,0.0,0.0,0.0,4080.0,0.0,377460
2026-10-06,9270.0,9450.0,9080.0,9140.0,26250.0,068930
2026-10-06,22950.0,23400.0,22500.0,23100.0,40235.0,445090
2026-10-06,3275.0,3290.0,3235.0,3245.0,94901.0,023410
2026-10-06,22800.0,23750.0,22200.0,22800.0,32216.0,484120
2026-10-06,12630.0,12630.0,12180.0,12360.0,254734.0,112290
2026-10-06,13410.0,13940.0,13370.0,13910.0,141496.0,389260
2026-10-06,7890.0,8120.0,7600.0,7680.0,1630878.0,439960
2026-10-06,26500.0,27500.0,26350.0,27475.0,31356.0,416180
2026-10-06,11400.0,11450.0,11180.0,11230.0,62312.0,036890
2026-10-06,14200.0,14880.0,14120.0,14170.0,10361.0,377450
2026-10-06,7940.0,7990.0,7850.0,7890.0,14785.0,064820
2026-10-06,24850.0,25400.0,24050.0,24150.0,53183.0,011560
2026-10-06,9030.0,10340.0,9030.0,10290.0,1970254.0,340450
2026-10-06,5050.0,5060.0,4920.0,4955.0,18819.0,036030
2026-10-06,5680.0,5950.0,5660.0,5730.0,37915.0,067390
2026-10-06,6250.0,6400.0,6150.0,6390.0,51335.0,450950
2026-10-06,13050.0,13500.0,12860.0,13430.0,229712.0,083310
2026-10-06,34900.0,35050.0,33000.0,33300.0,7990.0,376270
2026-10-06,4420.0,4565.0,4420.0,4445.0,256274.0,298830
2026-10-06,8950.0,9220.0,8860.0,9180.0,126343.0,114190
2026-10-06,5990.0,6170.0,5870.0,6150.0,310307.0,243840
2026-10-06,18450.0,18450.0,17610.0,17660.0,34721.0,461300
2026-10-06,21150.0,21700.0,20150.0,20550.0,37976.0,064850
2026-10-06,14550.0,15090.0,14440.0,14840.0,24999.0,144510
2026-10-06,19680.0,19680.0,19360.0,19400.0,13399.0,243070
2026-10-06,11360.0,11430.0,11050.0,11050.0,19056.0,043370
2026-10-06,3790.0,3855.0,3715.0,3770.0,215919.0,099430
2026-10-06,8050.0,8110.0,8010.0,8040.0,19150.0,200130
2026-10-06,2325.0,2495.0,2315.0,2425.0,2229527.0,078150
2026-10-06,5990.0,6020.0,5830.0,5860.0,171914.0,094480
2026-10-06,2365.0,2400.0,2305.0,2340.0,18205.0,180400
2026-10-06,41550.0,42150.0,41150.0,42000.0,14861.0,061090
2026-10-06,8600.0,8850.0,8570.0,8840.0,130455.0,064550
2026-10-06,6000.0,6140.0,5900.0,6120.0,46429.0,216080
2026-10-06,19000.0,19430.0,18950.0,19170.0,41814.0,475400
2026-10-06,10110.0,10480.0,10020.0,10160.0,40048.0,365270
2026-10-06,8550.0,8730.0,8460.0,8480.0,88588.0,241520
2026-10-06,8100.0,8220.0,7920.0,8000.0,98397.0,293780
2026-10-06,16020.0,16140.0,15920.0,15950.0,44949.0,190510
2026-10-06,11620.0,12100.0,11590.0,12080.0,69608.0,067080
2026-10-06,35850.0,35850.0,35450.0,35850.0,7288.0,215000
2026-10-06,4040.0,4485.0,3955.0,4120.0,5396671.0,005160
2026-10-06,24050.0,24250.0,23600.0,23700.0,17730.0,0008Z0
2026-10-06,5520.0,5680.0,5360.0,5630.0,1226455.0,053300
2026-10-06,24300.0,25500.0,24150.0,25350.0,490733.0,126730
2026-10-06,7160.0,7290.0,7070.0,7190.0,102336.0,095500
2026-10-06,25500.0,25900.0,24400.0,24650.0,4597.0,065680
2026-10-06,25650.0,26500.0,23900.0,24650.0,2027220.0,263860
2026-10-06,44200.0,44200.0,42850.0,42900.0,5824.0,065710
2026-10-06,1405.0,1415.0,1398.0,1406.0,34127.0,023760
2026-10-06,8540.0,8780.0,8540.0,8670.0,58384.0,0001A0
2026-10-06,15060.0,15110.0,14860.0,15000.0,8149.0,018310
2026-10-06,24600.0,25300.0,24500.0,25300.0,54354.0,382900
2026-10-06,12080.0,12150.0,11790.0,12060.0,58883.0,237880
2026-10-06,3180.0,3250.0,3115.0,3170.0,1568006.0,256840
2026-10-06,6260.0,6310.0,6100.0,6170.0,341988.0,125020
2026-10-06,6430.0,6680.0,6430.0,6610.0,46786.0,053030
2026-10-06,5790.0,5900.0,5750.0,5840.0,144994.0,307180
2026-10-06,3085.0,3085.0,3025.0,3055.0,405237.0,045390
2026-10-06,2305.0,2390.0,2235.0,2290.0,202991.0,217730
2026-10-06,16650.0,17780.0,16650.0,17420.0,91234.0,405100
2026-10-06,6670.0,7050.0,6190.0,6300.0,321971.0,462350
2026-10-06,9770.0,9850.0,9660.0,9700.0,13312.0,206640
2026-10-06,17340.0,17500.0,17040.0,17150.0,21628.0,058970
2026-10-06,15870.0,16280.0,15690.0,16230.0,61464.0,459510
2026-10-06,2925.0,3015.0,2900.0,2935.0,460540.0,462860
2026-10-06,5380.0,5990.0,5340.0,5830.0,686954.0,452450
2026-10-06,7200.0,7390.0,7160.0,7370.0,39885.0,176750
2026-10-06,4430.0,4430.0,4280.0,4315.0,66943.0,019010
2026-10-06,4315.0,4330.0,4215.0,4255.0,1941.0,950170
2026-10-06,4600.0,4630.0,4530.0,4550.0,72317.0,014940
2026-10-06,6510.0,6550.0,6360.0,6510.0,1062807.0,382800
2026-10-06,0.0,0.0,0.0,8450.0,0.0,380540
2026-10-06,10480.0,10480.0,10210.0,10260.0,37181.0,005710
2026-10-06,17810.0,18330.0,17710.0,18250.0,73397.0,199430
2026-10-06,6780.0,6980.0,6600.0,6790.0,13461.0,314930
2026-10-06,5910.0,6330.0,5850.0,6310.0,818179.0,394800
2026-10-06,34700.0,34700.0,33200.0,33250.0,4852.0,036190
2026-10-06,14200.0,14860.0,13780.0,13990.0,10753.0,481070
2026-10-06,3200.0,3230.0,3160.0,3185.0,30397.0,126600
2026-10-06,22100.0,22350.0,21800.0,22100.0,23548.0,049430
2026-10-06,10240.0,10600.0,10060.0,10590.0,450632.0,388050
2026-10-06,10510.0,11000.0,10510.0,10940.0,108618.0,464080
2026-10-06,15560.0,15820.0,15370.0,15540.0,59826.0,304100
2026-10-06,6090.0,6090.0,5840.0,5910.0,138104.0,353810
2026-10-06,23550.0,25700.0,23500.0,25000.0,201120.0,355150
2026-10-06,17270.0,17270.0,16710.0,16710.0,518278.0,478340
2026-10-06,10430.0,10690.0,10420.0,10600.0,50665.0,194700
2026-10-06,19230.0,19590.0,18690.0,19410.0,53368.0,086670
2026-10-06,0.0,0.0,0.0,2410.0,0.0,080720
2026-10-06,18000.0,18640.0,16800.0,17760.0,6030955.0,488280
2026-10-06,12290.0,12480.0,12160.0,12400.0,72212.0,484810
2026-10-06,10990.0,11130.0,10450.0,10610.0,217349.0,234690
2026-10-06,3050.0,3145.0,2950.0,3110.0,252836.0,036170
2026-10-06,10100.0,10310.0,9950.0,10250.0,86243.0,041920
2026-10-06,14520.0,14660.0,14130.0,14260.0,136002.0,230240
2026-10-06,2105.0,2145.0,2070.0,2090.0,74982.0,013120
2026-10-06,14500.0,14870.0,14320.0,14490.0,50691.0,102940
2026-10-06,14300.0,14580.0,13460.0,13790.0,1330198.0,274090
2026-10-06,2500.0,2750.0,2490.0,2575.0,2160598.0,012860
2026-10-06,17200.0,17590.0,17180.0,17540.0,4443.0,143240
2026-10-06,14910.0,15400.0,13900.0,14690.0,172363.0,163730
2026-10-06,14240.0,14840.0,14230.0,14460.0,98710.0,214180
2026-10-06,16000.0,16560.0,15910.0,16500.0,35835.0,138610
2026-10-06,12050.0,12050.0,11910.0,11920.0,7362.0,036560
2026-10-06,0.0,0.0,0.0,994.0,0.0,016790
2026-10-06,12200.0,12470.0,12080.0,12450.0,79782.0,094820
2026-10-06,16940.0,16940.0,15920.0,15970.0,122580.0,0015G0
2026-10-06,7220.0,7420.0,7140.0,7230.0,53186.0,220100
2026-10-06,12650.0,12740.0,12640.0,12710.0,28266.0,083930
2026-10-06,16900.0,16900.0,16000.0,16400.0,33520.0,119610
2026-10-06,8060.0,8360.0,7840.0,8340.0,142343.0,068790
2026-10-06,5940.0,5960.0,5840.0,5850.0,15425.0,034810
2026-10-06,2390.0,2550.0,2365.0,2460.0,848945.0,088800
2026-10-06,22550.0,23250.0,22200.0,23150.0,17765.0,372170
2026-10-06,10410.0,10520.0,10310.0,10380.0,12487.0,052330
2026-10-06,5500.0,5500.0,5340.0,5410.0,333156.0,046120
2026-10-06,12010.0,12310.0,11800.0,12220.0,543853.0,024060
2026-10-06,12930.0,13770.0,12710.0,13565.0,168395.0,051160
2026-10-06,11830.0,12380.0,11690.0,12260.0,83224.0,126700
2026-10-06,17980.0,18100.0,17770.0,17870.0,15710.0,419530
2026-10-06,5940.0,6090.0,5890.0,6020.0,469015.0,264850
2026-10-06,14600.0,14770.0,14030.0,14100.0,26500.0,308430
2026-10-06,12910.0,14100.0,12870.0,13150.0,150280.0,187870
2026-10-06,24750.0,24750.0,24250.0,24250.0,2723.0,066620
2026-10-06,6830.0,7280.0,6780.0,7200.0,231667.0,054210
2026-10-06,8160.0,8190.0,7900.0,7970.0,18590.0,084850
2026-10-06,32600.0,33950.0,32400.0,32950.0,2006.0,357550
2026-10-06,12180.0,12640.0,12180.0,12540.0,45393.0,403850
2026-10-06,18820.0,18970.0,18660.0,18740.0,7625.0,108380
2026-10-06,22150.0,22450.0,21750.0,22100.0,9417.0,042420
2026-10-06,2995.0,3050.0,2925.0,2950.0,105480.0,082800
2026-10-06,16260.0,16340.0,15890.0,16040.0,56199.0,318060
2026-10-06,13700.0,14140.0,13600.0,14000.0,29956.0,270660
2026-10-06,29600.0,29600.0,28400.0,28500.0,8263.0,192440
2026-10-06,12680.0,12800.0,12020.0,12420.0,291154.0,432720
2026-10-06,8010.0,8110.0,7910.0,7910.0,100449.0,199820
2026-10-06,60700.0,61400.0,59300.0,60900.0,8848.0,260970
2026-10-06,4545.0,4645.0,4525.0,4610.0,157974.0,039860
2026-10-06,5730.0,5870.0,5550.0,5730.0,711084.0,388790
2026-10-06,6710.0,6840.0,6470.0,6720.0,104499.0,086820
2026-10-06,7230.0,7570.0,7220.0,7440.0,351136.0,051370
2026-10-06,3695.0,3785.0,3655.0,3765.0,140873.0,084990
2026-10-06,5210.0,5310.0,5180.0,5280.0,143059.0,013990
2026-10-06,7320.0,7440.0,7310.0,7410.0,140747.0,049630
2026-10-06,9400.0,9950.0,9270.0,9590.0,207593.0,251370
2026-10-06,12600.0,12790.0,12370.0,12600.0,95377.0,149950
2026-10-06,11850.0,11870.0,11650.0,11750.0,41063.0,264450
2026-10-06,15000.0,15350.0,14840.0,14850.0,71364.0,092070
2026-10-06,16090.0,16090.0,15830.0,16030.0,1697.0,143160
2026-10-06,10130.0,10230.0,9820.0,9970.0,74434.0,445180
2026-10-06,21750.0,22300.0,20850.0,21350.0,164028.0,123330
2026-10-06,14220.0,14280.0,14130.0,14190.0,3993.0,092130
2026-10-06,6170.0,7150.0,5920.0,7010.0,17699278.0,158430
2026-10-06,12890.0,13500.0,12710.0,12760.0,77730.0,0082N0
2026-10-06,5280.0,5400.0,5260.0,5300.0,67490.0,418550
2026-10-06,3225.0,3265.0,3180.0,3250.0,55819.0,032620
2026-10-06,6480.0,6670.0,6300.0,6380.0,111318.0,119830
2026-10-06,14110.0,14300.0,13880.0,13910.0,30096.0,194480
2026-10-06,16620.0,16620.0,13740.0,13800.0,1701336.0,0161M0
2026-10-06,9330.0,9440.0,9160.0,9260.0,188908.0,032940
2026-10-06,17850.0,18320.0,16750.0,16760.0,322794.0,0010S0
2026-10-06,11740.0,11880.0,11360.0,11410.0,32004.0,489460
2026-10-06,1816.0,1867.0,1801.0,1858.0,211125.0,104480
2026-10-06,0.0,0.0,0.0,741.0,0.0,245620
2026-10-06,10090.0,10090.0,9900.0,9930.0,14161.0,038390
2026-10-06,2795.0,2850.0,2740.0,2760.0,557270.0,289080
2026-10-06,6740.0,6740.0,6420.0,6440.0,57184.0,122990
2026-10-06,13360.0,14870.0,12820.0,14870.0,5568175.0,042510
2026-10-06,1107.0,1121.0,1080.0,1093.0,1550827.0,255220
2026-10-06,29600.0,29600.0,28400.0,28600.0,23742.0,474650
2026-10-06,2965.0,2980.0,2920.0,2940.0,1242560.0,067290
2026-10-06,13120.0,13340.0,12970.0,13070.0,20442.0,402030
2026-10-06,2780.0,2865.0,2755.0,2860.0,1373838.0,267320
2026-10-06,5980.0,6020.0,5820.0,5820.0,54831.0,123410
2026-10-06,3045.0,3150.0,2980.0,3040.0,718860.0,290690
2026-10-06,3010.0,3080.0,2975.0,3005.0,242482.0,475040
2026-10-06,15950.0,16050.0,14850.0,14990.0,69282.0,039830
2026-10-06,15070.0,15320.0,15000.0,15040.0,36236.0,226590
2026-10-06,4000.0,4025.0,3910.0,3955.0,119616.0,086890
2026-10-06,8170.0,8220.0,8100.0,8110.0,5539.0,950140
2026-10-06,9690.0,11000.0,9670.0,10510.0,89947.0,494120
2026-10-06,3220.0,3270.0,3190.0,3230.0,183502.0,041020
2026-10-06,4205.0,4600.0,4140.0,4390.0,3405880.0,413630
2026-10-06,6170.0,6220.0,5990.0,6030.0,1091709.0,396300
2026-10-06,0.0,0.0,0.0,1153.0,0.0,066410
2026-10-06,2895.0,2925.0,2835.0,2855.0,43432.0,204610
2026-10-06,8860.0,9120.0,8730.0,8930.0,70710.0,101360
2026-10-06,10600.0,10600.0,10400.0,10410.0,49387.0,054450
2026-10-06,13010.0,13180.0,12900.0,13000.0,29824.0,041520
2026-10-06,8900.0,9010.0,8750.0,8910.0,215820.0,102120
2026-10-06,5380.0,5780.0,5170.0,5600.0,13584574.0,054920
2026-10-06,8280.0,8400.0,8150.0,8190.0,5770.0,093190
2026-10-06,9240.0,9240.0,9050.0,9180.0,22564.0,078070
2026-10-06,30000.0,30200.0,26700.0,27150.0,305473.0,417030
2026-10-06,4750.0,4850.0,4705.0,4760.0,31526.0,093640
2026-10-06,17020.0,17120.0,16470.0,16670.0,176447.0,322310
2026-10-06,13110.0,13140.0,12980.0,13090.0,12875.0,072870
2026-10-06,26250.0,26250.0,25900.0,25950.0,2055.0,023910
2026-10-06,6330.0,6440.0,6290.0,6340.0,29362.0,118990
2026-10-06,13100.0,13150.0,12700.0,12820.0,10226.0,123860
2026-10-06,5050.0,5050.0,4975.0,5010.0,17854.0,011040
2026-10-06,4955.0,4955.0,4750.0,4795.0,180089.0,220260
2026-10-06,26400.0,26400.0,25900.0,26000.0,4990.0,067280
2026-10-06,18530.0,19340.0,18530.0,19180.0,82628.0,0007C0
2026-10-06,24500.0,24700.0,23750.0,23850.0,26009.0,489500
2026-10-06,8170.0,8220.0,8060.0,8110.0,35759.0,080160
2026-10-06,11600.0,12500.0,11590.0,11960.0,70046.0,146320
2026-10-06,4340.0,4765.0,4235.0,4650.0,937179.0,417500
2026-10-06,11540.0,13390.0,11100.0,12620.0,3732351.0,115500
2026-10-06,7900.0,8180.0,7900.0,8060.0,446760.0,0039P0
2026-10-06,4200.0,4395.0,4150.0,4245.0,1293907.0,950250
2026-10-06,6160.0,6500.0,6040.0,6300.0,2334851.0,452190
2026-10-06,11090.0,12120.0,10700.0,12120.0,68037.0,042600
2026-10-06,14650.0,14680.0,14400.0,14500.0,5675.0,054800
2026-10-06,4945.0,5100.0,4945.0,5010.0,691237.0,052260
2026-10-06,15240.0,15240.0,14840.0,14950.0,6943.0,065660
2026-10-06,14420.0,15210.0,14160.0,15130.0,140428.0,0088M0
2026-10-06,9970.0,10040.0,9880.0,9900.0,11410.0,007330
2026-10-06,1842.0,1848.0,1765.0,1787.0,88619.0,205500
2026-10-06,19010.0,21500.0,18860.0,19560.0,2568523.0,387690
2026-10-06,4370.0,4445.0,4110.0,4245.0,72314.0,024800
2026-10-06,4730.0,4730.0,4580.0,4605.0,19549.0,179290
2026-10-06,8000.0,8220.0,7930.0,8060.0,519087.0,059120
2026-10-06,16130.0,16610.0,16110.0,16570.0,89576.0,469610
2026-10-06,9080.0,9080.0,8810.0,8940.0,36423.0,300080
2026-10-06,9940.0,9980.0,9670.0,9960.0,2111.0,101970
2026-10-06,10980.0,11300.0,10980.0,11120.0,86741.0,232680
2026-10-06,15200.0,15300.0,15000.0,15150.0,36129.0,264660
2026-10-06,11400.0,11400.0,10890.0,10920.0,122965.0,212560
2026-10-06,7100.0,7630.0,7000.0,7340.0,87435.0,256940
2026-10-06,7330.0,7430.0,7290.0,7330.0,96742.0,147830
2026-10-06,9820.0,9870.0,9390.0,9680.0,184699.0,211270
2026-10-06,15590.0,15590.0,15400.0,15430.0,4317.0,049960
2026-10-06,1949.0,2390.0,1924.0,2050.0,11276203.0,321370
2026-10-06,13360.0,13460.0,13250.0,13280.0,4904.0,069510
2026-10-06,4040.0,4065.0,3980.0,3985.0,68848.0,046440
2026-10-06,6700.0,7060.0,6700.0,6970.0,523315.0,142210
2026-10-06,9060.0,9060.0,8980.0,9000.0,2427.0,023600
2026-10-06,9100.0,9180.0,8570.0,8650.0,242587.0,451760
2026-10-06,11140.0,11790.0,10900.0,11750.0,137178.0,141000
2026-10-06,12100.0,12560.0,12100.0,12450.0,14386.0,089600
2026-10-06,4550.0,4735.0,4520.0,4730.0,104922.0,321550
2026-10-06,9600.0,9660.0,9460.0,9550.0,1598.0,115310
2026-10-06,9100.0,9100.0,8670.0,8830.0,38844.0,105330
2026-10-06,4020.0,4020.0,3920.0,4000.0,34347.0,148150
2026-10-06,17350.0,17730.0,16900.0,17320.0,1744040.0,072950
2026-10-06,8360.0,8460.0,8310.0,8360.0,27049.0,114840
2026-10-06,6150.0,6300.0,6020.0,6230.0,144533.0,156100
2026-10-06,1598.0,1615.0,1575.0,1587.0,107118.0,048870
2026-10-06,8690.0,9300.0,8690.0,9060.0,267076.0,071280
2026-10-06,10620.0,10840.0,10580.0,10750.0,48687.0,140670
2026-10-06,7020.0,7030.0,6710.0,6870.0,227712.0,417010
2026-10-06,11380.0,11500.0,11020.0,11180.0,70416.0,136540
2026-10-06,4820.0,5020.0,4160.0,4395.0,358781.0,351320
2026-10-06,8700.0,8700.0,8100.0,8260.0,66849.0,228850
2026-10-06,3970.0,3990.0,3875.0,3915.0,335912.0,126640
2026-10-06,10370.0,10390.0,10150.0,10300.0,4458.0,005990
2026-10-06,8500.0,8970.0,8040.0,8970.0,5779710.0,411080
2026-10-06,5180.0,5340.0,5170.0,5320.0,71173.0,322510
2026-10-06,15000.0,15640.0,14480.0,15300.0,97484.0,172670
2026-10-06,2975.0,3030.0,2975.0,2990.0,13735.0,060150
2026-10-06,5010.0,5160.0,4915.0,4990.0,91811.0,297090
2026-10-06,12520.0,12620.0,12420.0,12540.0,18368.0,038290
2026-10-06,7630.0,7890.0,7590.0,7610.0,32876.0,052860
2026-10-06,3580.0,3610.0,3475.0,3595.0,528771.0,047770
2026-10-06,8080.0,8160.0,7850.0,7980.0,146278.0,402490
2026-10-06,6730.0,6810.0,6670.0,6740.0,25589.0,037070
2026-10-06,7480.0,7700.0,7420.0,7650.0,39107.0,009780
2026-10-06,20700.0,20700.0,20400.0,20400.0,2416.0,003100
2026-10-06,6350.0,6540.0,6260.0,6430.0,131269.0,240550
2026-10-06,7240.0,7690.0,7150.0,7200.0,803532.0,053260
2026-10-06,12650.0,12900.0,12550.0,12630.0,23633.0,285490
2026-10-06,10080.0,10120.0,9880.0,9970.0,44251.0,039840
2026-10-06,4855.0,4935.0,4830.0,4880.0,7305.0,035610
2026-10-06,11370.0,11590.0,11150.0,11440.0,30382.0,282880
2026-10-06,12950.0,12980.0,12160.0,12330.0,1009522.0,115440
2026-10-06,0.0,0.0,0.0,14130.0,0.0,457550
2026-10-06,14090.0,14550.0,13460.0,13470.0,88405.0,361390
2026-10-06,7410.0,7450.0,7130.0,7330.0,183307.0,265740
2026-10-06,13300.0,13500.0,12960.0,13390.0,28512.0,094840
2026-10-06,5090.0,5570.0,4870.0,5500.0,5723011.0,443670
2026-10-06,7700.0,7830.0,7130.0,7350.0,142641.0,474170
2026-10-06,8570.0,8800.0,8330.0,8420.0,16552.0,338840
2026-10-06,6360.0,6390.0,6050.0,6260.0,280066.0,222040
2026-10-06,8520.0,8700.0,8440.0,8490.0,143398.0,037350
2026-10-06,9150.0,9150.0,9020.0,9030.0,18927.0,049720
2026-10-06,3345.0,3345.0,3190.0,3210.0,147164.0,073010
2026-10-06,16210.0,16380.0,16000.0,16160.0,40380.0,299030
2026-10-06,3050.0,3075.0,2980.0,2985.0,9271.0,408920
2026-10-06,2370.0,2430.0,2350.0,2385.0,120123.0,307750
2026-10-06,9910.0,9980.0,9810.0,9890.0,23082.0,001540
2026-10-06,3000.0,3115.0,2920.0,3000.0,934165.0,039560
2026-10-06,4300.0,4320.0,4115.0,4195.0,120009.0,418420
2026-10-06,11620.0,11720.0,11430.0,11500.0,15731.0,035080
2026-10-06,10130.0,10260.0,9790.0,10220.0,364523.0,0015N0
2026-10-06,17370.0,17370.0,16890.0,16940.0,10939.0,079960
2026-10-06,2815.0,2850.0,2760.0,2810.0,68545.0,095700
2026-10-06,1563.0,1604.0,1546.0,1604.0,1943.0,080420
2026-10-06,8770.0,9830.0,8630.0,9450.0,248700.0,101170
2026-10-06,10090.0,10560.0,10000.0,10430.0,231528.0,259630
2026-10-06,9740.0,9790.0,9640.0,9720.0,8602.0,950190
2026-10-06,0.0,0.0,0.0,2885.0,0.0,036690
2026-10-06,6420.0,6570.0,6400.0,6550.0,192577.0,008830
2026-10-06,3255.0,3335.0,3245.0,3295.0,95535.0,108230
2026-10-06,9700.0,9800.0,9510.0,9600.0,60711.0,053080
2026-10-06,2995.0,3390.0,2995.0,3250.0,267513.0,290720
2026-10-06,2330.0,2400.0,2320.0,2335.0,170695.0,166480
2026-10-06,8720.0,8780.0,8400.0,8520.0,84922.0,474610
2026-10-06,0.0,0.0,0.0,1190.0,0.0,056090
2026-10-06,3270.0,3365.0,3270.0,3325.0,149907.0,047310
2026-10-06,2820.0,2890.0,2405.0,2485.0,1020483.0,134580
2026-10-06,1682.0,1682.0,1650.0,1659.0,176243.0,297890
2026-10-06,1118.0,1120.0,1030.0,1091.0,252820.0,027710
2026-10-06,7970.0,8050.0,7890.0,7950.0,114463.0,017510
2026-10-06,1279.0,1308.0,1263.0,1272.0,207908.0,293580
2026-10-06,1423.0,1433.0,1350.0,1374.0,994218.0,138360
2026-10-06,5780.0,5780.0,5520.0,5620.0,5606.0,021320
2026-10-06,1865.0,1882.0,1841.0,1842.0,36365.0,095190
2026-10-06,12120.0,12240.0,11700.0,11780.0,1726419.0,105740
2026-10-06,12500.0,15020.0,12170.0,14260.0,1622941.0,136150
2026-10-06,14620.0,14980.0,14330.0,14380.0,48351.0,083500
2026-10-06,4300.0,4505.0,4110.0,4180.0,1940405.0,209640
2026-10-06,2400.0,2515.0,2380.0,2490.0,409866.0,217820
2026-10-06,3900.0,3900.0,3855.0,3865.0,84902.0,333430
2026-10-06,7290.0,7410.0,7150.0,7330.0,140038.0,396470
2026-10-06,5880.0,6060.0,5760.0,5790.0,51249.0,308080
2026-10-06,2995.0,3085.0,2935.0,3010.0,95153.0,336680
2026-10-06,7630.0,7900.0,7630.0,7830.0,9410.0,458650
2026-10-06,17390.0,17610.0,16860.0,17010.0,78107.0,389020
2026-10-06,6570.0,6640.0,6550.0,6600.0,59785.0,041440
2026-10-06,8420.0,8430.0,8160.0,8340.0,223053.0,338220
2026-10-06,2185.0,2245.0,2185.0,2230.0,190099.0,310200
2026-10-06,3945.0,4000.0,3925.0,3970.0,55485.0,067990
2026-10-06,6460.0,6860.0,6360.0,6550.0,137123.0,131030
2026-10-06,0.0,0.0,0.0,2370.0,0.0,041590
2026-10-06,7110.0,7500.0,6830.0,7150.0,156295.0,129920
2026-10-06,8780.0,9340.0,8780.0,9080.0,63453.0,311320
2026-10-06,10580.0,10650.0,9980.0,10250.0,44299.0,331920
2026-10-06,3400.0,3535.0,3365.0,3495.0,1023342.0,201490
2026-10-06,3750.0,3750.0,3675.0,3705.0,26295.0,049520
2026-10-06,7210.0,7210.0,7080.0,7090.0,10264.0,054050
2026-10-06,3305.0,3435.0,3250.0,3265.0,233726.0,242040
2026-10-06,11290.0,11330.0,10610.0,11200.0,25296.0,290740
2026-10-06,2385.0,2500.0,2380.0,2450.0,57403.0,217270
2026-10-06,10390.0,10500.0,10270.0,10340.0,9380.0,473980
2026-10-06,11960.0,12740.0,11720.0,11990.0,555568.0,0011A0
2026-10-06,2995.0,3055.0,2915.0,3025.0,111313.0,317770
2026-10-06,3315.0,3330.0,3280.0,3280.0,5822.0,063570
2026-10-06,2010.0,2030.0,1969.0,2020.0,95586.0,038540
2026-10-06,2535.0,2535.0,2490.0,2490.0,7200.0,122450
2026-10-06,5640.0,5730.0,5410.0,5590.0,443675.0,079650
2026-10-06,6580.0,6750.0,6510.0,6730.0,166513.0,125210
2026-10-06,8770.0,8820.0,8400.0,8480.0,64395.0,255440
2026-10-06,8360.0,8520.0,8250.0,8330.0,77053.0,036010
2026-10-06,16740.0,16780.0,16680.0,16700.0,304.0,018120
2026-10-06,8510.0,8600.0,8260.0,8410.0,54589.0,289930
2026-10-06,10080.0,10150.0,9870.0,9930.0,120099.0,051980
2026-10-06,11830.0,11960.0,11740.0,11760.0,8766.0,051360
2026-10-06,4940.0,4950.0,4875.0,4900.0,27235.0,090850
2026-10-06,1455.0,1470.0,1410.0,1412.0,39827.0,334970
2026-10-06,9430.0,9440.0,9050.0,9120.0,118060.0,153890
2026-10-06,2290.0,2300.0,2270.0,2285.0,58518.0,040300
2026-10-06,7990.0,7990.0,7700.0,7720.0,2904.0,036630
2026-10-06,4020.0,4070.0,4005.0,4022.0,90409.0,053700
2026-10-06,1727.0,1757.0,1717.0,1719.0,38259.0,086980
2026-10-06,8300.0,8410.0,8140.0,8160.0,118977.0,217190
2026-10-06,3415.0,3795.0,3410.0,3690.0,859527.0,261780
2026-10-06,6410.0,6550.0,6080.0,6240.0,3435320.0,100590
2026-10-06,6950.0,6950.0,6840.0,6910.0,19775.0,130580
2026-10-06,5990.0,5990.0,5830.0,5870.0,15178.0,067900
2026-10-06,10080.0,10280.0,9730.0,9800.0,43920.0,475230
2026-10-06,2310.0,2360.0,2235.0,2235.0,111916.0,246710
2026-10-06,13250.0,13490.0,13000.0,13400.0,16202.0,453450
2026-10-06,14740.0,14890.0,14720.0,14760.0,6054.0,120240
2026-10-06,4850.0,4990.0,4600.0,4805.0,97308.0,053350
2026-10-06,4825.0,4850.0,4775.0,4830.0,1140.0,039340
2026-10-06,2210.0,2275.0,2155.0,2200.0,281238.0,306620
2026-10-06,4030.0,4045.0,3760.0,3930.0,1835071.0,097800
2026-10-06,2395.0,2520.0,2350.0,2360.0,51053.0,339950
2026-10-06,1658.0,1699.0,1644.0,1690.0,62930.0,123040
2026-10-06,4180.0,4190.0,4055.0,4125.0,668542.0,037030
2026-10-06,1505.0,1516.0,1504.0,1516.0,32669.0,073560
2026-10-06,10250.0,10250.0,9750.0,9830.0,16520.0,106190
2026-10-06,12540.0,13240.0,12320.0,13000.0,34334.0,493330
2026-10-06,7820.0,8200.0,7790.0,8010.0,230129.0,173130
2026-10-06,1840.0,1858.0,1776.0,1821.0,960182.0,419050
2026-10-06,3350.0,3600.0,3225.0,3350.0,1964661.0,0017J0
2026-10-06,4460.0,4750.0,4400.0,4590.0,101353.0,366030
2026-10-06,3175.0,3235.0,3140.0,3215.0,212081.0,250060
2026-10-06,2385.0,2475.0,2370.0,2420.0,878221.0,086960
2026-10-06,1657.0,1682.0,1630.0,1656.0,91494.0,175250
2026-10-06,2315.0,2330.0,2285.0,2325.0,31166.0,100700
2026-10-06,4305.0,4400.0,4250.0,4385.0,71009.0,323990
2026-10-06,4085.0,4085.0,3940.0,3955.0,23933.0,109740
2026-10-06,11000.0,11200.0,10680.0,10830.0,86670.0,189330
2026-10-06,3675.0,3740.0,3650.0,3735.0,75640.0,059210
2026-10-06,2970.0,3120.0,2930.0,2960.0,102816.0,235980
2026-10-06,2820.0,2820.0,2725.0,2755.0,113062.0,091440
2026-10-06,7500.0,7570.0,7430.0,7430.0,42952.0,475580
2026-10-06,3845.0,3990.0,3815.0,3865.0,87917.0,045970
2026-10-06,7320.0,7410.0,7240.0,7400.0,28574.0,099750
2026-10-06,11560.0,11800.0,11400.0,11420.0,20962.0,049950
2026-10-06,4315.0,4365.0,4280.0,4340.0,20539.0,309960
2026-10-06,6440.0,6960.0,6370.0,6450.0,129225.0,307930
2026-10-06,2920.0,3010.0,2855.0,2985.0,371894.0,439580
2026-10-06,3560.0,3650.0,3515.0,3530.0,57644.0,006620
2026-10-06,1043.0,1075.0,990.0,1035.0,494659.0,048550
2026-10-06,5800.0,5890.0,5690.0,5710.0,63482.0,088130
2026-10-06,7290.0,7310.0,6610.0,6820.0,604028.0,412350
2026-10-06,0.0,0.0,0.0,6070.0,0.0,246720
2026-10-06,8190.0,8750.0,7960.0,8420.0,129879.0,047560
2026-10-06,7960.0,8430.0,7900.0,8140.0,106007.0,380550
2026-10-06,3680.0,3695.0,3625.0,3665.0,29145.0,352090
2026-10-06,5550.0,5600.0,5520.0,5540.0,10864.0,063170
2026-10-06,4750.0,4780.0,4530.0,4575.0,111749.0,322180
2026-10-06,6500.0,6610.0,6240.0,6300.0,16112.0,182360
2026-10-06,2115.0,2140.0,2015.0,2035.0,443559.0,021080
2026-10-06,3240.0,3300.0,3105.0,3155.0,159165.0,187790
2026-10-06,0.0,0.0,0.0,2205.0,0.0,066790
2026-10-06,5720.0,5830.0,5670.0,5690.0,17678.0,091120
2026-10-06,4290.0,4430.0,4285.0,4350.0,176007.0,042500
2026-10-06,0.0,0.0,0.0,2530.0,0.0,068240
2026-10-06,5310.0,5340.0,5190.0,5240.0,42300.0,002230
2026-10-06,8810.0,9090.0,8650.0,8780.0,106003.0,394420
2026-10-06,8390.0,8740.0,8120.0,8150.0,311713.0,357580
2026-10-06,6780.0,6830.0,6360.0,6610.0,21934.0,298540
2026-10-06,1750.0,1836.0,1722.0,1765.0,946530.0,357880
2026-10-06,1300.0,1302.0,1205.0,1288.0,684419.0,307870
2026-10-06,5300.0,5680.0,5250.0,5580.0,26996.0,033560
2026-10-06,2625.0,2825.0,2595.0,2805.0,147635.0,246960
2026-10-06,3100.0,3255.0,2995.0,3180.0,3557632.0,062970
2026-10-06,0.0,0.0,0.0,10800.0,0.0,017650
2026-10-06,9770.0,9850.0,9500.0,9710.0,11181.0,052420
2026-10-06,7900.0,7900.0,7730.0,7820.0,11449.0,282720
2026-10-06,3780.0,4310.0,3745.0,4080.0,565081.0,101330
2026-10-06,17000.0,17790.0,15810.0,16170.0,229238.0,109670
2026-10-06,7260.0,7340.0,7100.0,7150.0,43365.0,330350
2026-10-06,1230.0,1295.0,1216.0,1224.0,751628.0,052900
2026-10-06,9920.0,9920.0,9150.0,9590.0,16489.0,348350
2026-10-06,7140.0,7300.0,7120.0,7130.0,7734.0,053580
2026-10-06,1044.0,1062.0,1036.0,1048.0,29935.0,074430
2026-10-06,8600.0,8690.0,8410.0,8580.0,192466.0,032300
2026-10-06,1576.0,1665.0,1576.0,1628.0,804225.0,100130
2026-10-06,7200.0,7300.0,7040.0,7140.0,70153.0,054540
2026-10-06,1451.0,1466.0,1364.0,1370.0,675743.0,205100
2026-10-06,3705.0,3995.0,3630.0,3785.0,601943.0,085670
2026-10-06,11710.0,12080.0,11710.0,11920.0,13292.0,044990
2026-10-06,10380.0,10570.0,10300.0,10470.0,29146.0,432470
2026-10-06,6450.0,6500.0,6360.0,6410.0,17702.0,036220
2026-10-06,7230.0,7780.0,7200.0,7270.0,184231.0,048910
2026-10-06,11150.0,11600.0,11100.0,11350.0,619696.0,457370
2026-10-06,3870.0,4015.0,3840.0,3870.0,450855.0,234030
2026-10-06,5850.0,5850.0,5810.0,5820.0,9824.0,040420
2026-10-06,1877.0,1913.0,1861.0,1875.0,62046.0,109610
2026-10-06,2365.0,2375.0,2310.0,2315.0,161827.0,005860
2026-10-06,6510.0,6700.0,6120.0,6220.0,149034.0,052460
2026-10-06,2330.0,2350.0,2315.0,2330.0,87842.0,013310
2026-10-06,7210.0,7350.0,7160.0,7190.0,3351.0,023900
2026-10-06,4860.0,4870.0,4730.0,4845.0,3564.0,093920
2026-10-06,3720.0,3760.0,3655.0,3690.0,123822.0,223250
2026-10-06,2780.0,2860.0,2760.0,2800.0,756798.0,303810
2026-10-06,14200.0,14200.0,13750.0,13950.0,1766.0,009300
2026-10-06,3105.0,3175.0,2980.0,2990.0,789326.0,065450
2026-10-06,1546.0,1546.0,1431.0,1443.0,589789.0,198440
2026-10-06,2125.0,2160.0,2115.0,2120.0,16701.0,357230
2026-10-06,2310.0,2345.0,2235.0,2260.0,125176.0,066590
2026-10-06,1900.0,1913.0,1885.0,1899.0,52627.0,900260
2026-10-06,2845.0,2905.0,2775.0,2815.0,71915.0,048530
2026-10-06,4245.0,4300.0,4195.0,4275.0,64823.0,215100
2026-10-06,4185.0,4350.0,4165.0,4185.0,18188.0,362320
2026-10-06,3395.0,3500.0,3350.0,3350.0,74463.0,478560
2026-10-06,4165.0,4315.0,4165.0,4185.0,85992.0,226400
2026-10-06,9760.0,10460.0,9760.0,9910.0,26765.0,251120
2026-10-06,8500.0,8500.0,8390.0,8410.0,9853.0,096240
2026-10-06,10200.0,10700.0,9890.0,10510.0,16816.0,360070
2026-10-06,1550.0,1611.0,1546.0,1601.0,431173.0,066980
2026-10-06,4695.0,4725.0,4610.0,4680.0,80376.0,078890
2026-10-06,9340.0,9380.0,9250.0,9350.0,17407.0,004650
2026-10-06,4140.0,4500.0,4040.0,4225.0,365893.0,123010
2026-10-06,5800.0,6370.0,5440.0,5740.0,2516614.0,006140
2026-10-06,8600.0,9070.0,8490.0,8680.0,174574.0,0015S0
2026-10-06,4625.0,4735.0,4625.0,4690.0,34474.0,330730
2026-10-06,3290.0,3290.0,3080.0,3140.0,44532.0,234300
2026-10-06,2065.0,2130.0,2040.0,2060.0,363421.0,162300
2026-10-06,3490.0,3590.0,3350.0,3390.0,55423.0,192410
2026-10-06,7010.0,7060.0,6870.0,6970.0,6366.0,263720
2026-10-06,1530.0,1532.0,1516.0,1519.0,6958.0,033290
2026-10-06,6960.0,7010.0,6890.0,6980.0,5860.0,086710
2026-10-06,2375.0,2375.0,2295.0,2305.0,40054.0,140070
2026-10-06,9600.0,10070.0,9560.0,10010.0,251884.0,049080
2026-10-06,7650.0,7710.0,7570.0,7650.0,13295.0,078140
2026-10-06,5300.0,6400.0,4935.0,5320.0,3347012.0,263600
2026-10-06,9180.0,9200.0,9050.0,9150.0,12585.0,072020
2026-10-06,2070.0,2085.0,2025.0,2060.0,135160.0,038110
2026-10-06,1600.0,1620.0,1553.0,1597.0,121227.0,094860
2026-10-06,10070.0,10190.0,9920.0,10070.0,9577.0,025950
2026-10-06,8880.0,9570.0,8810.0,9030.0,209101.0,066310
2026-10-06,8550.0,8640.0,8290.0,8350.0,266481.0,014950
2026-10-06,0.0,0.0,0.0,1009.0,0.0,049180
2026-10-06,14150.0,15200.0,14070.0,14760.0,59033.0,107600
2026-10-06,1215.0,1216.0,1191.0,1196.0,377664.0,067000
2026-10-06,0.0,0.0,0.0,990.0,0.0,183490
2026-10-06,2275.0,2290.0,2235.0,2255.0,23753.0,066700
2026-10-06,3620.0,3620.0,3525.0,3580.0,81306.0,007820
2026-10-06,2475.0,2525.0,2440.0,2465.0,49908.0,037760
2026-10-06,0.0,0.0,0.0,562.0,0.0,058820
2026-10-06,5400.0,5625.0,5360.0,5440.0,105344.0,382840
2026-10-06,1634.0,1692.0,1634.0,1659.0,313475.0,365330
2026-10-06,2070.0,2225.0,2025.0,2110.0,281921.0,389030
2026-10-06,3130.0,3200.0,3100.0,3145.0,109448.0,294630
2026-10-06,12470.0,12780.0,12360.0,12530.0,11325.0,063080
2026-10-06,1416.0,1416.0,1367.0,1381.0,67343.0,029480
2026-10-06,6250.0,6340.0,6210.0,6230.0,32576.0,381620
2026-10-06,4930.0,5000.0,4900.0,5000.0,72158.0,036640
2026-10-06,3950.0,4280.0,3950.0,4065.0,254739.0,147760
2026-10-06,1917.0,1927.0,1877.0,1879.0,67676.0,185490
2026-10-06,3015.0,3125.0,2985.0,3030.0,41099.0,104040
2026-10-06,0.0,0.0,0.0,3935.0,0.0,412540
2026-10-06,2065.0,2100.0,2050.0,2060.0,218781.0,066430
2026-10-06,3705.0,3800.0,3705.0,3760.0,55404.0,079810
2026-10-06,10380.0,10380.0,9500.0,9970.0,126890.0,323350
2026-10-06,9720.0,10840.0,9650.0,10220.0,254802.0,0007J0
2026-10-06,3845.0,4090.0,3830.0,4030.0,277209.0,277880
2026-10-06,2500.0,2515.0,2410.0,2420.0,202971.0,396270
2026-10-06,5660.0,5760.0,5560.0,5630.0,26930.0,389140
2026-10-06,1509.0,1520.0,1487.0,1496.0,60456.0,131370
2026-10-06,5560.0,5630.0,5430.0,5550.0,18528.0,054670
2026-10-06,9320.0,9390.0,9280.0,9310.0,6544.0,418470
2026-10-06,4525.0,4535.0,4390.0,4450.0,119004.0,475430
2026-10-06,3345.0,3380.0,3275.0,3310.0,226817.0,142280
2026-10-06,3580.0,3615.0,3510.0,3535.0,43423.0,137950
2026-10-06,2635.0,2660.0,2480.0,2585.0,60305.0,291650
2026-10-06,6020.0,6430.0,5990.0,6080.0,83488.0,388870
2026-10-06,7890.0,8100.0,7840.0,8040.0,89151.0,302430
2026-10-06,5260.0,5270.0,5210.0,5240.0,16703.0,004590
2026-10-06,3770.0,3790.0,3680.0,3760.0,6363.0,032540
2026-10-06,2615.0,2665.0,2580.0,2595.0,31238.0,302550
2026-10-06,2900.0,3045.0,2850.0,2860.0,640362.0,067170
2026-10-06,3950.0,4060.0,3875.0,3970.0,95938.0,038680
2026-10-06,8250.0,8360.0,8250.0,8360.0,4900.0,088390
2026-10-06,5990.0,5990.0,5780.0,5920.0,21547.0,058400
2026-10-06,2130.0,2140.0,2050.0,2105.0,18022.0,331380
2026-10-06,3190.0,3225.0,3110.0,3185.0,7398.0,047820
2026-10-06,5590.0,5640.0,5410.0,5490.0,48453.0,0117P0
2026-10-06,6480.0,6480.0,6350.0,6450.0,18061.0,012790
2026-10-06,3955.0,3990.0,3880.0,3910.0,80988.0,024880
2026-10-06,12560.0,12570.0,12250.0,12410.0,9959.0,000440
2026-10-06,6380.0,6500.0,6220.0,6490.0,5708.0,040160
2026-10-06,2170.0,2230.0,2165.0,2190.0,24043.0,950130
2026-10-06,6080.0,6130.0,5920.0,5980.0,41590.0,303360
2026-10-06,2110.0,2135.0,2080.0,2115.0,12403.0,225530
2026-10-06,5470.0,5930.0,5440.0,5730.0,465503.0,104540
2026-10-06,4740.0,4830.0,4720.0,4720.0,122035.0,263800
2026-10-06,4535.0,4600.0,4405.0,4420.0,13674.0,149980
2026-10-06,4980.0,5030.0,4930.0,4945.0,18883.0,170030
2026-10-06,3950.0,3985.0,3870.0,3945.0,26389.0,011320
2026-10-06,0.0,0.0,0.0,654.0,0.0,073640
2026-10-06,4565.0,4640.0,4515.0,4550.0,90713.0,253840
2026-10-06,1970.0,1975.0,1950.0,1970.0,21215.0,124560
2026-10-06,6980.0,7000.0,6800.0,6880.0,5564.0,084730
2026-10-06,2450.0,2450.0,2360.0,2370.0,19194.0,168330
2026-10-06,4200.0,4245.0,4150.0,4175.0,9330.0,040910
2026-10-06,7080.0,7090.0,6950.0,6960.0,8651.0,065510
2026-10-06,5550.0,5700.0,5510.0,5680.0,27459.0,041910
2026-10-06,5720.0,6160.0,5720.0,5770.0,136839.0,010280
2026-10-06,5020.0,5030.0,4955.0,4955.0,17943.0,041930
2026-10-06,3780.0,3795.0,3725.0,3725.0,11367.0,011370
2026-10-06,6680.0,6830.0,6490.0,6660.0,17860.0,413390
2026-10-06,2915.0,2945.0,2875.0,2890.0,5234.0,012700
2026-10-06,4365.0,4455.0,4345.0,4415.0,9186.0,347890
2026-10-06,7380.0,7380.0,7270.0,7330.0,3744.0,451250
2026-10-06,5150.0,5280.0,5130.0,5190.0,47335.0,039980
2026-10-06,4010.0,4070.0,3935.0,3970.0,62479.0,058630
2026-10-06,2890.0,2910.0,2850.0,2870.0,8971.0,102370
2026-10-06,2250.0,2275.0,2250.0,2270.0,19573.0,208140
2026-10-06,4760.0,4760.0,4620.0,4645.0,10021.0,030960
2026-10-06,10190.0,10410.0,10180.0,10390.0,32834.0,377480
2026-10-06,4950.0,4995.0,4895.0,4985.0,901.0,060570
2026-10-06,9340.0,9500.0,9240.0,9390.0,22620.0,451220
2026-10-06,3135.0,3135.0,3015.0,3035.0,28967.0,060590
2026-10-06,6950.0,7000.0,6770.0,7000.0,13317.0,417790
2026-10-06,2055.0,2055.0,2025.0,2040.0,11287.0,171120
2026-10-06,3875.0,4090.0,3845.0,3980.0,30103.0,054620
2026-10-06,926.0,928.0,904.0,907.0,267970.0,019550
2026-10-06,3210.0,3300.0,3125.0,3145.0,106305.0,217330
2026-10-06,7520.0,7720.0,7330.0,7510.0,52187.0,212710
2026-10-06,2890.0,2960.0,2850.0,2860.0,93925.0,038460
2026-10-06,3620.0,3650.0,3590.0,3620.0,52895.0,020710
2026-10-06,1890.0,1934.0,1840.0,1915.0,161553.0,347000
2026-10-06,7340.0,7500.0,7200.0,7280.0,6032.0,080010
2026-10-06,9090.0,10360.0,8620.0,10100.0,1036284.0,192250
2026-10-06,1520.0,1520.0,1474.0,1505.0,1032306.0,065530
2026-10-06,1146.0,1195.0,1146.0,1180.0,629120.0,076610
2026-10-06,0.0,0.0,0.0,5310.0,0.0,234920
2026-10-06,11240.0,11410.0,11030.0,11310.0,12301.0,417970
2026-10-06,4680.0,4705.0,4645.0,4645.0,13903.0,017480
2026-10-06,10400.0,10670.0,10200.0,10350.0,100677.0,320000
2026-10-06,933.0,954.0,920.0,932.0,92359.0,083790
2026-10-06,1649.0,1720.0,1624.0,1699.0,200286.0,347860
2026-10-06,5260.0,5390.0,5260.0,5345.0,29118.0,460940
2026-10-06,2240.0,2245.0,2160.0,2170.0,218245.0,024740
2026-10-06,4465.0,4470.0,4415.0,4440.0,15300.0,054040
2026-10-06,3790.0,3860.0,3730.0,3750.0,72273.0,155650
2026-10-06,2860.0,2930.0,2850.0,2870.0,45665.0,128660
2026-10-06,2650.0,2770.0,2650.0,2760.0,346997.0,208370
2026-10-06,6500.0,7070.0,6110.0,6570.0,1504206.0,067920
2026-10-06,4130.0,4195.0,4015.0,4040.0,9690.0,090470
2026-10-06,6940.0,7370.0,6920.0,7270.0,60148.0,331740
2026-10-06,3005.0,3150.0,2985.0,3005.0,73143.0,371950
2026-10-06,6670.0,6740.0,6660.0,6710.0,13959.0,104460
2026-10-06,5200.0,5480.0,4845.0,4985.0,991494.0,225190
2026-10-06,8340.0,8340.0,8090.0,8160.0,7235.0,039010
2026-10-06,8650.0,8660.0,8480.0,8590.0,8944.0,045660
2026-10-06,1911.0,1930.0,1895.0,1907.0,90129.0,096350
2026-10-06,6660.0,7090.0,6630.0,6740.0,552412.0,039610
2026-10-06,1000.0,1012.0,990.0,992.0,140399.0,092040
2026-10-06,2445.0,2485.0,2350.0,2375.0,294798.0,299660
2026-10-06,2875.0,2900.0,2795.0,2797.0,51628.0,053280
2026-10-06,2955.0,3010.0,2950.0,2985.0,5713.0,110790
2026-10-06,2915.0,2915.0,2760.0,2810.0,18095.0,294140
2026-10-06,2815.0,2840.0,2700.0,2770.0,259287.0,487580
2026-10-06,1682.0,1682.0,1640.0,1649.0,4293.0,067570
2026-10-06,1924.0,2390.0,1917.0,2130.0,1706412.0,187420
2026-10-06,6250.0,6340.0,6150.0,6290.0,99925.0,0004V0
2026-10-06,3920.0,3980.0,3905.0,3935.0,14804.0,026150
2026-10-06,5090.0,5130.0,5060.0,5090.0,11134.0,019540
2026-10-06,11440.0,12910.0,10920.0,12630.0,133310.0,360350
2026-10-06,4475.0,4630.0,4465.0,4560.0,20784.0,262260
2026-10-06,10490.0,10550.0,10160.0,10310.0,17717.0,117670
2026-10-06,6870.0,7050.0,6630.0,6990.0,323390.0,056360
2026-10-06,3415.0,3500.0,3370.0,3485.0,10018.0,049550
2026-10-06,4175.0,4200.0,4065.0,4100.0,67463.0,032850
2026-10-06,6030.0,6030.0,5730.0,5780.0,151527.0,091590
2026-10-06,8210.0,8490.0,8040.0,8160.0,6791.0,024830
2026-10-06,2380.0,2390.0,2325.0,2345.0,78160.0,337930
2026-10-06,5210.0,5210.0,4970.0,5120.0,8550.0,332370
2026-10-06,6970.0,6970.0,6550.0,6580.0,116093.0,089790
2026-10-06,1856.0,1880.0,1682.0,1727.0,443496.0,089230
2026-10-06,6070.0,6240.0,5930.0,6120.0,77547.0,456070
2026-10-06,1991.0,2030.0,1963.0,1965.0,181554.0,950220
2026-10-06,4430.0,4475.0,4420.0,4450.0,6730.0,002800
2026-10-06,5930.0,5930.0,5820.0,5870.0,16704.0,048430
2026-10-06,7560.0,7560.0,7360.0,7390.0,4297.0,109860
2026-10-06,5680.0,5850.0,5590.0,5680.0,29564.0,096250
2026-10-06,11880.0,11940.0,11260.0,11450.0,78348.0,282620
2026-10-06,6320.0,6350.0,6170.0,6290.0,26116.0,265560
2026-10-06,5800.0,6220.0,5640.0,6040.0,34869.0,900110
2026-10-06,6160.0,6350.0,6120.0,6230.0,10428.0,137080
2026-10-06,4225.0,4245.0,4160.0,4185.0,6095.0,004780
2026-10-06,6540.0,6560.0,6370.0,6390.0,14286.0,123420
2026-10-06,3390.0,3460.0,3285.0,3370.0,52961.0,040350
2026-10-06,4400.0,4400.0,4187.0,4220.0,42591.0,228670
2026-10-06,7740.0,7740.0,7410.0,7450.0,7566.0,214260
2026-10-06,12850.0,13250.0,12530.0,12610.0,7747.0,0218L0
2026-10-06,5510.0,5590.0,5310.0,5400.0,2216.0,067370
2026-10-06,4500.0,4500.0,4400.0,4480.0,10390.0,153710
2026-10-06,3170.0,3230.0,3130.0,3170.0,43770.0,111710
2026-10-06,2060.0,2250.0,2000.0,2090.0,262734.0,179530
2026-10-06,5880.0,6000.0,5780.0,5960.0,28265.0,273640
2026-10-06,7440.0,7440.0,7120.0,7220.0,3924.0,061040
2026-10-06,3860.0,4000.0,3860.0,3960.0,12172.0,424960
2026-10-06,4145.0,4230.0,4070.0,4155.0,357119.0,048770
2026-10-06,12110.0,12200.0,11790.0,11890.0,128580.0,0155E0
2026-10-06,2905.0,3735.0,2905.0,3735.0,572969.0,278650
2026-10-06,2610.0,2740.0,2610.0,2685.0,53784.0,291230
2026-10-06,4735.0,4780.0,4515.0,4530.0,24906.0,095270
2026-10-06,4460.0,4460.0,4370.0,4380.0,10748.0,014970
2026-10-06,2225.0,2250.0,2180.0,2215.0,126539.0,315640
2026-10-06,3885.0,4030.0,3870.0,3885.0,23766.0,214680
2026-10-06,4850.0,4850.0,4750.0,4790.0,303.0,222110
2026-10-06,1319.0,1537.0,1250.0,1421.0,3160092.0,046210
2026-10-06,2690.0,2690.0,2580.0,2615.0,24191.0,205470
2026-10-06,6540.0,6600.0,6420.0,6440.0,22457.0,241790
2026-10-06,8100.0,8350.0,8100.0,8310.0,51244.0,0156T0
2026-10-06,2045.0,2090.0,2020.0,2050.0,650579.0,049480
2026-10-06,2775.0,2810.0,2740.0,2780.0,39736.0,126880
2026-10-06,4240.0,4400.0,4110.0,4150.0,17628.0,204840
2026-10-06,6700.0,6840.0,6050.0,6230.0,163236.0,487400
2026-10-06,1638.0,1647.0,1619.0,1631.0,40718.0,382480
2026-10-06,3335.0,3355.0,3180.0,3195.0,282244.0,228340
2026-10-06,5250.0,5320.0,5220.0,5310.0,28158.0,008370
2026-10-06,4360.0,4360.0,4310.0,4330.0,5330.0,089850
2026-10-06,2610.0,2655.0,2580.0,2600.0,19912.0,241690
2026-10-06,1175.0,1206.0,1169.0,1198.0,156914.0,060310
2026-10-06,1375.0,1426.0,1360.0,1398.0,48377.0,214270
2026-10-06,3465.0,3550.0,3325.0,3435.0,103223.0,041460
2026-10-06,2600.0,2625.0,2580.0,2610.0,66245.0,081150
2026-10-06,1810.0,1810.0,1705.0,1793.0,48591.0,082210
2026-10-06,1737.0,1737.0,1687.0,1706.0,118643.0,033130
2026-10-06,3560.0,4195.0,3560.0,4150.0,310575.0,321820
2026-10-06,1502.0,1540.0,1474.0,1505.0,1582176.0,299170
2026-10-06,0.0,0.0,0.0,2215.0,0.0,001840
2026-10-06,18840.0,19640.0,18680.0,19050.0,9957.0,100030
2026-10-06,3510.0,3545.0,3485.0,3500.0,6299.0,043650
2026-10-06,7000.0,7390.0,6660.0,7070.0,237533.0,081180
2026-10-06,6630.0,6810.0,6630.0,6670.0,15985.0,318160
2026-10-06,0.0,0.0,0.0,1490.0,0.0,294090
2026-10-06,2745.0,2750.0,2615.0,2645.0,62725.0,049470
2026-10-06,1385.0,1429.0,1346.0,1412.0,50182.0,127710
2026-10-06,2990.0,3085.0,2825.0,3020.0,120817.0,900300
2026-10-06,1685.0,1692.0,1606.0,1630.0,566463.0,122350
2026-10-06,3870.0,3870.0,3775.0,3815.0,10087.0,221800
2026-10-06,2700.0,2735.0,2680.0,2685.0,5121.0,036000
2026-10-06,2225.0,2400.0,2160.0,2220.0,393060.0,065170
2026-10-06,3350.0,3350.0,3280.0,3300.0,34848.0,066670
2026-10-06,7020.0,7130.0,6790.0,6860.0,41966.0,463020
2026-10-06,6220.0,6220.0,6130.0,6140.0,2780.0,005670
2026-10-06,3755.0,3945.0,3720.0,3850.0,15202.0,251630
2026-10-06,0.0,0.0,0.0,1055.0,0.0,043610
2026-10-06,1830.0,1849.0,1704.0,1770.0,38746.0,064240
2026-10-06,0.0,0.0,0.0,676.0,0.0,203400
2026-10-06,5230.0,5250.0,5190.0,5200.0,4792.0,010240
2026-10-06,5550.0,5550.0,5420.0,5470.0,20688.0,059270
2026-10-06,3155.0,3240.0,3155.0,3180.0,60961.0,033320
2026-10-06,4985.0,5000.0,4955.0,4980.0,3408.0,216050
2026-10-06,1075.0,1088.0,1059.0,1064.0,36555.0,014470
2026-10-06,2655.0,2685.0,2620.0,2670.0,5614.0,039420
2026-10-06,4890.0,4890.0,4670.0,4785.0,6049.0,352910
2026-10-06,1444.0,1445.0,1407.0,1425.0,215006.0,036090
2026-10-06,3030.0,3105.0,2985.0,3015.0,11835.0,460870
2026-10-06,2735.0,2765.0,2705.0,2720.0,163122.0,483350
2026-10-06,5090.0,5090.0,5000.0,5050.0,4886.0,010470
2026-10-06,2335.0,2395.0,2335.0,2380.0,65532.0,025550
2026-10-06,11610.0,12300.0,11310.0,11320.0,45361.0,448710
2026-10-06,12280.0,12280.0,11780.0,11890.0,3323.0,016250
2026-10-06,8620.0,8950.0,8590.0,8850.0,11995.0,050960
2026-10-06,1700.0,1715.0,1680.0,1682.0,197724.0,003310
2026-10-06,5230.0,5300.0,5050.0,5150.0,65461.0,464490
2026-10-06,1033.0,1035.0,1000.0,1017.0,221536.0,054300
2026-10-06,2355.0,2430.0,2335.0,2375.0,34324.0,175140
2026-10-06,2650.0,2655.0,2600.0,2615.0,64707.0,039020
2026-10-06,10590.0,10610.0,9810.0,9970.0,48828.0,424980
2026-10-06,6710.0,6710.0,6220.0,6440.0,14262.0,215360
2026-10-06,4220.0,4250.0,4170.0,4180.0,8896.0,094850
2026-10-06,5200.0,5200.0,5140.0,5170.0,3594.0,263690
2026-10-06,3085.0,3570.0,3000.0,3390.0,491049.0,033170
2026-10-06,0.0,0.0,0.0,1284.0,0.0,099520
2026-10-06,1451.0,1467.0,1395.0,1452.0,73605.0,033310
2026-10-06,7110.0,7440.0,7100.0,7130.0,6693.0,191420
2026-10-06,3000.0,3030.0,2960.0,2960.0,13984.0,348150
2026-10-06,6820.0,6840.0,6710.0,6730.0,12986.0,045340
2026-10-06,1126.0,1191.0,1126.0,1143.0,354091.0,033230
2026-10-06,3050.0,3100.0,2965.0,2985.0,61276.0,950200
2026-10-06,5050.0,5240.0,5040.0,5220.0,39070.0,333620
2026-10-06,3300.0,3545.0,3265.0,3380.0,509758.0,145170
2026-10-06,5540.0,5630.0,5330.0,5530.0,39693.0,261520
2026-10-06,7810.0,8120.0,7660.0,7710.0,36236.0,288180
2026-10-06,4125.0,4125.0,4060.0,4070.0,94160.0,037440
2026-10-06,8980.0,9340.0,8710.0,8870.0,155932.0,170790
2026-10-06,1890.0,1904.0,1876.0,1890.0,54161.0,053050
2026-10-06,3300.0,3365.0,3100.0,3245.0,78064.0,088280
2026-10-06,2655.0,2820.0,2650.0,2805.0,185685.0,092300
2026-10-06,4000.0,4005.0,3930.0,3980.0,6675.0,007370
2026-10-06,6570.0,6640.0,6470.0,6520.0,9350.0,053620
2026-10-06,3285.0,3285.0,3140.0,3205.0,5273.0,317530
2026-10-06,2315.0,2700.0,2285.0,2585.0,548424.0,179900
2026-10-06,9900.0,10020.0,9790.0,9900.0,23625.0,109080
2026-10-06,0.0,0.0,0.0,806.0,0.0,340930
2026-10-06,3885.0,4500.0,3885.0,4045.0,162140.0,457600
2026-10-06,1276.0,1304.0,1265.0,1301.0,129672.0,391710
2026-10-06,5120.0,5180.0,5070.0,5110.0,7554.0,443250
2026-10-06,3200.0,3235.0,3180.0,3220.0,4032.0,040610
2026-10-06,0.0,0.0,0.0,499.0,0.0,217480
2026-10-06,2120.0,2155.0,2065.0,2140.0,12609.0,064800
2026-10-06,3990.0,4065.0,3990.0,4055.0,7057.0,459100
2026-10-06,5310.0,5590.0,5310.0,5460.0,30123.0,071670
2026-10-06,5060.0,5140.0,5000.0,5070.0,11055.0,036670
2026-10-06,3430.0,3580.0,3325.0,3495.0,437335.0,393210
2026-10-06,1286.0,1319.0,1258.0,1275.0,485534.0,290660
2026-10-06,1548.0,1557.0,1540.0,1547.0,24762.0,036120
2026-10-06,5110.0,5150.0,4990.0,4990.0,17438.0,419080
2026-10-06,1803.0,1803.0,1732.0,1780.0,23867.0,238090
2026-10-06,6400.0,6440.0,6320.0,6360.0,3994.0,061250
2026-10-06,4995.0,5110.0,4900.0,5030.0,60600.0,317830
2026-10-06,1506.0,1515.0,1505.0,1505.0,25223.0,024910
2026-10-06,3395.0,3405.0,3080.0,3230.0,527862.0,232830
2026-10-06,7010.0,7030.0,6800.0,7030.0,2452.0,435570
2026-10-06,1984.0,1984.0,1943.0,1951.0,3437.0,053270
2026-10-06,5510.0,5550.0,5290.0,5390.0,60053.0,0013V0
2026-10-06,3105.0,3105.0,2990.0,3080.0,2628.0,043710
2026-10-06,9070.0,9400.0,8920.0,9100.0,21242.0,420570
2026-10-06,3950.0,3950.0,3845.0,3910.0,27457.0,163280
2026-10-06,6200.0,6280.0,6130.0,6210.0,10237.0,370090
2026-10-06,4495.0,4900.0,4250.0,4555.0,1616957.0,150900
2026-10-06,3140.0,3160.0,3080.0,3135.0,27184.0,104620
2026-10-06,5190.0,5240.0,5150.0,5170.0,12368.0,105760
2026-10-06,1935.0,1979.0,1935.0,1951.0,37057.0,039240
2026-10-06,17700.0,17770.0,17480.0,17540.0,5183.0,054930
2026-10-06,5910.0,6390.0,5800.0,6280.0,514149.0,226340
2026-10-06,5400.0,5560.0,5380.0,5470.0,51699.0,355690
2026-10-06,6240.0,6320.0,6220.0,6250.0,24238.0,094940
2026-10-06,4730.0,4845.0,4700.0,4775.0,44018.0,052790
2026-10-06,8610.0,9090.0,8300.0,8690.0,9346.0,053160
2026-10-06,1620.0,1647.0,1596.0,1620.0,122274.0,217500
2026-10-06,5220.0,5370.0,5180.0,5320.0,28622.0,019990
2026-10-06,4225.0,4450.0,4105.0,4170.0,64952.0,024950
2026-10-06,2070.0,2080.0,2015.0,2050.0,357267.0,459550
2026-10-06,2970.0,2970.0,2910.0,2945.0,7647.0,015710
2026-10-06,6240.0,6280.0,6170.0,6200.0,26529.0,317850
2026-10-06,4130.0,4130.0,3830.0,3840.0,673861.0,365660
2026-10-06,1296.0,1300.0,1273.0,1285.0,39711.0,027050
2026-10-06,3590.0,3745.0,3530.0,3675.0,156260.0,340810
2026-10-06,2190.0,2215.0,2120.0,2130.0,59298.0,246690
2026-10-06,1971.0,1971.0,1960.0,1968.0,15277.0,088910
2026-10-06,3015.0,3165.0,3015.0,3160.0,65046.0,065130
2026-10-06,4370.0,4400.0,4305.0,4350.0,2078.0,256630
2026-10-06,0.0,0.0,0.0,2825.0,0.0,393970
2026-10-06,1850.0,1865.0,1775.0,1786.0,117170.0,321260
2026-10-06,5850.0,5950.0,5750.0,5800.0,3761.0,314140
2026-10-06,1038.0,1045.0,1022.0,1039.0,59296.0,042110
2026-10-06,1271.0,1501.0,1242.0,1409.0,451429.0,900340
2026-10-06,5100.0,5150.0,5000.0,5140.0,101264.0,189860
2026-10-06,1670.0,1678.0,1647.0,1661.0,5172.0,347740
2026-10-06,1191.0,1221.0,1175.0,1202.0,28556.0,219550
2026-10-06,1095.0,1099.0,1080.0,1097.0,58960.0,063440
2026-10-06,3325.0,3380.0,3315.0,3340.0,19267.0,053450
2026-10-06,2795.0,2805.0,2695.0,2720.0,69474.0,046940
2026-10-06,4820.0,4825.0,4605.0,4630.0,37294.0,408470
2026-10-06,5490.0,5500.0,5400.0,5440.0,5662.0,038010
2026-10-06,2930.0,2940.0,2735.0,2745.0,70653.0,044340
2026-10-06,3740.0,3835.0,3695.0,3760.0,29949.0,382150
2026-10-06,3885.0,3930.0,3685.0,3800.0,44255.0,348080
2026-10-06,1933.0,1978.0,1900.0,1924.0,2043.0,060560
2026-10-06,2895.0,2895.0,2720.0,2765.0,5640.0,376290
2026-10-06,3775.0,3795.0,3705.0,3730.0,3305.0,311690
2026-10-06,3930.0,3965.0,3895.0,3905.0,4721.0,463480
2026-10-06,5340.0,5400.0,5250.0,5340.0,4365.0,452400
2026-10-06,3330.0,3330.0,3260.0,3300.0,4708.0,122310
2026-10-06,4765.0,5800.0,4655.0,5050.0,258200.0,196300
2026-10-06,0.0,0.0,0.0,6550.0,0.0,418250
2026-10-06,3275.0,3275.0,3175.0,3205.0,12233.0,199550
2026-10-06,3040.0,3165.0,2970.0,3155.0,27406.0,460470
2026-10-06,7100.0,7380.0,7080.0,7200.0,17901.0,476040
2026-10-06,2870.0,2895.0,2800.0,2825.0,44412.0,094970
2026-10-06,983.0,992.0,969.0,975.0,112812.0,222420
2026-10-06,2625.0,2635.0,2570.0,2635.0,20533.0,384470
2026-10-06,3520.0,3585.0,3430.0,3440.0,3357.0,277070
2026-10-06,1725.0,1732.0,1709.0,1711.0,20784.0,440290
2026-10-06,2340.0,2430.0,2310.0,2335.0,27707.0,317690
2026-10-06,0.0,0.0,0.0,521.0,0.0,023440
2026-10-06,6730.0,6730.0,6450.0,6630.0,40584.0,059100
2026-10-06,2635.0,2700.0,2530.0,2645.0,38510.0,032960
2026-10-06,2755.0,2830.0,2730.0,2770.0,5536.0,037950
2026-10-06,5150.0,5320.0,5150.0,5250.0,2237.0,073110
2026-10-06,1946.0,2120.0,1850.0,1861.0,114296.0,373200
2026-10-06,5250.0,5400.0,5190.0,5270.0,13067.0,317870
2026-10-06,4125.0,4215.0,4020.0,4110.0,4760.0,471820
2026-10-06,1168.0,1171.0,1148.0,1155.0,26835.0,189980
2026-10-06,1610.0,1610.0,1592.0,1606.0,7708.0,361570
2026-10-06,1047.0,1051.0,1023.0,1034.0,53817.0,143540
2026-10-06,6310.0,7400.0,6310.0,6470.0,136145.0,479960
2026-10-06,2445.0,2465.0,2415.0,2425.0,30113.0,053980
2026-10-06,0.0,0.0,0.0,1957.0,0.0,229000
2026-10-06,1321.0,1333.0,1285.0,1294.0,76866.0,014190
2026-10-06,3185.0,3185.0,3120.0,3155.0,7264.0,072990
2026-10-06,2290.0,2330.0,2265.0,2285.0,40299.0,114450
2026-10-06,0.0,0.0,0.0,766.0,0.0,131400
2026-10-06,2340.0,2550.0,2190.0,2385.0,818184.0,184230
2026-10-06,7300.0,7350.0,6970.0,7000.0,47526.0,453860
2026-10-06,1029.0,1045.0,1010.0,1023.0,19008.0,068330
2026-10-06,8940.0,8940.0,8800.0,8860.0,2133.0,0010V0
2026-10-06,3335.0,3335.0,3240.0,3335.0,6909.0,083550
2026-10-06,3980.0,3980.0,3910.0,3980.0,4057.0,051390
2026-10-06,3225.0,3445.0,3225.0,3310.0,2651.0,373160
2026-10-06,2105.0,2115.0,2090.0,2095.0,14567.0,198080
2026-10-06,883.0,893.0,825.0,841.0,59324.0,340360
2026-10-06,1365.0,1376.0,1288.0,1303.0,173061.0,227950
2026-10-06,2325.0,2360.0,2250.0,2320.0,32601.0,260930
2026-10-06,2375.0,2390.0,2305.0,2375.0,8876.0,072470
2026-10-06,2475.0,2475.0,2375.0,2405.0,7330.0,178780
2026-10-06,1663.0,1663.0,1603.0,1643.0,1006090.0,065440
2026-10-06,4550.0,4670.0,4550.0,4610.0,24690.0,082850
2026-10-06,3505.0,3505.0,3455.0,3480.0,9298.0,066130
2026-10-06,0.0,0.0,0.0,460.0,0.0,033340
2026-10-06,3455.0,3455.0,3255.0,3285.0,1455.0,050120
2026-10-06,1244.0,1245.0,1223.0,1241.0,63487.0,900250
2026-10-06,5800.0,5800.0,5410.0,5640.0,9644.0,290670
2026-10-06,0.0,0.0,0.0,416.0,0.0,288330
2026-10-06,8860.0,9000.0,8720.0,8730.0,4434.0,466410
2026-10-06,1220.0,1221.0,1185.0,1205.0,29110.0,258610
2026-10-06,3180.0,3205.0,3125.0,3165.0,24327.0,263020
2026-10-06,960.0,969.0,947.0,959.0,63809.0,129890
2026-10-06,5100.0,5100.0,4910.0,5000.0,947.0,042040
2026-10-06,2900.0,3025.0,2900.0,3025.0,13926.0,461030
2026-10-06,4995.0,5020.0,4890.0,5000.0,7391.0,086060
2026-10-06,2245.0,2305.0,2080.0,2165.0,349846.0,054780
2026-10-06,3105.0,3105.0,3045.0,3065.0,14448.0,099410
2026-10-06,2240.0,2240.0,2165.0,2180.0,13292.0,263700
2026-10-06,836.0,836.0,817.0,823.0,7205.0,022220
2026-10-06,4130.0,4210.0,3930.0,4195.0,31541.0,199480
2026-10-06,2115.0,2145.0,2085.0,2120.0,39409.0,159580
2026-10-06,1998.0,2020.0,1993.0,2005.0,32702.0,140520
2026-10-06,6000.0,6000.0,5860.0,5950.0,22392.0,307280
2026-10-06,5990.0,6030.0,5830.0,5870.0,10822.0,413640
2026-10-06,5040.0,5040.0,4940.0,5000.0,2145.0,256150
2026-10-06,3300.0,3400.0,3255.0,3300.0,60163.0,100660
2026-10-06,1526.0,1531.0,1513.0,1523.0,28136.0,189690
2026-10-06,6510.0,6530.0,6490.0,6510.0,11087.0,190650
2026-10-06,5030.0,5500.0,4970.0,5060.0,34594.0,450330
2026-10-06,2550.0,2650.0,2510.0,2520.0,19755.0,286750
2026-10-06,3360.0,3360.0,3300.0,3335.0,7367.0,002290
2026-10-06,2650.0,2690.0,2585.0,2610.0,12350.0,261200
2026-10-06,1689.0,1699.0,1671.0,1688.0,38646.0,452200
2026-10-06,3775.0,3775.0,3665.0,3715.0,5371.0,136410
2026-10-06,2580.0,2585.0,2555.0,2570.0,9969.0,263810
2026-10-06,1415.0,1416.0,1403.0,1404.0,9207.0,056700
2026-10-06,3055.0,3230.0,3030.0,3075.0,3986.0,007680
2026-10-06,3700.0,3850.0,3600.0,3680.0,61233.0,446840
2026-10-06,3300.0,4290.0,3235.0,4290.0,571679.0,200350
2026-10-06,1800.0,1800.0,1740.0,1773.0,986.0,066900
2026-10-06,4200.0,4300.0,3925.0,3970.0,27980.0,465480
2026-10-06,3370.0,3700.0,3145.0,3255.0,2180496.0,434480
2026-10-06,5800.0,6140.0,4935.0,5870.0,293379.0,469750
2026-10-06,2020.0,2095.0,1989.0,2035.0,102214.0,053950
2026-10-06,6570.0,6570.0,6400.0,6500.0,582.0,049830
2026-10-06,1711.0,1731.0,1672.0,1677.0,15741.0,263770
2026-10-06,2920.0,3235.0,2735.0,2805.0,866678.0,203450
2026-10-06,0.0,0.0,0.0,798.0,0.0,064090
2026-10-06,685.0,742.0,685.0,737.0,220967.0,027830
2026-10-06,1358.0,1358.0,1315.0,1325.0,12209.0,037230
2026-10-06,7800.0,8000.0,7500.0,7770.0,6567.0,224110
2026-10-06,2665.0,2765.0,2600.0,2765.0,54682.0,171010
2026-10-06,2780.0,2780.0,2615.0,2675.0,41932.0,084650
2026-10-06,2645.0,2660.0,2585.0,2635.0,109857.0,035460
2026-10-06,2720.0,2760.0,2685.0,2760.0,29336.0,238120
2026-10-06,3115.0,3125.0,3080.0,3095.0,20825.0,044960
2026-10-06,1945.0,1945.0,1910.0,1912.0,33841.0,218150
2026-10-06,1787.0,1787.0,1709.0,1732.0,5052.0,007530
2026-10-06,2055.0,2090.0,2045.0,2075.0,6968.0,221840
2026-10-06,2370.0,2380.0,2255.0,2305.0,21607.0,215380
2026-10-06,2315.0,2345.0,2305.0,2315.0,35670.0,025880
2026-10-06,4000.0,4000.0,3795.0,3940.0,4586.0,273060
2026-10-06,2360.0,2360.0,2310.0,2345.0,20076.0,046310
2026-10-06,1765.0,1765.0,1682.0,1707.0,18955.0,050860
2026-10-06,3305.0,3315.0,3270.0,3280.0,6066.0,019770
2026-10-06,2880.0,2900.0,2800.0,2875.0,47475.0,121890
2026-10-06,3365.0,3400.0,3320.0,3360.0,4033.0,101240
2026-10-06,1464.0,1465.0,1452.0,1452.0,9820.0,352700
2026-10-06,4040.0,4135.0,4010.0,4105.0,15044.0,038070
2026-10-06,1228.0,1228.0,1184.0,1211.0,85379.0,045510
2026-10-06,7890.0,8000.0,7150.0,7540.0,121663.0,258790
2026-10-06,2505.0,2600.0,2410.0,2555.0,181353.0,104200
2026-10-06,2840.0,3030.0,2720.0,2885.0,164671.0,208710
2026-10-06,1659.0,1682.0,1631.0,1641.0,17956.0,052220
2026-10-06,2680.0,2685.0,2535.0,2580.0,8582.0,234100
2026-10-06,2435.0,2465.0,2390.0,2425.0,56336.0,081580
2026-10-06,2600.0,2680.0,2525.0,2625.0,19069.0,051490
2026-10-06,9520.0,9560.0,9200.0,9280.0,3193.0,221980
2026-10-06,3675.0,3805.0,3675.0,3765.0,18336.0,239890
2026-10-06,4405.0,4410.0,4320.0,4345.0,6938.0,097870
2026-10-06,1623.0,1627.0,1576.0,1600.0,33415.0,122690
2026-10-06,3275.0,3275.0,3200.0,3210.0,26210.0,219420
2026-10-06,5520.0,5520.0,5320.0,5430.0,4824.0,250000
2026-10-06,3600.0,3690.0,3230.0,3380.0,1182247.0,430690
2026-10-06,4370.0,4390.0,4045.0,4210.0,8869.0,037370
2026-10-06,2275.0,2295.0,2265.0,2285.0,5185.0,086040
2026-10-06,3185.0,3255.0,3160.0,3195.0,8561.0,043910
2026-10-06,4175.0,4230.0,4100.0,4165.0,3864.0,039290
2026-10-06,1620.0,1630.0,1605.0,1625.0,4679.0,123570
2026-10-06,2165.0,2165.0,2065.0,2095.0,4454.0,046390
2026-10-06,2795.0,2935.0,2770.0,2840.0,7706.0,049120
2026-10-06,3745.0,3840.0,3700.0,3740.0,6319.0,177900
2026-10-06,0.0,0.0,0.0,1087.0,0.0,284620
2026-10-06,3250.0,3300.0,3210.0,3260.0,2822.0,014570
2026-10-06,1353.0,1384.0,1325.0,1349.0,9963.0,106240
2026-10-06,2050.0,2250.0,2045.0,2155.0,82698.0,207760
2026-10-06,2190.0,2210.0,2115.0,2170.0,36182.0,026040
2026-10-06,2160.0,2420.0,2150.0,2335.0,286217.0,089140
2026-10-06,0.0,0.0,0.0,602.0,0.0,057540
2026-10-06,3020.0,3170.0,2875.0,2985.0,122591.0,073570
2026-10-06,0.0,0.0,0.0,778.0,0.0,068940
2026-10-06,5350.0,5350.0,5200.0,5230.0,37928.0,042940
2026-10-06,4420.0,4420.0,4330.0,4385.0,7473.0,060850
2026-10-06,2585.0,2585.0,2465.0,2515.0,39729.0,452300
2026-10-06,1015.0,1018.0,985.0,992.0,91895.0,065500
2026-10-06,2075.0,2095.0,2075.0,2095.0,9169.0,045060
2026-10-06,1491.0,1491.0,1441.0,1475.0,17711.0,066360
2026-10-06,0.0,0.0,0.0,959.0,0.0,263050
2026-10-06,4165.0,4170.0,4130.0,4150.0,2405.0,363250
2026-10-06,5360.0,5750.0,5300.0,5400.0,4030.0,153460
2026-10-06,820.0,905.0,820.0,878.0,1681910.0,270520
2026-10-06,4480.0,4485.0,4385.0,4400.0,12702.0,332290
2026-10-06,3060.0,3065.0,3025.0,3050.0,11082.0,024120
2026-10-06,6430.0,6500.0,6050.0,6200.0,16334.0,387570
2026-10-06,3250.0,3250.0,3175.0,3190.0,6789.0,186230
2026-10-06,1801.0,1801.0,1762.0,1790.0,7584.0,204020
2026-10-06,1345.0,1345.0,1318.0,1331.0,10715.0,060540
2026-10-06,2290.0,2290.0,2255.0,2265.0,4515.0,260660
2026-10-06,2780.0,2980.0,2760.0,2925.0,22479.0,127980
2026-10-06,6360.0,6380.0,6170.0,6220.0,15922.0,318410
2026-10-06,7300.0,7380.0,7200.0,7310.0,11937.0,417860
2026-10-06,3890.0,3890.0,3770.0,3790.0,7548.0,196450
2026-10-06,2145.0,2150.0,2110.0,2145.0,28518.0,075130
2026-10-06,2190.0,2190.0,2110.0,2170.0,21151.0,290120
2026-10-06,1500.0,1599.0,1499.0,1563.0,159575.0,310870
2026-10-06,2125.0,2125.0,2060.0,2100.0,8412.0,057030
2026-10-06,2065.0,2535.0,2000.0,2070.0,452392.0,432430
2026-10-06,2420.0,2465.0,2285.0,2410.0,209385.0,406820
2026-10-06,4625.0,4635.0,4540.0,4545.0,1487.0,290090
2026-10-06,2160.0,2395.0,2160.0,2370.0,79154.0,377030
2026-10-06,1491.0,1549.0,1482.0,1507.0,5793.0,064520
2026-10-06,9540.0,10000.0,9260.0,9900.0,2360.0,208860
2026-10-06,1848.0,1850.0,1761.0,1827.0,12184.0,169330
2026-10-06,3630.0,3740.0,3630.0,3720.0,1100.0,270870
2026-10-06,4350.0,4425.0,4340.0,4365.0,33079.0,131090
2026-10-06,4110.0,4175.0,4110.0,4130.0,8526.0,476080
2026-10-06,2900.0,2940.0,2685.0,2795.0,415631.0,356890
2026-10-06,0.0,0.0,0.0,689.0,0.0,038060
2026-10-06,6600.0,6660.0,6310.0,6420.0,4935.0,397810
2026-10-06,1500.0,1540.0,1295.0,1373.0,1604910.0,069920
2026-10-06,1608.0,1800.0,1545.0,1625.0,441988.0,079190
2026-10-06,2880.0,2880.0,2825.0,2860.0,3790.0,052600
2026-10-06,1680.0,1930.0,1557.0,1615.0,1199328.0,109820
2026-10-06,4560.0,4680.0,4265.0,4405.0,60355.0,431190
2026-10-06,5360.0,5430.0,5200.0,5230.0,15196.0,099220
2026-10-06,1487.0,1536.0,1465.0,1506.0,6884.0,335810
2026-10-06,1006.0,1023.0,986.0,994.0,28708.0,408900
2026-10-06,2290.0,2330.0,2280.0,2300.0,7540.0,419120
2026-10-06,3055.0,3070.0,2985.0,2995.0,24058.0,006920
2026-10-06,1110.0,1128.0,1095.0,1107.0,87560.0,271830
2026-10-06,2640.0,2640.0,2550.0,2615.0,39371.0,900270
2026-10-06,3050.0,3050.0,2895.0,2915.0,311555.0,0010F0
2026-10-06,1352.0,1363.0,1332.0,1352.0,1444.0,220180
2026-10-06,1421.0,1428.0,1387.0,1400.0,50469.0,215090
2026-10-06,2915.0,3015.0,2810.0,2845.0,9396.0,080520
2026-10-06,3050.0,3060.0,3000.0,3060.0,3297.0,200780
2026-10-06,3125.0,3130.0,3020.0,3110.0,1309.0,159910
2026-10-06,1688.0,1710.0,1655.0,1699.0,12292.0,033830
2026-10-06,1969.0,1969.0,1926.0,1956.0,1965.0,021650
2026-10-06,2920.0,3085.0,2920.0,3035.0,74811.0,045300
2026-10-06,3815.0,4000.0,3815.0,3845.0,36484.0,364950
2026-10-06,2125.0,2150.0,2100.0,2110.0,10222.0,038620
2026-10-06,684.0,735.0,684.0,726.0,49973.0,037330
2026-10-06,3100.0,3180.0,3070.0,3130.0,3760.0,148930
2026-10-06,2710.0,2805.0,2620.0,2725.0,62825.0,091340
2026-10-06,1256.0,1313.0,1256.0,1313.0,62221.0,226330
2026-10-06,6120.0,6920.0,6030.0,6140.0,8188.0,296640
2026-10-06,1400.0,1400.0,1346.0,1355.0,10698.0,133750
2026-10-06,3510.0,3655.0,3480.0,3605.0,55627.0,462510
2026-10-06,3795.0,3940.0,3780.0,3880.0,6119.0,087600
2026-10-06,3250.0,3250.0,3130.0,3230.0,1665.0,263920
2026-10-06,1134.0,1134.0,1115.0,1120.0,40276.0,065950
2026-10-06,7120.0,7300.0,7120.0,7180.0,4331.0,012620
2026-10-06,2645.0,2645.0,2510.0,2565.0,3178.0,318020
2026-10-06,0.0,0.0,0.0,1079.0,0.0,050110
2026-10-06,2490.0,2490.0,2425.0,2475.0,19557.0,311390
2026-10-06,1120.0,1150.0,1101.0,1119.0,51055.0,031510
2026-10-06,3020.0,3095.0,2975.0,3035.0,12188.0,153490
2026-10-06,2710.0,2790.0,2660.0,2755.0,30530.0,073540
2026-10-06,0.0,0.0,0.0,412.0,0.0,258830
2026-10-06,1237.0,1250.0,1203.0,1214.0,116863.0,032790
2026-10-06,3200.0,3255.0,3155.0,3195.0,2035.0,025440
2026-10-06,1654.0,1702.0,1654.0,1699.0,13821.0,462980
2026-10-06,2575.0,2610.0,2565.0,2590.0,5320.0,064480
2026-10-06,3230.0,3230.0,3120.0,3165.0,6119.0,376980
2026-10-06,556.0,563.0,504.0,542.0,714574.0,101670
2026-10-06,1672.0,1679.0,1657.0,1674.0,15710.0,075970
2026-10-06,2275.0,2300.0,2185.0,2205.0,19082.0,016600
2026-10-06,3370.0,3440.0,3320.0,3335.0,8930.0,090410
2026-10-06,2620.0,3300.0,2550.0,3190.0,222111.0,348030
2026-10-06,3810.0,3900.0,3745.0,3885.0,12320.0,462310
2026-10-06,1094.0,1235.0,1050.0,1130.0,890894.0,900070
2026-10-06,4735.0,4820.0,4735.0,4750.0,1719.0,444530
2026-10-06,1994.0,1994.0,1974.0,1976.0,7382.0,173940
2026-10-06,0.0,0.0,0.0,1969.0,0.0,246250
2026-10-06,3110.0,3180.0,3020.0,3140.0,13891.0,452160
2026-10-06,2300.0,2380.0,2300.0,2320.0,18530.0,197140
2026-10-06,1638.0,1638.0,1595.0,1636.0,4933.0,464580
2026-10-06,3080.0,3250.0,3080.0,3120.0,4497.0,336060
2026-10-06,3010.0,3145.0,2990.0,3035.0,35218.0,300120
2026-10-06,3785.0,3785.0,3500.0,3655.0,20389.0,099390
2026-10-06,2400.0,2400.0,2295.0,2335.0,20515.0,237820
2026-10-06,3520.0,3580.0,3460.0,3560.0,1116.0,367000
2026-10-06,1008.0,1011.0,998.0,1002.0,27197.0,031310
2026-10-06,2075.0,2185.0,2055.0,2125.0,5082.0,038870
2026-10-06,3000.0,3000.0,2960.0,2985.0,2053.0,369370
2026-10-06,5430.0,5480.0,5320.0,5380.0,15802.0,464280
2026-10-06,3895.0,3940.0,3860.0,3860.0,10119.0,020180
2026-10-06,1161.0,1161.0,1062.0,1075.0,30337.0,068050
2026-10-06,2820.0,2900.0,2820.0,2895.0,18284.0,262840
2026-10-06,1497.0,1497.0,1434.0,1457.0,12957.0,097780
2026-10-06,2190.0,2190.0,2105.0,2130.0,9778.0,070590
2026-10-06,2970.0,2975.0,2800.0,2895.0,8765.0,038950
2026-10-06,3470.0,3610.0,3350.0,3565.0,21174.0,351330
2026-10-06,1850.0,1939.0,1775.0,1895.0,4924.0,123840
2026-10-06,1970.0,2010.0,1969.0,2005.0,24969.0,407400
2026-10-06,1260.0,1260.0,1186.0,1223.0,15651.0,071850
2026-10-06,5480.0,5670.0,5450.0,5490.0,9070.0,388610
2026-10-06,1100.0,1209.0,1086.0,1086.0,203879.0,128540
2026-10-06,2050.0,2135.0,2050.0,2090.0,1812.0,188260
2026-10-06,1282.0,1348.0,1225.0,1299.0,101288.0,290560
2026-10-06,2995.0,2995.0,2805.0,2860.0,5473.0,187270
2026-10-06,1003.0,1003.0,982.0,984.0,65557.0,317240
2026-10-06,5570.0,5590.0,5500.0,5540.0,1778.0,079170
2026-10-06,2770.0,3000.0,2575.0,2685.0,634393.0,140430
2026-10-06,1867.0,1913.0,1865.0,1895.0,893.0,109960
2026-10-06,1845.0,1990.0,1782.0,1895.0,114667.0,373170
2026-10-06,2875.0,2990.0,2805.0,2990.0,5961.0,019570
2026-10-06,5840.0,5860.0,5630.0,5690.0,14546.0,333050
2026-10-06,589.0,605.0,589.0,597.0,19154.0,043340
2026-10-06,2950.0,2950.0,2825.0,2850.0,10536.0,093380
2026-10-06,3030.0,3070.0,2900.0,2940.0,179388.0,290270
2026-10-06,0.0,0.0,0.0,1710.0,0.0,043220
2026-10-06,2690.0,2790.0,2620.0,2700.0,35969.0,033540
2026-10-06,2795.0,2915.0,2780.0,2910.0,63937.0,048470
2026-10-06,1643.0,1663.0,1624.0,1627.0,22519.0,089150
2026-10-06,1906.0,1937.0,1900.0,1932.0,4167.0,130500
2026-10-06,0.0,0.0,0.0,910.0,0.0,254120
2026-10-06,3950.0,4050.0,3925.0,4005.0,4391.0,288620
2026-10-06,1309.0,1677.0,1303.0,1515.0,1185642.0,365590
2026-10-06,2380.0,2380.0,2145.0,2300.0,21764.0,115480
2026-10-06,999.0,1000.0,987.0,999.0,21785.0,160550
2026-10-06,2375.0,2375.0,2300.0,2335.0,1373.0,068100
2026-10-06,1483.0,1581.0,1470.0,1500.0,22976.0,376180
2026-10-06,1740.0,2105.0,1740.0,2020.0,969932.0,027040
2026-10-06,5210.0,5210.0,5030.0,5150.0,1138.0,239610
2026-10-06,6420.0,6530.0,6350.0,6360.0,6352.0,088340
2026-10-06,1877.0,1950.0,1805.0,1882.0,17213.0,450520
2026-10-06,2410.0,2410.0,2330.0,2340.0,21553.0,119500
2026-10-06,1425.0,1428.0,1379.0,1384.0,45588.0,198940
2026-10-06,3510.0,3510.0,3440.0,3480.0,498.0,318010
2026-10-06,2730.0,2890.0,2725.0,2760.0,34736.0,078590
2026-10-06,1701.0,1707.0,1586.0,1639.0,5918.0,008470
2026-10-06,1470.0,1470.0,1418.0,1434.0,31816.0,225220
2026-10-06,1630.0,1630.0,1585.0,1596.0,9658.0,114630
2026-10-06,2745.0,2745.0,2635.0,2705.0,7688.0,016670
2026-10-06,763.0,772.0,707.0,729.0,260483.0,206400
2026-10-06,1717.0,1727.0,1682.0,1715.0,26041.0,195500
2026-10-06,2415.0,2485.0,2260.0,2475.0,14649.0,080530
2026-10-06,3785.0,4000.0,3785.0,3950.0,3186.0,297570
2026-10-06,2415.0,2585.0,2415.0,2435.0,87251.0,368970
2026-10-06,7990.0,7990.0,7590.0,7790.0,700.0,007770
2026-10-06,2535.0,2550.0,2482.0,2500.0,50770.0,067010
2026-10-06,1527.0,1661.0,1527.0,1599.0,11772.0,236810
2026-10-06,1991.0,2080.0,1895.0,1988.0,198207.0,148250
2026-10-06,1902.0,1944.0,1843.0,1916.0,11139.0,139670
2026-10-06,2335.0,2335.0,2275.0,2310.0,25011.0,017000
2026-10-06,1746.0,1781.0,1739.0,1750.0,22172.0,066910
2026-10-06,1718.0,1747.0,1677.0,1696.0,24210.0,057680
2026-10-06,1100.0,1122.0,1067.0,1067.0,48147.0,047080
2026-10-06,2265.0,2275.0,2150.0,2265.0,57156.0,398120
2026-10-06,3580.0,3600.0,3550.0,3595.0,1613.0,131220
2026-10-06,1700.0,1733.0,1676.0,1719.0,75851.0,191410
2026-10-06,3565.0,3630.0,3490.0,3545.0,7591.0,091970
2026-10-06,2940.0,3090.0,2925.0,3070.0,18894.0,458350
2026-10-06,4115.0,4190.0,4035.0,4120.0,3652.0,363260
2026-10-06,2445.0,2445.0,2300.0,2335.0,7598.0,238490
2026-10-06,1380.0,1422.0,1308.0,1342.0,148018.0,060230
2026-10-06,3395.0,3575.0,3290.0,3520.0,19320.0,038880
2026-10-06,2920.0,2925.0,2900.0,2910.0,2240.0,032750
2026-10-06,1676.0,1684.0,1643.0,1652.0,10541.0,096630
2026-10-06,1680.0,1680.0,1604.0,1663.0,3960.0,290520
2026-10-06,2060.0,2080.0,1990.0,2040.0,3000.0,900310
2026-10-06,1331.0,1331.0,1304.0,1324.0,2743.0,060380
2026-10-06,1245.0,1269.0,1218.0,1247.0,82462.0,043200
2026-10-06,1734.0,1734.0,1688.0,1722.0,23014.0,069140
2026-10-06,818.0,819.0,802.0,816.0,8843.0,033050
2026-10-06,6480.0,6560.0,6310.0,6450.0,1048.0,096690
2026-10-06,2140.0,2180.0,2060.0,2130.0,14729.0,013720
2026-10-06,2255.0,2290.0,2235.0,2250.0,4973.0,359090
2026-10-06,5340.0,5440.0,5340.0,5410.0,2362.0,134060
2026-10-06,3520.0,3540.0,3040.0,3275.0,93628.0,002680
2026-10-06,1631.0,1679.0,1631.0,1648.0,17961.0,105550
2026-10-06,2460.0,2540.0,2400.0,2500.0,22511.0,069410
2026-10-06,1565.0,1586.0,1565.0,1569.0,22680.0,103840
2026-10-06,1031.0,1031.0,994.0,997.0,121560.0,016920
2026-10-06,3800.0,3850.0,3660.0,3725.0,10510.0,328380
2026-10-06,1582.0,1677.0,1530.0,1574.0,34063.0,052300
2026-10-06,3530.0,3670.0,3520.0,3555.0,137497.0,429270
2026-10-06,1070.0,1077.0,1055.0,1065.0,29571.0,146060
2026-10-06,1651.0,1700.0,1556.0,1698.0,23729.0,101400
2026-10-06,660.0,684.0,632.0,634.0,939160.0,215790
2026-10-06,0.0,0.0,0.0,612.0,0.0,072770
2026-10-06,3600.0,3600.0,3525.0,3525.0,10045.0,079000
2026-10-06,3985.0,4190.0,3960.0,4025.0,45818.0,148780
2026-10-06,1517.0,1593.0,1509.0,1570.0,42828.0,058110
2026-10-06,1912.0,1912.0,1874.0,1884.0,9142.0,193250
2026-10-06,1126.0,1140.0,1126.0,1136.0,9713.0,001810
2026-10-06,1000.0,1020.0,989.0,1002.0,25421.0,054090
2026-10-06,1370.0,1370.0,1319.0,1350.0,11228.0,044780
2026-10-06,6100.0,6100.0,5920.0,5970.0,441.0,090150
2026-10-06,1686.0,1687.0,1607.0,1620.0,36735.0,322780
2026-10-06,1501.0,1501.0,1412.0,1450.0,17410.0,138070
2026-10-06,1409.0,1590.0,1400.0,1555.0,381606.0,355390
2026-10-06,2865.0,3090.0,2840.0,3090.0,12995.0,032860
2026-10-06,2110.0,2185.0,2105.0,2170.0,11335.0,415380
2026-10-06,0.0,0.0,0.0,956.0,0.0,368600
2026-10-06,2690.0,2700.0,2605.0,2680.0,33678.0,378800
2026-10-06,2920.0,3000.0,2870.0,2910.0,23999.0,101680
2026-10-06,1180.0,1185.0,1151.0,1160.0,9006.0,021880
2026-10-06,1288.0,1288.0,1250.0,1286.0,6336.0,016100
2026-10-06,3000.0,3110.0,2945.0,3090.0,3129.0,475660
2026-10-06,1549.0,1549.0,1470.0,1481.0,29222.0,053290
2026-10-06,1688.0,1767.0,1688.0,1751.0,53884.0,464500
2026-10-06,2980.0,3070.0,2920.0,2995.0,23306.0,223310
2026-10-06,3075.0,3165.0,3005.0,3135.0,2431.0,267790
2026-10-06,4240.0,4240.0,3930.0,4100.0,3914.0,131180
2026-10-06,1980.0,2010.0,1901.0,1913.0,78887.0,383930
2026-10-06,2590.0,2800.0,2585.0,2690.0,15625.0,023770
2026-10-06,1386.0,1444.0,1386.0,1401.0,9323.0,083660
2026-10-06,2760.0,2765.0,2745.0,2760.0,2915.0,318000
2026-10-06,2995.0,3000.0,2900.0,2970.0,29263.0,208350
2026-10-06,2955.0,3080.0,2880.0,2905.0,57276.0,389680
2026-10-06,2840.0,2915.0,2755.0,2800.0,11232.0,115530
2026-10-06,1798.0,1864.0,1791.0,1863.0,4366.0,405920
2026-10-06,1957.0,1957.0,1868.0,1914.0,13713.0,257370
2026-10-06,5200.0,5320.0,5140.0,5200.0,3140.0,083640
2026-10-06,1759.0,1759.0,1701.0,1731.0,10320.0,123750
2026-10-06,2685.0,2685.0,2585.0,2615.0,12120.0,020400
2026-10-06,2985.0,2985.0,2930.0,2955.0,5031.0,039740
2026-10-06,2115.0,2165.0,2090.0,2090.0,19697.0,177830
2026-10-06,2215.0,2225.0,2080.0,2105.0,18093.0,351870
2026-10-06,2555.0,2585.0,2510.0,2530.0,34759.0,035200
2026-10-06,1974.0,1995.0,1916.0,1956.0,15664.0,027580
2026-10-06,1005.0,1019.0,990.0,1000.0,38780.0,032680
2026-10-06,1885.0,1917.0,1853.0,1911.0,14706.0,065690
2026-10-06,2025.0,2025.0,1998.0,1998.0,1742.0,187220
2026-10-06,1496.0,1506.0,1492.0,1500.0,9949.0,051380
2026-10-06,1479.0,1650.0,1441.0,1506.0,321407.0,317120
2026-10-06,1013.0,1040.0,1005.0,1015.0,15146.0,076080
2026-10-06,3450.0,3540.0,3370.0,3515.0,7181.0,237750
2026-10-06,3905.0,4190.0,3860.0,3985.0,4987.0,417180
2026-10-06,6020.0,6090.0,5990.0,6010.0,5939.0,036480
2026-10-06,2660.0,2665.0,2580.0,2650.0,10172.0,432980
2026-10-06,4970.0,4970.0,4835.0,4865.0,2863.0,188040
2026-10-06,920.0,930.0,888.0,888.0,102904.0,206560
2026-10-06,3555.0,3560.0,3330.0,3450.0,60369.0,054940
2026-10-06,2190.0,2190.0,2055.0,2055.0,17158.0,222980
2026-10-06,2375.0,2375.0,2330.0,2360.0,5250.0,298060
2026-10-06,1505.0,1538.0,1491.0,1496.0,7678.0,032800
2026-10-06,1651.0,2100.0,1635.0,1917.0,1370572.0,115610
2026-10-06,5680.0,5690.0,5210.0,5240.0,13974.0,115160
2026-10-06,2120.0,2435.0,2105.0,2240.0,170117.0,424760
2026-10-06,1702.0,1825.0,1700.0,1720.0,3245.0,219750
2026-10-06,2835.0,2835.0,2700.0,2760.0,1632.0,377330
2026-10-06,1943.0,1943.0,1913.0,1925.0,12043.0,018680
2026-10-06,1544.0,1544.0,1522.0,1528.0,22972.0,013810
2026-10-06,2410.0,2445.0,2405.0,2420.0,3358.0,033200
2026-10-06,1870.0,1871.0,1848.0,1860.0,11629.0,192390
2026-10-06,1100.0,1132.0,1092.0,1102.0,17339.0,007720
2026-10-06,3050.0,3500.0,3050.0,3495.0,83453.0,131100
2026-10-06,2190.0,2190.0,2055.0,2065.0,9066.0,215480
2026-10-06,3010.0,3090.0,2945.0,3020.0,4058.0,303530
2026-10-06,1060.0,1060.0,1039.0,1053.0,14988.0,017250
2026-10-06,3000.0,3055.0,2960.0,2995.0,8761.0,065370
2026-10-06,2020.0,2140.0,2005.0,2025.0,2646.0,352940
2026-10-06,3870.0,3965.0,3805.0,3915.0,5321.0,361670
2026-10-06,1745.0,1745.0,1557.0,1600.0,12376.0,043590
2026-10-06,2330.0,2435.0,2260.0,2315.0,15760.0,200230
2026-10-06,2755.0,2760.0,2515.0,2660.0,5058.0,238200
2026-10-06,1226.0,1238.0,1218.0,1230.0,17023.0,053060
2026-10-06,0.0,0.0,0.0,1010.0,0.0,032080
2026-10-06,2215.0,2305.0,2100.0,2210.0,5675.0,331520
2026-10-06,9550.0,10180.0,9000.0,10020.0,9584.0,154040
2026-10-06,2730.0,2730.0,2650.0,2700.0,2680.0,115570
2026-10-06,1182.0,1210.0,1180.0,1181.0,16338.0,039310
2026-10-06,1279.0,1294.0,1260.0,1286.0,7618.0,018700
2026-10-06,1661.0,1661.0,1567.0,1640.0,15647.0,301300
2026-10-06,0.0,0.0,0.0,756.0,0.0,340440
2026-10-06,1695.0,1735.0,1683.0,1702.0,74077.0,054220
2026-10-06,3095.0,3335.0,3035.0,3260.0,59299.0,113810
2026-10-06,1311.0,1330.0,1306.0,1312.0,3597.0,032280
2026-10-06,3330.0,3330.0,3235.0,3235.0,27428.0,045520
2026-10-06,0.0,0.0,0.0,583.0,0.0,095910
2026-10-06,5570.0,5690.0,5490.0,5530.0,5345.0,277410
2026-10-06,2175.0,2195.0,2160.0,2195.0,7317.0,067730
2026-10-06,1613.0,1729.0,1590.0,1616.0,1040459.0,023790
2026-10-06,1150.0,1500.0,1150.0,1298.0,1060504.0,065150
2026-10-06,638.0,639.0,590.0,592.0,1027158.0,070300
2026-10-06,2205.0,2240.0,2170.0,2200.0,7122.0,241840
2026-10-06,2020.0,2110.0,2015.0,2090.0,56240.0,024940
2026-10-06,4260.0,4260.0,4005.0,4040.0,205203.0,224060
2026-10-06,1679.0,1697.0,1660.0,1662.0,8096.0,098660
2026-10-06,836.0,920.0,815.0,891.0,104574.0,347770
2026-10-06,3080.0,3080.0,2870.0,2935.0,5249.0,372800
2026-10-06,3235.0,3235.0,3015.0,3105.0,5077.0,044480
2026-10-06,2110.0,2135.0,2035.0,2060.0,16957.0,440320
2026-10-06,1847.0,1847.0,1791.0,1823.0,17917.0,130740
2026-10-06,1817.0,1845.0,1812.0,1839.0,15017.0,438700
2026-10-06,2600.0,2600.0,2540.0,2595.0,2176.0,353190
2026-10-06,924.0,931.0,909.0,912.0,18051.0,289220
2026-10-06,938.0,940.0,930.0,937.0,6371.0,021040
2026-10-06,2470.0,2470.0,2390.0,2440.0,22674.0,096870
2026-10-06,1203.0,1203.0,1175.0,1203.0,9934.0,362990
2026-10-06,1479.0,1480.0,1431.0,1463.0,15389.0,079950
2026-10-06,3555.0,3700.0,3550.0,3600.0,2612.0,342870
2026-10-06,1400.0,1428.0,1351.0,1422.0,9322.0,085810
2026-10-06,2150.0,2230.0,2145.0,2175.0,4543.0,274400
2026-10-06,2275.0,2370.0,2200.0,2225.0,9210.0,043360
2026-10-06,1589.0,1589.0,1505.0,1554.0,16502.0,353590
2026-10-06,3730.0,3840.0,3630.0,3720.0,10136.0,405000
2026-10-06,2515.0,2590.0,2480.0,2505.0,3218.0,088290
2026-10-06,1216.0,1245.0,1214.0,1223.0,162227.0,050760
2026-10-06,1417.0,1440.0,1382.0,1430.0,22620.0,019660
2026-10-06,3200.0,3880.0,3180.0,3725.0,627778.0,247660
2026-10-06,2240.0,2240.0,2115.0,2125.0,24280.0,063760
2026-10-06,842.0,879.0,832.0,835.0,19360.0,276730
2026-10-06,3725.0,4000.0,3700.0,3720.0,19393.0,038530
2026-10-06,2695.0,2710.0,2630.0,2680.0,9511.0,080470
2026-10-06,3755.0,3885.0,3725.0,3730.0,5335.0,275630
2026-10-06,1299.0,1303.0,1260.0,1286.0,88416.0,344860
2026-10-06,900.0,935.0,899.0,908.0,56755.0,083470
2026-10-06,0.0,0.0,0.0,1622.0,0.0,073190
2026-10-06,1184.0,1184.0,1114.0,1161.0,65538.0,069330
2026-10-06,3395.0,3395.0,3205.0,3205.0,4161.0,065060
2026-10-06,0.0,0.0,0.0,2290.0,0.0,214610
2026-10-06,1013.0,1014.0,974.0,974.0,42670.0,227610
2026-10-06,1060.0,1060.0,1015.0,1017.0,84499.0,048830
2026-10-06,2240.0,2330.0,2235.0,2290.0,5253.0,252500
2026-10-06,1597.0,1597.0,1570.0,1577.0,23136.0,154030
2026-10-06,1296.0,1298.0,1276.0,1291.0,61707.0,455180
2026-10-06,2690.0,2770.0,2605.0,2670.0,5509.0,018620
2026-10-06,2000.0,2065.0,2000.0,2040.0,18207.0,403490
2026-10-06,0.0,0.0,0.0,6930.0,0.0,031860
2026-10-06,2160.0,2165.0,2020.0,2125.0,6414.0,110020
2026-10-06,2030.0,2435.0,1980.0,2360.0,320386.0,026910
2026-10-06,988.0,1071.0,988.0,1070.0,117969.0,373110
2026-10-06,3840.0,3940.0,3840.0,3870.0,846.0,279600
2026-10-06,5150.0,5640.0,4785.0,4830.0,35413.0,084440
2026-10-06,1950.0,1950.0,1848.0,1869.0,31087.0,137940
2026-10-06,1130.0,1130.0,1111.0,1112.0,44249.0,195990
2026-10-06,2430.0,2555.0,2430.0,2500.0,4109.0,365900
2026-10-06,892.0,986.0,868.0,941.0,97209.0,309930
2026-10-06,1221.0,1321.0,1221.0,1263.0,18938.0,196700
2026-10-06,1515.0,1515.0,1501.0,1508.0,46620.0,014100
2026-10-06,1190.0,1259.0,1188.0,1259.0,31420.0,056730
2026-10-06,2865.0,2885.0,2835.0,2875.0,2762.0,078860
2026-10-06,2455.0,2555.0,2275.0,2325.0,74716.0,051780
2026-10-06,3365.0,3380.0,3320.0,3325.0,8501.0,037400
2026-10-06,1903.0,1920.0,1903.0,1915.0,105593.0,0197V0
2026-10-06,0.0,0.0,0.0,2055.0,0.0,482680
2026-10-06,2900.0,3095.0,2880.0,2980.0,144596.0,475460
2026-10-06,2150.0,2360.0,1748.0,1803.0,1033582.0,306040
2026-10-06,2075.0,2080.0,2075.0,2075.0,19079.0,477380
2026-10-06,0.0,0.0,0.0,6040.0,0.0,241820
2026-10-06,5120.0,5360.0,4710.0,4805.0,28708.0,009620
2026-10-06,1725.0,1800.0,1650.0,1728.0,80763.0,210120
2026-10-06,1906.0,1927.0,1906.0,1918.0,299004.0,0200G0
2026-10-06,2770.0,2885.0,2770.0,2795.0,11268.0,419540
2026-10-06,0.0,0.0,0.0,696.0,0.0,050090
2026-10-06,1995.0,2025.0,1970.0,2000.0,9565.0,009730
2026-10-06,5220.0,5430.0,4575.0,4835.0,27771.0,900120
2026-10-06,2655.0,2655.0,2520.0,2535.0,93689.0,034940
2026-10-06,1980.0,1990.0,1980.0,1982.0,49348.0,0072Z0
2026-10-06,2065.0,2070.0,2065.0,2065.0,5814.0,477340
2026-10-06,1996.0,1999.0,1976.0,1999.0,9412.0,0130H0
2026-10-06,4320.0,4375.0,4200.0,4250.0,28013.0,285800
2026-10-06,1996.0,1997.0,1974.0,1979.0,4849.0,0101C0
2026-10-06,3105.0,3105.0,2610.0,2655.0,29672.0,054410
2026-10-06,0.0,0.0,0.0,973.0,0.0,030350
2026-10-06,2945.0,2960.0,2810.0,2925.0,41026.0,225590
2026-10-06,3350.0,3625.0,3240.0,3555.0,264015.0,469480
2026-10-06,1995.0,1998.0,1993.0,1993.0,4334.0,0044K0
2026-10-06,1337.0,1369.0,1307.0,1344.0,30138.0,065650
2026-10-06,2105.0,2110.0,2105.0,2105.0,20890.0,473050
2026-10-06,1994.0,1999.0,1994.0,1995.0,8363.0,0115H0
2026-10-06,1420.0,1469.0,1413.0,1431.0,39402.0,376930
2026-10-06,0.0,0.0,0.0,2200.0,0.0,489480
2026-10-06,1505.0,1537.0,1425.0,1463.0,38537.0,101000
2026-10-06,2065.0,2065.0,2060.0,2065.0,1489.0,478440
2026-10-06,2065.0,2075.0,2065.0,2075.0,16824.0,479880
2026-10-06,1932.0,1946.0,1932.0,1941.0,4113.0,0165X0
2026-10-06,1983.0,1994.0,1975.0,1984.0,3554.0,0099W0
2026-10-06,1901.0,1910.0,1900.0,1908.0,168526.0,0209J0
2026-10-06,4085.0,4150.0,4080.0,4105.0,2105.0,335870
2026-10-06,2780.0,2850.0,2745.0,2765.0,202590.0,498390
2026-10-06,0.0,0.0,0.0,561.0,0.0,304840
2026-10-06,0.0,0.0,0.0,5250.0,0.0,352770
2026-10-06,0.0,0.0,0.0,1651.0,0.0,244460
2026-10-06,1973.0,1990.0,1968.0,1981.0,88443.0,0134X0
2026-10-06,1377.0,1377.0,1337.0,1339.0,34986.0,177350
2026-10-06,1941.0,1959.0,1941.0,1950.0,56853.0,0164H0
2026-10-06,2230.0,2270.0,2195.0,2200.0,130175.0,0099X0
2026-10-06,2075.0,2075.0,2055.0,2065.0,42431.0,481890
2026-10-06,1980.0,1991.0,1975.0,1989.0,32332.0,0096B0
2026-10-06,2035.0,2050.0,2035.0,2040.0,7512.0,489730
2026-10-06,1970.0,1993.0,1970.0,1985.0,4743.0,0097F0
2026-10-06,2065.0,2075.0,2065.0,2070.0,1161.0,478390
2026-10-06,2350.0,2580.0,2350.0,2375.0,8888.0,239340
2026-10-06,1981.0,1999.0,1974.0,1987.0,8026.0,0093G0
2026-10-06,0.0,0.0,0.0,2295.0,0.0,054180
2026-10-06,430.0,436.0,396.0,405.0,1375928.0,418620
2026-10-06,2030.0,2040.0,2015.0,2035.0,70104.0,492220
2026-10-06,1993.0,1999.0,1990.0,1990.0,4116.0,0037T0
2026-10-06,0.0,0.0,0.0,2065.0,0.0,482520
2026-10-06,0.0,0.0,0.0,5170.0,0.0,028080
2026-10-06,1991.0,2005.0,1991.0,2000.0,15189.0,0054V0
2026-10-06,1961.0,1982.0,1961.0,1970.0,35253.0,0131D0
2026-10-06,2045.0,2045.0,2025.0,2035.0,6780.0,0091W0
2026-10-06,2600.0,2600.0,2385.0,2460.0,84978.0,092600
2026-10-06,0.0,0.0,0.0,764.0,0.0,065570
2026-10-06,2065.0,2072.0,2065.0,2070.0,6494.0,477760
2026-10-06,2000.0,2000.0,1998.0,1999.0,4007.0,0041L0
2026-10-06,2065.0,2080.0,2065.0,2080.0,103.0,0088D0
2026-10-06,887.0,1114.0,873.0,1092.0,663116.0,060480
2026-10-06,1998.0,1998.0,1994.0,1996.0,14242.0,0132G0
2026-10-06,2100.0,2105.0,2100.0,2105.0,192640.0,469900
2026-10-06,2080.0,2085.0,2075.0,2085.0,10453.0,482690
2026-10-06,767.0,841.0,705.0,717.0,630376.0,354200
2026-10-06,2085.0,2090.0,2085.0,2087.0,31361.0,474660
2026-10-06,2085.0,2090.0,2080.0,2087.0,5554.0,474490
2026-10-06,1992.0,2000.0,1992.0,1996.0,4956.0,0071M0
2026-10-06,2025.0,2030.0,2020.0,2030.0,2514.0,487360
2026-10-06,1999.0,2000.0,1988.0,1996.0,3225.0,0105P0
2026-10-06,2065.0,2070.0,2060.0,2060.0,1719.0,477470
2026-10-06,2010.0,2010.0,1998.0,2005.0,12244.0,496070
2026-10-06,682.0,869.0,682.0,804.0,413657.0,289010
2026-10-06,1243.0,1350.0,1232.0,1285.0,126835.0,131760
2026-10-06,1971.0,1988.0,1967.0,1972.0,16531.0,0129K0
2026-10-06,626.0,626.0,559.0,595.0,308782.0,035620
2026-10-06,1910.0,1970.0,1847.0,1941.0,50006.0,377220
2026-10-06,1966.0,1998.0,1966.0,1991.0,7167.0,0096D0
2026-10-06,2050.0,2055.0,2045.0,2047.0,28010.0,486630
2026-10-06,2000.0,2010.0,2000.0,2000.0,5958.0,0098T0
2026-10-06,2025.0,2025.0,2022.0,2022.0,3372.0,493790
2026-10-06,1697.0,1697.0,1580.0,1635.0,80220.0,060900
2026-10-06,2045.0,2060.0,2045.0,2060.0,8387.0,489210
2026-10-06,2005.0,2010.0,2000.0,2000.0,9793.0,0004Y0
2026-10-06,803.0,804.0,785.0,785.0,29642.0,060260
2026-10-06,1969.0,1975.0,1965.0,1973.0,2213.0,0130D0
2026-10-06,1430.0,1550.0,1404.0,1459.0,112589.0,103230
2026-10-06,1055.0,1294.0,1041.0,1134.0,190516.0,303030
2026-10-06,0.0,0.0,0.0,520.0,0.0,043100
2026-10-06,2055.0,2065.0,2055.0,2055.0,21380.0,478110
2026-10-06,2000.0,2030.0,1999.0,2020.0,3371.0,466690
2026-10-06,2905.0,3130.0,2835.0,2920.0,56239.0,006050
2026-10-06,0.0,0.0,0.0,538.0,0.0,305090
2026-10-06,2015.0,2015.0,1999.0,2010.0,15554.0,0041B0
2026-10-06,490.0,490.0,468.0,480.0,75631.0,142760
2026-10-06,701.0,745.0,690.0,700.0,112206.0,208640
2026-10-06,820.0,1032.0,820.0,927.0,2084850.0,065770
2026-10-06,2045.0,2050.0,2040.0,2040.0,10689.0,488060
2026-10-06,0.0,0.0,0.0,1650.0,0.0,106080
2026-10-06,2035.0,2045.0,2035.0,2045.0,22691.0,484130
2026-10-06,2055.0,2065.0,2055.0,2060.0,2259.0,473950
2026-10-06,2040.0,2040.0,2030.0,2040.0,11729.0,487830
2026-10-06,0.0,0.0,0.0,2080.0,0.0,468760
2026-10-06,2105.0,2110.0,2105.0,2110.0,32289.0,472230
2026-10-06,2060.0,2070.0,2055.0,2065.0,2216.0,487720
2026-10-06,0.0,0.0,0.0,1031.0,0.0,067770
2026-10-06,380.0,465.0,379.0,391.0,749442.0,012340
2026-10-06,1990.0,1997.0,1990.0,1992.0,4095.0,0068Y0
2026-10-06,1700.0,1812.0,1700.0,1754.0,22555.0,001000
2026-10-06,1997.0,1998.0,1992.0,1992.0,19243.0,0041J0
2026-10-06,5890.0,5890.0,5700.0,5880.0,311.0,03481K
2026-10-06,0.0,0.0,0.0,247.0,0.0,087260
2026-10-06,2085.0,2090.0,2080.0,2085.0,30900.0,475250
2026-10-06,215.0,220.0,200.0,212.0,829184.0,288980
2026-10-06,0.0,0.0,0.0,596.0,0.0,079970
2026-10-06,997.0,997.0,870.0,913.0,96118.0,240600
2026-10-06,2100.0,2100.0,2090.0,2090.0,184.0,474930
2026-10-06,0.0,0.0,0.0,940.0,0.0,065420
2026-10-06,0.0,0.0,0.0,327.0,0.0,276040
2026-10-06,2080.0,2085.0,2080.0,2080.0,3745.0,473000
2026-10-06,2090.0,2095.0,2090.0,2095.0,16307.0,475240
2026-10-06,265.0,290.0,253.0,256.0,529321.0,308100
2026-10-06,0.0,0.0,0.0,1096.0,0.0,900100
2026-10-06,0.0,0.0,0.0,409.0,0.0,291810
2026-10-06,0.0,0.0,0.0,205.0,0.0,044180
2026-10-06,0.0,0.0,0.0,468.0,0.0,313760
2026-10-06,0.0,0.0,0.0,312.0,0.0,052770
2026-10-06,687.0,687.0,648.0,687.0,151760.0,250930
2026-10-06,0.0,0.0,0.0,698.0,0.0,225430
2026-10-06,0.0,0.0,0.0,1059.0,0.0,025870
2026-10-06,682.0,682.0,633.0,662.0,45036.0,199730
2026-10-06,545.0,643.0,531.0,576.0,224926.0,058450
2026-10-06,457.0,509.0,415.0,423.0,657062.0,011080
2026-10-06,0.0,0.0,0.0,384.0,0.0,035290
2026-10-06,1994.0,2025.0,1958.0,2025.0,385.0,021045
2026-10-06,95.0,95.0,61.0,93.0,1197852.0,196490
2026-10-06,0.0,0.0,0.0,37.0,0.0,312610
2026-10-06,5820.0,7170.0,5820.0,7170.0,2404.0,032685
