date,open,high,low,close,volume,code
2026-10-02,273500.0,277000.0,271500.0,274750.0,9440681.0,005930
2026-10-02,1830000.0,1855000.0,1825000.0,1835000.0,1661849.0,000660
2026-10-02,200500.0,204500.0,199500.0,199800.0,1992172.0,005935
2026-10-02,1151000.0,1164000.0,1142000.0,1155000.0,286525.0,402340
2026-10-02,1545000.0,1578000.0,1532000.0,1570000.0,383798.0,009150
2026-10-02,360500.0,371000.0,357500.0,371000.0,166365.0,373220
2026-10-02,346500.0,348000.0,343500.0,345000.0,381841.0,005380
2026-10-02,1428000.0,1429000.0,1350000.0,1351000.0,42485.0,207940
2026-10-02,167000.0,170100.0,166400.0,167150.0,436783.0,105560
2026-10-02,283000.0,289000.0,281000.0,287500.0,151224.0,032830
2026-10-02,342500.0,347000.0,338000.0,344000.0,179207.0,028260
2026-10-02,1038000.0,1069000.0,1025000.0,1069000.0,74381.0,012450
2026-10-02,82100.0,82300.0,80400.0,81000.0,1489490.0,034020
2026-10-02,103700.0,105300.0,103700.0,105100.0,561017.0,055550
2026-10-02,429500.0,431500.0,420500.0,423500.0,183981.0,329180
2026-10-02,111800.0,113000.0,110600.0,112200.0,631049.0,000270
2026-10-02,512000.0,530000.0,508000.0,529000.0,192022.0,006400
2026-10-02,183000.0,183750.0,180600.0,182600.0,245403.0,068270
2026-10-02,585000.0,585000.0,567000.0,579000.0,73022.0,034730
2026-10-02,211500.0,216000.0,208500.0,216000.0,321209.0,066570
2026-10-02,128800.0,130000.0,127200.0,128800.0,306550.0,086790
2026-10-02,379000.0,384500.0,375000.0,383500.0,124941.0,012330
2026-10-02,208500.0,210500.0,205500.0,209000.0,240475.0,010120
2026-10-02,192800.0,193100.0,191000.0,192000.0,361343.0,035420
2026-10-02,628000.0,631000.0,619000.0,626000.0,29532.0,000810
2026-10-02,142100.0,154400.0,140700.0,154300.0,1043688.0,096770
2026-10-02,2802000.0,2810000.0,2765000.0,2773000.0,21269.0,298040
2026-10-02,274500.0,281000.0,267500.0,269500.0,575772.0,042700
2026-10-02,33350.0,33750.0,33050.0,33600.0,2389749.0,316140
2026-10-02,306500.0,311500.0,304500.0,310500.0,132733.0,005490
2026-10-02,664000.0,679000.0,659000.0,672000.0,86871.0,267260
2026-10-02,78600.0,78800.0,77800.0,78300.0,444964.0,042660
2026-10-02,324500.0,326500.0,317000.0,325000.0,80757.0,009540
2026-10-02,1069000.0,1087000.0,1066000.0,1078000.0,7439.0,010130
2026-10-02,1384000.0,1384000.0,1286000.0,1331000.0,138049.0,000150
2026-10-02,127800.0,129900.0,127200.0,128200.0,79974.0,138040
2026-10-02,21100.0,21500.0,21100.0,21500.0,591159.0,011200
2026-10-02,30200.0,30250.0,29800.0,29900.0,555585.0,015760
2026-10-02,88200.0,89600.0,87500.0,87900.0,479475.0,017670
2026-10-02,153900.0,166600.0,153500.0,166500.0,410411.0,010950
2026-10-02,255500.0,262000.0,252500.0,261500.0,96794.0,051910
2026-10-02,175200.0,176800.0,174300.0,176500.0,124470.0,033780
2026-10-02,19760.0,19980.0,19640.0,19850.0,1557432.0,010140
2026-10-02,31750.0,31750.0,31050.0,31500.0,549732.0,006800
2026-10-02,221000.0,221500.0,215500.0,218000.0,88978.0,018260
2026-10-02,110500.0,110900.0,108800.0,110800.0,85473.0,003550
2026-10-02,724000.0,765000.0,717000.0,755000.0,81289.0,079550
2026-10-02,182400.0,188500.0,180900.0,186600.0,198992.0,003670
2026-10-02,20200.0,20350.0,20150.0,20200.0,512036.0,024110
2026-10-02,198700.0,201500.0,198000.0,199400.0,115733.0,267250
2026-10-02,78000.0,83000.0,77100.0,82500.0,803743.0,272210
2026-10-02,198400.0,201000.0,196700.0,200000.0,64910.0,086280
2026-10-02,33550.0,33600.0,33050.0,33300.0,943857.0,035720
2026-10-02,370500.0,376000.0,363500.0,366000.0,156087.0,278470
2026-10-02,580000.0,580000.0,560000.0,569000.0,126896.0,011070
2026-10-02,51700.0,52200.0,51600.0,52000.0,127831.0,030200
2026-10-02,127300.0,132800.0,126800.0,132800.0,201940.0,047810
2026-10-02,116100.0,116200.0,113000.0,113700.0,619542.0,000720
2026-10-02,112600.0,116400.0,112300.0,115800.0,359284.0,064350
2026-10-02,184400.0,184500.0,179600.0,182000.0,74769.0,005830
2026-10-02,30900.0,31150.0,30250.0,30450.0,1508523.0,003490
2026-10-02,236500.0,238500.0,231000.0,233000.0,52773.0,443060
2026-10-02,379000.0,385500.0,374000.0,381000.0,30753.0,307950
2026-10-02,179400.0,180200.0,176100.0,180100.0,114045.0,071050
2026-10-02,55800.0,57300.0,55500.0,56600.0,359212.0,047050
2026-10-02,26700.0,26900.0,26350.0,26900.0,292607.0,005940
2026-10-02,103700.0,107000.0,103300.0,105200.0,336801.0,078930
2026-10-02,326500.0,334000.0,317000.0,327500.0,176454.0,000500
2026-10-02,19810.0,19830.0,19610.0,19685.0,514298.0,323410
2026-10-02,47500.0,47950.0,47150.0,47450.0,873994.0,028050
2026-10-02,297500.0,300500.0,293000.0,297500.0,94190.0,006260
2026-10-02,1233000.0,1245000.0,1205000.0,1207000.0,20483.0,003230
2026-10-02,200000.0,200000.0,195800.0,197900.0,55365.0,259960
2026-10-02,367500.0,380000.0,364000.0,364500.0,21849.0,0126Z0
2026-10-02,122800.0,123700.0,119000.0,120400.0,412086.0,007660
2026-10-02,133100.0,133200.0,129500.0,131700.0,44918.0,180640
2026-10-02,34250.0,36400.0,33700.0,36350.0,4893436.0,009830
2026-10-02,90100.0,91000.0,89100.0,90200.0,146541.0,016360
2026-10-02,136000.0,136800.0,129300.0,132300.0,174114.0,090430
2026-10-02,58800.0,60100.0,58200.0,59700.0,100435.0,161390
2026-10-02,149400.0,154200.0,143500.0,146800.0,968714.0,353200
2026-10-02,17760.0,17760.0,17450.0,17600.0,2694610.0,047040
2026-10-02,99200.0,102300.0,98400.0,101300.0,92091.0,021240
2026-10-02,70200.0,71700.0,69500.0,71650.0,280675.0,064400
2026-10-02,217500.0,227000.0,211500.0,225500.0,383517.0,062040
2026-10-02,124500.0,128700.0,123400.0,128600.0,57551.0,000880
2026-10-02,262000.0,262000.0,254500.0,258500.0,49651.0,039490
2026-10-02,157200.0,157600.0,153300.0,154800.0,131953.0,352820
2026-10-02,501000.0,507000.0,492500.0,504000.0,47596.0,128940
2026-10-02,30500.0,31800.0,30050.0,31450.0,3068139.0,001440
2026-10-02,14460.0,14630.0,14450.0,14550.0,281585.0,032640
2026-10-02,142000.0,144500.0,139100.0,140100.0,285446.0,000990
2026-10-02,176600.0,176700.0,174200.0,174400.0,69455.0,005387
2026-10-02,76700.0,76800.0,75100.0,75400.0,50978.0,326030
2026-10-02,118700.0,118900.0,116000.0,116500.0,304642.0,267270
2026-10-02,75200.0,75200.0,73300.0,73700.0,100586.0,000100
2026-10-02,40200.0,40450.0,39700.0,40050.0,79310.0,377300
2026-10-02,28350.0,29200.0,28350.0,28900.0,228663.0,175330
2026-10-02,54900.0,55400.0,54500.0,55100.0,63484.0,241560
2026-10-02,232000.0,242500.0,229000.0,241500.0,163253.0,036570
2026-10-02,104100.0,113800.0,103500.0,105500.0,550954.0,011790
2026-10-02,15860.0,16180.0,15790.0,15930.0,434136.0,138930
2026-10-02,41850.0,41950.0,41600.0,41900.0,36064.0,029780
2026-10-02,125300.0,128400.0,124200.0,126800.0,211161.0,052690
2026-10-02,71500.0,73400.0,70700.0,72900.0,310833.0,454910
2026-10-02,9750.0,9830.0,9750.0,9800.0,381084.0,088980
2026-10-02,111900.0,115800.0,110100.0,114200.0,326042.0,066970
2026-10-02,5270.0,5320.0,5190.0,5310.0,1757482.0,088350
2026-10-02,222000.0,239500.0,219500.0,238000.0,356589.0,010060
2026-10-02,8510.0,8640.0,8480.0,8555.0,1711203.0,034220
2026-10-02,105900.0,107500.0,104550.0,104900.0,89311.0,271560
2026-10-02,88500.0,88500.0,85100.0,86600.0,585679.0,103590
2026-10-02,47250.0,47750.0,46500.0,47550.0,243076.0,001450
2026-10-02,48750.0,49350.0,48000.0,48500.0,324893.0,082740
2026-10-02,273000.0,274000.0,263500.0,270500.0,51799.0,051900
2026-10-02,472000.0,473000.0,465000.0,469000.0,8486.0,002380
2026-10-02,30100.0,30350.0,29700.0,29900.0,387286.0,004020
2026-10-02,175700.0,175700.0,173000.0,174300.0,26197.0,005385
2026-10-02,3650.0,3867.0,3610.0,3820.0,17024132.0,018880
2026-10-02,131700.0,132000.0,130000.0,130200.0,35471.0,001040
2026-10-02,52600.0,55700.0,51000.0,55300.0,143230.0,008930
2026-10-02,5940.0,6250.0,5930.0,6230.0,4284834.0,028670
2026-10-02,35050.0,36100.0,34800.0,35900.0,178185.0,036460
2026-10-02,146600.0,148700.0,132000.0,136500.0,643263.0,161890
2026-10-02,20550.0,21150.0,20350.0,20850.0,183559.0,022100
2026-10-02,83000.0,83700.0,82200.0,82900.0,31428.0,012750
2026-10-02,332500.0,333000.0,327000.0,329000.0,41806.0,004170
2026-10-02,280500.0,285000.0,257000.0,270000.0,120220.0,192820
2026-10-02,14300.0,14680.0,14200.0,14300.0,157616.0,035250
2026-10-02,44800.0,46000.0,44250.0,45700.0,352465.0,336260
2026-10-02,69600.0,69700.0,66100.0,66700.0,55496.0,111770
2026-10-02,18400.0,18700.0,18290.0,18600.0,191133.0,139130
2026-10-02,276000.0,284000.0,269000.0,272500.0,59120.0,014680
2026-10-02,117100.0,117900.0,115700.0,116900.0,25620.0,011780
2026-10-02,42650.0,42650.0,39800.0,42050.0,25976.0,031210
2026-10-02,35250.0,35350.0,34550.0,35300.0,114551.0,251270
2026-10-02,49650.0,51700.0,49300.0,49950.0,91915.0,007340
2026-10-02,75700.0,75800.0,73700.0,74900.0,206969.0,375500
2026-10-02,101200.0,102500.0,100000.0,101600.0,53762.0,023530
2026-10-02,37100.0,37150.0,36050.0,36300.0,39402.0,302440
2026-10-02,72400.0,73400.0,71900.0,72700.0,60330.0,017800
2026-10-02,33000.0,33300.0,31750.0,33100.0,1042560.0,006360
2026-10-02,26100.0,27850.0,26050.0,27650.0,222127.0,026960
2026-10-02,179100.0,179400.0,177100.0,179100.0,18374.0,097950
2026-10-02,36700.0,39100.0,36350.0,38000.0,465083.0,450080
2026-10-02,43500.0,51800.0,43200.0,50800.0,1263310.0,020150
2026-10-02,69200.0,69800.0,68600.0,69500.0,21519.0,383220
2026-10-02,158200.0,158300.0,153000.0,157900.0,8361.0,004800
2026-10-02,19250.0,19680.0,19050.0,19480.0,43843.0,085620
2026-10-02,62000.0,62100.0,58800.0,60400.0,117660.0,011170
2026-10-02,52400.0,53000.0,50600.0,50900.0,191184.0,489790
2026-10-02,14400.0,14400.0,14120.0,14380.0,116817.0,003690
2026-10-02,404000.0,404500.0,394500.0,403000.0,10197.0,004370
2026-10-02,79300.0,81700.0,77400.0,80500.0,302405.0,457190
2026-10-02,52100.0,52500.0,50900.0,52200.0,32791.0,005850
2026-10-02,25250.0,25550.0,25050.0,25350.0,26737.0,000240
2026-10-02,48050.0,48850.0,45500.0,45850.0,229079.0,009420
2026-10-02,23750.0,23900.0,23550.0,23850.0,33645.0,004990
2026-10-02,54500.0,56800.0,54300.0,55200.0,380619.0,112610
2026-10-02,12600.0,12910.0,12440.0,12630.0,432464.0,005440
2026-10-02,184700.0,186200.0,181000.0,183600.0,51619.0,483650
2026-10-02,139300.0,139900.0,136300.0,139100.0,11921.0,001720
2026-10-02,78000.0,79300.0,77100.0,79100.0,59957.0,103140
2026-10-02,127300.0,130500.0,125500.0,127900.0,27515.0,282330
2026-10-02,46300.0,47300.0,46150.0,47000.0,121015.0,204320
2026-10-02,240500.0,244500.0,238000.0,239000.0,6821.0,018670
2026-10-02,5400.0,5510.0,5370.0,5390.0,292918.0,279570
2026-10-02,18780.0,18990.0,18650.0,18750.0,186126.0,030000
2026-10-02,162300.0,172800.0,158200.0,160500.0,7949.0,009970
2026-10-02,37750.0,39700.0,37350.0,38950.0,96672.0,081660
2026-10-02,66500.0,67400.0,64600.0,66700.0,211672.0,229640
2026-10-02,44300.0,45100.0,44000.0,44950.0,71843.0,051600
2026-10-02,71200.0,72000.0,70500.0,71800.0,59623.0,139480
2026-10-02,6860.0,6980.0,6860.0,6880.0,405826.0,073240
2026-10-02,82600.0,87800.0,79000.0,82000.0,872706.0,007810
2026-10-02,25850.0,26000.0,24600.0,25150.0,145259.0,002790
2026-10-02,89000.0,89800.0,88000.0,88700.0,46697.0,069960
2026-10-02,50900.0,51600.0,49800.0,51500.0,101467.0,089860
2026-10-02,57000.0,58000.0,56100.0,57400.0,116629.0,181710
2026-10-02,22200.0,22300.0,21750.0,22150.0,57792.0,007070
2026-10-02,31150.0,31300.0,30650.0,31150.0,22423.0,462870
2026-10-02,91500.0,93000.0,88100.0,91300.0,141641.0,281820
2026-10-02,471000.0,471000.0,435500.0,448500.0,12214.0,000155
2026-10-02,15650.0,16470.0,15390.0,16430.0,4861782.0,093370
2026-10-02,46000.0,46450.0,45600.0,46000.0,15865.0,439260
2026-10-02,42050.0,44000.0,41750.0,43950.0,133507.0,001120
2026-10-02,8350.0,8350.0,8140.0,8210.0,50973.0,020560
2026-10-02,49450.0,50300.0,49100.0,49400.0,490757.0,475150
2026-10-02,46950.0,47450.0,46200.0,46750.0,53163.0,001430
2026-10-02,55100.0,56300.0,54600.0,56000.0,75043.0,120110
2026-10-02,48600.0,49100.0,48050.0,48900.0,79042.0,071970
2026-10-02,38500.0,38700.0,37650.0,37950.0,27124.0,023590
2026-10-02,158100.0,159900.0,154800.0,155800.0,532562.0,001820
2026-10-02,70400.0,70500.0,69600.0,70400.0,27754.0,000120
2026-10-02,5260.0,5320.0,5220.0,5270.0,137658.0,395400
2026-10-02,44750.0,47250.0,44400.0,47200.0,258541.0,005070
2026-10-02,131400.0,141600.0,130300.0,139500.0,370728.0,322000
2026-10-02,35400.0,35450.0,34900.0,35250.0,14111.0,006040
2026-10-02,39200.0,39350.0,38900.0,39300.0,95975.0,008770
2026-10-02,522000.0,527000.0,515000.0,525000.0,7279.0,009155
2026-10-02,129100.0,129800.0,124300.0,125600.0,12558.0,006280
2026-10-02,22700.0,22700.0,22200.0,22250.0,54185.0,294870
2026-10-02,16400.0,17790.0,16340.0,17750.0,586546.0,361610
2026-10-02,52600.0,53000.0,51800.0,52900.0,27746.0,011210
2026-10-02,24550.0,24750.0,23350.0,23500.0,113751.0,012630
2026-10-02,15000.0,15400.0,14920.0,15300.0,194810.0,097230
2026-10-02,22900.0,23150.0,22750.0,22900.0,37135.0,001800
2026-10-02,6460.0,6610.0,6360.0,6480.0,756341.0,001740
2026-10-02,10240.0,10250.0,9940.0,10160.0,297122.0,00680K
2026-10-02,73000.0,75000.0,73000.0,74700.0,35432.0,066575
2026-10-02,314500.0,328000.0,312500.0,316000.0,1780.0,007310
2026-10-02,110900.0,110900.0,106900.0,108800.0,13042.0,069620
2026-10-02,58500.0,59000.0,57600.0,58500.0,16746.0,192080
2026-10-02,10050.0,10050.0,9990.0,10000.0,26651.0,415640
2026-10-02,25450.0,25550.0,25200.0,25450.0,12530.0,003540
2026-10-02,41200.0,43900.0,40850.0,42425.0,1172973.0,003160
2026-10-02,16200.0,16200.0,16020.0,16070.0,21526.0,300720
2026-10-02,65700.0,68200.0,65400.0,67800.0,37684.0,006120
2026-10-02,275000.0,276000.0,270000.0,271500.0,17538.0,298020
2026-10-02,395000.0,395000.0,386500.0,389000.0,7105.0,000815
2026-10-02,4000.0,4060.0,3960.0,4045.0,130147.0,330590
2026-10-02,9970.0,10000.0,9880.0,9960.0,9076.0,030610
2026-10-02,42700.0,43000.0,42350.0,42700.0,19924.0,004000
2026-10-02,67100.0,69200.0,63900.0,64600.0,170300.0,195870
2026-10-02,30450.0,33100.0,30000.0,32900.0,194118.0,003570
2026-10-02,121100.0,122400.0,118200.0,118700.0,11449.0,280360
2026-10-02,20350.0,20800.0,20250.0,20450.0,97264.0,017960
2026-10-02,13250.0,13500.0,13130.0,13370.0,1708362.0,006340
2026-10-02,14760.0,14820.0,14680.0,14760.0,26030.0,000080
2026-10-02,48600.0,48850.0,47700.0,48800.0,25734.0,000210
2026-10-02,4630.0,4750.0,4605.0,4670.0,818424.0,003530
2026-10-02,905000.0,905000.0,877000.0,886000.0,1509.0,003240
2026-10-02,5230.0,5640.0,5230.0,5340.0,53418.0,451800
2026-10-02,26950.0,27150.0,26750.0,26900.0,5164.0,192400
2026-10-02,16230.0,16500.0,16160.0,16390.0,28595.0,030190
2026-10-02,60000.0,65300.0,59400.0,62400.0,240370.0,006110
2026-10-02,39200.0,39750.0,38700.0,39700.0,21365.0,009240
2026-10-02,78500.0,79400.0,78300.0,79300.0,9089.0,071320
2026-10-02,22600.0,22900.0,22350.0,22750.0,64100.0,077970
2026-10-02,65500.0,65500.0,64500.0,65100.0,10308.0,185750
2026-10-02,50900.0,52000.0,50600.0,51500.0,25125.0,285130
2026-10-02,61900.0,61900.0,60700.0,61100.0,23245.0,009450
2026-10-02,15590.0,15780.0,15160.0,15280.0,46674.0,003090
2026-10-02,114400.0,115300.0,113600.0,115300.0,9675.0,051915
2026-10-02,95500.0,95700.0,94500.0,95200.0,4730.0,005300
2026-10-02,11590.0,11600.0,10610.0,10900.0,1217735.0,032350
2026-10-02,9440.0,9580.0,9260.0,9300.0,267769.0,034230
2026-10-02,61900.0,62600.0,61200.0,62100.0,33581.0,004490
2026-10-02,7260.0,7360.0,7140.0,7330.0,239325.0,000370
2026-10-02,4360.0,4380.0,4305.0,4345.0,156414.0,003470
2026-10-02,142300.0,142400.0,141100.0,141800.0,6578.0,071055
2026-10-02,5020.0,5040.0,4940.0,4975.0,196646.0,079160
2026-10-02,15730.0,17290.0,15520.0,16730.0,1170542.0,248070
2026-10-02,6260.0,6340.0,6230.0,6330.0,53335.0,137310
2026-10-02,3095.0,3105.0,3060.0,3090.0,94949.0,365550
2026-10-02,38250.0,38250.0,37100.0,38050.0,63254.0,499790
2026-10-02,12070.0,12120.0,11880.0,11970.0,280242.0,100090
2026-10-02,12630.0,12710.0,12180.0,12400.0,867380.0,005690
2026-10-02,40300.0,40500.0,39900.0,40500.0,16707.0,000670
2026-10-02,45550.0,45650.0,45200.0,45350.0,4187.0,036530
2026-10-02,83900.0,85300.0,82750.0,83500.0,39111.0,005180
2026-10-02,7780.0,7880.0,7780.0,7870.0,26152.0,094800
2026-10-02,161600.0,162900.0,160500.0,162400.0,4949.0,298050
2026-10-02,18290.0,18290.0,18090.0,18130.0,31236.0,214320
2026-10-02,8420.0,8460.0,8340.0,8420.0,31285.0,003850
2026-10-02,26900.0,27150.0,26650.0,27050.0,35021.0,064960
2026-10-02,36650.0,36700.0,35750.0,36250.0,93603.0,100840
2026-10-02,23700.0,24300.0,23550.0,24100.0,43157.0,093050
2026-10-02,20550.0,21050.0,20300.0,20800.0,465469.0,090460
2026-10-02,2100.0,2150.0,2090.0,2145.0,1321809.0,005880
2026-10-02,47300.0,49000.0,47150.0,47700.0,51896.0,005090
2026-10-02,2135.0,2285.0,2130.0,2200.0,963530.0,000400
2026-10-02,516000.0,520000.0,516000.0,517000.0,161.0,002960
2026-10-02,5610.0,5610.0,5500.0,5500.0,76003.0,293940
2026-10-02,73600.0,74600.0,72700.0,74000.0,32262.0,456040
2026-10-02,15830.0,15970.0,15730.0,15960.0,23082.0,069260
2026-10-02,11780.0,12390.0,11620.0,12070.0,1304075.0,004710
2026-10-02,44750.0,45500.0,43650.0,43700.0,7764.0,317450
2026-10-02,126100.0,127400.0,124500.0,127100.0,725.0,268280
2026-10-02,94300.0,96000.0,93800.0,94400.0,11504.0,000640
2026-10-02,0.0,0.0,0.0,9900.0,0.0,001570
2026-10-02,27000.0,27400.0,26600.0,26750.0,19736.0,001060
2026-10-02,9090.0,9470.0,8980.0,9410.0,1123129.0,192650
2026-10-02,21050.0,21400.0,21050.0,21350.0,13627.0,014820
2026-10-02,8140.0,8880.0,8090.0,8790.0,293422.0,336370
2026-10-02,17740.0,17830.0,17560.0,17790.0,32762.0,001680
2026-10-02,18820.0,19040.0,18650.0,18890.0,20713.0,453340
2026-10-02,8040.0,8090.0,8000.0,8030.0,51763.0,383800
2026-10-02,87500.0,88900.0,86600.0,88900.0,7901.0,017940
2026-10-02,38300.0,38350.0,37250.0,37350.0,32713.0,108320
2026-10-02,132800.0,134600.0,132800.0,134200.0,841.0,002840
2026-10-02,27750.0,28300.0,27100.0,27850.0,81757.0,033240
2026-10-02,19480.0,20400.0,19350.0,20200.0,58184.0,178920
2026-10-02,90600.0,91500.0,88900.0,91200.0,32420.0,006650
2026-10-02,40100.0,40700.0,39950.0,40350.0,19270.0,079900
2026-10-02,38700.0,39400.0,38000.0,39400.0,12274.0,00088K
2026-10-02,5640.0,5740.0,5550.0,5730.0,383370.0,016380
2026-10-02,9980.0,10060.0,9910.0,9980.0,69068.0,075580
2026-10-02,9820.0,10000.0,9730.0,9770.0,1589134.0,017900
2026-10-02,5690.0,5820.0,5680.0,5780.0,70522.0,002350
2026-10-02,55700.0,56300.0,55500.0,55800.0,5824.0,025540
2026-10-02,24900.0,25000.0,24400.0,24700.0,8567.0,284740
2026-10-02,2315.0,2380.0,2315.0,2360.0,1416320.0,001510
2026-10-02,127300.0,129100.0,126700.0,127600.0,1885.0,00104K
2026-10-02,17400.0,17510.0,17330.0,17350.0,2719.0,003300
2026-10-02,10880.0,11040.0,10680.0,10930.0,387725.0,161000
2026-10-02,37750.0,37750.0,36250.0,36850.0,6946.0,005810
2026-10-02,8720.0,8730.0,8480.0,8510.0,146896.0,114090
2026-10-02,13360.0,13430.0,13330.0,13350.0,2410.0,007700
2026-10-02,25350.0,26100.0,24850.0,25100.0,11874.0,001530
2026-10-02,130000.0,130200.0,126200.0,128100.0,516.0,058650
2026-10-02,50500.0,51100.0,49900.0,50000.0,1659.0,001270
2026-10-02,1645.0,1648.0,1607.0,1611.0,174853.0,009410
2026-10-02,2510.0,2555.0,2500.0,2540.0,210084.0,003620
2026-10-02,17300.0,18890.0,17260.0,18540.0,161504.0,484870
2026-10-02,15940.0,16350.0,15500.0,16060.0,113750.0,008060
2026-10-02,2635.0,2655.0,2545.0,2585.0,1009568.0,452260
2026-10-02,9740.0,9990.0,9540.0,9940.0,361673.0,460860
2026-10-02,20100.0,20100.0,19930.0,19990.0,22001.0,003545
2026-10-02,9350.0,9470.0,9220.0,9280.0,101139.0,019170
2026-10-02,7740.0,7830.0,7740.0,7780.0,11008.0,001500
2026-10-02,44900.0,45350.0,43400.0,43700.0,29654.0,029460
2026-10-02,110100.0,117200.0,109000.0,115900.0,21123.0,003030
2026-10-02,5600.0,5760.0,5560.0,5670.0,773923.0,0220W0
2026-10-02,46000.0,46400.0,45550.0,46350.0,3330.0,145990
2026-10-02,4695.0,4720.0,4640.0,4670.0,20828.0,377740
2026-10-02,21300.0,22200.0,20900.0,22150.0,198329.0,020000
2026-10-02,29950.0,30100.0,29800.0,29950.0,13708.0,039130
2026-10-02,128600.0,128600.0,126100.0,127100.0,2366.0,004690
2026-10-02,14630.0,14970.0,14430.0,14500.0,122451.0,249420
2026-10-02,9740.0,9800.0,9650.0,9700.0,26535.0,005250
2026-10-02,17090.0,17160.0,16810.0,16870.0,41108.0,002240
2026-10-02,5040.0,5040.0,4965.0,4985.0,21517.0,448730
2026-10-02,12340.0,12570.0,12160.0,12165.0,802069.0,002990
2026-10-02,66300.0,67900.0,66300.0,67500.0,504.0,004700
2026-10-02,8460.0,8600.0,8460.0,8540.0,129442.0,009900
2026-10-02,1834.0,1865.0,1832.0,1856.0,2365513.0,003280
2026-10-02,10420.0,10510.0,10350.0,10510.0,25709.0,016610
2026-10-02,14570.0,18440.0,14310.0,18440.0,5801225.0,217590
2026-10-02,57600.0,57800.0,56000.0,57100.0,20494.0,000070
2026-10-02,147400.0,156000.0,146400.0,154000.0,18121.0,306200
2026-10-02,11770.0,11950.0,11730.0,11820.0,5302.0,034310
2026-10-02,15000.0,15000.0,14560.0,14580.0,78908.0,010780
2026-10-02,10880.0,11410.0,10880.0,11360.0,19790.0,403550
2026-10-02,10560.0,11240.0,10540.0,11180.0,134447.0,005420
2026-10-02,11420.0,11750.0,11250.0,11720.0,40854.0,271940
2026-10-02,40950.0,40950.0,39500.0,40050.0,15306.0,090435
2026-10-02,22400.0,22500.0,22250.0,22450.0,23874.0,005945
2026-10-02,206000.0,208000.0,201000.0,202500.0,1087.0,002030
2026-10-02,89100.0,89700.0,88700.0,89100.0,486.0,072710
2026-10-02,60200.0,61500.0,59800.0,60800.0,7231.0,014830
2026-10-02,2020.0,2080.0,1989.0,2030.0,816791.0,012030
2026-10-02,4165.0,4230.0,4080.0,4095.0,185093.0,003000
2026-10-02,18890.0,20250.0,18740.0,19860.0,613404.0,011930
2026-10-02,12350.0,12490.0,12250.0,12320.0,121459.0,130660
2026-10-02,173300.0,173500.0,171900.0,172500.0,1767.0,005389
2026-10-02,4095.0,4130.0,4055.0,4100.0,30264.0,357120
2026-10-02,4085.0,4110.0,4055.0,4100.0,150918.0,001200
2026-10-02,14700.0,14860.0,14690.0,14830.0,9629.0,015360
2026-10-02,21650.0,21650.0,20900.0,21050.0,11867.0,002810
2026-10-02,23700.0,24300.0,23550.0,24200.0,8108.0,344820
2026-10-02,9730.0,10030.0,9570.0,9950.0,497049.0,317400
2026-10-02,95800.0,96500.0,94200.0,95700.0,819.0,092230
2026-10-02,39100.0,39200.0,38450.0,38600.0,2757.0,029530
2026-10-02,12560.0,13080.0,12510.0,12900.0,44758.0,194370
2026-10-02,3395.0,3415.0,3375.0,3400.0,30667.0,126560
2026-10-02,9360.0,9360.0,9050.0,9210.0,9387.0,016590
2026-10-02,14810.0,14970.0,14640.0,14850.0,23836.0,008730
2026-10-02,9550.0,9720.0,9510.0,9710.0,91195.0,006220
2026-10-02,13890.0,14160.0,13790.0,14090.0,363850.0,092790
2026-10-02,10660.0,10660.0,10300.0,10470.0,114324.0,031430
2026-10-02,10210.0,10220.0,10070.0,10100.0,20428.0,183190
2026-10-02,4575.0,4575.0,4475.0,4495.0,140338.0,089590
2026-10-02,41200.0,42450.0,41150.0,41900.0,5260.0,005610
2026-10-02,6100.0,6180.0,6000.0,6020.0,12795.0,950210
2026-10-02,7220.0,7380.0,7220.0,7320.0,92860.0,015860
2026-10-02,49400.0,49700.0,47500.0,48450.0,20336.0,0120G0
2026-10-02,16700.0,16880.0,15210.0,15780.0,733867.0,003350
2026-10-02,25750.0,25750.0,24900.0,25150.0,3214.0,001940
2026-10-02,3690.0,3745.0,3675.0,3710.0,37252.0,027410
2026-10-02,82900.0,89500.0,81700.0,88200.0,30098.0,010955
2026-10-02,37800.0,38800.0,37750.0,38400.0,10832.0,007690
2026-10-02,13600.0,13900.0,13210.0,13430.0,427353.0,002710
2026-10-02,8700.0,8830.0,8700.0,8750.0,31959.0,105630
2026-10-02,38300.0,38500.0,37950.0,38350.0,8721.0,060980
2026-10-02,9490.0,9490.0,9320.0,9400.0,24373.0,104700
2026-10-02,206000.0,211500.0,205500.0,210000.0,1329.0,006405
2026-10-02,6140.0,6490.0,6100.0,6450.0,146278.0,005720
2026-10-02,35350.0,35500.0,34750.0,34750.0,3629.0,170900
2026-10-02,19500.0,19770.0,19290.0,19410.0,34890.0,097520
2026-10-02,38250.0,39100.0,37850.0,38550.0,22244.0,145720
2026-10-02,8780.0,8800.0,8700.0,8730.0,13631.0,017810
2026-10-02,25200.0,25400.0,24850.0,24900.0,14924.0,011760
2026-10-02,6570.0,6640.0,6480.0,6540.0,123479.0,009290
2026-10-02,225500.0,225500.0,219000.0,220000.0,2695.0,02826K
2026-10-02,4990.0,4990.0,4875.0,4920.0,23866.0,009160
2026-10-02,369000.0,370000.0,353000.0,357000.0,234.0,000157
2026-10-02,6430.0,6630.0,6400.0,6530.0,444972.0,010820
2026-10-02,4370.0,4395.0,4255.0,4255.0,42115.0,096760
2026-10-02,9420.0,9430.0,9150.0,9230.0,22217.0,024720
2026-10-02,2020.0,2035.0,2000.0,2030.0,185501.0,001230
2026-10-02,7860.0,7880.0,7770.0,7840.0,19532.0,002310
2026-10-02,100700.0,100700.0,97000.0,97900.0,5188.0,005430
2026-10-02,21400.0,21750.0,21400.0,21550.0,12146.0,126720
2026-10-02,6250.0,6300.0,6220.0,6270.0,9027.0,381970
2026-10-02,7890.0,8140.0,7810.0,7890.0,32609.0,026890
2026-10-02,5900.0,5960.0,5830.0,5840.0,43449.0,272450
2026-10-02,8540.0,8750.0,8120.0,8180.0,244883.0,020120
2026-10-02,11050.0,11280.0,10950.0,11270.0,24613.0,200880
2026-10-02,24000.0,24150.0,23400.0,23550.0,20686.0,002020
2026-10-02,11380.0,11880.0,11290.0,11500.0,344355.0,005950
2026-10-02,8760.0,8930.0,8620.0,8740.0,224102.0,084010
2026-10-02,6040.0,6070.0,5990.0,5990.0,107568.0,025860
2026-10-02,11170.0,11290.0,11170.0,11240.0,18454.0,018250
2026-10-02,33250.0,33650.0,32700.0,33350.0,19550.0,108670
2026-10-02,22050.0,22300.0,21950.0,22200.0,3840.0,003120
2026-10-02,2420.0,2430.0,2385.0,2400.0,115052.0,123890
2026-10-02,19100.0,19220.0,19070.0,19210.0,1769.0,001750
2026-10-02,7860.0,7910.0,7770.0,7840.0,11788.0,084690
2026-10-02,1130.0,1132.0,1116.0,1118.0,195872.0,034830
2026-10-02,4660.0,4660.0,4505.0,4525.0,87603.0,000430
2026-10-02,4220.0,4250.0,4190.0,4215.0,48931.0,001390
2026-10-02,17640.0,17790.0,17520.0,17540.0,14447.0,033270
2026-10-02,12350.0,12550.0,12060.0,12320.0,17185.0,244920
2026-10-02,11210.0,11570.0,11150.0,11560.0,81516.0,004430
2026-10-02,24750.0,24800.0,23850.0,24050.0,1210.0,016800
2026-10-02,13500.0,13720.0,13260.0,13580.0,231639.0,105840
2026-10-02,11230.0,11350.0,10930.0,10970.0,51831.0,078520
2026-10-02,4600.0,4655.0,4535.0,4570.0,249237.0,058430
2026-10-02,8160.0,8220.0,8120.0,8170.0,42209.0,122900
2026-10-02,12000.0,12170.0,11760.0,11930.0,92960.0,044450
2026-10-02,8510.0,8560.0,8320.0,8350.0,418781.0,004310
2026-10-02,54400.0,54400.0,53600.0,53700.0,3769.0,017390
2026-10-02,7550.0,7800.0,7550.0,7620.0,174581.0,010690
2026-10-02,6430.0,6500.0,6330.0,6420.0,234450.0,002900
2026-10-02,2610.0,2615.0,2575.0,2590.0,26744.0,091810
2026-10-02,17390.0,17390.0,17270.0,17300.0,5815.0,286940
2026-10-02,34000.0,34100.0,33650.0,34000.0,11283.0,037710
2026-10-02,13250.0,13450.0,13160.0,13390.0,15176.0,004360
2026-10-02,19490.0,19490.0,18970.0,19140.0,38403.0,005500
2026-10-02,3625.0,3645.0,3605.0,3620.0,25426.0,334890
2026-10-02,12500.0,12740.0,12450.0,12510.0,14448.0,005680
2026-10-02,2310.0,2310.0,2230.0,2250.0,222699.0,010580
2026-10-02,27450.0,27450.0,26900.0,27150.0,1868.0,003960
2026-10-02,2835.0,3030.0,2780.0,2995.0,1160776.0,001250
2026-10-02,10660.0,10780.0,10660.0,10750.0,17829.0,003200
2026-10-02,1634.0,1677.0,1622.0,1632.0,197543.0,432320
2026-10-02,1513.0,1515.0,1501.0,1504.0,36030.0,298690
2026-10-02,2790.0,2800.0,2765.0,2800.0,50703.0,001790
2026-10-02,15310.0,15570.0,15210.0,15560.0,20228.0,002320
2026-10-02,42100.0,43400.0,41950.0,42400.0,4535.0,003920
2026-10-02,10050.0,10100.0,9960.0,10080.0,21822.0,136490
2026-10-02,48000.0,48200.0,46850.0,47900.0,1217.0,007160
2026-10-02,25500.0,26000.0,23550.0,24850.0,32118.0,044820
2026-10-02,3925.0,3935.0,3840.0,3860.0,35418.0,404990
2026-10-02,5150.0,5290.0,5110.0,5220.0,131464.0,001340
2026-10-02,3835.0,3865.0,3805.0,3860.0,30557.0,030210
2026-10-02,20200.0,20350.0,19990.0,20350.0,6169.0,008490
2026-10-02,2975.0,2980.0,2930.0,2970.0,77395.0,000680
2026-10-02,0.0,0.0,0.0,1182.0,0.0,348950
2026-10-02,10650.0,10720.0,10580.0,10650.0,9254.0,226320
2026-10-02,56100.0,56800.0,55700.0,56300.0,4499.0,025000
2026-10-02,9160.0,9280.0,9060.0,9120.0,10081.0,003070
2026-10-02,14550.0,15150.0,14400.0,14720.0,140026.0,011500
2026-10-02,12450.0,13120.0,12450.0,13020.0,154376.0,017860
2026-10-02,3845.0,4080.0,3760.0,3840.0,10853.0,0030R0
2026-10-02,1188.0,1199.0,1175.0,1184.0,264127.0,900140
2026-10-02,8300.0,8640.0,8110.0,8220.0,428546.0,025560
2026-10-02,0.0,0.0,0.0,5820.0,0.0,001470
2026-10-02,3980.0,4095.0,3930.0,4045.0,313361.0,005010
2026-10-02,21600.0,21600.0,20500.0,20650.0,100709.0,053690
2026-10-02,10680.0,10720.0,10220.0,10350.0,273106.0,077500
2026-10-02,5710.0,5810.0,5620.0,5750.0,147815.0,092200
2026-10-02,10060.0,10130.0,10060.0,10130.0,1789.0,134380
2026-10-02,35400.0,35750.0,35250.0,35600.0,493.0,001460
2026-10-02,19760.0,19900.0,19630.0,19780.0,15060.0,028100
2026-10-02,7550.0,7670.0,7550.0,7640.0,54941.0,000490
2026-10-02,6430.0,6660.0,6400.0,6460.0,145453.0,003720
2026-10-02,3385.0,3695.0,3335.0,3420.0,44798.0,000540
2026-10-02,10050.0,10090.0,10030.0,10060.0,7265.0,009680
2026-10-02,7950.0,7960.0,7870.0,7950.0,7026.0,000050
2026-10-02,15350.0,15640.0,15300.0,15530.0,67000.0,035510
2026-10-02,11710.0,11710.0,11500.0,11610.0,6471.0,034120
2026-10-02,123000.0,123000.0,121000.0,122500.0,1888.0,003650
2026-10-02,14310.0,14400.0,14260.0,14300.0,9843.0,475560
2026-10-02,374000.0,374500.0,372000.0,374500.0,119.0,03473K
2026-10-02,7460.0,7460.0,7300.0,7330.0,15051.0,033920
2026-10-02,10360.0,10560.0,10360.0,10480.0,11585.0,035150
2026-10-02,15530.0,15990.0,15490.0,15530.0,3676.0,000320
2026-10-02,3245.0,3285.0,3185.0,3240.0,24484.0,088260
2026-10-02,53100.0,54300.0,52700.0,53600.0,11630.0,298000
2026-10-02,67600.0,67600.0,66700.0,67100.0,1394.0,003555
2026-10-02,141600.0,144600.0,140600.0,140900.0,1054.0,000650
2026-10-02,4295.0,4295.0,4260.0,4290.0,8663.0,000480
2026-10-02,8220.0,8290.0,8120.0,8180.0,59940.0,004980
2026-10-02,3110.0,3120.0,3060.0,3110.0,72678.0,037270
2026-10-02,7020.0,7130.0,7020.0,7120.0,45797.0,117580
2026-10-02,3075.0,3075.0,3030.0,3050.0,22173.0,100250
2026-10-02,93300.0,94400.0,92100.0,93000.0,6666.0,051905
2026-10-02,3865.0,3880.0,3840.0,3875.0,22221.0,339770
2026-10-02,8230.0,8450.0,8160.0,8430.0,20731.0,005960
2026-10-02,4285.0,4300.0,4240.0,4260.0,42217.0,095570
2026-10-02,7400.0,7480.0,7380.0,7420.0,1204.0,039570
2026-10-02,7100.0,7170.0,7010.0,7020.0,24717.0,000390
2026-10-02,1050.0,1077.0,1041.0,1041.0,193629.0,003520
2026-10-02,21400.0,21550.0,21200.0,21400.0,30390.0,013580
2026-10-02,4000.0,4030.0,3970.0,3990.0,15823.0,053210
2026-10-02,4090.0,4220.0,4085.0,4190.0,52216.0,128820
2026-10-02,10110.0,10200.0,10040.0,10190.0,22493.0,016580
2026-10-02,6300.0,6300.0,6000.0,6060.0,3645.0,002420
2026-10-02,3715.0,3750.0,3690.0,3730.0,53158.0,102260
2026-10-02,10230.0,10230.0,9960.0,10050.0,26440.0,102460
2026-10-02,11070.0,11150.0,10980.0,11050.0,2874.0,001130
2026-10-02,37450.0,37450.0,37100.0,37300.0,1445.0,001630
2026-10-02,12440.0,12540.0,12350.0,12390.0,13278.0,004560
2026-10-02,50500.0,50800.0,49250.0,49850.0,2489.0,487570
2026-10-02,19340.0,19340.0,19170.0,19220.0,1241.0,003547
2026-10-02,8230.0,8570.0,8150.0,8480.0,68551.0,000520
2026-10-02,6750.0,6840.0,6700.0,6820.0,23206.0,033530
2026-10-02,27250.0,27650.0,27100.0,27600.0,40207.0,009470
2026-10-02,7810.0,7890.0,7790.0,7830.0,1327.0,000140
2026-10-02,7750.0,7780.0,7550.0,7660.0,11630.0,007860
2026-10-02,9000.0,9130.0,8970.0,9100.0,16999.0,002100
2026-10-02,6460.0,6570.0,6420.0,6530.0,20969.0,015230
2026-10-02,7840.0,7890.0,7820.0,7880.0,5502.0,003220
2026-10-02,1997.0,1997.0,1979.0,1983.0,81605.0,377190
2026-10-02,5450.0,5550.0,5440.0,5450.0,13034.0,003610
2026-10-02,11090.0,11100.0,10950.0,11020.0,3023.0,234080
2026-10-02,0.0,0.0,0.0,4200.0,0.0,000300
2026-10-02,6660.0,6780.0,6520.0,6670.0,37509.0,000700
2026-10-02,4330.0,4330.0,4300.0,4315.0,5423.0,016450
2026-10-02,7290.0,7290.0,7190.0,7230.0,25887.0,213500
2026-10-02,2990.0,3000.0,2970.0,2990.0,4633.0,003460
2026-10-02,5010.0,5010.0,4915.0,4960.0,33165.0,002150
2026-10-02,10010.0,10010.0,9580.0,9690.0,4107.0,014710
2026-10-02,2745.0,2745.0,2640.0,2725.0,14724.0,241590
2026-10-02,8000.0,8150.0,7990.0,8150.0,46088.0,090350
2026-10-02,7700.0,7940.0,7610.0,7840.0,15254.0,004380
2026-10-02,5320.0,5410.0,5290.0,5400.0,15001.0,460850
2026-10-02,0.0,0.0,0.0,5530.0,0.0,101530
2026-10-02,1599.0,1635.0,1593.0,1620.0,265760.0,001780
2026-10-02,12060.0,12270.0,11920.0,12030.0,7967.0,000860
2026-10-02,52600.0,52800.0,51400.0,52000.0,799.0,002170
2026-10-02,2820.0,2820.0,2795.0,2805.0,54550.0,400760
2026-10-02,8050.0,8150.0,7980.0,8030.0,14216.0,007570
2026-10-02,11840.0,12040.0,11800.0,12000.0,121507.0,004090
2026-10-02,12770.0,12840.0,12740.0,12820.0,1361.0,462520
2026-10-02,6830.0,6910.0,6730.0,6890.0,12919.0,013890
2026-10-02,66500.0,66900.0,66100.0,66600.0,914.0,001045
2026-10-02,11390.0,11390.0,11000.0,11160.0,22482.0,006805
2026-10-02,6600.0,6610.0,6550.0,6560.0,1872.0,000970
2026-10-02,3610.0,3665.0,3590.0,3645.0,86828.0,004150
2026-10-02,50200.0,50200.0,49200.0,49350.0,3242.0,011785
2026-10-02,8320.0,8410.0,8280.0,8370.0,12578.0,293480
2026-10-02,21150.0,21325.0,20600.0,21000.0,6137.0,00279K
2026-10-02,9790.0,9870.0,9760.0,9760.0,7508.0,272550
2026-10-02,10090.0,10090.0,9890.0,9980.0,6504.0,271980
2026-10-02,109900.0,109900.0,108500.0,109300.0,3135.0,097955
2026-10-02,1835.0,1852.0,1806.0,1811.0,28786.0,016880
2026-10-02,4260.0,4390.0,4260.0,4310.0,77837.0,025820
2026-10-02,9020.0,9040.0,8930.0,8990.0,4796.0,004970
2026-10-02,109700.0,109700.0,106000.0,107300.0,114.0,003830
2026-10-02,5150.0,5180.0,5080.0,5090.0,19423.0,000020
2026-10-02,3360.0,3510.0,3345.0,3390.0,216510.0,012610
2026-10-02,3855.0,4010.0,3855.0,3995.0,17880.0,001080
2026-10-02,5950.0,6000.0,5910.0,5940.0,4760.0,071840
2026-10-02,4745.0,4805.0,4730.0,4775.0,18346.0,015890
2026-10-02,1417.0,1438.0,1323.0,1340.0,5042622.0,008970
2026-10-02,4735.0,4750.0,4650.0,4715.0,28061.0,003480
2026-10-02,60300.0,60300.0,59900.0,60000.0,97.0,107590
2026-10-02,1071.0,1074.0,1059.0,1070.0,332462.0,008350
2026-10-02,12000.0,12000.0,11900.0,11930.0,949.0,094280
2026-10-02,3590.0,3865.0,3590.0,3725.0,310690.0,011690
2026-10-02,4690.0,4700.0,4570.0,4640.0,146891.0,014280
2026-10-02,1466.0,1500.0,1410.0,1435.0,677784.0,001360
2026-10-02,9290.0,9480.0,9190.0,9460.0,19278.0,081000
2026-10-02,14500.0,14500.0,14300.0,14450.0,2809.0,004080
2026-10-02,5190.0,5280.0,5110.0,5230.0,45500.0,018470
2026-10-02,11470.0,11500.0,11420.0,11480.0,1363.0,024090
2026-10-02,3220.0,3340.0,3180.0,3215.0,401721.0,092220
2026-10-02,5440.0,5500.0,5370.0,5390.0,21696.0,214390
2026-10-02,2530.0,2615.0,2510.0,2530.0,58437.0,013520
2026-10-02,2425.0,2440.0,2360.0,2380.0,125304.0,015590
2026-10-02,1095.0,1111.0,1085.0,1102.0,184888.0,009270
2026-10-02,10980.0,11060.0,10800.0,10890.0,18041.0,004960
2026-10-02,13520.0,13700.0,13380.0,13500.0,427.0,078000
2026-10-02,1297.0,1305.0,1280.0,1280.0,22166.0,002210
2026-10-02,21000.0,21400.0,20850.0,21000.0,3095.0,267290
2026-10-02,2220.0,2250.0,2205.0,2235.0,25479.0,006060
2026-10-02,4085.0,4155.0,4085.0,4120.0,87591.0,009070
2026-10-02,11090.0,11160.0,11090.0,11110.0,13506.0,210540
2026-10-02,5100.0,5160.0,5050.0,5070.0,28779.0,214420
2026-10-02,13580.0,13580.0,13360.0,13550.0,1046.0,005800
2026-10-02,1120.0,1138.0,1116.0,1138.0,149529.0,001520
2026-10-02,3790.0,3815.0,3735.0,3795.0,51443.0,089470
2026-10-02,10020.0,10030.0,9460.0,9460.0,314722.0,003010
2026-10-02,3325.0,3325.0,3250.0,3265.0,18249.0,350520
2026-10-02,3165.0,3270.0,3160.0,3265.0,290902.0,004100
2026-10-02,9480.0,10420.0,9210.0,9450.0,3651136.0,001210
2026-10-02,1521.0,1541.0,1505.0,1531.0,124540.0,037560
2026-10-02,7300.0,7490.0,7300.0,7390.0,2356.0,002620
2026-10-02,8540.0,8700.0,8520.0,8560.0,1418.0,002390
2026-10-02,3365.0,3375.0,3335.0,3375.0,44733.0,014530
2026-10-02,1840.0,1870.0,1840.0,1862.0,144150.0,017550
2026-10-02,12730.0,12950.0,12600.0,12670.0,9509.0,227840
2026-10-02,4030.0,4030.0,3960.0,3985.0,10631.0,016740
2026-10-02,26350.0,26350.0,25950.0,26050.0,3625.0,034590
2026-10-02,5630.0,5660.0,5550.0,5650.0,11921.0,079430
2026-10-02,4675.0,4730.0,4610.0,4715.0,17961.0,083420
2026-10-02,32200.0,32350.0,32000.0,32050.0,625.0,023450
2026-10-02,10910.0,11040.0,10850.0,11030.0,3471.0,002460
2026-10-02,4200.0,4200.0,4135.0,4190.0,24256.0,013570
2026-10-02,6930.0,6930.0,6840.0,6840.0,6583.0,016710
2026-10-02,1194.0,1221.0,1194.0,1206.0,285282.0,012800
2026-10-02,3140.0,3200.0,3080.0,3105.0,485477.0,012200
2026-10-02,0.0,0.0,0.0,3530.0,0.0,011810
2026-10-02,1713.0,1769.0,1713.0,1746.0,134451.0,009580
2026-10-02,3740.0,3900.0,3740.0,3895.0,105594.0,014580
2026-10-02,13090.0,13310.0,13010.0,13160.0,120905.0,006660
2026-10-02,11130.0,11130.0,10500.0,10600.0,7367.0,021820
2026-10-02,7630.0,7650.0,7320.0,7470.0,9891.0,008040
2026-10-02,2870.0,2880.0,2855.0,2870.0,3896.0,004250
2026-10-02,3430.0,3500.0,3430.0,3450.0,31759.0,010100
2026-10-02,58500.0,59000.0,57700.0,58900.0,2402.0,078935
2026-10-02,6510.0,6530.0,6410.0,6480.0,36880.0,123690
2026-10-02,83300.0,83300.0,81800.0,82600.0,208.0,120030
2026-10-02,9360.0,9360.0,9210.0,9300.0,2327.0,267850
2026-10-02,2690.0,2725.0,2685.0,2710.0,3106.0,027970
2026-10-02,1395.0,1448.0,1395.0,1447.0,55164.0,011280
2026-10-02,44300.0,44300.0,42500.0,43200.0,1767.0,012320
2026-10-02,0.0,0.0,0.0,918.0,0.0,119650
2026-10-02,48150.0,48150.0,47550.0,47700.0,795.0,37550L
2026-10-02,21700.0,22000.0,21700.0,21950.0,13986.0,248170
2026-10-02,6120.0,6180.0,6090.0,6100.0,181510.0,035000
2026-10-02,1079.0,1099.0,1079.0,1085.0,58134.0,002450
2026-10-02,2020.0,2020.0,1998.0,2015.0,7478.0,070960
2026-10-02,2385.0,2385.0,2370.0,2372.0,50853.0,417310
2026-10-02,1239.0,1253.0,1236.0,1244.0,67144.0,008700
2026-10-02,3320.0,3350.0,3300.0,3330.0,31665.0,008260
2026-10-02,7670.0,7670.0,7580.0,7600.0,3958.0,264900
2026-10-02,6500.0,6550.0,6470.0,6510.0,32508.0,002780
2026-10-02,2520.0,2520.0,2485.0,2500.0,20337.0,014790
2026-10-02,5230.0,5240.0,5080.0,5230.0,10517.0,025620
2026-10-02,46500.0,46900.0,46250.0,46700.0,6307.0,007540
2026-10-02,4140.0,4355.0,4140.0,4330.0,36875.0,001290
2026-10-02,1575.0,1588.0,1563.0,1570.0,59252.0,013700
2026-10-02,1429.0,1439.0,1422.0,1433.0,41415.0,007210
2026-10-02,2280.0,2310.0,2270.0,2280.0,34112.0,067830
2026-10-02,2030.0,2080.0,2025.0,2055.0,2895.0,363280
2026-10-02,5500.0,5530.0,5470.0,5480.0,15025.0,032560
2026-10-02,4660.0,4665.0,4635.0,4665.0,9929.0,014440
2026-10-02,6990.0,7060.0,6910.0,6920.0,4334.0,006840
2026-10-02,2785.0,2785.0,2725.0,2730.0,10283.0,002200
2026-10-02,2510.0,2510.0,2465.0,2485.0,20712.0,036580
2026-10-02,2200.0,2220.0,2190.0,2200.0,37015.0,058850
2026-10-02,30250.0,30300.0,30100.0,30300.0,97.0,001275
2026-10-02,5020.0,5120.0,5010.0,5060.0,42811.0,019180
2026-10-02,69500.0,73000.0,69400.0,73000.0,4901.0,096775
2026-10-02,1846.0,1846.0,1760.0,1770.0,281898.0,003580
2026-10-02,2310.0,2335.0,2290.0,2310.0,14997.0,139990
2026-10-02,2570.0,2605.0,2565.0,2575.0,104067.0,058860
2026-10-02,2220.0,2225.0,2195.0,2215.0,3072.0,023000
2026-10-02,1800.0,1814.0,1790.0,1807.0,66504.0,004140
2026-10-02,8890.0,9070.0,8870.0,9070.0,2291.0,006090
2026-10-02,35350.0,35350.0,34450.0,35000.0,43.0,004890
2026-10-02,1800.0,1800.0,1779.0,1783.0,162415.0,007980
2026-10-02,139300.0,139300.0,139000.0,139000.0,4.0,002600
2026-10-02,2525.0,2585.0,2515.0,2550.0,134061.0,011700
2026-10-02,6180.0,6290.0,6110.0,6190.0,4657.0,33626K
2026-10-02,37600.0,37600.0,36850.0,37000.0,1151.0,000850
2026-10-02,70200.0,70400.0,69400.0,69600.0,133.0,000590
2026-10-02,5040.0,5060.0,5010.0,5050.0,13536.0,023800
2026-10-02,8000.0,8300.0,8000.0,8110.0,56642.0,001260
2026-10-02,5490.0,5570.0,5410.0,5480.0,16045.0,069730
2026-10-02,2780.0,2815.0,2770.0,2800.0,28157.0,009180
2026-10-02,12920.0,12920.0,12550.0,12850.0,2732.0,111380
2026-10-02,16390.0,16950.0,16300.0,16410.0,20645.0,055490
2026-10-02,7450.0,7730.0,7230.0,7380.0,26309.0,109070
2026-10-02,5550.0,5590.0,5500.0,5570.0,6923.0,163560
2026-10-02,5170.0,5250.0,5140.0,5220.0,7085.0,005740
2026-10-02,4450.0,4480.0,4255.0,4265.0,598932.0,007610
2026-10-02,3935.0,3995.0,3925.0,3965.0,6520.0,004840
2026-10-02,5580.0,5600.0,5560.0,5570.0,3705.0,007590
2026-10-02,2815.0,2865.0,2750.0,2810.0,39860.0,002220
2026-10-02,3050.0,3095.0,3050.0,3085.0,24092.0,010960
2026-10-02,1392.0,1392.0,1366.0,1375.0,86874.0,013360
2026-10-02,64800.0,66900.0,63800.0,64300.0,442.0,000105
2026-10-02,7050.0,7080.0,6900.0,7040.0,18435.0,214330
2026-10-02,3890.0,3890.0,3800.0,3800.0,1917.0,013870
2026-10-02,3835.0,3880.0,3835.0,3875.0,41087.0,338100
2026-10-02,2220.0,2265.0,2190.0,2215.0,70559.0,024900
2026-10-02,6150.0,6210.0,6020.0,6200.0,13347.0,000230
2026-10-02,0.0,0.0,0.0,655.0,0.0,014160
2026-10-02,13120.0,13130.0,12650.0,12800.0,5369.0,063160
2026-10-02,11230.0,11230.0,10910.0,10970.0,6383.0,002795
2026-10-02,4280.0,4280.0,4200.0,4215.0,16079.0,005750
2026-10-02,1950.0,1964.0,1947.0,1961.0,3803.0,001020
2026-10-02,25100.0,25250.0,24900.0,25200.0,447.0,120115
2026-10-02,3550.0,3610.0,3410.0,3460.0,686424.0,071090
2026-10-02,3290.0,3325.0,3275.0,3285.0,25320.0,002720
2026-10-02,5670.0,5730.0,5650.0,5700.0,6798.0,031820
2026-10-02,5530.0,5530.0,5400.0,5420.0,18896.0,004440
2026-10-02,9060.0,9180.0,8950.0,9090.0,1371.0,001560
2026-10-02,1005.0,1009.0,999.0,1006.0,446919.0,002700
2026-10-02,3065.0,3185.0,3060.0,3120.0,89397.0,010660
2026-10-02,28250.0,28500.0,27300.0,27450.0,3905.0,009770
2026-10-02,4330.0,4330.0,4220.0,4275.0,33005.0,155660
2026-10-02,1200.0,1217.0,1189.0,1197.0,30948.0,095720
2026-10-02,1720.0,1720.0,1639.0,1655.0,32241.0,010040
2026-10-02,1901.0,1905.0,1882.0,1886.0,20048.0,011150
2026-10-02,2690.0,2750.0,2320.0,2370.0,148296.0,084680
2026-10-02,23550.0,24000.0,23200.0,23200.0,3239.0,084670
2026-10-02,4815.0,4815.0,4735.0,4790.0,30830.0,000180
2026-10-02,1922.0,1933.0,1913.0,1931.0,26499.0,079980
2026-10-02,2335.0,2335.0,2210.0,2280.0,9424.0,007280
2026-10-02,8930.0,8930.0,8810.0,8870.0,2635.0,085310
2026-10-02,2880.0,2900.0,2860.0,2900.0,5925.0,004720
2026-10-02,3550.0,3595.0,3490.0,3585.0,6591.0,017370
2026-10-02,1945.0,1970.0,1831.0,1838.0,1209330.0,004770
2026-10-02,1629.0,1637.0,1600.0,1623.0,11621.0,019680
2026-10-02,1377.0,1390.0,1341.0,1379.0,34450.0,018500
2026-10-02,4550.0,4605.0,4410.0,4580.0,48733.0,005870
2026-10-02,5110.0,5110.0,4945.0,4965.0,11892.0,100220
2026-10-02,3155.0,3235.0,3110.0,3180.0,132289.0,058730
2026-10-02,20900.0,21400.0,20900.0,21300.0,362.0,007815
2026-10-02,3560.0,3560.0,3345.0,3375.0,80875.0,210980
2026-10-02,1507.0,1526.0,1500.0,1521.0,38991.0,009200
2026-10-02,1407.0,1410.0,1398.0,1408.0,10902.0,016090
2026-10-02,1993.0,2045.0,1892.0,1910.0,137045.0,480370
2026-10-02,6160.0,6200.0,6040.0,6100.0,10381.0,068290
2026-10-02,3935.0,4085.0,3810.0,4065.0,176239.0,014990
2026-10-02,4850.0,4850.0,4770.0,4780.0,11283.0,072130
2026-10-02,27800.0,28400.0,27650.0,28100.0,729.0,004450
2026-10-02,1000.0,1000.0,995.0,998.0,38867.0,002760
2026-10-02,2135.0,2195.0,2125.0,2155.0,127058.0,372910
2026-10-02,3815.0,3815.0,3760.0,3775.0,19265.0,000220
2026-10-02,6440.0,6440.0,6370.0,6400.0,1460.0,111110
2026-10-02,27750.0,27875.0,27100.0,27350.0,10284.0,35320K
2026-10-02,30300.0,30300.0,30150.0,30300.0,340.0,003925
2026-10-02,1888.0,1980.0,1888.0,1907.0,11755.0,129260
2026-10-02,26800.0,26800.0,26300.0,26700.0,1268.0,37550K
2026-10-02,4880.0,4880.0,4820.0,4845.0,9909.0,006890
2026-10-02,25800.0,26200.0,25500.0,25950.0,2945.0,001465
2026-10-02,2945.0,2945.0,2890.0,2895.0,3227.0,075180
2026-10-02,1027.0,1027.0,1006.0,1013.0,55991.0,090080
2026-10-02,0.0,0.0,0.0,902.0,0.0,020760
2026-10-02,2310.0,2370.0,2305.0,2335.0,84988.0,0220WL
2026-10-02,1976.0,2195.0,1976.0,2130.0,341396.0,007460
2026-10-02,53000.0,53000.0,51500.0,51700.0,2849.0,000725
2026-10-02,3160.0,3160.0,3025.0,3115.0,262.0,003465
2026-10-02,3625.0,3640.0,3590.0,3635.0,2318.0,025530
2026-10-02,25450.0,25700.0,25350.0,25500.0,609.0,28513K
2026-10-02,2850.0,2880.0,2800.0,2835.0,17471.0,378850
2026-10-02,4165.0,4170.0,4115.0,4140.0,32302.0,003780
2026-10-02,42300.0,44050.0,42150.0,43600.0,3270.0,006125
2026-10-02,1835.0,1856.0,1826.0,1833.0,39037.0,092440
2026-10-02,1117.0,1130.0,1100.0,1123.0,90034.0,021050
2026-10-02,10190.0,10280.0,10120.0,10260.0,6751.0,001550
2026-10-02,1351.0,1401.0,1341.0,1401.0,32735.0,396690
2026-10-02,0.0,0.0,0.0,1935.0,0.0,002410
2026-10-02,4165.0,4170.0,4145.0,4145.0,3557.0,003475
2026-10-02,16910.0,16910.0,16710.0,16850.0,547.0,006980
2026-10-02,1419.0,1430.0,1407.0,1421.0,29799.0,012690
2026-10-02,5310.0,5360.0,5140.0,5180.0,5680.0,023810
2026-10-02,3320.0,3340.0,3270.0,3305.0,17557.0,004830
2026-10-02,3505.0,3540.0,3490.0,3510.0,10906.0,010770
2026-10-02,2670.0,2710.0,2660.0,2675.0,130889.0,011230
2026-10-02,66100.0,66100.0,65600.0,66000.0,93.0,005305
2026-10-02,3265.0,3300.0,3245.0,3250.0,13436.0,123700
2026-10-02,46800.0,49700.0,46750.0,47750.0,1888.0,011390
2026-10-02,4340.0,4340.0,4155.0,4240.0,5437.0,006880
2026-10-02,29650.0,31000.0,29100.0,29700.0,592.0,000950
2026-10-02,2920.0,2920.0,2765.0,2870.0,39505.0,011300
2026-10-02,1330.0,1441.0,1308.0,1430.0,389241.0,005320
2026-10-02,4835.0,4950.0,4600.0,4710.0,2347.0,101140
2026-10-02,1647.0,1657.0,1628.0,1648.0,23789.0,002630
2026-10-02,0.0,0.0,0.0,2670.0,0.0,011000
2026-10-02,1923.0,1945.0,1923.0,1931.0,77686.0,002140
2026-10-02,1216.0,1225.0,1200.0,1215.0,67346.0,004410
2026-10-02,2185.0,2190.0,2150.0,2150.0,5517.0,001620
2026-10-02,18530.0,19000.0,18430.0,18730.0,8271.0,009835
2026-10-02,963.0,971.0,953.0,963.0,63095.0,009320
2026-10-02,2210.0,2210.0,2140.0,2175.0,2056.0,041650
2026-10-02,1240.0,1258.0,1204.0,1240.0,7907.0,004540
2026-10-02,0.0,0.0,0.0,2660.0,0.0,069460
2026-10-02,1766.0,1805.0,1766.0,1784.0,59914.0,002920
2026-10-02,1848.0,1855.0,1839.0,1852.0,5338.0,357250
2026-10-02,2955.0,2990.0,2935.0,2955.0,17564.0,000910
2026-10-02,3390.0,3485.0,3370.0,3435.0,30528.0,092780
2026-10-02,0.0,0.0,0.0,5110.0,0.0,074610
2026-10-02,2225.0,2270.0,2190.0,2205.0,17301.0,003080
2026-10-02,2185.0,2190.0,2150.0,2150.0,2010.0,084870
2026-10-02,1976.0,2030.0,1971.0,1998.0,146604.0,014910
2026-10-02,3400.0,3405.0,3365.0,3385.0,4238.0,004910
2026-10-02,1269.0,1276.0,1258.0,1266.0,42410.0,017180
2026-10-02,4065.0,4095.0,3990.0,4025.0,35200.0,446070
2026-10-02,2085.0,2110.0,2075.0,2080.0,31365.0,008420
2026-10-02,1125.0,1230.0,1111.0,1213.0,188728.0,002870
2026-10-02,980.0,980.0,970.0,978.0,8273.0,481850
2026-10-02,2140.0,2140.0,2105.0,2120.0,102033.0,026940
2026-10-02,2075.0,2140.0,2075.0,2085.0,59694.0,004060
2026-10-02,4035.0,4200.0,3960.0,4200.0,78246.0,011330
2026-10-02,0.0,0.0,0.0,541.0,0.0,019490
2026-10-02,3865.0,3875.0,3710.0,3750.0,15621.0,023350
2026-10-02,9000.0,9070.0,7600.0,7770.0,70976.0,004920
2026-10-02,24250.0,24250.0,24050.0,24150.0,120.0,000215
2026-10-02,0.0,0.0,0.0,932.0,0.0,017040
2026-10-02,1442.0,1479.0,1420.0,1425.0,23971.0,011420
2026-10-02,1945.0,2030.0,1882.0,1960.0,90226.0,049800
2026-10-02,2780.0,2780.0,2510.0,2550.0,356589.0,007110
2026-10-02,39100.0,39300.0,38950.0,39050.0,507.0,008870
2026-10-02,1880.0,1923.0,1863.0,1904.0,3801.0,009810
2026-10-02,800.0,804.0,791.0,798.0,59273.0,145270
2026-10-02,919.0,930.0,903.0,910.0,65969.0,047400
2026-10-02,999.0,1018.0,993.0,1004.0,16604.0,023960
2026-10-02,18920.0,18920.0,18590.0,18590.0,121.0,134790
2026-10-02,1311.0,1334.0,1307.0,1323.0,89157.0,000890
2026-10-02,1158.0,1161.0,1140.0,1152.0,16294.0,027740
2026-10-02,3620.0,3620.0,2855.0,3280.0,288235.0,002360
2026-10-02,990.0,1013.0,972.0,984.0,19776.0,133820
2026-10-02,3670.0,3825.0,3630.0,3790.0,32438.0,002880
2026-10-02,3500.0,3565.0,3470.0,3560.0,11624.0,012280
2026-10-02,2060.0,2110.0,2000.0,2080.0,50528.0,010640
2026-10-02,3155.0,3190.0,3060.0,3145.0,21556.0,008250
2026-10-02,1192.0,1200.0,1180.0,1198.0,20324.0,013000
2026-10-02,11950.0,12230.0,11950.0,12200.0,299.0,000760
2026-10-02,2740.0,2785.0,2690.0,2765.0,5928.0,009460
2026-10-02,9160.0,9210.0,9130.0,9170.0,642.0,004365
2026-10-02,14600.0,14780.0,14010.0,14630.0,125.0,005820
2026-10-02,0.0,0.0,0.0,1199.0,0.0,143210
2026-10-02,2095.0,2175.0,2045.0,2155.0,10966.0,012160
2026-10-02,3080.0,3105.0,2980.0,2995.0,18199.0,006370
2026-10-02,1543.0,1574.0,1460.0,1524.0,280460.0,051630
2026-10-02,1229.0,1229.0,1170.0,1179.0,10944.0,090370
2026-10-02,4070.0,4245.0,4070.0,4200.0,17954.0,010400
2026-10-02,2720.0,2720.0,2650.0,2710.0,13887.0,014130
2026-10-02,6510.0,6640.0,6420.0,6520.0,13105.0,003535
2026-10-02,19520.0,20000.0,19320.0,19730.0,915.0,009140
2026-10-02,2505.0,2515.0,2460.0,2465.0,17527.0,088790
2026-10-02,1443.0,1455.0,1358.0,1410.0,25613.0,069640
2026-10-02,1890.0,1901.0,1890.0,1893.0,2304.0,025750
2026-10-02,1613.0,1613.0,1570.0,1583.0,21132.0,036420
2026-10-02,2030.0,2030.0,1951.0,1983.0,7567.0,024070
2026-10-02,5700.0,5850.0,5660.0,5690.0,6487.0,001070
2026-10-02,2625.0,2635.0,2615.0,2630.0,3124.0,025890
2026-10-02,3360.0,3450.0,3300.0,3340.0,6209.0,308170
2026-10-02,4865.0,4900.0,4800.0,4825.0,1408.0,006740
2026-10-02,1908.0,1912.0,1825.0,1889.0,23877.0,006570
2026-10-02,14150.0,14150.0,13850.0,13860.0,103.0,019175
2026-10-02,693.0,725.0,603.0,607.0,1364414.0,009190
2026-10-02,4560.0,4580.0,4370.0,4405.0,64572.0,003680
2026-10-02,4500.0,4505.0,4300.0,4395.0,36370.0,023150
2026-10-02,1103.0,1268.0,1094.0,1180.0,335601.0,001380
2026-10-02,1335.0,1335.0,1300.0,1312.0,38302.0,002690
2026-10-02,981.0,996.0,958.0,972.0,76661.0,007120
2026-10-02,4105.0,4250.0,4060.0,4145.0,36278.0,033250
2026-10-02,1259.0,1259.0,1160.0,1199.0,10594.0,118000
2026-10-02,9980.0,10500.0,9920.0,9960.0,14380.0,006345
2026-10-02,1500.0,1540.0,1490.0,1535.0,25856.0,33637K
2026-10-02,1423.0,1500.0,1330.0,1445.0,79895.0,006490
2026-10-02,3945.0,3945.0,3935.0,3940.0,80.0,002355
2026-10-02,1544.0,1620.0,1511.0,1571.0,188447.0,003060
2026-10-02,5550.0,5590.0,5330.0,5570.0,11833.0,004270
2026-10-02,21900.0,21900.0,21750.0,21800.0,748.0,003495
2026-10-02,1644.0,1662.0,1618.0,1643.0,30486.0,071950
2026-10-02,0.0,0.0,0.0,5330.0,0.0,009310
2026-10-02,812.0,812.0,711.0,756.0,123986.0,357430
2026-10-02,2950.0,2995.0,2895.0,2955.0,15982.0,001420
2026-10-02,994.0,1020.0,981.0,987.0,38298.0,004870
2026-10-02,7425.0,7490.0,7310.0,7440.0,832.0,33626L
2026-10-02,4755.0,4955.0,4610.0,4675.0,10633.0,030720
2026-10-02,2905.0,3080.0,2905.0,2950.0,8978.0,012170
2026-10-02,0.0,0.0,0.0,1129.0,0.0,005360
2026-10-02,27800.0,28200.0,27800.0,27850.0,160.0,008775
2026-10-02,14700.0,14780.0,14640.0,14740.0,274.0,001685
2026-10-02,24900.0,24900.0,24650.0,24850.0,813.0,00499K
2026-10-02,1020.0,1020.0,1002.0,1015.0,26909.0,000040
2026-10-02,0.0,0.0,0.0,928.0,0.0,015020
2026-10-02,18160.0,18390.0,18150.0,18380.0,56.0,108675
2026-10-02,0.0,0.0,0.0,296.0,0.0,093240
2026-10-02,3815.0,3815.0,3665.0,3765.0,8468.0,002070
2026-10-02,0.0,0.0,0.0,2620.0,0.0,008600
2026-10-02,0.0,0.0,0.0,756.0,0.0,009440
2026-10-02,2250.0,2325.0,2210.0,2235.0,104408.0,465770
2026-10-02,4300.0,4475.0,4300.0,4475.0,1968.0,005725
2026-10-02,30400.0,30400.0,29750.0,29900.0,297.0,18064K
2026-10-02,1330.0,1348.0,1255.0,1320.0,179991.0,011090
2026-10-02,18330.0,18330.0,18200.0,18310.0,17.0,005257
2026-10-02,1702.0,1711.0,1615.0,1637.0,91680.0,006200
2026-10-02,20365.0,20375.0,20365.0,20375.0,75.0,0106J0
2026-10-02,12900.0,13040.0,12700.0,12990.0,1858.0,002025
2026-10-02,4490.0,4505.0,4350.0,4465.0,63780.0,004105
2026-10-02,12280.0,12360.0,12220.0,12360.0,365.0,000087
2026-10-02,2145.0,2180.0,2100.0,2115.0,4758.0,001795
2026-10-02,10980.0,11140.0,10760.0,10870.0,2582.0,00806K
2026-10-02,4500.0,4500.0,4450.0,4485.0,1739.0,45226K
2026-10-02,14130.0,14130.0,13980.0,13980.0,983.0,084695
2026-10-02,15200.0,15450.0,15200.0,15390.0,925.0,00781K
2026-10-02,32400.0,32400.0,31700.0,31750.0,1865.0,145995
2026-10-02,1597.0,1748.0,1400.0,1423.0,76529.0,024890
2026-10-02,968.0,1037.0,922.0,962.0,106526.0,002820
2026-10-02,7790.0,7790.0,7310.0,7520.0,1626.0,38380K
2026-10-02,10100.0,10100.0,10100.0,10100.0,0.0,0120X0
2026-10-02,49950.0,49950.0,49950.0,49950.0,1.0,001067
2026-10-02,1890.0,1924.0,1861.0,1911.0,33792.0,004255
2026-10-02,241.0,244.0,194.0,207.0,1997137.0,015260
2026-10-02,975.0,1012.0,973.0,984.0,8839.0,019685
2026-10-02,0.0,0.0,0.0,2240.0,0.0,145210
2026-10-02,12490.0,12500.0,12390.0,12500.0,520.0,003075
2026-10-02,19270.0,19320.0,19270.0,19290.0,39.0,001755
2026-10-02,2270.0,2400.0,2215.0,2300.0,1654.0,33637L
2026-10-02,3585.0,3635.0,3580.0,3630.0,581.0,000225
2026-10-02,4000.0,4030.0,3970.0,4015.0,4251.0,001515
2026-10-02,22150.0,22200.0,22050.0,22050.0,6.0,001065
2026-10-02,28850.0,28850.0,27550.0,27800.0,6.0,000325
2026-10-02,9300.0,9300.0,8910.0,9000.0,1136.0,004985
2026-10-02,4545.0,4545.0,4280.0,4490.0,10987.0,004835
2026-10-02,0.0,0.0,0.0,436.0,0.0,044380
2026-10-02,7300.0,7620.0,7300.0,7600.0,164.0,26490K
2026-10-02,5020.0,5050.0,4905.0,4905.0,5509.0,012205
2026-10-02,12000.0,12290.0,12000.0,12290.0,23.0,090355
2026-10-02,4000.0,4000.0,3400.0,3925.0,65628.0,001770
2026-10-02,5650.0,5770.0,5640.0,5770.0,10.0,000545
2026-10-02,14710.0,14930.0,14650.0,14650.0,4750.0,002995
2026-10-02,9100.0,9100.0,9000.0,9000.0,398.0,000145
2026-10-02,6170.0,6270.0,6170.0,6170.0,1698.0,009415
2026-10-02,17190.0,17190.0,17190.0,17190.0,34.0,005965
2026-10-02,13490.0,13690.0,13490.0,13690.0,22.0,014825
2026-10-02,7870.0,7990.0,7850.0,7990.0,815.0,007575
2026-10-02,2825.0,2960.0,2770.0,2935.0,5414.0,36328K
2026-10-02,5830.0,5830.0,5690.0,5690.0,785.0,014285
2026-10-02,5110.0,5110.0,5080.0,5080.0,1268.0,005745
2026-10-02,4820.0,4820.0,4820.0,4820.0,327.0,014915
2026-10-02,44.0,44.0,27.0,27.0,14876434.0,005030
2026-10-02,7590.0,7650.0,7580.0,7640.0,326.0,000227
2026-10-02,85.0,114.0,85.0,114.0,8823283.0,005110
2026-10-02,7020.0,7300.0,6900.0,7300.0,100.0,008355
2026-10-02,8240.0,8240.0,8150.0,8200.0,266.0,001525
2026-10-02,3600.0,3760.0,3600.0,3630.0,461.0,004545
2026-10-02,5580.0,5700.0,5580.0,5600.0,822.0,011155
2026-10-02,5000.0,5070.0,4950.0,5070.0,513.0,001527
2026-10-02,3700.0,3980.0,3690.0,3840.0,561.0,004415
2026-10-02,7440.0,7440.0,7160.0,7160.0,930.0,002785
2026-10-02,10750.0,10750.0,10050.0,10050.0,809.0,002787
2026-10-02,263500.0,268000.0,257000.0,257500.0,188710.0,196170
2026-10-02,85200.0,90400.0,84900.0,89000.0,992205.0,086520
2026-10-02,114000.0,117800.0,113100.0,115400.0,285299.0,247540
2026-10-02,242000.0,254000.0,233500.0,235500.0,1205128.0,036930
2026-10-02,436000.0,452000.0,432500.0,449000.0,57952.0,277810
2026-10-02,143200.0,145900.0,135200.0,137000.0,1167726.0,240810
2026-10-02,561000.0,562000.0,525000.0,530000.0,95779.0,039030
2026-10-02,81800.0,86900.0,81100.0,84200.0,2075947.0,058470
2026-10-02,161700.0,171000.0,159100.0,166500.0,975139.0,222800
2026-10-02,39900.0,41050.0,39450.0,40650.0,605615.0,028300
2026-10-02,69000.0,69400.0,64300.0,65200.0,3165424.0,403870
2026-10-02,198000.0,219500.0,194300.0,207000.0,272003.0,000250
2026-10-02,296500.0,316000.0,294000.0,310500.0,257952.0,108490
2026-10-02,161900.0,162000.0,145700.0,151100.0,442461.0,319660
2026-10-02,224500.0,225000.0,204500.0,205000.0,194171.0,095340
2026-10-02,89700.0,90700.0,85100.0,85200.0,587293.0,440110
2026-10-02,194000.0,195500.0,183300.0,191400.0,177497.0,031980
2026-10-02,184900.0,186200.0,173100.0,176100.0,157924.0,084370
2026-10-02,183900.0,187400.0,175000.0,175600.0,207862.0,095610
2026-10-02,51200.0,54400.0,50800.0,51100.0,1895327.0,067310
2026-10-02,314500.0,316000.0,290500.0,293500.0,61946.0,064760
2026-10-02,430000.0,433500.0,412000.0,418500.0,26645.0,357780
2026-10-02,301500.0,305000.0,286000.0,287000.0,108201.0,131290
2026-10-02,88800.0,95500.0,87300.0,92100.0,4026952.0,080220
2026-10-02,321000.0,325500.0,304500.0,305000.0,110695.0,214450
2026-10-02,86000.0,87800.0,81700.0,82000.0,193199.0,141080
2026-10-02,142600.0,145200.0,129400.0,130100.0,176066.0,087010
2026-10-02,53600.0,54700.0,50000.0,51200.0,241574.0,298380
2026-10-02,17580.0,18280.0,17320.0,17760.0,13717331.0,010170
2026-10-02,151600.0,154000.0,141100.0,144500.0,48335.0,310210
2026-10-02,40300.0,43200.0,39700.0,41550.0,1870259.0,178320
2026-10-02,116200.0,119200.0,113100.0,116100.0,163540.0,226950
2026-10-02,53200.0,53800.0,50700.0,51800.0,548736.0,005290
2026-10-02,38600.0,39100.0,36950.0,37150.0,709755.0,257720
2026-10-02,29800.0,32900.0,29300.0,31000.0,8658946.0,043260
2026-10-02,33800.0,34500.0,33150.0,33900.0,1358189.0,098460
2026-10-02,20600.0,20950.0,20400.0,20800.0,576525.0,319400
2026-10-02,42900.0,43700.0,42400.0,42650.0,46671.0,214370
2026-10-02,99600.0,104300.0,99000.0,102900.0,228658.0,058610
2026-10-02,28000.0,29800.0,27700.0,29250.0,1561361.0,030530
2026-10-02,180600.0,183700.0,179400.0,180100.0,36008.0,145020
2026-10-02,12540.0,12750.0,12360.0,12670.0,1707508.0,032820
2026-10-02,33600.0,33800.0,33200.0,33200.0,80800.0,263750
2026-10-02,299000.0,307000.0,292500.0,298000.0,25225.0,140860
2026-10-02,73000.0,74900.0,67600.0,67900.0,139493.0,140410
2026-10-02,108500.0,111500.0,105200.0,105500.0,292566.0,131970
2026-10-02,57300.0,57900.0,54200.0,54500.0,829730.0,089030
2026-10-02,31400.0,31600.0,30200.0,30700.0,150312.0,214150
2026-10-02,45300.0,45800.0,42750.0,42850.0,367261.0,347850
2026-10-02,95000.0,96000.0,92400.0,93100.0,55766.0,237690
2026-10-02,11000.0,11750.0,10880.0,11340.0,6301692.0,036540
2026-10-02,60100.0,60300.0,58700.0,59200.0,165023.0,083650
2026-10-02,61200.0,61400.0,58500.0,59300.0,308527.0,323280
2026-10-02,77400.0,79200.0,74700.0,78800.0,143166.0,041510
2026-10-02,33000.0,34300.0,32250.0,33900.0,162780.0,060370
2026-10-02,35650.0,35650.0,33700.0,33750.0,367270.0,183300
2026-10-02,70800.0,72000.0,65600.0,65900.0,737240.0,089970
2026-10-02,37300.0,37650.0,36350.0,36700.0,207935.0,096530
2026-10-02,39500.0,39750.0,38250.0,38400.0,90934.0,068760
2026-10-02,98100.0,110400.0,97200.0,108250.0,521861.0,078600
2026-10-02,61700.0,63200.0,61000.0,62100.0,706250.0,218410
2026-10-02,50200.0,52300.0,49600.0,51800.0,276875.0,437730
2026-10-02,134300.0,139700.0,127000.0,127900.0,107822.0,420770
2026-10-02,25400.0,25900.0,24250.0,24700.0,96126.0,0009K0
2026-10-02,25350.0,25800.0,24600.0,24750.0,172305.0,007390
2026-10-02,55600.0,56600.0,53000.0,54400.0,284626.0,290650
2026-10-02,28950.0,29300.0,27800.0,28950.0,478185.0,950260
2026-10-02,38350.0,38550.0,36150.0,36300.0,92777.0,039200
2026-10-02,16130.0,17330.0,15950.0,16720.0,3638088.0,232140
2026-10-02,16380.0,16500.0,15920.0,16070.0,381160.0,950160
2026-10-02,29250.0,29850.0,28900.0,29550.0,173834.0,082920
2026-10-02,37700.0,37750.0,37000.0,37400.0,127328.0,035900
2026-10-02,22650.0,25600.0,22500.0,24450.0,2025571.0,347700
2026-10-02,10950.0,11280.0,10850.0,11260.0,322156.0,003380
2026-10-02,21750.0,22900.0,21400.0,21650.0,765459.0,204270
2026-10-02,63500.0,65000.0,62400.0,62800.0,104257.0,166090
2026-10-02,116500.0,116800.0,109000.0,111100.0,164155.0,241710
2026-10-02,20000.0,20400.0,19490.0,19580.0,600787.0,252990
2026-10-02,40600.0,40750.0,39700.0,40200.0,35654.0,195940
2026-10-02,48600.0,50400.0,47550.0,47850.0,610089.0,356860
2026-10-02,53200.0,54200.0,51700.0,52500.0,419280.0,101490
2026-10-02,30750.0,32000.0,30250.0,31100.0,345038.0,056190
2026-10-02,30400.0,30400.0,29100.0,29300.0,130958.0,127120
2026-10-02,9920.0,10280.0,9750.0,10220.0,527966.0,293490
2026-10-02,27300.0,28050.0,26500.0,26900.0,215489.0,458870
2026-10-02,22800.0,23350.0,22200.0,22800.0,702637.0,086450
2026-10-02,14200.0,15210.0,14000.0,15050.0,2340166.0,417200
2026-10-02,59300.0,60800.0,57900.0,58400.0,40580.0,445680
2026-10-02,44500.0,49450.0,44100.0,48775.0,195992.0,036830
2026-10-02,54700.0,54900.0,52500.0,53600.0,200648.0,083450
2026-10-02,17980.0,18330.0,17630.0,17940.0,399597.0,100790
2026-10-02,40050.0,42250.0,39500.0,40750.0,559781.0,161580
2026-10-02,52300.0,57500.0,51200.0,51500.0,1899837.0,327260
2026-10-02,25050.0,25200.0,24150.0,24500.0,53071.0,115180
2026-10-02,36800.0,37750.0,35450.0,35750.0,178542.0,491000
2026-10-02,94900.0,98600.0,92600.0,93300.0,149494.0,388210
2026-10-02,32000.0,33500.0,31900.0,32650.0,85812.0,065350
2026-10-02,79600.0,83700.0,79000.0,82000.0,79290.0,099320
2026-10-02,74200.0,76700.0,70000.0,71800.0,109187.0,425420
2026-10-02,28500.0,29200.0,28100.0,28800.0,97059.0,160190
2026-10-02,20200.0,21650.0,19950.0,20900.0,496790.0,032500
2026-10-02,8810.0,9000.0,8720.0,8820.0,388425.0,031330
2026-10-02,54900.0,54900.0,52000.0,53300.0,519812.0,119850
2026-10-02,64000.0,70000.0,63500.0,69600.0,243828.0,295310
2026-10-02,78000.0,78600.0,76500.0,76800.0,35936.0,053800
2026-10-02,32650.0,33050.0,31950.0,32250.0,192367.0,074600
2026-10-02,9100.0,10070.0,9010.0,9960.0,2708635.0,033790
2026-10-02,69800.0,71000.0,69300.0,70600.0,17956.0,388720
2026-10-02,12230.0,13030.0,11820.0,12540.0,824600.0,281740
2026-10-02,30800.0,30900.0,30300.0,30450.0,89548.0,014620
2026-10-02,23350.0,24700.0,23100.0,23900.0,542101.0,059090
2026-10-02,49600.0,49750.0,48800.0,49550.0,90661.0,033100
2026-10-02,8680.0,8720.0,8410.0,8490.0,105777.0,085660
2026-10-02,10930.0,11040.0,10520.0,10590.0,503630.0,328130
2026-10-02,29800.0,30800.0,27350.0,28050.0,353419.0,476830
2026-10-02,69100.0,73800.0,68400.0,72800.0,107405.0,189300
2026-10-02,78200.0,80200.0,77600.0,79700.0,83065.0,090360
2026-10-02,6370.0,6550.0,6300.0,6450.0,1148502.0,090710
2026-10-02,35250.0,36650.0,33500.0,35600.0,298282.0,036810
2026-10-02,35500.0,35800.0,34300.0,35050.0,68586.0,035760
2026-10-02,72900.0,78200.0,72200.0,76000.0,67584.0,171090
2026-10-02,31350.0,32450.0,31150.0,32450.0,178773.0,137400
2026-10-02,84200.0,87300.0,83400.0,84500.0,41359.0,053610
2026-10-02,37750.0,38600.0,37500.0,37950.0,82568.0,044490
2026-10-02,41600.0,41600.0,39900.0,40550.0,73995.0,122870
2026-10-02,63000.0,64500.0,59000.0,61000.0,148271.0,251970
2026-10-02,60900.0,62600.0,57100.0,58300.0,450911.0,064290
2026-10-02,30250.0,30600.0,29500.0,30250.0,90260.0,213420
2026-10-02,10970.0,11510.0,10880.0,11500.0,415565.0,006730
2026-10-02,23100.0,23950.0,22950.0,23800.0,192495.0,466100
2026-10-02,9820.0,9980.0,9780.0,9830.0,75682.0,041960
2026-10-02,57200.0,59700.0,56900.0,59700.0,79710.0,121600
2026-10-02,6750.0,6920.0,6700.0,6780.0,227358.0,038500
2026-10-02,34500.0,34750.0,33300.0,33500.0,263750.0,122640
2026-10-02,28200.0,28300.0,27550.0,28100.0,68662.0,023160
2026-10-02,19480.0,19520.0,18730.0,18910.0,94853.0,032190
2026-10-02,42800.0,44250.0,42400.0,43550.0,249978.0,456160
2026-10-02,31800.0,32750.0,30800.0,31100.0,269277.0,033640
2026-10-02,16060.0,16160.0,15540.0,15610.0,154855.0,476060
2026-10-02,10860.0,10990.0,10650.0,10700.0,54387.0,225570
2026-10-02,54200.0,54200.0,50800.0,51900.0,83732.0,041830
2026-10-02,49650.0,49800.0,47050.0,48400.0,60684.0,102710
2026-10-02,20300.0,21200.0,20100.0,20300.0,1605354.0,490470
2026-10-02,7070.0,7370.0,7040.0,7090.0,1072359.0,048410
2026-10-02,14500.0,16030.0,14350.0,15580.0,2313934.0,253590
2026-10-02,53000.0,54000.0,50600.0,52000.0,339234.0,092870
2026-10-02,29400.0,30000.0,28650.0,29050.0,141204.0,124500
2026-10-02,93700.0,96200.0,92000.0,93800.0,81870.0,126340
2026-10-02,8090.0,8400.0,7980.0,8330.0,581737.0,222080
2026-10-02,10220.0,11050.0,10110.0,10570.0,3948129.0,050890
2026-10-02,14090.0,14580.0,13820.0,13990.0,738872.0,077360
2026-10-02,10950.0,11090.0,10760.0,10890.0,273025.0,046890
2026-10-02,20500.0,20800.0,20300.0,20600.0,24662.0,253450
2026-10-02,26500.0,29500.0,25950.0,29100.0,1220794.0,080580
2026-10-02,35150.0,35650.0,34400.0,34750.0,98257.0,045100
2026-10-02,128000.0,128000.0,123000.0,124700.0,3620.0,093320
2026-10-02,36350.0,38300.0,35850.0,36400.0,246513.0,089890
2026-10-02,91700.0,96600.0,88000.0,92400.0,29380.0,219130
2026-10-02,13160.0,13390.0,13000.0,13130.0,768056.0,144960
2026-10-02,77800.0,79300.0,74100.0,78300.0,72659.0,214430
2026-10-02,48600.0,49450.0,47450.0,48200.0,118884.0,399720
2026-10-02,9460.0,9740.0,8780.0,8840.0,374291.0,358570
2026-10-02,50000.0,52900.0,48150.0,51400.0,127474.0,468530
2026-10-02,16410.0,16950.0,16070.0,16290.0,110803.0,024850
2026-10-02,27250.0,27650.0,26600.0,26750.0,50366.0,094170
2026-10-02,27000.0,29700.0,26750.0,28000.0,313613.0,174900
2026-10-02,13630.0,13890.0,13540.0,13760.0,113595.0,060250
2026-10-02,38350.0,38650.0,37550.0,37700.0,34005.0,052400
2026-10-02,12750.0,13240.0,12630.0,13160.0,310419.0,009520
2026-10-02,33250.0,33700.0,32550.0,33050.0,45002.0,101160
2026-10-02,34600.0,37600.0,34300.0,35750.0,540176.0,078350
2026-10-02,32250.0,33500.0,32150.0,33050.0,60253.0,037460
2026-10-02,8110.0,8220.0,7640.0,7750.0,137323.0,052020
2026-10-02,15730.0,15850.0,15460.0,15570.0,52142.0,112040
2026-10-02,39200.0,39700.0,38750.0,39150.0,6269.0,079940
2026-10-02,18300.0,18550.0,18070.0,18460.0,1115917.0,356680
2026-10-02,24650.0,26200.0,24400.0,24900.0,338401.0,383310
2026-10-02,42050.0,44700.0,40550.0,41400.0,86577.0,104830
2026-10-02,20950.0,22500.0,20250.0,22300.0,516400.0,348340
2026-10-02,11350.0,11730.0,11120.0,11200.0,93609.0,082270
2026-10-02,6040.0,6600.0,5950.0,6370.0,8428992.0,041190
2026-10-02,17140.0,17430.0,16740.0,16860.0,23893.0,099190
2026-10-02,21900.0,23350.0,21600.0,22750.0,223997.0,348370
2026-10-02,5040.0,5090.0,4965.0,5080.0,549946.0,025980
2026-10-02,4265.0,4365.0,4190.0,4350.0,8458484.0,069540
2026-10-02,16100.0,16440.0,16000.0,16320.0,56218.0,033500
2026-10-02,57600.0,59100.0,56400.0,59000.0,125467.0,098120
2026-10-02,37100.0,38750.0,36600.0,37750.0,45452.0,365340
2026-10-02,66900.0,67400.0,66600.0,66600.0,15882.0,086900
2026-10-02,29150.0,29600.0,27550.0,27750.0,71368.0,376900
2026-10-02,12150.0,12700.0,12000.0,12630.0,397984.0,056080
2026-10-02,18800.0,20950.0,18640.0,19630.0,2046641.0,033160
2026-10-02,12780.0,13140.0,12500.0,12870.0,543990.0,019210
2026-10-02,12200.0,13710.0,12020.0,13090.0,5138279.0,125490
2026-10-02,22500.0,24150.0,22050.0,23800.0,599457.0,290550
2026-10-02,3845.0,3980.0,3800.0,3925.0,1356799.0,027360
2026-10-02,13760.0,14950.0,13760.0,14500.0,447693.0,368770
2026-10-02,9950.0,9980.0,9530.0,9630.0,46643.0,211050
2026-10-02,5870.0,6010.0,5830.0,5910.0,143532.0,015750
2026-10-02,28100.0,30450.0,27750.0,28000.0,425090.0,089010
2026-10-02,104400.0,104400.0,102700.0,103000.0,459.0,034950
2026-10-02,19560.0,19640.0,16925.0,17080.0,1474046.0,397030
2026-10-02,37750.0,38950.0,37500.0,38000.0,23430.0,278280
2026-10-02,13030.0,13180.0,13000.0,13100.0,45903.0,460930
2026-10-02,2200.0,2270.0,2175.0,2235.0,176540.0,035890
2026-10-02,36900.0,36900.0,34050.0,34150.0,67100.0,475960
2026-10-02,43700.0,44600.0,42650.0,43350.0,111707.0,170920
2026-10-02,23200.0,23550.0,20950.0,21050.0,483428.0,475830
2026-10-02,7470.0,7780.0,7090.0,7100.0,1102360.0,187660
2026-10-02,37800.0,37900.0,37200.0,37650.0,76616.0,078340
2026-10-02,21200.0,21200.0,17860.0,19660.0,841797.0,042000
2026-10-02,22650.0,23050.0,22200.0,22550.0,109765.0,272290
2026-10-02,5010.0,5150.0,4985.0,5000.0,430343.0,336570
2026-10-02,10200.0,10480.0,10010.0,10120.0,854375.0,200470
2026-10-02,28000.0,28000.0,27400.0,27550.0,47720.0,340570
2026-10-02,18970.0,19250.0,18400.0,18550.0,79753.0,376300
2026-10-02,12730.0,12840.0,12380.0,12590.0,91831.0,018290
2026-10-02,3630.0,3740.0,3550.0,3590.0,407372.0,067630
2026-10-02,15620.0,16110.0,15400.0,15430.0,217258.0,114810
2026-10-02,14600.0,14910.0,13950.0,14030.0,605017.0,079370
2026-10-02,20150.0,20500.0,20000.0,20300.0,163158.0,486990
2026-10-02,36750.0,36900.0,36050.0,36250.0,11170.0,013030
2026-10-02,9000.0,9390.0,8950.0,9250.0,2113468.0,332570
2026-10-02,32150.0,32550.0,31200.0,32000.0,82850.0,159010
2026-10-02,18690.0,19540.0,18130.0,18460.0,878539.0,417840
2026-10-02,17580.0,17620.0,17100.0,17150.0,41008.0,030520
2026-10-02,8970.0,9510.0,8820.0,8870.0,173781.0,092190
2026-10-02,22550.0,23750.0,22300.0,22850.0,272418.0,477850
2026-10-02,36500.0,36700.0,36150.0,36250.0,22688.0,067160
2026-10-02,42300.0,42750.0,39600.0,39800.0,23352.0,241770
2026-10-02,3530.0,3660.0,3485.0,3585.0,102505.0,078130
2026-10-02,9420.0,9550.0,9320.0,9420.0,338774.0,441270
2026-10-02,30900.0,34500.0,30450.0,32200.0,1252859.0,138080
2026-10-02,29700.0,30300.0,29100.0,29500.0,150365.0,200710
2026-10-02,26450.0,26500.0,25500.0,25650.0,150157.0,039440
2026-10-02,5880.0,5900.0,5620.0,5650.0,699145.0,204620
2026-10-02,39900.0,40300.0,37800.0,38000.0,66394.0,348210
2026-10-02,32300.0,33750.0,31700.0,32300.0,278254.0,330860
2026-10-02,18200.0,18200.0,17820.0,18100.0,30462.0,095660
2026-10-02,37400.0,38150.0,37300.0,37600.0,32560.0,215200
2026-10-02,32700.0,38700.0,32100.0,34300.0,11760930.0,468670
2026-10-02,4715.0,4720.0,4600.0,4625.0,136817.0,101730
2026-10-02,57200.0,57600.0,54900.0,55200.0,15486.0,236200
2026-10-02,7960.0,8750.0,7770.0,8420.0,423120.0,036800
2026-10-02,21600.0,21650.0,20450.0,20550.0,490689.0,052710
2026-10-02,42300.0,42650.0,41350.0,42200.0,62250.0,107640
2026-10-02,9470.0,9840.0,9240.0,9660.0,66955.0,078160
2026-10-02,7320.0,7490.0,7250.0,7450.0,65160.0,025900
2026-10-02,28800.0,30400.0,28200.0,28400.0,97436.0,389470
2026-10-02,23500.0,23500.0,22500.0,23100.0,55873.0,092730
2026-10-02,4005.0,4080.0,3950.0,3990.0,376957.0,025320
2026-10-02,7700.0,8650.0,7510.0,8300.0,12513516.0,046970
2026-10-02,7250.0,7450.0,7150.0,7410.0,568446.0,006910
2026-10-02,10420.0,11060.0,10290.0,10740.0,245392.0,393890
2026-10-02,24950.0,25650.0,24150.0,25000.0,928485.0,456010
2026-10-02,11720.0,11730.0,11560.0,11650.0,85478.0,069080
2026-10-02,8640.0,8820.0,8530.0,8730.0,220349.0,060280
2026-10-02,6540.0,6560.0,6440.0,6480.0,31147.0,078020
2026-10-02,19190.0,19670.0,18840.0,19010.0,134335.0,110990
2026-10-02,17000.0,17100.0,15910.0,15910.0,749382.0,168360
2026-10-02,32200.0,32500.0,31850.0,32050.0,1960.0,003800
2026-10-02,29550.0,30000.0,29000.0,29350.0,12391.0,093520
2026-10-02,23000.0,23450.0,22600.0,22850.0,28262.0,372320
2026-10-02,55200.0,58200.0,54600.0,56900.0,55646.0,448900
2026-10-02,4475.0,4585.0,4415.0,4565.0,692487.0,064260
2026-10-02,14820.0,15220.0,14760.0,15040.0,125906.0,117730
2026-10-02,18280.0,18870.0,18050.0,18070.0,559795.0,386380
2026-10-02,15470.0,16220.0,15260.0,15440.0,458667.0,482630
2026-10-02,21750.0,22000.0,21350.0,21900.0,22855.0,455900
2026-10-02,3760.0,3780.0,3690.0,3715.0,142595.0,036620
2026-10-02,10750.0,11720.0,10500.0,11590.0,217664.0,488900
2026-10-02,23200.0,24100.0,23000.0,23750.0,364888.0,234340
2026-10-02,7700.0,7910.0,7680.0,7730.0,13606.0,121440
2026-10-02,10650.0,11070.0,10640.0,10770.0,354515.0,036200
2026-10-02,10240.0,10520.0,10000.0,10060.0,1324599.0,047920
2026-10-02,4865.0,4905.0,4650.0,4720.0,293634.0,061970
2026-10-02,2380.0,2390.0,2350.0,2370.0,289251.0,215600
2026-10-02,1126.0,1128.0,1110.0,1120.0,457307.0,018000
2026-10-02,16050.0,16140.0,15680.0,15780.0,77638.0,017890
2026-10-02,15010.0,15200.0,14690.0,14850.0,717859.0,425040
2026-10-02,31350.0,35200.0,30650.0,31700.0,5711413.0,0035S0
2026-10-02,15150.0,15680.0,14850.0,15130.0,275912.0,086390
2026-10-02,3635.0,3720.0,3430.0,3440.0,312644.0,900290
2026-10-02,3560.0,3615.0,3430.0,3450.0,1072220.0,424870
2026-10-02,16900.0,17800.0,16000.0,16610.0,6523817.0,266690
2026-10-02,8620.0,8680.0,8440.0,8460.0,73538.0,206650
2026-10-02,11120.0,11250.0,10610.0,10700.0,450561.0,446540
2026-10-02,7250.0,7600.0,7220.0,7500.0,267071.0,484590
2026-10-02,16390.0,17210.0,15460.0,15650.0,3268839.0,486510
2026-10-02,20600.0,21200.0,20400.0,20500.0,55911.0,265520
2026-10-02,35800.0,35900.0,34200.0,34200.0,30757.0,199800
2026-10-02,29400.0,29600.0,28200.0,28250.0,111628.0,160980
2026-10-02,38800.0,39300.0,36300.0,37200.0,95549.0,452430
2026-10-02,12560.0,12740.0,12060.0,12100.0,49210.0,228760
2026-10-02,22700.0,22700.0,21000.0,21150.0,72012.0,042520
2026-10-02,21600.0,22750.0,21600.0,22400.0,187472.0,091580
2026-10-02,11000.0,11400.0,10920.0,11260.0,1013755.0,042370
2026-10-02,7000.0,7000.0,6440.0,6460.0,128458.0,101930
2026-10-02,18580.0,18980.0,18480.0,18720.0,63083.0,049070
2026-10-02,42150.0,45000.0,41200.0,44100.0,98251.0,389500
2026-10-02,4450.0,4545.0,4445.0,4540.0,59479.0,035810
2026-10-02,24450.0,24500.0,24100.0,24150.0,11218.0,054950
2026-10-02,7720.0,7860.0,7720.0,7800.0,12435.0,025770
2026-10-02,2775.0,2885.0,2745.0,2830.0,3101152.0,203650
2026-10-02,25800.0,26200.0,25600.0,25750.0,20223.0,200670
2026-10-02,16760.0,16940.0,16600.0,16750.0,7093.0,092460
2026-10-02,22850.0,23100.0,22450.0,22500.0,12388.0,084110
2026-10-02,11640.0,11890.0,11500.0,11670.0,15080.0,071200
2026-10-02,5390.0,5620.0,5240.0,5430.0,502197.0,314130
2026-10-02,2660.0,2675.0,2645.0,2655.0,94707.0,136480
2026-10-02,21500.0,21500.0,20600.0,20650.0,7790.0,352480
2026-10-02,42250.0,44250.0,41600.0,43900.0,166455.0,354320
2026-10-02,10490.0,10980.0,10230.0,10590.0,225499.0,394280
2026-10-02,12740.0,13090.0,12520.0,12890.0,58139.0,378340
2026-10-02,9450.0,9480.0,9220.0,9340.0,8397.0,448280
2026-10-02,6390.0,6570.0,6320.0,6380.0,1544195.0,024840
2026-10-02,11850.0,12300.0,11520.0,11960.0,977831.0,012210
2026-10-02,14000.0,14540.0,13670.0,14340.0,970019.0,452280
2026-10-02,12850.0,13020.0,12600.0,12830.0,95634.0,094360
2026-10-02,26950.0,27450.0,26700.0,27000.0,55625.0,294570
2026-10-02,11290.0,11790.0,11160.0,11480.0,183208.0,060720
2026-10-02,18490.0,19280.0,18350.0,18650.0,155138.0,254490
2026-10-02,9800.0,9820.0,9740.0,9760.0,12209.0,035600
2026-10-02,3850.0,3985.0,3835.0,3940.0,129358.0,099440
2026-10-02,0.0,0.0,0.0,21000.0,0.0,309710
2026-10-02,18560.0,18590.0,17780.0,17890.0,18719.0,287840
2026-10-02,34000.0,35850.0,33900.0,35100.0,130210.0,073490
2026-10-02,4790.0,4830.0,4595.0,4615.0,38877.0,472850
2026-10-02,0.0,0.0,0.0,3670.0,0.0,182400
2026-10-02,16380.0,16640.0,16230.0,16570.0,28298.0,089980
2026-10-02,17960.0,17980.0,17760.0,17790.0,14008.0,043150
2026-10-02,33400.0,34450.0,32850.0,34400.0,12056.0,267980
2026-10-02,13270.0,13540.0,12740.0,12840.0,129611.0,317330
2026-10-02,21600.0,21900.0,20950.0,21000.0,13167.0,304360
2026-10-02,5180.0,5290.0,5180.0,5250.0,117190.0,091700
2026-10-02,33100.0,33400.0,31600.0,31700.0,19448.0,389650
2026-10-02,8700.0,8880.0,8010.0,8060.0,5307953.0,439960
2026-10-02,23700.0,23750.0,23200.0,23500.0,32247.0,098070
2026-10-02,4800.0,5080.0,4720.0,4910.0,553127.0,036710
2026-10-02,21550.0,21950.0,21450.0,21850.0,2623.0,051500
2026-10-02,32400.0,32850.0,31750.0,31950.0,81874.0,272110
2026-10-02,0.0,0.0,0.0,3320.0,0.0,121800
2026-10-02,28000.0,28900.0,27850.0,28550.0,15774.0,100120
2026-10-02,5310.0,5520.0,5280.0,5330.0,191235.0,151860
2026-10-02,9380.0,9430.0,9090.0,9190.0,52323.0,068930
2026-10-02,5310.0,5530.0,5280.0,5420.0,104080.0,0011T0
2026-10-02,17990.0,18150.0,16880.0,17080.0,89896.0,493280
2026-10-02,0.0,0.0,0.0,4080.0,0.0,377460
2026-10-02,33200.0,35350.0,32800.0,35000.0,14590.0,376270
2026-10-02,12830.0,13110.0,12320.0,12530.0,310446.0,112290
2026-10-02,3240.0,3320.0,3240.0,3265.0,200863.0,023410
2026-10-02,11460.0,11470.0,11320.0,11420.0,36755.0,036890
2026-10-02,15140.0,15210.0,15050.0,15150.0,49747.0,439090
2026-10-02,22800.0,23300.0,22300.0,22650.0,25977.0,445090
2026-10-02,7810.0,7980.0,7390.0,7440.0,682464.0,032580
2026-10-02,25800.0,25850.0,24300.0,24350.0,95315.0,011560
2026-10-02,18320.0,18470.0,18170.0,18290.0,12536.0,461300
2026-10-02,24950.0,24950.0,22150.0,22400.0,42686.0,484120
2026-10-02,14380.0,14380.0,14010.0,14150.0,9980.0,377450
2026-10-02,7910.0,8020.0,7840.0,7900.0,18146.0,064820
2026-10-02,4995.0,5030.0,4975.0,4985.0,24234.0,036030
2026-10-02,8940.0,9050.0,8880.0,8960.0,91130.0,108860
2026-10-02,21150.0,21850.0,21000.0,21100.0,21446.0,064850
2026-10-02,6350.0,6450.0,6130.0,6330.0,89427.0,450950
2026-10-02,11450.0,11450.0,11230.0,11360.0,21296.0,043370
2026-10-02,13090.0,13550.0,13090.0,13320.0,82641.0,389260
2026-10-02,5800.0,5850.0,5650.0,5660.0,44408.0,067390
2026-10-02,25950.0,26900.0,25800.0,26400.0,27320.0,416180
2026-10-02,3750.0,3900.0,3670.0,3815.0,280447.0,099430
2026-10-02,4250.0,4440.0,4235.0,4400.0,232917.0,298830
2026-10-02,5910.0,6050.0,5870.0,5960.0,230323.0,094480
2026-10-02,8740.0,9070.0,8690.0,8940.0,148699.0,114190
2026-10-02,17140.0,17290.0,16610.0,16850.0,95113.0,085910
2026-10-02,2450.0,2475.0,2330.0,2465.0,419236.0,115450
2026-10-02,19380.0,19590.0,19270.0,19300.0,9778.0,243070
2026-10-02,7990.0,8330.0,7950.0,8020.0,74645.0,200130
2026-10-02,25500.0,25900.0,25100.0,25250.0,5661.0,065680
2026-10-02,12190.0,13130.0,11930.0,12900.0,298043.0,083310
2026-10-02,14590.0,14810.0,14350.0,14470.0,27187.0,144510
2026-10-02,2325.0,2425.0,2285.0,2315.0,19625.0,180400
2026-10-02,41000.0,41900.0,40750.0,41500.0,24099.0,061090
2026-10-02,18660.0,19580.0,18660.0,19110.0,58259.0,475400
2026-10-02,8530.0,8620.0,8390.0,8470.0,102243.0,241520
2026-10-02,10460.0,10460.0,10100.0,10100.0,35165.0,365270
2026-10-02,5720.0,5980.0,5600.0,5820.0,235966.0,243840
2026-10-02,15810.0,16350.0,15810.0,15910.0,62366.0,190510
2026-10-02,36350.0,36350.0,35450.0,35700.0,4243.0,215000
2026-10-02,44100.0,44100.0,43300.0,43400.0,3819.0,065710
2026-10-02,3365.0,4240.0,3260.0,4215.0,4405493.0,005160
2026-10-02,5920.0,6330.0,5920.0,6000.0,85793.0,216080
2026-10-02,23800.0,23950.0,23400.0,23650.0,7891.0,0008Z0
2026-10-02,1402.0,1415.0,1399.0,1407.0,34327.0,023760
2026-10-02,8500.0,8640.0,8430.0,8570.0,84101.0,064550
2026-10-02,6810.0,7150.0,6810.0,7130.0,173416.0,095500
2026-10-02,6190.0,6670.0,6100.0,6500.0,265134.0,462350
2026-10-02,15190.0,15240.0,14900.0,14920.0,8442.0,018310
2026-10-02,2330.0,2415.0,2280.0,2305.0,1929717.0,078150
2026-10-02,7610.0,7970.0,7610.0,7800.0,99324.0,293780
2026-10-02,3035.0,3095.0,3025.0,3090.0,331138.0,045390
2026-10-02,24700.0,25150.0,24600.0,24900.0,53949.0,382900
2026-10-02,12140.0,12270.0,11930.0,12040.0,16424.0,237880
2026-10-02,8480.0,8620.0,8440.0,8530.0,38034.0,0001A0
2026-10-02,3260.0,3275.0,3145.0,3170.0,1589301.0,256840
2026-10-02,6130.0,6240.0,6040.0,6170.0,442449.0,125020
2026-10-02,11550.0,11690.0,11500.0,11610.0,28299.0,067080
2026-10-02,4415.0,4485.0,4400.0,4440.0,32455.0,019010
2026-10-02,9620.0,9770.0,9620.0,9750.0,14972.0,206640
2026-10-02,5840.0,5910.0,5700.0,5750.0,155330.0,307180
2026-10-02,2275.0,2345.0,2235.0,2245.0,210871.0,217730
2026-10-02,9270.0,9320.0,8590.0,8900.0,546706.0,340450
2026-10-02,10400.0,10530.0,10360.0,10480.0,7602.0,005710
2026-10-02,2895.0,2985.0,2885.0,2930.0,830746.0,462860
2026-10-02,6530.0,6590.0,6400.0,6400.0,36557.0,053030
2026-10-02,4490.0,4630.0,4490.0,4585.0,95440.0,014940
2026-10-02,24350.0,24450.0,23550.0,23800.0,161889.0,126730
2026-10-02,4330.0,4330.0,4215.0,4260.0,1413.0,950170
2026-10-02,17050.0,18400.0,16960.0,17000.0,1546506.0,0161M0
2026-10-02,0.0,0.0,0.0,8450.0,0.0,380540
2026-10-02,7440.0,7440.0,7240.0,7250.0,135851.0,176750
2026-10-02,16810.0,17060.0,16650.0,16730.0,12411.0,058970
2026-10-02,5130.0,5215.0,5090.0,5180.0,183806.0,053300
2026-10-02,14350.0,14570.0,13900.0,14190.0,5404.0,481070
2026-10-02,14360.0,18260.0,14120.0,17300.0,7764401.0,478340
2026-10-02,33950.0,34450.0,33950.0,34050.0,2237.0,036190
2026-10-02,15600.0,15830.0,15500.0,15680.0,27374.0,459510
2026-10-02,6300.0,6650.0,6240.0,6390.0,2048329.0,382800
2026-10-02,16490.0,17160.0,16060.0,16480.0,78242.0,405100
2026-10-02,6900.0,7050.0,6780.0,6780.0,10977.0,314930
2026-10-02,3150.0,3240.0,3125.0,3215.0,55479.0,126600
2026-10-02,11200.0,11370.0,10670.0,11100.0,385556.0,234690
2026-10-02,17740.0,18050.0,17550.0,17820.0,67063.0,199430
2026-10-02,22600.0,22800.0,21800.0,22200.0,50679.0,049430
2026-10-02,6100.0,6170.0,6010.0,6030.0,46734.0,353810
2026-10-02,15240.0,15650.0,15220.0,15410.0,66118.0,304100
2026-10-02,5230.0,5430.0,5210.0,5360.0,159217.0,452450
2026-10-02,0.0,0.0,0.0,2410.0,0.0,080720
2026-10-02,6360.0,6440.0,5910.0,6020.0,1228313.0,394800
2026-10-02,15420.0,16670.0,14980.0,16410.0,149696.0,0015G0
2026-10-02,2140.0,2140.0,2070.0,2100.0,66655.0,013120
2026-10-02,10430.0,10700.0,10330.0,10520.0,92758.0,464080
2026-10-02,15630.0,17260.0,15540.0,16660.0,157007.0,119610
2026-10-02,14000.0,14830.0,14000.0,14280.0,290455.0,230240
2026-10-02,10300.0,10490.0,10200.0,10410.0,37593.0,194700
2026-10-02,12010.0,12340.0,11970.0,12290.0,68476.0,484810
2026-10-02,14750.0,14820.0,14370.0,14400.0,58353.0,102940
2026-10-02,12000.0,12040.0,11940.0,11970.0,3807.0,036560
2026-10-02,10010.0,10120.0,9900.0,10065.0,231251.0,388050
2026-10-02,19220.0,19390.0,18760.0,18840.0,25211.0,086670
2026-10-02,10080.0,10290.0,10000.0,10080.0,58597.0,041920
2026-10-02,12590.0,14600.0,12470.0,13450.0,4292045.0,274090
2026-10-02,17400.0,17700.0,17250.0,17460.0,8574.0,143240
2026-10-02,0.0,0.0,0.0,994.0,0.0,016790
2026-10-02,5960.0,5960.0,5900.0,5930.0,8482.0,034810
2026-10-02,14600.0,14960.0,14380.0,14500.0,27500.0,308430
2026-10-02,14500.0,15020.0,13500.0,14670.0,162744.0,163730
2026-10-02,8140.0,8240.0,8100.0,8210.0,6445.0,084850
2026-10-02,19650.0,20600.0,19410.0,20350.0,140663.0,263860
2026-10-02,10400.0,10520.0,10350.0,10380.0,5459.0,052330
2026-10-02,2870.0,3115.0,2870.0,3000.0,313898.0,036170
2026-10-02,12610.0,12710.0,12370.0,12570.0,35107.0,083930
2026-10-02,25100.0,25100.0,24300.0,24500.0,2485.0,066620
2026-10-02,12270.0,12440.0,12150.0,12260.0,869468.0,024060
2026-10-02,29500.0,29700.0,29200.0,29500.0,903.0,192440
2026-10-02,7170.0,7300.0,7040.0,7120.0,58395.0,220100
2026-10-02,11980.0,12360.0,11960.0,12150.0,66721.0,094820
2026-10-02,18380.0,18390.0,17810.0,17890.0,23923.0,419530
2026-10-02,22850.0,24150.0,22550.0,23500.0,165745.0,355150
2026-10-02,5380.0,5470.0,5300.0,5390.0,332831.0,046120
2026-10-02,22750.0,23000.0,22350.0,22350.0,7530.0,042420
2026-10-02,13740.0,13980.0,13590.0,13920.0,15094.0,214180
2026-10-02,16280.0,16450.0,15840.0,15890.0,28076.0,138610
2026-10-02,16390.0,16600.0,15820.0,16100.0,81873.0,318060
2026-10-02,2960.0,3065.0,2935.0,2955.0,103816.0,082800
2026-10-02,2235.0,2655.0,2185.0,2375.0,3438637.0,088800
2026-10-02,18510.0,19925.0,17840.0,17840.0,598732.0,0010S0
2026-10-02,18460.0,18750.0,18460.0,18720.0,6575.0,108380
2026-10-02,5780.0,5940.0,5730.0,5900.0,318560.0,264850
2026-10-02,8100.0,8240.0,7950.0,8040.0,30768.0,068790
2026-10-02,2375.0,2540.0,2360.0,2435.0,845958.0,012860
2026-10-02,13310.0,13610.0,12650.0,12800.0,125540.0,187870
2026-10-02,60000.0,61900.0,60000.0,61200.0,7147.0,260970
2026-10-02,31500.0,33000.0,31500.0,32450.0,3622.0,357550
2026-10-02,12250.0,12350.0,12060.0,12290.0,22612.0,403850
2026-10-02,11430.0,11860.0,11390.0,11790.0,47108.0,126700
2026-10-02,21650.0,22400.0,21300.0,22100.0,13904.0,372170
2026-10-02,7800.0,7970.0,7740.0,7850.0,110275.0,199820
2026-10-02,30500.0,32400.0,30000.0,30350.0,108256.0,417030
2026-10-02,5360.0,5770.0,5360.0,5690.0,1471395.0,388790
2026-10-02,11730.0,13140.0,11730.0,12910.0,195293.0,051160
2026-10-02,4600.0,4660.0,4520.0,4550.0,147286.0,039860
2026-10-02,22650.0,22950.0,21650.0,21800.0,230511.0,123330
2026-10-02,13410.0,13770.0,13410.0,13640.0,25907.0,270660
2026-10-02,11520.0,12110.0,11520.0,11750.0,144345.0,264450
2026-10-02,6760.0,6850.0,6700.0,6700.0,77226.0,122990
2026-10-02,16100.0,16330.0,15800.0,16020.0,5644.0,143160
2026-10-02,14260.0,14410.0,14170.0,14230.0,1359.0,092130
2026-10-02,14280.0,14400.0,13970.0,14080.0,34040.0,194480
2026-10-02,6900.0,6990.0,6560.0,6660.0,51604.0,086820
2026-10-02,10200.0,10420.0,9850.0,9950.0,103948.0,445180
2026-10-02,14750.0,14800.0,14080.0,14800.0,74548.0,092070
2026-10-02,6720.0,6910.0,6680.0,6760.0,124598.0,054210
2026-10-02,16020.0,16420.0,15580.0,15850.0,28981.0,039830
2026-10-02,5150.0,5230.0,5070.0,5200.0,194774.0,013990
2026-10-02,12600.0,13050.0,12310.0,12430.0,94485.0,149950
2026-10-02,13090.0,13090.0,12640.0,12770.0,33257.0,0082N0
2026-10-02,7260.0,7450.0,7150.0,7260.0,178735.0,049630
2026-10-02,12140.0,12340.0,11690.0,11930.0,239791.0,432720
2026-10-02,1151.0,1180.0,1124.0,1129.0,1177247.0,255220
2026-10-02,6950.0,6990.0,6360.0,6360.0,185236.0,119830
2026-10-02,11500.0,11600.0,11370.0,11440.0,20802.0,489460
2026-10-02,5090.0,5490.0,5020.0,5260.0,125357.0,418550
2026-10-02,3825.0,3825.0,3615.0,3670.0,226760.0,084990
2026-10-02,9050.0,9520.0,8890.0,9370.0,193651.0,251370
2026-10-02,6050.0,6050.0,5950.0,6020.0,41984.0,123410
2026-10-02,3205.0,3230.0,3190.0,3195.0,23974.0,032620
2026-10-02,0.0,0.0,0.0,741.0,0.0,245620
2026-10-02,9040.0,9430.0,8960.0,9190.0,305531.0,032940
2026-10-02,28450.0,30400.0,28300.0,29250.0,42034.0,474650
2026-10-02,14990.0,15680.0,14850.0,15340.0,704703.0,488280
2026-10-02,2950.0,3010.0,2940.0,2965.0,1237378.0,067290
2026-10-02,9920.0,10010.0,9910.0,9940.0,11029.0,038390
2026-10-02,2800.0,2845.0,2725.0,2745.0,583160.0,289080
2026-10-02,7230.0,7230.0,7000.0,7090.0,186646.0,051370
2026-10-02,1811.0,1829.0,1799.0,1808.0,47530.0,104480
2026-10-02,3140.0,3270.0,2950.0,3075.0,1073745.0,290690
2026-10-02,6100.0,6480.0,6050.0,6140.0,4995282.0,396300
2026-10-02,3005.0,3045.0,2975.0,3020.0,173298.0,475040
2026-10-02,8260.0,8260.0,8110.0,8160.0,16897.0,950140
2026-10-02,12740.0,13130.0,12740.0,12950.0,12526.0,402030
2026-10-02,2800.0,2885.0,2790.0,2820.0,2176238.0,267320
2026-10-02,2895.0,2925.0,2860.0,2880.0,30550.0,204610
2026-10-02,14960.0,15260.0,14760.0,14940.0,69550.0,226590
2026-10-02,0.0,0.0,0.0,1153.0,0.0,066410
2026-10-02,3130.0,3215.0,3130.0,3185.0,146383.0,041020
2026-10-02,8440.0,8460.0,8200.0,8230.0,2679.0,093190
2026-10-02,10380.0,10650.0,10300.0,10450.0,81977.0,054450
2026-10-02,13190.0,13200.0,12960.0,13050.0,4881.0,123860
2026-10-02,12990.0,13100.0,12630.0,12830.0,18528.0,041520
2026-10-02,8710.0,8930.0,8610.0,8840.0,100404.0,101360
2026-10-02,3880.0,3970.0,3770.0,3845.0,35705.0,086890
2026-10-02,13380.0,13380.0,13110.0,13110.0,9879.0,072870
2026-10-02,26350.0,26350.0,25900.0,26000.0,10664.0,023910
2026-10-02,8840.0,9110.0,8640.0,8760.0,404129.0,102120
2026-10-02,24750.0,24950.0,24200.0,24300.0,29470.0,489500
2026-10-02,26450.0,26450.0,26000.0,26250.0,3461.0,067280
2026-10-02,8880.0,9420.0,8840.0,9140.0,42501.0,078070
2026-10-02,8250.0,8400.0,8150.0,8190.0,37919.0,080160
2026-10-02,5010.0,5050.0,5000.0,5020.0,7001.0,011040
2026-10-02,4715.0,4740.0,4600.0,4705.0,15678.0,093640
2026-10-02,6410.0,6470.0,6260.0,6280.0,31059.0,118990
2026-10-02,1843.0,1843.0,1792.0,1840.0,42895.0,205500
2026-10-02,4740.0,4910.0,4680.0,4795.0,213952.0,220260
2026-10-02,16500.0,16850.0,16220.0,16390.0,148591.0,322310
2026-10-02,10580.0,11940.0,10380.0,11330.0,768402.0,212560
2026-10-02,4745.0,5060.0,4700.0,4925.0,597420.0,351320
2026-10-02,4575.0,4575.0,4220.0,4325.0,45498.0,024800
2026-10-02,4140.0,4265.0,4115.0,4150.0,471817.0,413630
2026-10-02,4670.0,4770.0,4640.0,4640.0,22525.0,179290
2026-10-02,14820.0,14820.0,14430.0,14590.0,3083.0,054800
2026-10-02,9150.0,9280.0,9000.0,9130.0,18184.0,300080
2026-10-02,5160.0,5340.0,5000.0,5020.0,1340042.0,052260
2026-10-02,15190.0,15380.0,14850.0,15000.0,8238.0,065660
2026-10-02,9940.0,10000.0,9910.0,9940.0,4148.0,007330
2026-10-02,7990.0,8150.0,7900.0,8040.0,375619.0,0039P0
2026-10-02,10620.0,10710.0,9710.0,9710.0,122346.0,494120
2026-10-02,19000.0,19000.0,18430.0,18470.0,57968.0,0007C0
2026-10-02,15400.0,15700.0,15300.0,15640.0,9783.0,049960
2026-10-02,15050.0,15180.0,14825.0,15100.0,37646.0,264660
2026-10-02,4040.0,4050.0,4025.0,4030.0,11092.0,046440
2026-10-02,4055.0,4220.0,3930.0,4095.0,990828.0,950250
2026-10-02,8400.0,9440.0,8340.0,8810.0,710816.0,451760
2026-10-02,7150.0,7300.0,7100.0,7280.0,170506.0,147830
2026-10-02,7740.0,7970.0,7620.0,7910.0,504519.0,059120
2026-10-02,6170.0,6370.0,6060.0,6070.0,1281550.0,452190
2026-10-02,11100.0,11500.0,11100.0,11350.0,18352.0,146320
2026-10-02,13270.0,13470.0,13190.0,13270.0,6898.0,069510
2026-10-02,11000.0,11280.0,10780.0,10880.0,96403.0,232680
2026-10-02,19100.0,19600.0,18650.0,18890.0,426722.0,387690
2026-10-02,9020.0,9050.0,8900.0,8970.0,8927.0,023600
2026-10-02,9560.0,10000.0,9380.0,9730.0,3003.0,101970
2026-10-02,9190.0,9630.0,9150.0,9500.0,113147.0,211270
2026-10-02,4090.0,4090.0,3970.0,4020.0,50787.0,148150
2026-10-02,9600.0,9640.0,9480.0,9610.0,3339.0,115310
2026-10-02,10680.0,10690.0,10430.0,10690.0,1163.0,005990
2026-10-02,8450.0,8880.0,8250.0,8830.0,49994.0,105330
2026-10-02,14730.0,14800.0,14110.0,14250.0,97181.0,0088M0
2026-10-02,2970.0,2975.0,2820.0,2860.0,150622.0,134580
2026-10-02,4810.0,5070.0,4755.0,4960.0,1296037.0,054920
2026-10-02,4320.0,4465.0,4260.0,4280.0,319965.0,417500
2026-10-02,8630.0,8630.0,8250.0,8430.0,56579.0,228850
2026-10-02,1589.0,1610.0,1581.0,1591.0,58174.0,048870
2026-10-02,15700.0,15980.0,15600.0,15680.0,33194.0,469610
2026-10-02,6820.0,7090.0,6690.0,6910.0,55245.0,256940
2026-10-02,3590.0,3710.0,3570.0,3670.0,323442.0,047770
2026-10-02,8320.0,8490.0,8280.0,8340.0,10828.0,114840
2026-10-02,6260.0,6490.0,6200.0,6210.0,95681.0,156100
2026-10-02,12180.0,12300.0,12030.0,12110.0,12424.0,089600
2026-10-02,16590.0,18210.0,16580.0,17110.0,9196379.0,072950
2026-10-02,3845.0,3955.0,3820.0,3950.0,395060.0,126640
2026-10-02,10650.0,10930.0,10550.0,10740.0,72995.0,140670
2026-10-02,6680.0,6800.0,6630.0,6660.0,153787.0,142210
2026-10-02,4935.0,4940.0,4485.0,4560.0,211022.0,321550
2026-10-02,2910.0,3005.0,2910.0,3005.0,28121.0,060150
2026-10-02,8180.0,8250.0,7950.0,8060.0,208901.0,402490
2026-10-02,7690.0,7800.0,7550.0,7620.0,24258.0,052860
2026-10-02,20550.0,20800.0,20450.0,20600.0,3607.0,003100
2026-10-02,12690.0,12690.0,12420.0,12520.0,13323.0,038290
2026-10-02,4910.0,5110.0,4850.0,4990.0,80675.0,297090
2026-10-02,6600.0,6810.0,6560.0,6790.0,60052.0,037070
2026-10-02,6210.0,6940.0,6210.0,6710.0,447984.0,417010
2026-10-02,10580.0,10690.0,9880.0,10090.0,306264.0,039840
2026-10-02,12110.0,12110.0,10600.0,10880.0,112001.0,042600
2026-10-02,7320.0,7500.0,7140.0,7210.0,408523.0,053260
2026-10-02,5440.0,5560.0,5410.0,5470.0,479162.0,158430
2026-10-02,13280.0,14040.0,13200.0,13780.0,43106.0,361390
2026-10-02,14210.0,14910.0,14120.0,14900.0,113034.0,172670
2026-10-02,12230.0,12830.0,12230.0,12610.0,45866.0,285490
2026-10-02,6410.0,6430.0,6240.0,6350.0,95268.0,240550
2026-10-02,3290.0,3355.0,3265.0,3315.0,129343.0,073010
2026-10-02,5210.0,5240.0,5100.0,5170.0,66088.0,322510
2026-10-02,4950.0,4950.0,4855.0,4860.0,13789.0,035610
2026-10-02,10600.0,11050.0,10500.0,10940.0,65256.0,141000
2026-10-02,11080.0,11840.0,10900.0,11240.0,117699.0,282880
2026-10-02,1733.0,1911.0,1723.0,1875.0,7690117.0,321370
2026-10-02,7470.0,7610.0,7400.0,7420.0,186299.0,265740
2026-10-02,8530.0,8700.0,8430.0,8570.0,17731.0,338840
2026-10-02,0.0,0.0,0.0,14130.0,0.0,457550
2026-10-02,7050.0,7500.0,7050.0,7460.0,60226.0,009780
2026-10-02,2840.0,3065.0,2840.0,3040.0,42842.0,408920
2026-10-02,8790.0,8850.0,8460.0,8610.0,100102.0,071280
2026-10-02,10660.0,10780.0,10660.0,10700.0,4401.0,136540
2026-10-02,7090.0,7400.0,7030.0,7330.0,76875.0,474170
2026-10-02,12300.0,13280.0,12010.0,12120.0,2763728.0,115440
2026-10-02,13300.0,13490.0,13000.0,13300.0,12287.0,094840
2026-10-02,4300.0,4450.0,4220.0,4235.0,116742.0,418420
2026-10-02,9120.0,9160.0,9080.0,9130.0,8167.0,049720
2026-10-02,6710.0,6780.0,6200.0,6260.0,551045.0,222040
2026-10-02,10100.0,10180.0,9910.0,9910.0,27323.0,001540
2026-10-02,11530.0,11630.0,11450.0,11500.0,10240.0,035080
2026-10-02,10620.0,10760.0,10550.0,10670.0,141275.0,115500
2026-10-02,16960.0,17230.0,16800.0,16900.0,10609.0,079960
2026-10-02,8360.0,8650.0,8300.0,8370.0,243605.0,037350
2026-10-02,2350.0,2395.0,2330.0,2355.0,151673.0,307750
2026-10-02,11190.0,11490.0,10960.0,11430.0,248048.0,042510
2026-10-02,1530.0,1530.0,1430.0,1431.0,1264060.0,138360
2026-10-02,10610.0,10860.0,10040.0,10080.0,211880.0,0015N0
2026-10-02,9740.0,9780.0,9590.0,9720.0,14022.0,950190
2026-10-02,2805.0,2875.0,2750.0,2770.0,75367.0,095700
2026-10-02,0.0,0.0,0.0,2885.0,0.0,036690
2026-10-02,8310.0,8810.0,8190.0,8650.0,155333.0,474610
2026-10-02,2615.0,3120.0,2600.0,2935.0,2443304.0,039560
2026-10-02,1565.0,1565.0,1551.0,1565.0,323.0,080420
2026-10-02,1113.0,1121.0,1111.0,1117.0,65183.0,027710
2026-10-02,9250.0,9800.0,9200.0,9540.0,84613.0,053080
2026-10-02,15440.0,15650.0,15290.0,15490.0,38232.0,299030
2026-10-02,2260.0,2355.0,2235.0,2330.0,159901.0,166480
2026-10-02,0.0,0.0,0.0,1190.0,0.0,056090
2026-10-02,3300.0,3345.0,3230.0,3250.0,112719.0,108230
2026-10-02,6390.0,6450.0,6330.0,6390.0,148657.0,008830
2026-10-02,1848.0,1874.0,1848.0,1863.0,16550.0,095190
2026-10-02,9940.0,10190.0,9740.0,9940.0,127659.0,259630
2026-10-02,1650.0,1687.0,1644.0,1660.0,177655.0,297890
2026-10-02,1289.0,1295.0,1269.0,1277.0,150318.0,293580
2026-10-02,14760.0,14950.0,14410.0,14530.0,52325.0,083500
2026-10-02,5780.0,5780.0,5580.0,5610.0,5218.0,021320
2026-10-02,3905.0,3975.0,3875.0,3905.0,128180.0,333430
2026-10-02,3230.0,3315.0,3200.0,3265.0,128291.0,047310
2026-10-02,7800.0,7950.0,7750.0,7830.0,165857.0,017510
2026-10-02,5850.0,6020.0,5700.0,5830.0,40715.0,308080
2026-10-02,8500.0,8870.0,8420.0,8770.0,36690.0,101170
2026-10-02,6620.0,6680.0,6580.0,6610.0,46403.0,041440
2026-10-02,3670.0,4340.0,3630.0,4120.0,6056080.0,209640
2026-10-02,16100.0,17470.0,15970.0,16940.0,154613.0,389020
2026-10-02,8260.0,8420.0,7980.0,8280.0,231720.0,338220
2026-10-02,10080.0,10520.0,9930.0,10520.0,34741.0,331920
2026-10-02,2990.0,2995.0,2950.0,2970.0,8497.0,336680
2026-10-02,0.0,0.0,0.0,2370.0,0.0,041590
2026-10-02,6890.0,7330.0,6770.0,7140.0,146965.0,129920
2026-10-02,7720.0,7760.0,7600.0,7690.0,9766.0,458650
2026-10-02,7150.0,7330.0,7090.0,7150.0,121826.0,396470
2026-10-02,3730.0,3770.0,3690.0,3735.0,55822.0,049520
2026-10-02,7250.0,7280.0,7160.0,7160.0,9916.0,054050
2026-10-02,3300.0,3420.0,3240.0,3310.0,362661.0,242040
2026-10-02,2375.0,2425.0,2350.0,2410.0,254086.0,217820
2026-10-02,2130.0,2220.0,2115.0,2200.0,312690.0,310200
2026-10-02,3880.0,3925.0,3880.0,3915.0,20377.0,067990
2026-10-02,10700.0,10740.0,9460.0,10230.0,179651.0,051980
2026-10-02,4800.0,4870.0,4600.0,4712.0,288414.0,443670
2026-10-02,3325.0,3330.0,3270.0,3315.0,5738.0,063570
2026-10-02,3010.0,3140.0,2940.0,2975.0,80285.0,290720
2026-10-02,9730.0,9810.0,9340.0,9400.0,170661.0,153890
2026-10-02,11820.0,11820.0,11130.0,11150.0,29223.0,290740
2026-10-02,10310.0,10420.0,10180.0,10320.0,12790.0,473980
2026-10-02,2575.0,2575.0,2480.0,2505.0,30598.0,122450
2026-10-02,8600.0,8920.0,8480.0,8550.0,97033.0,255440
2026-10-02,3865.0,4535.0,3835.0,4065.0,7671043.0,097800
2026-10-02,5680.0,6080.0,5540.0,5590.0,882305.0,079650
2026-10-02,11980.0,11980.0,11690.0,11920.0,5703.0,051360
2026-10-02,11480.0,12030.0,11200.0,11870.0,210172.0,0011A0
2026-10-02,3455.0,3455.0,3355.0,3385.0,577471.0,201490
2026-10-02,16890.0,16890.0,16680.0,16790.0,179.0,018120
2026-10-02,10250.0,10980.0,10140.0,10960.0,811928.0,105740
2026-10-02,1412.0,1466.0,1412.0,1429.0,82098.0,334970
2026-10-02,6270.0,6460.0,6200.0,6260.0,72542.0,131030
2026-10-02,8150.0,8380.0,8030.0,8350.0,99848.0,036010
2026-10-02,4930.0,4945.0,4900.0,4900.0,15285.0,090850
2026-10-02,9060.0,9170.0,8690.0,8780.0,32138.0,311320
2026-10-02,8190.0,8550.0,8140.0,8370.0,64145.0,289930
2026-10-02,9750.0,10110.0,9450.0,10080.0,78029.0,475230
2026-10-02,2285.0,2335.0,2260.0,2295.0,85699.0,040300
2026-10-02,2310.0,2360.0,2265.0,2285.0,121263.0,246710
2026-10-02,2945.0,3065.0,2895.0,2955.0,230695.0,317770
2026-10-02,2360.0,2410.0,2360.0,2385.0,18707.0,217270
2026-10-02,1769.0,1769.0,1731.0,1734.0,57916.0,086980
2026-10-02,14100.0,14100.0,12140.0,13460.0,2194417.0,136150
2026-10-02,5980.0,5980.0,5850.0,5930.0,16745.0,067900
2026-10-02,6330.0,6670.0,6270.0,6560.0,210036.0,125210
2026-10-02,4950.0,6250.0,4940.0,6250.0,3895331.0,100590
2026-10-02,10010.0,10200.0,9960.0,10060.0,23002.0,106190
2026-10-02,8340.0,8600.0,8000.0,8120.0,187903.0,217190
2026-10-02,4890.0,4900.0,4820.0,4855.0,3102.0,039340
2026-10-02,3925.0,4010.0,3920.0,4000.0,110474.0,053700
2026-10-02,6850.0,6970.0,6830.0,6880.0,25389.0,130580
2026-10-02,2400.0,2400.0,2355.0,2370.0,8162.0,339950
2026-10-02,14940.0,14950.0,14650.0,14790.0,2907.0,120240
2026-10-02,7570.0,7900.0,7570.0,7590.0,2737.0,036630
2026-10-02,6820.0,7470.0,6520.0,7270.0,745323.0,412350
2026-10-02,2165.0,2270.0,2130.0,2215.0,325692.0,306620
2026-10-02,4665.0,4850.0,4665.0,4790.0,50644.0,053350
2026-10-02,13030.0,13260.0,12560.0,13230.0,15350.0,453450
2026-10-02,1806.0,1864.0,1800.0,1829.0,1194064.0,419050
2026-10-02,6690.0,6920.0,6550.0,6870.0,385137.0,411080
2026-10-02,1501.0,1517.0,1500.0,1510.0,38991.0,073560
2026-10-02,3760.0,4230.0,3745.0,4055.0,1049022.0,037030
2026-10-02,1887.0,1931.0,1863.0,1871.0,5278.0,038540
2026-10-02,1670.0,1670.0,1616.0,1657.0,67209.0,123040
2026-10-02,1710.0,1753.0,1650.0,1666.0,75379.0,175250
2026-10-02,4090.0,4140.0,3955.0,3995.0,8239.0,109740
2026-10-02,17600.0,20000.0,16400.0,17460.0,543047.0,109670
2026-10-02,2900.0,2900.0,2740.0,2775.0,261544.0,091440
2026-10-02,7450.0,7620.0,7370.0,7470.0,50753.0,475580
2026-10-02,3015.0,3115.0,2965.0,2975.0,52381.0,235980
2026-10-02,10600.0,10990.0,10500.0,10820.0,178427.0,189330
2026-10-02,12110.0,12700.0,11920.0,12550.0,43403.0,493330
2026-10-02,3175.0,3300.0,3100.0,3135.0,172754.0,250060
2026-10-02,7600.0,7750.0,7490.0,7730.0,65671.0,173130
2026-10-02,2075.0,2125.0,2070.0,2100.0,82564.0,021080
2026-10-02,2300.0,2315.0,2285.0,2300.0,49900.0,100700
2026-10-02,11370.0,11470.0,11250.0,11430.0,25933.0,049950
2026-10-02,2325.0,2375.0,2315.0,2350.0,347548.0,086960
2026-10-02,3850.0,3895.0,3755.0,3830.0,58207.0,045970
2026-10-02,1015.0,1051.0,1010.0,1032.0,247381.0,048550
2026-10-02,3555.0,3585.0,3510.0,3515.0,26092.0,006620
2026-10-02,2920.0,3030.0,2910.0,2955.0,408403.0,439580
2026-10-02,4280.0,4335.0,4235.0,4305.0,28877.0,309960
2026-10-02,5590.0,5830.0,5560.0,5700.0,104604.0,088130
2026-10-02,4310.0,4385.0,4255.0,4285.0,40395.0,323990
2026-10-02,3670.0,3685.0,3575.0,3650.0,51626.0,059210
2026-10-02,7210.0,7330.0,7190.0,7300.0,26692.0,099750
2026-10-02,0.0,0.0,0.0,6070.0,0.0,246720
2026-10-02,6550.0,6550.0,6300.0,6380.0,8674.0,182360
2026-10-02,3530.0,3540.0,3335.0,3410.0,282341.0,261780
2026-10-02,4500.0,4500.0,4365.0,4380.0,12096.0,366030
2026-10-02,6380.0,6460.0,6300.0,6330.0,19334.0,307930
2026-10-02,4675.0,4675.0,4370.0,4595.0,180531.0,322180
2026-10-02,3695.0,3695.0,3615.0,3675.0,20670.0,352090
2026-10-02,5620.0,5640.0,5480.0,5550.0,19792.0,063170
2026-10-02,5470.0,5870.0,5420.0,5760.0,55792.0,091120
2026-10-02,6640.0,6770.0,6520.0,6770.0,66521.0,298540
2026-10-02,3160.0,3385.0,2980.0,3220.0,2827597.0,0017J0
2026-10-02,0.0,0.0,0.0,2205.0,0.0,066790
2026-10-02,7900.0,8110.0,7800.0,7950.0,78697.0,380550
2026-10-02,3220.0,3240.0,3120.0,3135.0,66916.0,187790
2026-10-02,1453.0,1485.0,1431.0,1435.0,280065.0,205100
2026-10-02,0.0,0.0,0.0,2530.0,0.0,068240
2026-10-02,9770.0,9940.0,9670.0,9800.0,14871.0,348350
2026-10-02,5180.0,5360.0,5180.0,5190.0,44453.0,002230
2026-10-02,7260.0,7340.0,7200.0,7240.0,24056.0,330350
2026-10-02,9390.0,9500.0,8660.0,8720.0,65964.0,394420
2026-10-02,7500.0,9500.0,7460.0,8660.0,1912474.0,032300
2026-10-02,9740.0,9850.0,9670.0,9760.0,12598.0,052420
2026-10-02,0.0,0.0,0.0,10800.0,0.0,017650
2026-10-02,6400.0,6600.0,6240.0,6530.0,148504.0,052460
2026-10-02,4220.0,4260.0,4205.0,4245.0,66874.0,042500
2026-10-02,1565.0,1611.0,1531.0,1552.0,321922.0,198440
2026-10-02,1792.0,1798.0,1729.0,1730.0,760376.0,357880
2026-10-02,8300.0,8450.0,7890.0,7960.0,409198.0,357580
2026-10-02,7580.0,7870.0,7540.0,7770.0,19809.0,282720
2026-10-02,6950.0,7470.0,6910.0,7200.0,201755.0,054540
2026-10-02,1252.0,1266.0,1211.0,1215.0,962624.0,052900
2026-10-02,2330.0,2370.0,2330.0,2365.0,71147.0,005860
2026-10-02,1042.0,1050.0,1032.0,1041.0,23865.0,074430
2026-10-02,1507.0,1716.0,1489.0,1716.0,1527953.0,100130
2026-10-02,1888.0,1916.0,1876.0,1892.0,38919.0,109610
2026-10-02,3050.0,3175.0,3045.0,3115.0,856234.0,065450
2026-10-02,7670.0,7840.0,7580.0,7780.0,28800.0,047560
2026-10-02,6420.0,6540.0,6410.0,6420.0,15499.0,036220
2026-10-02,5850.0,5860.0,5830.0,5845.0,2702.0,040420
2026-10-02,7200.0,7430.0,7120.0,7270.0,4428.0,023900
2026-10-02,5300.0,5390.0,5240.0,5330.0,14891.0,033560
2026-10-02,10350.0,11020.0,10280.0,10380.0,124976.0,432470
2026-10-02,1235.0,1235.0,1200.0,1217.0,213131.0,307870
2026-10-02,6980.0,7070.0,6950.0,7000.0,11682.0,053580
2026-10-02,3460.0,3940.0,3410.0,3685.0,1059676.0,085670
2026-10-02,2910.0,3050.0,2895.0,2995.0,1312140.0,062970
2026-10-02,3620.0,3760.0,3500.0,3655.0,414862.0,223250
2026-10-02,2850.0,2935.0,2740.0,2810.0,1485544.0,303810
2026-10-02,3875.0,4000.0,3745.0,3810.0,419596.0,234030
2026-10-02,2300.0,2335.0,2295.0,2320.0,48229.0,066590
2026-10-02,11300.0,11820.0,11190.0,11670.0,11919.0,044990
2026-10-02,2295.0,2340.0,2285.0,2310.0,60713.0,013310
2026-10-02,4800.0,4825.0,4760.0,4790.0,6094.0,093920
2026-10-02,7220.0,7290.0,7030.0,7120.0,38571.0,048910
2026-10-02,1938.0,1955.0,1856.0,1937.0,3645.0,900260
2026-10-02,11090.0,11160.0,10840.0,10980.0,214765.0,457370
2026-10-02,2600.0,2620.0,2470.0,2600.0,120275.0,246960
2026-10-02,13760.0,14100.0,13680.0,13900.0,573.0,009300
2026-10-02,3270.0,3290.0,3205.0,3240.0,67998.0,234300
2026-10-02,2890.0,2905.0,2820.0,2855.0,35712.0,048530
2026-10-02,2150.0,2165.0,2125.0,2125.0,13311.0,357230
2026-10-02,4195.0,4215.0,4130.0,4180.0,26648.0,362320
2026-10-02,4545.0,4770.0,4535.0,4690.0,87130.0,078890
2026-10-02,8480.0,8480.0,8420.0,8440.0,3927.0,096240
2026-10-02,2330.0,2375.0,2310.0,2330.0,32505.0,140070
2026-10-02,2115.0,2115.0,2050.0,2080.0,433941.0,162300
2026-10-02,3495.0,3495.0,3325.0,3335.0,17928.0,478560
2026-10-02,3630.0,3780.0,3460.0,3715.0,137872.0,101330
2026-10-02,3580.0,3725.0,3295.0,3420.0,60754.0,192410
2026-10-02,1518.0,1531.0,1507.0,1528.0,5186.0,033290
2026-10-02,8620.0,8760.0,8490.0,8510.0,273062.0,014950
2026-10-02,4060.0,4200.0,4060.0,4150.0,54034.0,226400
2026-10-02,9320.0,9340.0,9270.0,9310.0,13031.0,004650
2026-10-02,4105.0,4265.0,4030.0,4200.0,86293.0,215100
2026-10-02,1225.0,1238.0,1186.0,1218.0,637936.0,067000
2026-10-02,9940.0,10120.0,9750.0,9810.0,20379.0,251120
2026-10-02,6870.0,6970.0,6870.0,6960.0,5408.0,086710
2026-10-02,2040.0,2080.0,2035.0,2055.0,105829.0,038110
2026-10-02,4390.0,5690.0,4335.0,5690.0,1681465.0,006140
2026-10-02,10010.0,10230.0,9980.0,10060.0,17691.0,025950
2026-10-02,7100.0,7100.0,6880.0,6890.0,4565.0,263720
2026-10-02,9200.0,9200.0,9090.0,9100.0,4554.0,072020
2026-10-02,4980.0,5730.0,4975.0,5240.0,6272211.0,263600
2026-10-02,0.0,0.0,0.0,1009.0,0.0,049180
2026-10-02,7680.0,7730.0,7550.0,7580.0,15378.0,078140
2026-10-02,0.0,0.0,0.0,990.0,0.0,183490
2026-10-02,4555.0,4615.0,4555.0,4590.0,7676.0,330730
2026-10-02,1517.0,1600.0,1503.0,1567.0,139490.0,094860
2026-10-02,0.0,0.0,0.0,562.0,0.0,058820
2026-10-02,2445.0,2475.0,2415.0,2475.0,124531.0,037760
2026-10-02,2270.0,2295.0,2210.0,2240.0,20042.0,066700
2026-10-02,3075.0,3180.0,3070.0,3125.0,110773.0,294630
2026-10-02,1371.0,1404.0,1371.0,1383.0,21224.0,029480
2026-10-02,3485.0,3600.0,3485.0,3545.0,64505.0,007820
2026-10-02,9620.0,10170.0,9600.0,10050.0,18034.0,360070
2026-10-02,1673.0,1684.0,1635.0,1638.0,357388.0,365330
2026-10-02,1966.0,1973.0,1870.0,1906.0,103317.0,185490
2026-10-02,5180.0,5440.0,5170.0,5370.0,71909.0,382840
2026-10-02,12500.0,12610.0,12370.0,12430.0,10641.0,063080
2026-10-02,6140.0,6300.0,6140.0,6250.0,45823.0,381620
2026-10-02,1518.0,1541.0,1500.0,1514.0,184316.0,066980
2026-10-02,9840.0,10080.0,9585.0,9590.0,436700.0,049080
2026-10-02,2090.0,2140.0,2025.0,2070.0,152812.0,389030
2026-10-02,9790.0,11360.0,9710.0,10140.0,270702.0,323350
2026-10-02,2495.0,2555.0,2420.0,2465.0,435316.0,396270
2026-10-02,4505.0,4570.0,3520.0,4180.0,1022594.0,123010
2026-10-02,0.0,0.0,0.0,3935.0,0.0,412540
2026-10-02,2890.0,3150.0,2880.0,3015.0,98543.0,104040
2026-10-02,8000.0,8330.0,7950.0,8170.0,47815.0,0015S0
2026-10-02,4950.0,4950.0,4900.0,4920.0,14715.0,036640
2026-10-02,2045.0,2080.0,2040.0,2055.0,160775.0,066430
2026-10-02,5590.0,5770.0,5470.0,5650.0,21119.0,389140
2026-10-02,4450.0,4520.0,4425.0,4490.0,100310.0,475430
2026-10-02,8360.0,8720.0,8360.0,8650.0,82180.0,066310
2026-10-02,3390.0,3390.0,3255.0,3342.0,222796.0,142280
2026-10-02,5555.0,5650.0,5470.0,5590.0,16461.0,054670
2026-10-02,2075.0,2195.0,2050.0,2150.0,99206.0,331380
2026-10-02,3610.0,3730.0,3450.0,3675.0,65756.0,079810
2026-10-02,3880.0,3995.0,3840.0,3955.0,82700.0,024880
2026-10-02,5550.0,5640.0,5510.0,5550.0,45645.0,0117P0
2026-10-02,3790.0,3810.0,3600.0,3790.0,6368.0,032540
2026-10-02,9370.0,9380.0,9200.0,9240.0,15037.0,418470
2026-10-02,1500.0,1500.0,1475.0,1485.0,41229.0,131370
2026-10-02,2670.0,2700.0,2605.0,2605.0,4779.0,302550
2026-10-02,3490.0,3610.0,3490.0,3550.0,25994.0,137950
2026-10-02,5140.0,5250.0,5140.0,5230.0,12626.0,004590
2026-10-02,5990.0,5990.0,5650.0,5910.0,2955.0,058400
2026-10-02,2680.0,3065.0,2655.0,2860.0,2387326.0,067170
2026-10-02,13440.0,14250.0,13300.0,13790.0,29052.0,107600
2026-10-02,4000.0,4120.0,3860.0,3900.0,181386.0,147760
2026-10-02,12580.0,12610.0,12350.0,12490.0,11740.0,000440
2026-10-02,6120.0,6180.0,5950.0,6010.0,43802.0,388870
2026-10-02,3200.0,3230.0,3160.0,3175.0,4272.0,047820
2026-10-02,4615.0,4675.0,4500.0,4550.0,11389.0,149980
2026-10-02,6440.0,6560.0,6420.0,6440.0,31030.0,012790
2026-10-02,8240.0,8290.0,8130.0,8220.0,4664.0,088390
2026-10-02,6940.0,7010.0,6860.0,6950.0,4430.0,084730
2026-10-02,6980.0,7100.0,6980.0,7100.0,45827.0,065510
2026-10-02,7860.0,7930.0,7710.0,7800.0,68017.0,302430
2026-10-02,4570.0,4640.0,4530.0,4590.0,87910.0,253840
2026-10-02,2135.0,2135.0,2085.0,2110.0,6020.0,225530
2026-10-02,10600.0,10600.0,9680.0,9710.0,215290.0,0007J0
2026-10-02,6170.0,6170.0,5900.0,5960.0,32452.0,303360
2026-10-02,2345.0,2405.0,2345.0,2400.0,13830.0,168330
2026-10-02,2190.0,2200.0,2120.0,2170.0,44803.0,950130
2026-10-02,5020.0,5040.0,4980.0,5020.0,7785.0,041930
2026-10-02,3755.0,3925.0,3755.0,3865.0,45793.0,038680
2026-10-02,4615.0,4780.0,4565.0,4695.0,95449.0,263800
2026-10-02,0.0,0.0,0.0,654.0,0.0,073640
2026-10-02,4050.0,4140.0,4030.0,4050.0,32634.0,058630
2026-10-02,2335.0,2495.0,2245.0,2495.0,115483.0,291650
2026-10-02,1957.0,1974.0,1953.0,1969.0,6857.0,124560
2026-10-02,2910.0,2920.0,2880.0,2905.0,12844.0,012700
2026-10-02,4830.0,4945.0,4820.0,4930.0,23064.0,170030
2026-10-02,3725.0,3750.0,3710.0,3740.0,15628.0,011370
2026-10-02,4150.0,4350.0,4100.0,4150.0,15791.0,040910
2026-10-02,7250.0,7380.0,7210.0,7370.0,6172.0,451250
2026-10-02,4700.0,4805.0,4670.0,4715.0,9333.0,030960
2026-10-02,2910.0,2940.0,2860.0,2910.0,12936.0,102370
2026-10-02,3900.0,4025.0,3845.0,3910.0,24242.0,011320
2026-10-02,3280.0,3410.0,3210.0,3210.0,95630.0,217330
2026-10-02,923.0,930.0,908.0,925.0,317021.0,019550
2026-10-02,6340.0,6650.0,6340.0,6600.0,14704.0,413390
2026-10-02,5780.0,5780.0,5600.0,5710.0,39957.0,010280
2026-10-02,3085.0,3125.0,3070.0,3075.0,14130.0,060590
2026-10-02,3695.0,3755.0,3650.0,3745.0,30331.0,277880
2026-10-02,6240.0,6390.0,6020.0,6200.0,6767.0,040160
2026-10-02,2250.0,2275.0,2245.0,2260.0,22926.0,208140
2026-10-02,1860.0,1950.0,1840.0,1950.0,121944.0,347000
2026-10-02,2005.0,2055.0,1994.0,2035.0,57952.0,171120
2026-10-02,4345.0,4390.0,4305.0,4320.0,5768.0,347890
2026-10-02,5600.0,5600.0,5460.0,5470.0,20442.0,041910
2026-10-02,2210.0,2245.0,2205.0,2230.0,165596.0,024740
2026-10-02,5190.0,5190.0,5060.0,5100.0,42025.0,039980
2026-10-02,7480.0,7790.0,7390.0,7520.0,87305.0,212710
2026-10-02,5000.0,5040.0,4855.0,4925.0,818.0,060570
2026-10-02,2835.0,2910.0,2835.0,2880.0,116489.0,038460
2026-10-02,9440.0,9650.0,9200.0,9220.0,49594.0,451220
2026-10-02,10160.0,10240.0,10010.0,10180.0,19208.0,377480
2026-10-02,2910.0,2910.0,2805.0,2885.0,11837.0,053280
2026-10-02,4725.0,4725.0,4675.0,4685.0,13457.0,017480
2026-10-02,4445.0,5420.0,4025.0,5070.0,4377583.0,225190
2026-10-02,3600.0,3630.0,3580.0,3610.0,38937.0,020710
2026-10-02,7390.0,7410.0,7300.0,7320.0,1167.0,080010
2026-10-02,1915.0,1949.0,1806.0,1853.0,185520.0,089230
2026-10-02,0.0,0.0,0.0,5310.0,0.0,234920
2026-10-02,8300.0,8350.0,8170.0,8310.0,6183.0,039010
2026-10-02,950.0,950.0,900.0,933.0,68801.0,083790
2026-10-02,2450.0,2455.0,2350.0,2415.0,190802.0,299660
2026-10-02,1267.0,1628.0,1267.0,1488.0,7891517.0,065530
2026-10-02,3015.0,3015.0,2840.0,2870.0,26816.0,294140
2026-10-02,2870.0,2890.0,2820.0,2875.0,90281.0,128660
2026-10-02,6610.0,6860.0,6540.0,6810.0,13178.0,417790
2026-10-02,3690.0,3945.0,3670.0,3865.0,51484.0,054620
2026-10-02,4425.0,4445.0,4390.0,4420.0,10364.0,054040
2026-10-02,6070.0,6280.0,6040.0,6040.0,88735.0,091590
2026-10-02,4130.0,4175.0,4010.0,4010.0,12521.0,090470
2026-10-02,10370.0,10780.0,10200.0,10270.0,112405.0,320000
2026-10-02,5170.0,5320.0,5170.0,5250.0,36337.0,460940
2026-10-02,2920.0,2950.0,2710.0,2785.0,650319.0,487580
2026-10-02,10640.0,11290.0,10560.0,11080.0,11426.0,417970
2026-10-02,8510.0,8660.0,8480.0,8510.0,4171.0,045660
2026-10-02,1870.0,1928.0,1870.0,1907.0,53263.0,096350
2026-10-02,3700.0,3850.0,3655.0,3725.0,63569.0,155650
2026-10-02,6590.0,6740.0,6570.0,6640.0,6249.0,104460
2026-10-02,982.0,998.0,978.0,988.0,123333.0,092040
2026-10-02,1650.0,1660.0,1615.0,1652.0,28132.0,067570
2026-10-02,4830.0,5550.0,4810.0,5170.0,553467.0,104540
2026-10-02,3120.0,3180.0,2930.0,2940.0,63800.0,371950
2026-10-02,11800.0,11960.0,11780.0,11830.0,22929.0,282620
2026-10-02,1110.0,1151.0,1095.0,1140.0,567240.0,076610
2026-10-02,7610.0,7610.0,7530.0,7600.0,879.0,109860
2026-10-02,2350.0,2385.0,2340.0,2380.0,23039.0,337930
2026-10-02,4185.0,4185.0,4120.0,4150.0,31939.0,032850
2026-10-02,2970.0,2970.0,2925.0,2940.0,1203.0,110790
2026-10-02,8130.0,8400.0,8130.0,8250.0,3323.0,024830
2026-10-02,3975.0,3975.0,3835.0,3925.0,9449.0,026150
2026-10-02,1615.0,1638.0,1599.0,1623.0,91842.0,347860
2026-10-02,6560.0,7030.0,6550.0,6650.0,214014.0,089790
2026-10-02,2690.0,2770.0,2650.0,2660.0,322558.0,208370
2026-10-02,5240.0,5250.0,5150.0,5150.0,597.0,332370
2026-10-02,4450.0,4675.0,4380.0,4535.0,25824.0,262260
2026-10-02,6520.0,6760.0,6480.0,6620.0,73299.0,487400
2026-10-02,1982.0,2020.0,1950.0,1987.0,130772.0,950220
2026-10-02,5060.0,5150.0,5000.0,5030.0,17438.0,019540
2026-10-02,10700.0,11160.0,10140.0,10230.0,49060.0,117670
2026-10-02,3450.0,3535.0,3380.0,3385.0,218908.0,228340
2026-10-02,6160.0,6430.0,6050.0,6180.0,179453.0,0004V0
2026-10-02,4440.0,4440.0,4265.0,4320.0,49425.0,228670
2026-10-02,7840.0,7840.0,7570.0,7640.0,6052.0,214260
2026-10-02,12450.0,13050.0,12330.0,12820.0,13951.0,0218L0
2026-10-02,4470.0,4470.0,4435.0,4455.0,4657.0,002800
2026-10-02,6360.0,6370.0,6260.0,6310.0,9405.0,265560
2026-10-02,3310.0,3405.0,3195.0,3385.0,59122.0,040350
2026-10-02,4500.0,4755.0,4500.0,4675.0,52263.0,095270
2026-10-02,5940.0,5960.0,5810.0,5860.0,21979.0,048430
2026-10-02,6510.0,6570.0,6430.0,6450.0,4275.0,123420
2026-10-02,6460.0,6890.0,6460.0,6840.0,49960.0,331740
2026-10-02,3450.0,3480.0,3385.0,3420.0,3351.0,049550
2026-10-02,5590.0,5750.0,5460.0,5660.0,18529.0,096250
2026-10-02,4200.0,4250.0,4155.0,4190.0,10760.0,004780
2026-10-02,5580.0,5580.0,5390.0,5440.0,897.0,067370
2026-10-02,6140.0,6190.0,5940.0,6010.0,59290.0,456070
2026-10-02,4500.0,4685.0,4400.0,4500.0,10073.0,153710
2026-10-02,6430.0,6450.0,6260.0,6340.0,122481.0,039610
2026-10-02,4360.0,4490.0,4360.0,4425.0,27015.0,014970
2026-10-02,7240.0,7300.0,7120.0,7250.0,4397.0,061040
2026-10-02,3225.0,3225.0,3140.0,3180.0,6652.0,111710
2026-10-02,12050.0,12390.0,11890.0,11940.0,137195.0,0155E0
2026-10-02,6110.0,6130.0,6050.0,6060.0,4920.0,137080
2026-10-02,4255.0,4305.0,4180.0,4205.0,17200.0,204840
2026-10-02,4070.0,4190.0,4030.0,4130.0,199373.0,048770
2026-10-02,4790.0,4825.0,4780.0,4800.0,1406.0,222110
2026-10-02,3980.0,3980.0,3850.0,3880.0,20531.0,214680
2026-10-02,6500.0,6650.0,6410.0,6450.0,46208.0,241790
2026-10-02,2620.0,2710.0,2585.0,2615.0,34893.0,205470
2026-10-02,6330.0,6880.0,6290.0,6580.0,232865.0,056360
2026-10-02,1648.0,1700.0,1648.0,1680.0,638701.0,122350
2026-10-02,5820.0,5890.0,5770.0,5850.0,40517.0,067920
2026-10-02,2180.0,2290.0,2125.0,2195.0,173089.0,315640
2026-10-02,2780.0,2840.0,2745.0,2765.0,34647.0,126880
2026-10-02,20200.0,20200.0,19210.0,19500.0,2282.0,100030
2026-10-02,2800.0,2800.0,2570.0,2720.0,93579.0,049470
2026-10-02,1620.0,1645.0,1608.0,1621.0,30835.0,382480
2026-10-02,3810.0,3900.0,3735.0,3865.0,17513.0,424960
2026-10-02,2610.0,2630.0,2575.0,2595.0,31056.0,241690
2026-10-02,2595.0,2625.0,2580.0,2610.0,37038.0,081150
2026-10-02,4240.0,4330.0,4200.0,4300.0,5891.0,089850
2026-10-02,5390.0,5810.0,5290.0,5770.0,65030.0,273640
2026-10-02,1809.0,2125.0,1809.0,2010.0,332453.0,179530
2026-10-02,1703.0,1735.0,1687.0,1691.0,12446.0,033130
2026-10-02,5060.0,5520.0,4970.0,5230.0,35478.0,008370
2026-10-02,1758.0,1795.0,1750.0,1795.0,42095.0,082210
2026-10-02,3500.0,3525.0,3480.0,3510.0,7137.0,043650
2026-10-02,2600.0,2610.0,2575.0,2610.0,21009.0,291230
2026-10-02,1405.0,1415.0,1362.0,1380.0,28684.0,214270
2026-10-02,0.0,0.0,0.0,2215.0,0.0,001840
2026-10-02,6740.0,6830.0,6500.0,6700.0,36830.0,318160
2026-10-02,1429.0,1430.0,1350.0,1406.0,61349.0,127710
2026-10-02,1963.0,1985.0,1895.0,1912.0,135343.0,187420
2026-10-02,2080.0,2240.0,2080.0,2220.0,328861.0,065170
2026-10-02,0.0,0.0,0.0,1490.0,0.0,294090
2026-10-02,1110.0,1178.0,1109.0,1174.0,203839.0,060310
2026-10-02,8050.0,8150.0,7980.0,8000.0,51623.0,0156T0
2026-10-02,3875.0,3875.0,3615.0,3765.0,33194.0,221800
2026-10-02,1949.0,1991.0,1949.0,1975.0,92714.0,049480
2026-10-02,7040.0,7070.0,6800.0,6900.0,44543.0,463020
2026-10-02,5450.0,5670.0,5440.0,5600.0,1685.0,900110
2026-10-02,2655.0,3375.0,2655.0,3030.0,1263004.0,900300
2026-10-02,1782.0,1794.0,1768.0,1773.0,10726.0,064240
2026-10-02,9900.0,11210.0,9820.0,10460.0,87361.0,424980
2026-10-02,1401.0,1463.0,1401.0,1447.0,305603.0,036090
2026-10-02,3290.0,3320.0,3280.0,3295.0,41485.0,066670
2026-10-02,2735.0,2735.0,2670.0,2675.0,20015.0,036000
2026-10-02,6190.0,6200.0,6120.0,6150.0,2756.0,005670
2026-10-02,1071.0,1098.0,1070.0,1080.0,19281.0,014470
2026-10-02,0.0,0.0,0.0,1055.0,0.0,043610
2026-10-02,12300.0,12300.0,11990.0,12140.0,2694.0,016250
2026-10-02,5550.0,5640.0,5450.0,5460.0,28483.0,059270
2026-10-02,1472.0,1530.0,1450.0,1471.0,2724268.0,299170
2026-10-02,3295.0,3345.0,3285.0,3290.0,23305.0,041460
2026-10-02,5220.0,5220.0,5190.0,5210.0,3260.0,010240
2026-10-02,0.0,0.0,0.0,676.0,0.0,203400
2026-10-02,4945.0,5000.0,4935.0,4990.0,14822.0,216050
2026-10-02,3020.0,3095.0,2950.0,3025.0,42497.0,460870
2026-10-02,3135.0,3195.0,3135.0,3170.0,48932.0,033320
2026-10-02,11310.0,11570.0,11220.0,11450.0,15529.0,448710
2026-10-02,2775.0,2845.0,2705.0,2710.0,247993.0,483350
2026-10-02,2655.0,2655.0,2615.0,2620.0,4097.0,039420
2026-10-02,4830.0,4830.0,4730.0,4750.0,7702.0,352910
2026-10-02,3735.0,3840.0,3650.0,3765.0,7361.0,251630
2026-10-02,5040.0,5040.0,4990.0,5010.0,2482.0,010470
2026-10-02,1044.0,1052.0,1022.0,1026.0,62378.0,054300
2026-10-02,5160.0,5400.0,4985.0,5180.0,96043.0,464490
2026-10-02,1643.0,1707.0,1643.0,1684.0,209231.0,003310
2026-10-02,2300.0,2355.0,2285.0,2320.0,113087.0,025550
2026-10-02,2625.0,2635.0,2600.0,2620.0,75989.0,039020
2026-10-02,4210.0,4255.0,4110.0,4235.0,8080.0,094850
2026-10-02,10360.0,10910.0,10280.0,10800.0,43027.0,360350
2026-10-02,1446.0,1490.0,1446.0,1470.0,19139.0,033310
2026-10-02,5150.0,5180.0,5100.0,5180.0,5049.0,263690
2026-10-02,2340.0,2375.0,2305.0,2350.0,7426.0,175140
2026-10-02,6260.0,6440.0,6220.0,6390.0,10802.0,215360
2026-10-02,6890.0,7050.0,6530.0,6650.0,115267.0,081180
2026-10-02,6730.0,6840.0,6710.0,6810.0,8090.0,045340
2026-10-02,2935.0,3010.0,2930.0,3000.0,15110.0,348150
2026-10-02,7110.0,7220.0,7040.0,7180.0,3357.0,191420
2026-10-02,8260.0,8350.0,8100.0,8240.0,22391.0,192250
2026-10-02,0.0,0.0,0.0,1284.0,0.0,099520
2026-10-02,3105.0,3115.0,2960.0,3000.0,66229.0,950200
2026-10-02,8460.0,8570.0,8410.0,8510.0,1557.0,050960
2026-10-02,4170.0,4190.0,4085.0,4120.0,72590.0,037440
2026-10-02,5550.0,5740.0,5530.0,5570.0,60507.0,261520
2026-10-02,6700.0,6750.0,6520.0,6650.0,7083.0,053620
2026-10-02,7410.0,7920.0,7330.0,7700.0,30283.0,288180
2026-10-02,1867.0,1904.0,1867.0,1883.0,48800.0,053050
2026-10-02,3270.0,3310.0,3160.0,3220.0,5642.0,317530
2026-10-02,1203.0,1250.0,1203.0,1234.0,214772.0,046210
2026-10-02,3965.0,3980.0,3950.0,3970.0,3938.0,007370
2026-10-02,1119.0,1132.0,1101.0,1108.0,79438.0,033230
2026-10-02,3545.0,3545.0,3305.0,3315.0,273208.0,145170
2026-10-02,5200.0,5200.0,5110.0,5160.0,3071.0,443250
2026-10-02,0.0,0.0,0.0,806.0,0.0,340930
2026-10-02,3140.0,3280.0,3100.0,3215.0,82533.0,088280
2026-10-02,1301.0,1313.0,1280.0,1292.0,198595.0,290660
2026-10-02,3550.0,3690.0,3410.0,3545.0,101390.0,321820
2026-10-02,4165.0,4195.0,4085.0,4100.0,147244.0,365660
2026-10-02,5090.0,5090.0,5000.0,5030.0,8947.0,333620
2026-10-02,9400.0,9950.0,9400.0,9730.0,31793.0,109080
2026-10-02,5400.0,5560.0,5270.0,5530.0,65428.0,0013V0
2026-10-02,0.0,0.0,0.0,499.0,0.0,217480
2026-10-02,5040.0,5070.0,5010.0,5070.0,5123.0,036670
2026-10-02,1608.0,1630.0,1539.0,1552.0,106001.0,036120
2026-10-02,1825.0,1825.0,1755.0,1788.0,10917.0,238090
2026-10-02,3175.0,3205.0,3140.0,3195.0,15181.0,040610
2026-10-02,5100.0,5110.0,4770.0,4980.0,25321.0,419080
2026-10-02,1476.0,1514.0,1476.0,1509.0,33558.0,024910
2026-10-02,6430.0,6490.0,6330.0,6390.0,11489.0,061250
2026-10-02,4010.0,4020.0,3940.0,4010.0,17988.0,459100
2026-10-02,3685.0,4045.0,3540.0,3875.0,220069.0,457600
2026-10-02,1290.0,1290.0,1198.0,1258.0,123536.0,391710
2026-10-02,3520.0,3570.0,3350.0,3405.0,376838.0,393210
2026-10-02,2575.0,2690.0,2575.0,2650.0,77659.0,092300
2026-10-02,8320.0,8390.0,8230.0,8340.0,6984.0,170790
2026-10-02,5090.0,5260.0,5050.0,5220.0,31133.0,105760
2026-10-02,1940.0,1969.0,1932.0,1944.0,20738.0,053270
2026-10-02,5300.0,5360.0,5130.0,5310.0,18165.0,071670
2026-10-02,2185.0,2185.0,2030.0,2085.0,16950.0,064800
2026-10-02,7010.0,7130.0,6850.0,6960.0,4180.0,435570
2026-10-02,9480.0,9480.0,8900.0,9060.0,31354.0,420570
2026-10-02,17640.0,17800.0,17510.0,17640.0,3127.0,054930
2026-10-02,4825.0,4950.0,4695.0,4910.0,31388.0,317830
2026-10-02,3135.0,3295.0,3025.0,3080.0,282003.0,033170
2026-10-02,2990.0,3080.0,2990.0,3080.0,1121.0,043710
2026-10-02,2235.0,2240.0,2180.0,2210.0,45230.0,246690
2026-10-02,3165.0,3180.0,3080.0,3100.0,45267.0,104620
2026-10-02,3835.0,3900.0,3830.0,3860.0,20015.0,163280
2026-10-02,1950.0,1965.0,1921.0,1941.0,39404.0,039240
2026-10-02,5270.0,5530.0,5270.0,5450.0,73284.0,355690
2026-10-02,6170.0,6220.0,6080.0,6100.0,13666.0,370090
2026-10-02,4200.0,4225.0,4155.0,4190.0,959.0,024950
2026-10-02,6250.0,6320.0,6200.0,6220.0,46608.0,317850
2026-10-02,6170.0,6290.0,6100.0,6210.0,30514.0,094940
2026-10-02,2790.0,2945.0,2780.0,2900.0,95688.0,044340
2026-10-02,2095.0,2120.0,2045.0,2045.0,349594.0,459550
2026-10-02,2965.0,2965.0,2900.0,2950.0,9334.0,015710
2026-10-02,1586.0,1633.0,1563.0,1619.0,136930.0,217500
2026-10-02,4750.0,4800.0,4605.0,4710.0,19711.0,052790
2026-10-02,1282.0,1302.0,1265.0,1281.0,46289.0,027050
2026-10-02,5210.0,5370.0,5120.0,5250.0,29389.0,019990
2026-10-02,5880.0,5910.0,5790.0,5900.0,9123.0,314140
2026-10-02,4365.0,4400.0,4330.0,4350.0,2787.0,256630
2026-10-02,1728.0,1829.0,1723.0,1789.0,210956.0,321260
2026-10-02,8730.0,8730.0,8320.0,8410.0,4436.0,053160
2026-10-02,0.0,0.0,0.0,2825.0,0.0,393970
2026-10-02,1967.0,1983.0,1948.0,1959.0,62740.0,088910
2026-10-02,6080.0,6100.0,5590.0,5970.0,434514.0,226340
2026-10-02,3030.0,3030.0,2870.0,2885.0,150291.0,278650
2026-10-02,2180.0,2360.0,2160.0,2360.0,158685.0,179900
2026-10-02,2950.0,3050.0,2805.0,3010.0,156767.0,232830
2026-10-02,2755.0,2780.0,2725.0,2760.0,18884.0,046940
2026-10-02,1092.0,1098.0,1087.0,1096.0,35858.0,063440
2026-10-02,1629.0,1655.0,1621.0,1650.0,12490.0,347740
2026-10-02,5330.0,5530.0,5260.0,5500.0,16487.0,038010
2026-10-02,980.0,1029.0,974.0,1020.0,279552.0,042110
2026-10-02,1198.0,1211.0,1167.0,1191.0,8924.0,219550
2026-10-02,4750.0,4800.0,4600.0,4650.0,34959.0,408470
2026-10-02,2865.0,2865.0,2730.0,2785.0,2102.0,376290
2026-10-02,5060.0,5150.0,4980.0,5070.0,108501.0,189860
2026-10-02,3750.0,3790.0,3670.0,3775.0,21004.0,382150
2026-10-02,3305.0,3380.0,3260.0,3300.0,26372.0,053450
2026-10-02,3310.0,3355.0,3290.0,3330.0,3136.0,122310
2026-10-02,3800.0,3800.0,3700.0,3705.0,767.0,311690
2026-10-02,2950.0,3130.0,2940.0,3010.0,64179.0,065130
2026-10-02,3925.0,3930.0,3825.0,3900.0,4520.0,463480
2026-10-02,1922.0,1932.0,1900.0,1902.0,7812.0,060560
2026-10-02,5260.0,5370.0,5250.0,5310.0,4269.0,452400
2026-10-02,3440.0,3440.0,3190.0,3250.0,5717.0,199550
2026-10-02,3855.0,3880.0,3730.0,3765.0,35383.0,348080
2026-10-02,2785.0,2900.0,2780.0,2875.0,101913.0,094970
2026-10-02,3530.0,3530.0,3380.0,3445.0,135905.0,340810
2026-10-02,0.0,0.0,0.0,6550.0,0.0,418250
2026-10-02,6750.0,6760.0,6640.0,6730.0,11377.0,059100
2026-10-02,1706.0,1970.0,1705.0,1899.0,111671.0,373200
2026-10-02,1731.0,1732.0,1713.0,1724.0,3359.0,440290
2026-10-02,3570.0,3570.0,3410.0,3415.0,2029.0,277070
2026-10-02,975.0,995.0,969.0,977.0,116941.0,222420
2026-10-02,1333.0,1347.0,1325.0,1335.0,46443.0,014190
2026-10-02,2810.0,2810.0,2645.0,2675.0,45772.0,032960
2026-10-02,7660.0,7660.0,7150.0,7320.0,14657.0,453860
2026-10-02,924.0,928.0,876.0,877.0,120158.0,340360
2026-10-02,0.0,0.0,0.0,521.0,0.0,023440
2026-10-02,5120.0,5790.0,4970.0,5310.0,55158.0,317870
2026-10-02,4015.0,4335.0,4000.0,4140.0,20965.0,471820
2026-10-02,5200.0,5250.0,5140.0,5240.0,938.0,073110
2026-10-02,7460.0,7460.0,7060.0,7060.0,17746.0,476040
2026-10-02,2625.0,2650.0,2570.0,2595.0,30632.0,384470
2026-10-02,2750.0,2825.0,2695.0,2755.0,9902.0,037950
2026-10-02,1165.0,1173.0,1150.0,1155.0,13196.0,189980
2026-10-02,2315.0,2350.0,2260.0,2310.0,30291.0,317690
2026-10-02,2400.0,2455.0,2400.0,2425.0,15020.0,053980
2026-10-02,2255.0,2320.0,2255.0,2300.0,50973.0,114450
2026-10-02,1027.0,1052.0,1000.0,1030.0,83701.0,143540
2026-10-02,0.0,0.0,0.0,1957.0,0.0,229000
2026-10-02,0.0,0.0,0.0,766.0,0.0,131400
2026-10-02,1285.0,1490.0,1285.0,1325.0,406888.0,227950
2026-10-02,1600.0,1619.0,1560.0,1590.0,5569.0,361570
2026-10-02,3090.0,3155.0,3085.0,3125.0,16750.0,072990
2026-10-02,1012.0,1049.0,1012.0,1019.0,33181.0,068330
2026-10-02,3900.0,3960.0,3830.0,3890.0,44151.0,150900
2026-10-02,8890.0,8930.0,8750.0,8850.0,1616.0,0010V0
2026-10-02,1981.0,2550.0,1950.0,2290.0,1033984.0,054780
2026-10-02,6320.0,6390.0,6100.0,6330.0,10192.0,479960
2026-10-02,2090.0,2105.0,2085.0,2100.0,20374.0,198080
2026-10-02,3915.0,4000.0,3900.0,3950.0,4165.0,051390
2026-10-02,3330.0,3330.0,3270.0,3295.0,5305.0,083550
2026-10-02,2380.0,2480.0,2325.0,2395.0,49541.0,178780
2026-10-02,3295.0,3295.0,3225.0,3285.0,4929.0,373160
2026-10-02,0.0,0.0,0.0,460.0,0.0,033340
2026-10-02,1239.0,1298.0,1211.0,1253.0,52739.0,900340
2026-10-02,2375.0,2390.0,2360.0,2375.0,3523.0,072470
2026-10-02,5260.0,5720.0,5260.0,5670.0,22823.0,290670
2026-10-02,2950.0,3005.0,2900.0,2940.0,27409.0,460470
2026-10-02,3490.0,3490.0,3435.0,3465.0,3904.0,066130
2026-10-02,1225.0,1264.0,1223.0,1240.0,80177.0,900250
2026-10-02,2310.0,2350.0,2270.0,2290.0,28927.0,260930
2026-10-02,3440.0,3440.0,3230.0,3260.0,684.0,050120
2026-10-02,0.0,0.0,0.0,416.0,0.0,288330
2026-10-02,4450.0,4535.0,4425.0,4535.0,23001.0,082850
2026-10-02,1410.0,1832.0,1408.0,1619.0,7235154.0,065440
2026-10-02,8850.0,8920.0,8700.0,8840.0,1204.0,466410
2026-10-02,3155.0,3170.0,3105.0,3165.0,38344.0,263020
2026-10-02,1200.0,1218.0,1192.0,1195.0,7095.0,258610
2026-10-02,4675.0,4680.0,4480.0,4560.0,10290.0,196300
2026-10-02,4950.0,5110.0,4900.0,4990.0,1898.0,042040
2026-10-02,4940.0,5040.0,4800.0,4995.0,19407.0,086060
2026-10-02,2330.0,2370.0,2205.0,2215.0,19708.0,263700
2026-10-02,6050.0,6050.0,5890.0,5950.0,4926.0,413640
2026-10-02,927.0,955.0,926.0,940.0,201801.0,129890
2026-10-02,3095.0,3100.0,3035.0,3040.0,29004.0,099410
2026-10-02,1992.0,2010.0,1992.0,2010.0,8513.0,140520
2026-10-02,840.0,844.0,818.0,819.0,4138.0,022220
2026-10-02,5990.0,6060.0,5920.0,5920.0,5403.0,307280
2026-10-02,2095.0,2115.0,2040.0,2100.0,12761.0,159580
2026-10-02,5030.0,5030.0,4960.0,5010.0,912.0,256150
2026-10-02,2970.0,3020.0,2900.0,2910.0,16553.0,461030
2026-10-02,2540.0,2685.0,2510.0,2595.0,23304.0,286750
2026-10-02,2610.0,2660.0,2600.0,2615.0,13158.0,261200
2026-10-02,6490.0,6500.0,6470.0,6470.0,854.0,190650
2026-10-02,3305.0,3365.0,3285.0,3330.0,6867.0,002290
2026-10-02,3235.0,3290.0,3135.0,3260.0,20009.0,100660
2026-10-02,3740.0,3765.0,3685.0,3705.0,12160.0,136410
2026-10-02,1490.0,1548.0,1471.0,1502.0,29858.0,189690
2026-10-02,1413.0,1413.0,1400.0,1412.0,12688.0,056700
2026-10-02,2580.0,2580.0,2535.0,2570.0,18836.0,263810
2026-10-02,1655.0,1696.0,1644.0,1680.0,48011.0,452200
2026-10-02,4080.0,4080.0,3880.0,4010.0,4790.0,199480
2026-10-02,4860.0,4995.0,4670.0,4965.0,4617.0,450330
2026-10-02,4030.0,4030.0,3910.0,4000.0,9319.0,465480
2026-10-02,1700.0,1719.0,1700.0,1707.0,17972.0,263770
2026-10-02,3025.0,3050.0,2995.0,3035.0,3858.0,007680
2026-10-02,1727.0,1769.0,1727.0,1757.0,17341.0,066900
2026-10-02,2820.0,2870.0,2820.0,2835.0,4498.0,203450
2026-10-02,6440.0,6440.0,5160.0,5720.0,888251.0,469750
2026-10-02,0.0,0.0,0.0,798.0,0.0,064090
2026-10-02,7980.0,7990.0,7610.0,7780.0,6475.0,224110
2026-10-02,2770.0,2795.0,2655.0,2665.0,51273.0,084650
2026-10-02,1897.0,1980.0,1897.0,1928.0,52530.0,218150
2026-10-02,1320.0,1326.0,1315.0,1320.0,5466.0,037230
2026-10-02,2475.0,2665.0,2475.0,2635.0,250104.0,035460
2026-10-02,6480.0,6480.0,6390.0,6390.0,57.0,049830
2026-10-02,2010.0,2025.0,1988.0,1994.0,40191.0,053950
2026-10-02,3120.0,3160.0,3070.0,3080.0,12690.0,044960
2026-10-02,2285.0,2365.0,2275.0,2310.0,36631.0,215380
2026-10-02,3545.0,3600.0,3335.0,3515.0,15494.0,446840
2026-10-02,2770.0,2770.0,2700.0,2710.0,13826.0,238120
2026-10-02,2020.0,2070.0,2010.0,2055.0,35882.0,184230
2026-10-02,9570.0,9570.0,9460.0,9560.0,66.0,221980
2026-10-02,1210.0,1235.0,1208.0,1224.0,28266.0,045510
2026-10-02,2320.0,2340.0,2295.0,2295.0,11764.0,025880
2026-10-02,2330.0,2360.0,2310.0,2330.0,19823.0,046310
2026-10-02,1456.0,1463.0,1451.0,1452.0,6251.0,352700
2026-10-02,1701.0,1703.0,1680.0,1697.0,10120.0,050860
2026-10-02,3270.0,3275.0,3250.0,3265.0,5480.0,019770
2026-10-02,1845.0,1845.0,1702.0,1708.0,13846.0,007530
2026-10-02,2050.0,2080.0,2025.0,2030.0,7322.0,221840
2026-10-02,3385.0,3395.0,3295.0,3325.0,1757.0,101240
2026-10-02,2510.0,2680.0,2425.0,2435.0,118414.0,081580
2026-10-02,1646.0,1660.0,1611.0,1639.0,32700.0,052220
2026-10-02,2630.0,2650.0,2585.0,2630.0,16427.0,171010
2026-10-02,3805.0,3855.0,3795.0,3845.0,1251.0,273060
2026-10-02,2735.0,2850.0,2720.0,2825.0,107426.0,121890
2026-10-02,2650.0,2650.0,2530.0,2545.0,5992.0,234100
2026-10-02,2550.0,3240.0,2540.0,3060.0,578952.0,073570
2026-10-02,3895.0,4015.0,3880.0,4005.0,17333.0,038070
2026-10-02,4230.0,4350.0,4185.0,4310.0,8466.0,037370
2026-10-02,5530.0,5530.0,5430.0,5490.0,825.0,250000
2026-10-02,1620.0,1620.0,1596.0,1596.0,9568.0,122690
2026-10-02,4410.0,4410.0,4320.0,4350.0,4418.0,097870
2026-10-02,666.0,687.0,642.0,681.0,302077.0,027830
2026-10-02,3245.0,3275.0,3210.0,3210.0,6430.0,219420
2026-10-02,2820.0,2885.0,2725.0,2785.0,54297.0,208710
2026-10-02,7250.0,7450.0,7130.0,7360.0,11481.0,258790
2026-10-02,3605.0,3715.0,3605.0,3690.0,16004.0,239890
2026-10-02,2130.0,2175.0,2020.0,2085.0,26322.0,046390
2026-10-02,2230.0,2235.0,2165.0,2210.0,21918.0,026040
2026-10-02,4175.0,4200.0,4015.0,4180.0,1135.0,039290
2026-10-02,5250.0,5430.0,5210.0,5320.0,14084.0,042940
2026-10-02,2495.0,2580.0,2495.0,2570.0,25161.0,051490
2026-10-02,1630.0,1644.0,1600.0,1623.0,9968.0,123570
2026-10-02,2265.0,2280.0,2220.0,2265.0,3710.0,086040
2026-10-02,0.0,0.0,0.0,1087.0,0.0,284620
2026-10-02,3180.0,3215.0,3150.0,3175.0,8649.0,043910
2026-10-02,2515.0,2560.0,2457.0,2535.0,43247.0,452300
2026-10-02,4370.0,4425.0,4365.0,4405.0,1898.0,060850
2026-10-02,1500.0,1500.0,1465.0,1492.0,25067.0,066360
2026-10-02,0.0,0.0,0.0,602.0,0.0,057540
2026-10-02,3250.0,3350.0,3240.0,3250.0,1196.0,014570
2026-10-02,0.0,0.0,0.0,778.0,0.0,068940
2026-10-02,1003.0,1039.0,998.0,999.0,82016.0,065500
2026-10-02,2835.0,2905.0,2775.0,2815.0,5800.0,049120
2026-10-02,4165.0,4200.0,4065.0,4185.0,3413.0,363250
2026-10-02,4430.0,4485.0,4350.0,4480.0,8164.0,332290
2026-10-02,1345.0,1368.0,1314.0,1338.0,9977.0,106240
2026-10-02,3760.0,3790.0,3665.0,3700.0,14047.0,177900
2026-10-02,6300.0,6300.0,6160.0,6300.0,2750.0,387570
2026-10-02,6480.0,6480.0,6210.0,6360.0,5176.0,318410
2026-10-02,2090.0,2095.0,2025.0,2085.0,39692.0,045060
2026-10-02,0.0,0.0,0.0,959.0,0.0,263050
2026-10-02,2315.0,2495.0,2315.0,2380.0,46944.0,104200
2026-10-02,3180.0,3290.0,3130.0,3215.0,27405.0,186230
2026-10-02,2805.0,2920.0,2800.0,2850.0,69573.0,434480
2026-10-02,3040.0,3095.0,3035.0,3045.0,4644.0,024120
2026-10-02,1773.0,1801.0,1761.0,1795.0,3349.0,204020
2026-10-02,1345.0,1349.0,1315.0,1329.0,10319.0,060540
2026-10-02,3140.0,3350.0,3100.0,3110.0,1137637.0,0010F0
2026-10-02,2290.0,2290.0,2250.0,2260.0,14820.0,260660
2026-10-02,2510.0,2545.0,2430.0,2435.0,283676.0,406820
2026-10-02,3965.0,3965.0,3800.0,3840.0,2765.0,196450
2026-10-02,5290.0,5370.0,5210.0,5290.0,2405.0,153460
2026-10-02,4550.0,4640.0,4525.0,4600.0,1567.0,290090
2026-10-02,4625.0,4635.0,4455.0,4585.0,46380.0,431190
2026-10-02,2080.0,2100.0,2030.0,2065.0,6580.0,207760
2026-10-02,2100.0,2105.0,2065.0,2105.0,2327.0,057030
2026-10-02,7230.0,7400.0,7210.0,7270.0,20989.0,417860
2026-10-02,6700.0,6700.0,6310.0,6600.0,73.0,397810
2026-10-02,5360.0,5420.0,5210.0,5410.0,10189.0,099220
2026-10-02,1772.0,1885.0,1772.0,1851.0,57280.0,169330
2026-10-02,2140.0,2140.0,2075.0,2090.0,4854.0,075130
2026-10-02,2160.0,2165.0,2105.0,2120.0,15253.0,290120
2026-10-02,2030.0,2090.0,1992.0,2035.0,27662.0,432430
2026-10-02,4120.0,4155.0,4040.0,4150.0,9379.0,476080
2026-10-02,2980.0,3115.0,2865.0,3055.0,100596.0,430690
2026-10-02,4320.0,4365.0,4300.0,4350.0,14848.0,131090
2026-10-02,1474.0,1499.0,1474.0,1486.0,5124.0,064520
2026-10-02,2080.0,2165.0,2065.0,2150.0,28823.0,089140
2026-10-02,2750.0,2850.0,2680.0,2800.0,9708.0,127980
2026-10-02,0.0,0.0,0.0,689.0,0.0,038060
2026-10-02,2990.0,3045.0,2990.0,3035.0,12132.0,006920
2026-10-02,1456.0,1457.0,1401.0,1429.0,27879.0,215090
2026-10-02,835.0,884.0,802.0,826.0,960668.0,270520
2026-10-02,998.0,1025.0,979.0,1010.0,41692.0,408900
2026-10-02,2880.0,2880.0,2850.0,2855.0,6608.0,052600
2026-10-02,9740.0,9740.0,9620.0,9710.0,509.0,208860
2026-10-02,1549.0,1549.0,1470.0,1504.0,8473.0,335810
2026-10-02,3590.0,3660.0,3525.0,3650.0,4031.0,270870
2026-10-02,2245.0,2340.0,2235.0,2300.0,19175.0,419120
2026-10-02,1096.0,1132.0,1036.0,1099.0,140594.0,271830
2026-10-02,2970.0,3360.0,2960.0,3260.0,159252.0,200350
2026-10-02,2860.0,2885.0,2780.0,2870.0,5663.0,080520
2026-10-02,1099.0,1349.0,1040.0,1349.0,1302109.0,069920
2026-10-02,1506.0,1518.0,1470.0,1473.0,58347.0,310870
2026-10-02,986.0,986.0,850.0,879.0,494085.0,206400
2026-10-02,1701.0,1830.0,1660.0,1706.0,26202.0,033830
2026-10-02,1349.0,1349.0,1310.0,1345.0,3878.0,220180
2026-10-02,2990.0,3070.0,2980.0,3015.0,5010.0,200780
2026-10-02,2585.0,2840.0,2555.0,2565.0,151144.0,900270
2026-10-02,1355.0,1364.0,1345.0,1364.0,7948.0,133750
2026-10-02,3140.0,3140.0,2945.0,3050.0,5274.0,159910
2026-10-02,475.0,586.0,471.0,558.0,5467019.0,101670
2026-10-02,2105.0,2170.0,2090.0,2105.0,15783.0,038620
2026-10-02,1173.0,1173.0,1132.0,1150.0,13995.0,068050
2026-10-02,1131.0,1150.0,1112.0,1128.0,19163.0,065950
2026-10-02,3125.0,3125.0,3030.0,3070.0,2466.0,148930
2026-10-02,2640.0,2640.0,2570.0,2575.0,5209.0,318020
2026-10-02,1936.0,1970.0,1934.0,1941.0,1860.0,021650
2026-10-02,1274.0,1289.0,1220.0,1234.0,89870.0,032790
2026-10-02,3250.0,3250.0,3080.0,3230.0,1393.0,263920
2026-10-02,3665.0,3825.0,3655.0,3815.0,22300.0,364950
2026-10-02,2545.0,2545.0,2470.0,2500.0,7274.0,311390
2026-10-02,7150.0,7180.0,7100.0,7180.0,705.0,012620
2026-10-02,1145.0,1145.0,1115.0,1127.0,35594.0,031510
2026-10-02,3275.0,3275.0,3150.0,3235.0,3948.0,025440
2026-10-02,0.0,0.0,0.0,1079.0,0.0,050110
2026-10-02,3640.0,3650.0,3460.0,3565.0,74339.0,462510
2026-10-02,6010.0,6140.0,5980.0,6060.0,13833.0,296640
2026-10-02,2275.0,2310.0,2230.0,2240.0,45646.0,016600
2026-10-02,3965.0,3965.0,3800.0,3825.0,7879.0,087600
2026-10-02,0.0,0.0,0.0,412.0,0.0,258830
2026-10-02,1554.0,1564.0,1520.0,1530.0,6468.0,109820
2026-10-02,3020.0,3100.0,2995.0,3020.0,4910.0,153490
2026-10-02,2645.0,2695.0,2610.0,2640.0,21034.0,091340
2026-10-02,2515.0,2600.0,2490.0,2575.0,23713.0,356890
2026-10-02,2090.0,2230.0,1996.0,2150.0,69729.0,377030
2026-10-02,2540.0,2710.0,2535.0,2695.0,61606.0,073540
2026-10-02,2800.0,2950.0,2790.0,2930.0,34953.0,045300
2026-10-02,3260.0,3260.0,3025.0,3110.0,7703.0,376980
2026-10-02,3850.0,3880.0,3800.0,3880.0,4281.0,462310
2026-10-02,2565.0,2580.0,2540.0,2560.0,13607.0,064480
2026-10-02,2310.0,2410.0,2310.0,2355.0,15030.0,237820
2026-10-02,1327.0,1327.0,1258.0,1264.0,50688.0,226330
2026-10-02,2000.0,2000.0,1980.0,1984.0,6821.0,173940
2026-10-02,3400.0,3400.0,3250.0,3305.0,12770.0,090410
2026-10-02,4830.0,4830.0,4710.0,4750.0,2573.0,444530
2026-10-02,1547.0,1547.0,1453.0,1497.0,1081.0,097780
2026-10-02,1640.0,1675.0,1639.0,1675.0,6902.0,075970
2026-10-02,0.0,0.0,0.0,1969.0,0.0,246250
2026-10-02,1615.0,1644.0,1589.0,1639.0,5307.0,464580
2026-10-02,1217.0,1239.0,1201.0,1239.0,6757.0,071850
2026-10-02,3740.0,3805.0,3615.0,3650.0,4870.0,099390
2026-10-02,1640.0,1678.0,1617.0,1643.0,7457.0,462980
2026-10-02,3145.0,3145.0,3090.0,3110.0,3885.0,336060
2026-10-02,2340.0,2350.0,2280.0,2300.0,13507.0,197140
2026-10-02,690.0,692.0,673.0,681.0,45813.0,037330
2026-10-02,3045.0,3080.0,2850.0,3010.0,23801.0,300120
2026-10-02,1350.0,1580.0,1257.0,1470.0,406457.0,079190
2026-10-02,2890.0,2995.0,2890.0,2915.0,923.0,038950
2026-10-02,3895.0,3935.0,3850.0,3870.0,13971.0,020180
2026-10-02,965.0,1022.0,965.0,999.0,146053.0,031310
2026-10-02,5370.0,5460.0,5330.0,5380.0,4353.0,464280
2026-10-02,3450.0,3585.0,3230.0,3520.0,13155.0,367000
2026-10-02,3010.0,3015.0,2935.0,2980.0,3516.0,369370
2026-10-02,2225.0,2225.0,2110.0,2115.0,8474.0,038870
2026-10-02,2930.0,2940.0,2915.0,2920.0,3601.0,187270
2026-10-02,5670.0,5670.0,5400.0,5550.0,8186.0,388610
2026-10-02,2905.0,2905.0,2835.0,2895.0,11514.0,262840
2026-10-02,1066.0,1116.0,1057.0,1102.0,246551.0,900070
2026-10-02,2195.0,2195.0,2100.0,2110.0,8102.0,070590
2026-10-02,3075.0,3130.0,3000.0,3030.0,8024.0,452160
2026-10-02,1001.0,1010.0,984.0,998.0,74164.0,317240
2026-10-02,3190.0,3190.0,2880.0,2940.0,14055.0,093380
2026-10-02,1095.0,1107.0,1078.0,1089.0,19780.0,128540
2026-10-02,1331.0,1331.0,1281.0,1290.0,89568.0,290560
2026-10-02,2120.0,2135.0,2065.0,2070.0,7219.0,188260
2026-10-02,1940.0,1987.0,1940.0,1951.0,22626.0,407400
2026-10-02,5400.0,5490.0,5370.0,5490.0,1346.0,079170
2026-10-02,3425.0,3530.0,3370.0,3435.0,14010.0,351330
2026-10-02,5810.0,5810.0,5670.0,5790.0,4187.0,333050
2026-10-02,599.0,599.0,580.0,587.0,20034.0,043340
2026-10-02,3470.0,3570.0,3350.0,3560.0,449.0,318010
2026-10-02,2645.0,2735.0,2615.0,2705.0,20590.0,033540
2026-10-02,0.0,0.0,0.0,1710.0,0.0,043220
2026-10-02,1414.0,1438.0,1356.0,1414.0,27587.0,198940
2026-10-02,1877.0,1928.0,1775.0,1821.0,4391.0,109960
2026-10-02,5190.0,5210.0,5150.0,5200.0,654.0,239610
2026-10-02,1621.0,1636.0,1611.0,1630.0,12330.0,089150
2026-10-02,0.0,0.0,0.0,910.0,0.0,254120
2026-10-02,6440.0,6600.0,6360.0,6360.0,6760.0,088340
2026-10-02,2360.0,2375.0,2330.0,2345.0,37482.0,119500
2026-10-02,1020.0,1020.0,978.0,999.0,80911.0,160550
2026-10-02,2560.0,2560.0,2405.0,2480.0,118859.0,368970
2026-10-02,2805.0,2995.0,2770.0,2920.0,8900.0,019570
2026-10-02,1467.0,1480.0,1439.0,1452.0,28013.0,225220
2026-10-02,1898.0,1919.0,1854.0,1878.0,35535.0,450520
2026-10-02,1610.0,1670.0,1608.0,1654.0,10762.0,008470
2026-10-02,1620.0,1630.0,1590.0,1612.0,6234.0,114630
2026-10-02,2330.0,2395.0,2300.0,2325.0,4358.0,068100
2026-10-02,1927.0,1936.0,1894.0,1904.0,13901.0,130500
2026-10-02,1362.0,1480.0,1362.0,1431.0,149360.0,060230
2026-10-02,2680.0,2795.0,2605.0,2745.0,13007.0,016670
2026-10-02,2295.0,2350.0,2260.0,2280.0,1890.0,115480
2026-10-02,3880.0,3970.0,3835.0,3915.0,6977.0,288620
2026-10-02,1499.0,1520.0,1449.0,1480.0,24448.0,376180
2026-10-02,1711.0,1725.0,1685.0,1718.0,19046.0,195500
2026-10-02,1877.0,2000.0,1851.0,1944.0,3816.0,139670
2026-10-02,2275.0,2440.0,2250.0,2340.0,57967.0,017000
2026-10-02,2510.0,2535.0,2495.0,2510.0,26740.0,067010
2026-10-02,1692.0,1739.0,1692.0,1729.0,7705.0,057680
2026-10-02,1657.0,1820.0,1604.0,1753.0,15167.0,123840
2026-10-02,1820.0,1820.0,1730.0,1773.0,28702.0,066910
2026-10-02,1818.0,1835.0,1764.0,1797.0,18025.0,373170
2026-10-02,2670.0,2745.0,2650.0,2710.0,31053.0,078590
2026-10-02,3400.0,3500.0,3310.0,3475.0,25239.0,002680
2026-10-02,7730.0,8010.0,7720.0,7720.0,226.0,007770
2026-10-02,2795.0,2830.0,2765.0,2810.0,6066.0,290270
2026-10-02,2050.0,2050.0,1901.0,1976.0,18561.0,148250
2026-10-02,2790.0,2810.0,2755.0,2780.0,22667.0,048470
2026-10-02,1678.0,1678.0,1523.0,1582.0,19311.0,236810
2026-10-02,1060.0,1150.0,1047.0,1082.0,86401.0,047080
2026-10-02,647.0,706.0,647.0,658.0,1371606.0,215790
2026-10-02,3590.0,3590.0,3410.0,3535.0,11156.0,091970
2026-10-02,4070.0,4195.0,4070.0,4140.0,8690.0,363260
2026-10-02,2070.0,2090.0,2005.0,2075.0,718.0,900310
2026-10-02,2395.0,2395.0,2250.0,2340.0,13838.0,238490
2026-10-02,1666.0,1695.0,1645.0,1653.0,31172.0,096630
2026-10-02,2925.0,2935.0,2920.0,2925.0,819.0,032750
2026-10-02,3820.0,3935.0,3760.0,3800.0,4139.0,297570
2026-10-02,2500.0,2520.0,2430.0,2485.0,47074.0,140430
2026-10-02,700.0,700.0,617.0,632.0,228252.0,072770
2026-10-02,2140.0,2160.0,2125.0,2155.0,2729.0,013720
2026-10-02,1770.0,1779.0,1711.0,1734.0,4802.0,069140
2026-10-02,2515.0,2565.0,2360.0,2360.0,12345.0,080530
2026-10-02,2215.0,2230.0,2145.0,2205.0,27480.0,398120
2026-10-02,2290.0,2290.0,2120.0,2270.0,15526.0,359090
2026-10-02,3535.0,3535.0,3400.0,3495.0,7478.0,131220
2026-10-02,1034.0,1042.0,1011.0,1015.0,50855.0,016920
2026-10-02,1467.0,1516.0,1450.0,1489.0,6979.0,138070
2026-10-02,1630.0,1685.0,1604.0,1679.0,92496.0,191410
2026-10-02,3900.0,3900.0,3730.0,3790.0,6715.0,328380
2026-10-02,2545.0,2610.0,2515.0,2515.0,12810.0,069410
2026-10-02,3600.0,3610.0,3570.0,3590.0,2545.0,079000
2026-10-02,1248.0,1248.0,1222.0,1238.0,24670.0,043200
2026-10-02,1599.0,1636.0,1580.0,1591.0,37811.0,052300
2026-10-02,3520.0,3630.0,3475.0,3580.0,93930.0,429270
2026-10-02,1919.0,2025.0,1902.0,1924.0,34047.0,193250
2026-10-02,1305.0,1330.0,1292.0,1305.0,6751.0,060380
2026-10-02,1575.0,1580.0,1560.0,1564.0,20698.0,103840
2026-10-02,810.0,815.0,799.0,806.0,35979.0,033050
2026-10-02,1568.0,1585.0,1506.0,1544.0,6969.0,053290
2026-10-02,6140.0,6520.0,6140.0,6350.0,1967.0,096690
2026-10-02,1641.0,1641.0,1580.0,1623.0,29290.0,290520
2026-10-02,5370.0,5570.0,5300.0,5440.0,3672.0,134060
2026-10-02,1606.0,1636.0,1585.0,1630.0,16477.0,105550
2026-10-02,2030.0,2085.0,1989.0,1989.0,79168.0,383930
2026-10-02,2930.0,2940.0,2880.0,2920.0,10785.0,458350
2026-10-02,1143.0,1143.0,1127.0,1141.0,1488.0,001810
2026-10-02,2935.0,3025.0,2870.0,2990.0,9252.0,101680
2026-10-02,3305.0,3400.0,3250.0,3335.0,7967.0,038880
2026-10-02,6000.0,6190.0,5850.0,5990.0,7462.0,090150
2026-10-02,996.0,1013.0,977.0,998.0,15565.0,054090
2026-10-02,3905.0,4020.0,3830.0,3980.0,36375.0,148780
2026-10-02,1070.0,1070.0,1023.0,1038.0,33859.0,146060
2026-10-02,1428.0,1475.0,1349.0,1403.0,40359.0,083660
2026-10-02,1203.0,1203.0,1126.0,1170.0,18413.0,021880
2026-10-02,2980.0,3070.0,2900.0,2965.0,54045.0,389680
2026-10-02,2650.0,2650.0,2530.0,2570.0,22817.0,348030
2026-10-02,0.0,0.0,0.0,956.0,0.0,368600
2026-10-02,2275.0,2275.0,2180.0,2190.0,5138.0,351870
2026-10-02,1629.0,1646.0,1591.0,1634.0,10182.0,101400
2026-10-02,4230.0,4230.0,4150.0,4170.0,1015.0,131180
2026-10-02,2015.0,2015.0,1871.0,1955.0,20684.0,257370
2026-10-02,1350.0,1350.0,1312.0,1320.0,21522.0,044780
2026-10-02,5330.0,5340.0,5200.0,5300.0,2268.0,083640
2026-10-02,1681.0,1776.0,1533.0,1614.0,138984.0,322780
2026-10-02,1752.0,1760.0,1723.0,1759.0,6926.0,123750
2026-10-02,2565.0,2750.0,2535.0,2620.0,104892.0,378800
2026-10-02,2090.0,2130.0,2055.0,2120.0,13822.0,415380
2026-10-02,1478.0,1545.0,1471.0,1509.0,66076.0,058110
2026-10-02,1267.0,1268.0,1249.0,1266.0,44893.0,016100
2026-10-02,2840.0,2945.0,2765.0,2800.0,18671.0,115530
2026-10-02,1769.0,1785.0,1710.0,1734.0,126917.0,027040
2026-10-02,1975.0,2095.0,1953.0,2075.0,13277.0,187220
2026-10-02,2600.0,2730.0,2595.0,2625.0,4741.0,020400
2026-10-02,2710.0,2750.0,2705.0,2735.0,9686.0,318000
2026-10-02,1288.0,1320.0,1275.0,1295.0,39788.0,365590
2026-10-02,2110.0,2155.0,2075.0,2095.0,4294.0,177830
2026-10-02,5430.0,5500.0,5390.0,5470.0,3577.0,115160
2026-10-02,2610.0,2630.0,2555.0,2565.0,20439.0,035200
2026-10-02,2960.0,2990.0,2925.0,2935.0,2796.0,039740
2026-10-02,1900.0,1900.0,1796.0,1825.0,12180.0,405920
2026-10-02,3500.0,3570.0,3440.0,3540.0,24443.0,054940
2026-10-02,1639.0,1860.0,1639.0,1673.0,119616.0,464500
2026-10-02,3045.0,3065.0,3000.0,3035.0,4435.0,267790
2026-10-02,912.0,950.0,908.0,922.0,79212.0,206560
2026-10-02,5000.0,5000.0,4710.0,4980.0,2776.0,188040
2026-10-02,2190.0,2190.0,2075.0,2085.0,1034.0,222980
2026-10-02,2800.0,3190.0,2710.0,2855.0,13827.0,223310
2026-10-02,3030.0,3095.0,2915.0,2925.0,9062.0,475660
2026-10-02,997.0,1010.0,997.0,1005.0,14502.0,032680
2026-10-02,2540.0,2635.0,2540.0,2580.0,11551.0,023770
2026-10-02,2905.0,2905.0,2825.0,2845.0,6465.0,208350
2026-10-02,2175.0,2175.0,2095.0,2145.0,15858.0,215480
2026-10-02,2695.0,2855.0,2695.0,2840.0,8493.0,032860
2026-10-02,1498.0,1500.0,1488.0,1495.0,5392.0,051380
2026-10-02,1001.0,1049.0,1000.0,1014.0,25708.0,076080
2026-10-02,6060.0,6060.0,5920.0,6010.0,3051.0,036480
2026-10-02,1899.0,1899.0,1854.0,1867.0,13093.0,065690
2026-10-02,1481.0,1550.0,1481.0,1499.0,13657.0,032800
2026-10-02,1940.0,1988.0,1905.0,1919.0,78304.0,027580
2026-10-02,1575.0,1575.0,1524.0,1542.0,17026.0,013810
2026-10-02,1938.0,1939.0,1920.0,1937.0,1547.0,018680
2026-10-02,2420.0,2420.0,2325.0,2335.0,7485.0,298060
2026-10-02,1688.0,1692.0,1641.0,1645.0,10882.0,043590
2026-10-02,2655.0,2755.0,2575.0,2610.0,14367.0,432980
2026-10-02,1419.0,1474.0,1381.0,1411.0,131977.0,355390
2026-10-02,1743.0,1743.0,1675.0,1711.0,5671.0,219750
2026-10-02,3805.0,3955.0,3805.0,3945.0,2805.0,417180
2026-10-02,3390.0,3445.0,3355.0,3430.0,2158.0,237750
2026-10-02,2730.0,2750.0,2700.0,2735.0,1819.0,377330
2026-10-02,1067.0,1133.0,1052.0,1104.0,66021.0,007720
2026-10-02,1060.0,1060.0,1041.0,1056.0,4960.0,017250
2026-10-02,1819.0,1866.0,1819.0,1866.0,7394.0,192390
2026-10-02,2980.0,2995.0,2930.0,2990.0,4451.0,065370
2026-10-02,1425.0,1479.0,1412.0,1445.0,44230.0,317120
2026-10-02,2525.0,2525.0,2395.0,2420.0,9463.0,033200
2026-10-02,4455.0,4455.0,4105.0,4270.0,234449.0,224060
2026-10-02,2795.0,2800.0,2655.0,2755.0,20766.0,115570
2026-10-02,3970.0,4200.0,3970.0,4200.0,9741.0,247660
2026-10-02,1199.0,1245.0,1199.0,1210.0,5197.0,039310
2026-10-02,621.0,740.0,607.0,615.0,6041633.0,070300
2026-10-02,3030.0,3135.0,2935.0,2975.0,6127.0,303530
2026-10-02,3720.0,3895.0,3700.0,3835.0,13904.0,361670
2026-10-02,2250.0,2470.0,2240.0,2290.0,59578.0,200230
2026-10-02,0.0,0.0,0.0,1010.0,0.0,032080
2026-10-02,2005.0,2005.0,1968.0,1997.0,4120.0,352940
2026-10-02,1301.0,1301.0,1250.0,1297.0,25173.0,018700
2026-10-02,1223.0,1229.0,1210.0,1224.0,11673.0,053060
2026-10-02,2185.0,2220.0,2185.0,2200.0,4912.0,331520
2026-10-02,2655.0,2655.0,2605.0,2630.0,1306.0,238200
2026-10-02,0.0,0.0,0.0,756.0,0.0,340440
2026-10-02,3295.0,3350.0,3265.0,3275.0,3259.0,045520
2026-10-02,1308.0,1319.0,1305.0,1318.0,6185.0,032280
2026-10-02,549.0,630.0,549.0,583.0,448032.0,095910
2026-10-02,1718.0,1718.0,1668.0,1683.0,18655.0,054220
2026-10-02,2240.0,2240.0,2135.0,2205.0,8478.0,241840
2026-10-02,2115.0,2135.0,2060.0,2070.0,26113.0,424760
2026-10-02,2130.0,2130.0,2050.0,2100.0,16336.0,440320
2026-10-02,5650.0,5650.0,5250.0,5450.0,3597.0,277410
2026-10-02,2210.0,2210.0,2150.0,2155.0,6850.0,067730
2026-10-02,1598.0,1653.0,1573.0,1586.0,376271.0,023790
2026-10-02,1845.0,1845.0,1810.0,1838.0,4659.0,130740
2026-10-02,1601.0,1697.0,1601.0,1653.0,63402.0,098660
2026-10-02,2935.0,3000.0,2825.0,2920.0,10539.0,372800
2026-10-02,954.0,954.0,907.0,920.0,16697.0,289220
2026-10-02,950.0,950.0,930.0,940.0,19264.0,021040
2026-10-02,2615.0,2615.0,2565.0,2585.0,1492.0,353190
2026-10-02,1496.0,1496.0,1425.0,1473.0,36748.0,079950
2026-10-02,2020.0,2035.0,2005.0,2020.0,11745.0,024940
2026-10-02,2500.0,2500.0,2370.0,2430.0,55273.0,096870
2026-10-02,1580.0,1580.0,1525.0,1563.0,35294.0,301300
2026-10-02,2905.0,3195.0,2905.0,3050.0,16502.0,044480
2026-10-02,1807.0,1838.0,1778.0,1808.0,9938.0,438700
2026-10-02,2195.0,2195.0,2115.0,2155.0,30987.0,063760
2026-10-02,2900.0,3250.0,2900.0,3115.0,103174.0,131100
2026-10-02,8890.0,9340.0,8800.0,9270.0,5481.0,154040
2026-10-02,1198.0,1204.0,1182.0,1191.0,4765.0,362990
2026-10-02,2520.0,2520.0,2420.0,2500.0,3000.0,088290
2026-10-02,2280.0,2280.0,2195.0,2220.0,8285.0,043360
2026-10-02,1089.0,1089.0,1048.0,1060.0,62032.0,048830
2026-10-02,2090.0,2180.0,2090.0,2180.0,3637.0,274400
2026-10-02,1405.0,1433.0,1382.0,1400.0,14543.0,085810
2026-10-02,3190.0,3405.0,3095.0,3395.0,11388.0,065060
2026-10-02,1431.0,1460.0,1407.0,1415.0,8584.0,019660
2026-10-02,4355.0,4355.0,3800.0,3800.0,5584.0,038530
2026-10-02,2710.0,2710.0,2680.0,2695.0,691.0,080470
2026-10-02,844.0,871.0,826.0,841.0,40126.0,276730
2026-10-02,2945.0,3155.0,2945.0,3080.0,30714.0,113810
2026-10-02,3800.0,3800.0,3690.0,3725.0,15281.0,275630
2026-10-02,1448.0,1448.0,1260.0,1297.0,93238.0,344860
2026-10-02,994.0,1012.0,972.0,1002.0,24096.0,227610
2026-10-02,0.0,0.0,0.0,1622.0,0.0,073190
2026-10-02,1608.0,1698.0,1608.0,1638.0,52723.0,115610
2026-10-02,3525.0,3560.0,3495.0,3555.0,3655.0,342870
2026-10-02,1140.0,1149.0,1130.0,1140.0,10569.0,069330
2026-10-02,5060.0,5120.0,4995.0,5020.0,1142.0,084440
2026-10-02,911.0,930.0,879.0,900.0,47059.0,083470
2026-10-02,0.0,0.0,0.0,2290.0,0.0,214610
2026-10-02,1510.0,1514.0,1484.0,1490.0,17519.0,353590
2026-10-02,1156.0,1189.0,1156.0,1172.0,28608.0,050760
2026-10-02,1562.0,1585.0,1536.0,1573.0,5182.0,154030
2026-10-02,3750.0,3750.0,3520.0,3565.0,5153.0,405000
2026-10-02,5650.0,5650.0,5030.0,5390.0,28641.0,009620
2026-10-02,2095.0,2095.0,2050.0,2075.0,2113.0,110020
2026-10-02,0.0,0.0,0.0,6930.0,0.0,031860
2026-10-02,2275.0,2330.0,2210.0,2250.0,5076.0,252500
2026-10-02,2670.0,2715.0,2655.0,2690.0,3322.0,018620
2026-10-02,2385.0,2500.0,2350.0,2430.0,29415.0,051780
2026-10-02,3945.0,3975.0,3830.0,3945.0,1870.0,279600
2026-10-02,834.0,844.0,808.0,820.0,109550.0,347770
2026-10-02,1140.0,1145.0,1123.0,1129.0,8643.0,195990
2026-10-02,1194.0,1194.0,1150.0,1155.0,13957.0,065150
2026-10-02,1936.0,1965.0,1810.0,1965.0,259138.0,306040
2026-10-02,2040.0,2040.0,1975.0,1980.0,6942.0,403490
2026-10-02,1235.0,1264.0,1226.0,1253.0,51369.0,455180
2026-10-02,2500.0,2510.0,2420.0,2475.0,8499.0,365900
2026-10-02,1774.0,2040.0,1772.0,1837.0,37739.0,137940
2026-10-02,2960.0,2970.0,2870.0,2905.0,5661.0,078860
2026-10-02,1550.0,1550.0,1498.0,1510.0,8718.0,014100
2026-10-02,1199.0,1248.0,1180.0,1194.0,27876.0,056730
2026-10-02,1240.0,1258.0,1216.0,1227.0,16599.0,196700
2026-10-02,3330.0,3365.0,3330.0,3365.0,4629.0,037400
2026-10-02,0.0,0.0,0.0,1040.0,0.0,900120
2026-10-02,2970.0,2985.0,2810.0,2920.0,4563.0,419540
2026-10-02,1905.0,1913.0,1905.0,1913.0,81552.0,0197V0
2026-10-02,981.0,1000.0,974.0,997.0,57531.0,373110
2026-10-02,1785.0,1801.0,1725.0,1754.0,27119.0,210120
2026-10-02,855.0,896.0,828.0,877.0,99945.0,309930
2026-10-02,0.0,0.0,0.0,2055.0,0.0,482680
2026-10-02,2080.0,2080.0,2075.0,2080.0,7938.0,477380
2026-10-02,0.0,0.0,0.0,6040.0,0.0,241820
2026-10-02,1903.0,1919.0,1900.0,1916.0,248600.0,0200G0
2026-10-02,0.0,0.0,0.0,696.0,0.0,050090
2026-10-02,2675.0,2725.0,2605.0,2640.0,30571.0,034940
2026-10-02,2870.0,2890.0,2770.0,2840.0,22035.0,054410
2026-10-02,1963.0,2055.0,1963.0,2000.0,25045.0,009730
2026-10-02,2030.0,2430.0,1950.0,2015.0,500988.0,026910
2026-10-02,2780.0,2875.0,2700.0,2795.0,32603.0,475460
2026-10-02,1977.0,1977.0,1970.0,1977.0,3733.0,0072Z0
2026-10-02,2065.0,2070.0,2065.0,2065.0,3744.0,477340
2026-10-02,4465.0,4465.0,4275.0,4285.0,24283.0,285800
2026-10-02,1995.0,1998.0,1985.0,1996.0,931.0,0130H0
2026-10-02,1971.0,1988.0,1971.0,1974.0,246.0,0101C0
2026-10-02,0.0,0.0,0.0,973.0,0.0,030350
2026-10-02,1992.0,1994.0,1978.0,1985.0,5813.0,0044K0
2026-10-02,1500.0,1572.0,1403.0,1489.0,57257.0,101000
2026-10-02,2105.0,2105.0,2100.0,2105.0,129441.0,473050
2026-10-02,1995.0,1995.0,1983.0,1994.0,2392.0,0115H0
2026-10-02,1398.0,1483.0,1336.0,1336.0,57787.0,065650
2026-10-02,0.0,0.0,0.0,2200.0,0.0,489480
2026-10-02,1487.0,1499.0,1396.0,1413.0,111018.0,376930
2026-10-02,2845.0,2875.0,2785.0,2815.0,39306.0,225590
2026-10-02,2065.0,2067.0,2065.0,2067.0,2105.0,478440
2026-10-02,2070.0,2080.0,2065.0,2075.0,10032.0,479880
2026-10-02,1929.0,1942.0,1929.0,1939.0,10537.0,0165X0
2026-10-02,3170.0,3300.0,3125.0,3280.0,105958.0,469480
2026-10-02,1975.0,1983.0,1974.0,1983.0,14620.0,0099W0
2026-10-02,4145.0,4280.0,4120.0,4130.0,3466.0,335870
2026-10-02,2735.0,2880.0,2730.0,2770.0,239758.0,498390
2026-10-02,1897.0,1902.0,1896.0,1901.0,184589.0,0209J0
2026-10-02,0.0,0.0,0.0,561.0,0.0,304840
2026-10-02,0.0,0.0,0.0,5250.0,0.0,352770
2026-10-02,1359.0,1440.0,1358.0,1372.0,36703.0,177350
2026-10-02,0.0,0.0,0.0,1651.0,0.0,244460
2026-10-02,2620.0,2790.0,2620.0,2655.0,67788.0,092600
2026-10-02,1973.0,1980.0,1964.0,1973.0,10502.0,0134X0
2026-10-02,2250.0,2270.0,2190.0,2205.0,116920.0,0099X0
2026-10-02,1945.0,1954.0,1942.0,1950.0,8486.0,0164H0
2026-10-02,2075.0,2075.0,2065.0,2070.0,4965.0,481890
2026-10-02,1984.0,1987.0,1969.0,1980.0,946.0,0096B0
2026-10-02,2045.0,2045.0,2045.0,2045.0,259.0,489730
2026-10-02,1986.0,1992.0,1970.0,1989.0,108.0,0097F0
2026-10-02,2070.0,2075.0,2070.0,2075.0,779.0,478390
2026-10-02,2490.0,2500.0,2300.0,2380.0,18987.0,239340
2026-10-02,0.0,0.0,0.0,2295.0,0.0,054180
2026-10-02,1981.0,1981.0,1966.0,1980.0,661.0,0093G0
2026-10-02,2035.0,2040.0,2025.0,2035.0,387.0,492220
2026-10-02,0.0,0.0,0.0,2065.0,0.0,482520
2026-10-02,0.0,0.0,0.0,5170.0,0.0,028080
2026-10-02,1995.0,1995.0,1980.0,1980.0,5137.0,0037T0
2026-10-02,818.0,827.0,769.0,778.0,521023.0,354200
2026-10-02,2005.0,2005.0,1995.0,2000.0,207.0,0054V0
2026-10-02,1958.0,1966.0,1958.0,1961.0,3140.0,0131D0
2026-10-02,2040.0,2040.0,2020.0,2035.0,17985.0,0091W0
2026-10-02,0.0,0.0,0.0,764.0,0.0,065570
2026-10-02,2070.0,2075.0,2065.0,2075.0,364.0,477760
2026-10-02,2060.0,2080.0,2060.0,2080.0,102.0,0088D0
2026-10-02,1996.0,1999.0,1996.0,1996.0,23529.0,0041L0
2026-10-02,1994.0,1997.0,1992.0,1992.0,6068.0,0132G0
2026-10-02,732.0,732.0,615.0,640.0,241494.0,035620
2026-10-02,2100.0,2100.0,2100.0,2100.0,26268.0,469900
2026-10-02,2080.0,2080.0,2070.0,2080.0,161.0,482690
2026-10-02,2085.0,2090.0,2085.0,2085.0,32123.0,474660
2026-10-02,1994.0,1994.0,1992.0,1992.0,8533.0,0071M0
2026-10-02,2080.0,2085.0,2080.0,2080.0,48.0,474490
2026-10-02,2035.0,2035.0,2025.0,2025.0,7142.0,487360
2026-10-02,2075.0,2075.0,2065.0,2070.0,8404.0,477470
2026-10-02,2000.0,2010.0,2000.0,2010.0,62.0,496070
2026-10-02,1997.0,1998.0,1988.0,1988.0,308.0,0105P0
2026-10-02,473.0,496.0,430.0,435.0,1095343.0,418620
2026-10-02,1972.0,1982.0,1966.0,1980.0,1458.0,0129K0
2026-10-02,2050.0,2060.0,2045.0,2055.0,437.0,486630
2026-10-02,1969.0,1986.0,1969.0,1975.0,178.0,0096D0
2026-10-02,1642.0,2025.0,1586.0,1656.0,757681.0,060900
2026-10-02,2005.0,2010.0,2000.0,2010.0,1315.0,0098T0
2026-10-02,801.0,820.0,784.0,806.0,43255.0,060260
2026-10-02,2020.0,2025.0,2015.0,2025.0,186.0,493790
2026-10-02,1150.0,1256.0,1150.0,1233.0,86609.0,131760
2026-10-02,2000.0,2060.0,1877.0,1889.0,72996.0,377220
2026-10-02,2055.0,2060.0,2050.0,2060.0,111.0,489210
2026-10-02,2005.0,2005.0,2000.0,2000.0,5216.0,0004Y0
2026-10-02,1970.0,1970.0,1960.0,1969.0,273.0,0130D0
2026-10-02,0.0,0.0,0.0,520.0,0.0,043100
2026-10-02,2055.0,2060.0,2055.0,2055.0,649.0,478110
2026-10-02,2000.0,2010.0,1999.0,2010.0,10324.0,466690
2026-10-02,0.0,0.0,0.0,538.0,0.0,305090
2026-10-02,2010.0,2015.0,2005.0,2015.0,284.0,0041B0
2026-10-02,481.0,494.0,472.0,479.0,52623.0,142760
2026-10-02,1443.0,1467.0,1387.0,1398.0,85332.0,103230
2026-10-02,1082.0,1137.0,1031.0,1051.0,122319.0,303030
2026-10-02,750.0,750.0,630.0,684.0,260234.0,289010
2026-10-02,2895.0,2895.0,2660.0,2785.0,60348.0,006050
2026-10-02,751.0,771.0,676.0,697.0,318679.0,208640
2026-10-02,2040.0,2045.0,2040.0,2040.0,1668.0,488060
2026-10-02,0.0,0.0,0.0,1650.0,0.0,106080
2026-10-02,1060.0,1133.0,835.0,860.0,731329.0,060480
2026-10-02,2035.0,2050.0,2035.0,2035.0,556.0,484130
2026-10-02,2055.0,2060.0,2055.0,2060.0,3.0,473950
2026-10-02,2040.0,2040.0,2030.0,2030.0,55453.0,487830
2026-10-02,0.0,0.0,0.0,2080.0,0.0,468760
2026-10-02,2105.0,2105.0,2105.0,2105.0,48822.0,472230
2026-10-02,2080.0,2080.0,2055.0,2060.0,464.0,487720
2026-10-02,909.0,1059.0,908.0,1031.0,108866.0,067770
2026-10-02,1990.0,1990.0,1987.0,1987.0,8.0,0068Y0
2026-10-02,805.0,843.0,770.0,800.0,178564.0,065770
2026-10-02,1995.0,1995.0,1979.0,1986.0,2035.0,0041J0
2026-10-02,389.0,389.0,362.0,369.0,254649.0,012340
2026-10-02,1670.0,1684.0,1651.0,1678.0,7849.0,001000
2026-10-02,5880.0,5940.0,5810.0,5890.0,128.0,03481K
2026-10-02,0.0,0.0,0.0,247.0,0.0,087260
2026-10-02,219.0,225.0,207.0,213.0,910277.0,288980
2026-10-02,2090.0,2090.0,2085.0,2090.0,4319.0,475250
2026-10-02,0.0,0.0,0.0,596.0,0.0,079970
2026-10-02,2100.0,2100.0,2085.0,2090.0,102313.0,474930
2026-10-02,0.0,0.0,0.0,940.0,0.0,065420
2026-10-02,922.0,982.0,843.0,868.0,71821.0,240600
2026-10-02,0.0,0.0,0.0,327.0,0.0,276040
2026-10-02,2080.0,2085.0,2080.0,2080.0,1224.0,473000
2026-10-02,2090.0,2095.0,2090.0,2090.0,14939.0,475240
2026-10-02,254.0,271.0,241.0,260.0,801796.0,308100
2026-10-02,0.0,0.0,0.0,1096.0,0.0,900100
2026-10-02,0.0,0.0,0.0,409.0,0.0,291810
2026-10-02,0.0,0.0,0.0,205.0,0.0,044180
2026-10-02,0.0,0.0,0.0,468.0,0.0,313760
2026-10-02,0.0,0.0,0.0,312.0,0.0,052770
2026-10-02,0.0,0.0,0.0,698.0,0.0,225430
2026-10-02,0.0,0.0,0.0,1059.0,0.0,025870
2026-10-02,497.0,534.0,441.0,517.0,73527.0,250930
2026-10-02,595.0,689.0,595.0,667.0,76272.0,199730
2026-10-02,380.0,430.0,353.0,419.0,964770.0,011080
2026-10-02,541.0,541.0,490.0,530.0,201230.0,058450
2026-10-02,0.0,0.0,0.0,384.0,0.0,035290
2026-10-02,1979.0,1980.0,1930.0,1980.0,1780.0,021045
2026-10-02,107.0,107.0,90.0,95.0,878898.0,196490
2026-10-02,40.0,40.0,33.0,37.0,1373794.0,312610
2026-10-02,5860.0,5860.0,5510.0,5690.0,850.0,032685
