date,open,high,low,close,volume,code
2026-09-29,266000.0,276000.0,266000.0,270750.0,12198393.0,005930
2026-09-29,1755000.0,1788000.0,1736000.0,1756000.0,2377928.0,000660
2026-09-29,204000.0,207000.0,199900.0,202000.0,3102292.0,005935
2026-09-29,1096000.0,1121000.0,1087000.0,1107000.0,335919.0,402340
2026-09-29,1525000.0,1560000.0,1493000.0,1522000.0,469319.0,009150
2026-09-29,359000.0,359000.0,348500.0,349500.0,200497.0,373220
2026-09-29,351500.0,352000.0,344500.0,346500.0,395367.0,005380
2026-09-29,1386000.0,1390000.0,1362000.0,1378000.0,24341.0,207940
2026-09-29,173000.0,174500.0,171300.0,172600.0,528962.0,105560
2026-09-29,295500.0,295500.0,286000.0,289500.0,126039.0,032830
2026-09-29,343500.0,349000.0,340500.0,343000.0,188225.0,028260
2026-09-29,110000.0,110800.0,109200.0,110400.0,492432.0,055550
2026-09-29,1033000.0,1039000.0,1000000.0,1005000.0,78556.0,012450
2026-09-29,80500.0,81100.0,78700.0,78900.0,1778590.0,034020
2026-09-29,116000.0,116300.0,113700.0,115400.0,657565.0,000270
2026-09-29,437000.0,438500.0,424500.0,427500.0,159542.0,329180
2026-09-29,582000.0,586000.0,570000.0,578000.0,68990.0,034730
2026-09-29,178400.0,179300.0,175500.0,178200.0,210948.0,068270
2026-09-29,526000.0,527000.0,505000.0,507000.0,293641.0,006400
2026-09-29,135400.0,135400.0,133000.0,134500.0,274588.0,086790
2026-09-29,212000.0,215500.0,210000.0,212500.0,434520.0,066570
2026-09-29,369000.0,371500.0,362000.0,366000.0,142781.0,012330
2026-09-29,203000.0,207500.0,201500.0,203500.0,163710.0,010120
2026-09-29,196600.0,197200.0,193200.0,193900.0,436675.0,035420
2026-09-29,664000.0,664000.0,646000.0,649500.0,52295.0,000810
2026-09-29,36250.0,36500.0,35750.0,36300.0,850818.0,316140
2026-09-29,2780000.0,2839000.0,2751000.0,2780000.0,23521.0,298040
2026-09-29,156200.0,156400.0,144100.0,145500.0,627515.0,096770
2026-09-29,681000.0,686000.0,670000.0,675000.0,87801.0,267260
2026-09-29,313500.0,313500.0,302500.0,303500.0,174444.0,005490
2026-09-29,80600.0,81000.0,78000.0,78000.0,685043.0,042660
2026-09-29,235000.0,252000.0,235000.0,249500.0,628543.0,042700
2026-09-29,332500.0,333000.0,320000.0,321000.0,81809.0,009540
2026-09-29,1412000.0,1413000.0,1361000.0,1371000.0,55447.0,000150
2026-09-29,133500.0,133500.0,130600.0,132200.0,90417.0,138040
2026-09-29,1088000.0,1091000.0,1046000.0,1053000.0,22129.0,010130
2026-09-29,21350.0,21450.0,20850.0,20950.0,425804.0,011200
2026-09-29,30300.0,30450.0,29900.0,29950.0,1083321.0,015760
2026-09-29,87200.0,87200.0,84700.0,85800.0,571644.0,017670
2026-09-29,176100.0,177500.0,173500.0,176900.0,211000.0,033780
2026-09-29,163700.0,164800.0,154000.0,157700.0,219240.0,010950
2026-09-29,259500.0,260000.0,247000.0,248500.0,177786.0,051910
2026-09-29,20050.0,20100.0,19160.0,19190.0,5089749.0,010140
2026-09-29,31550.0,31800.0,30650.0,30800.0,626823.0,006800
2026-09-29,113400.0,113400.0,109100.0,110800.0,129254.0,003550
2026-09-29,218500.0,220000.0,214000.0,215000.0,78510.0,018260
2026-09-29,20750.0,20750.0,20450.0,20600.0,317728.0,024110
2026-09-29,210000.0,210000.0,200000.0,201000.0,79069.0,267250
2026-09-29,182900.0,183000.0,173300.0,173600.0,269607.0,003670
2026-09-29,34100.0,34150.0,33400.0,33500.0,785869.0,035720
2026-09-29,199000.0,199000.0,194600.0,196800.0,81030.0,086280
2026-09-29,692000.0,696000.0,664000.0,668000.0,38464.0,079550
2026-09-29,573000.0,591000.0,561000.0,583000.0,217220.0,011070
2026-09-29,371500.0,371500.0,358000.0,360500.0,110113.0,278470
2026-09-29,72400.0,72500.0,70000.0,71400.0,277633.0,272210
2026-09-29,52800.0,52900.0,52300.0,52600.0,129810.0,030200
2026-09-29,122900.0,123700.0,115500.0,116000.0,525827.0,000720
2026-09-29,192000.0,193300.0,189200.0,191500.0,110322.0,005830
2026-09-29,129800.0,130300.0,125900.0,126300.0,127895.0,047810
2026-09-29,114900.0,115700.0,110700.0,111500.0,303547.0,064350
2026-09-29,31400.0,31500.0,30950.0,31175.0,1478277.0,003490
2026-09-29,243500.0,243500.0,230500.0,235000.0,48177.0,443060
2026-09-29,372500.0,376000.0,361500.0,367000.0,33927.0,307950
2026-09-29,113700.0,113800.0,106300.0,107900.0,197029.0,078930
2026-09-29,181000.0,181400.0,174600.0,178100.0,140339.0,071050
2026-09-29,312000.0,322000.0,309000.0,314000.0,66755.0,006260
2026-09-29,26100.0,26350.0,25800.0,26150.0,362102.0,005940
2026-09-29,20450.0,20450.0,20000.0,20050.0,363589.0,323410
2026-09-29,56700.0,56700.0,53800.0,54300.0,392538.0,047050
2026-09-29,296500.0,314750.0,296000.0,314000.0,114897.0,000500
2026-09-29,49200.0,49450.0,46750.0,47125.0,1394269.0,028050
2026-09-29,1210000.0,1245000.0,1207000.0,1218000.0,20217.0,003230
2026-09-29,203000.0,203500.0,196000.0,196600.0,59629.0,259960
2026-09-29,140800.0,140800.0,132800.0,135000.0,54423.0,180640
2026-09-29,112000.0,118300.0,111500.0,117800.0,485254.0,007660
2026-09-29,332000.0,340000.0,324500.0,337500.0,30048.0,0126Z0
2026-09-29,142800.0,144200.0,141100.0,141700.0,117134.0,090430
2026-09-29,88700.0,88800.0,87000.0,88100.0,191141.0,016360
2026-09-29,59400.0,59500.0,58100.0,59500.0,130095.0,161390
2026-09-29,32800.0,33700.0,31500.0,32200.0,4463804.0,009830
2026-09-29,100700.0,102900.0,98300.0,101300.0,133874.0,021240
2026-09-29,18470.0,18480.0,17150.0,17250.0,7370861.0,047040
2026-09-29,161900.0,162500.0,156900.0,157600.0,124091.0,352820
2026-09-29,132000.0,132400.0,125400.0,126000.0,51030.0,000880
2026-09-29,69600.0,69700.0,68500.0,69000.0,278702.0,064400
2026-09-29,256500.0,257000.0,249000.0,253500.0,59244.0,039490
2026-09-29,503000.0,514000.0,490000.0,505000.0,50188.0,128940
2026-09-29,123300.0,130300.0,121500.0,129200.0,1312440.0,353200
2026-09-29,14810.0,14830.0,14570.0,14820.0,403928.0,032640
2026-09-29,200500.0,204500.0,199800.0,204500.0,130417.0,062040
2026-09-29,180200.0,180200.0,174600.0,176600.0,98029.0,005387
2026-09-29,125900.0,140000.0,125800.0,138700.0,905308.0,000990
2026-09-29,128200.0,128400.0,122100.0,123800.0,191967.0,267270
2026-09-29,76200.0,76200.0,73800.0,74200.0,80711.0,326030
2026-09-29,31250.0,31350.0,30400.0,30700.0,237734.0,175330
2026-09-29,29900.0,30025.0,29200.0,29300.0,1263437.0,001440
2026-09-29,40800.0,40900.0,39750.0,39850.0,141408.0,377300
2026-09-29,74400.0,74500.0,72500.0,72600.0,130677.0,000100
2026-09-29,58200.0,58300.0,54100.0,55000.0,196366.0,241560
2026-09-29,16590.0,16590.0,16230.0,16400.0,368350.0,138930
2026-09-29,5790.0,5840.0,5740.0,5790.0,1168453.0,088350
2026-09-29,43450.0,43450.0,42200.0,42250.0,68487.0,029780
2026-09-29,9890.0,9910.0,9790.0,9860.0,415123.0,088980
2026-09-29,122700.0,123800.0,119100.0,119400.0,203555.0,052690
2026-09-29,216500.0,220500.0,205500.0,211000.0,70245.0,036570
2026-09-29,90200.0,93200.0,89000.0,91700.0,168201.0,011790
2026-09-29,69800.0,70400.0,67500.0,67900.0,205346.0,454910
2026-09-29,112700.0,112700.0,107400.0,107900.0,316547.0,066970
2026-09-29,111600.0,111600.0,110200.0,110400.0,33359.0,271560
2026-09-29,49050.0,50700.0,48750.0,49900.0,417093.0,001450
2026-09-29,292000.0,294000.0,275500.0,278500.0,68680.0,051900
2026-09-29,8450.0,8460.0,8210.0,8260.0,2594489.0,034220
2026-09-29,480500.0,480500.0,466000.0,469000.0,9371.0,002380
2026-09-29,222000.0,225500.0,205000.0,215000.0,304794.0,010060
2026-09-29,178700.0,179000.0,174800.0,176200.0,42617.0,005385
2026-09-29,135100.0,136800.0,132200.0,136400.0,115251.0,001040
2026-09-29,31000.0,31000.0,29500.0,29700.0,542762.0,004020
2026-09-29,81300.0,84000.0,80100.0,80600.0,355234.0,103590
2026-09-29,47600.0,47900.0,45550.0,46000.0,435495.0,082740
2026-09-29,52100.0,53000.0,50000.0,52300.0,62704.0,008930
2026-09-29,149500.0,150300.0,146100.0,149900.0,119035.0,161890
2026-09-29,3280.0,3280.0,3165.0,3175.0,2660829.0,018880
2026-09-29,35450.0,35450.0,34550.0,34700.0,81531.0,036460
2026-09-29,341000.0,346000.0,332500.0,336500.0,51306.0,004170
2026-09-29,83500.0,83800.0,82200.0,83300.0,50740.0,012750
2026-09-29,270000.0,279000.0,268000.0,277500.0,54607.0,192820
2026-09-29,71600.0,71600.0,69800.0,71000.0,25476.0,111770
2026-09-29,14570.0,14570.0,14320.0,14370.0,177282.0,035250
2026-09-29,5740.0,6030.0,5660.0,5690.0,3579291.0,028670
2026-09-29,81500.0,81700.0,77000.0,78100.0,288979.0,375500
2026-09-29,42900.0,43250.0,42600.0,43000.0,25680.0,031210
2026-09-29,20300.0,20300.0,19650.0,19690.0,162371.0,022100
2026-09-29,18890.0,18900.0,18420.0,18700.0,246067.0,139130
2026-09-29,118500.0,118700.0,114300.0,115200.0,42087.0,011780
2026-09-29,35350.0,35350.0,33250.0,33850.0,1078445.0,006360
2026-09-29,102300.0,102500.0,100400.0,101500.0,49971.0,023530
2026-09-29,73900.0,73900.0,72900.0,73400.0,63929.0,017800
2026-09-29,50700.0,50900.0,47550.0,48900.0,101013.0,007340
2026-09-29,35500.0,35550.0,34050.0,34300.0,75746.0,251270
2026-09-29,45500.0,45500.0,43000.0,43250.0,846531.0,336260
2026-09-29,36400.0,36400.0,35450.0,35750.0,43021.0,302440
2026-09-29,178300.0,179200.0,178000.0,178900.0,23878.0,097950
2026-09-29,239500.0,250000.0,237000.0,246500.0,61464.0,014680
2026-09-29,69700.0,69800.0,68300.0,69200.0,23001.0,383220
2026-09-29,14930.0,15210.0,14860.0,15050.0,197118.0,003690
2026-09-29,158200.0,158200.0,155500.0,156600.0,6088.0,004800
2026-09-29,19310.0,19370.0,18800.0,19170.0,72636.0,085620
2026-09-29,25700.0,25850.0,25500.0,25650.0,42411.0,026960
2026-09-29,62300.0,62300.0,57000.0,59400.0,124781.0,011170
2026-09-29,397500.0,412000.0,395000.0,410000.0,22323.0,004370
2026-09-29,45850.0,48650.0,45600.0,48650.0,159036.0,489790
2026-09-29,35550.0,35550.0,33600.0,33800.0,350941.0,450080
2026-09-29,24600.0,24700.0,23750.0,23850.0,85054.0,004990
2026-09-29,185500.0,188500.0,181100.0,188500.0,92023.0,483650
2026-09-29,25300.0,25400.0,24550.0,24800.0,34765.0,000240
2026-09-29,12880.0,12890.0,12520.0,12660.0,371186.0,005440
2026-09-29,140500.0,141300.0,138200.0,140300.0,4233.0,001720
2026-09-29,50200.0,50400.0,48900.0,49350.0,39758.0,005850
2026-09-29,133700.0,133700.0,129900.0,131300.0,36052.0,282330
2026-09-29,43500.0,43950.0,42700.0,42900.0,198723.0,009420
2026-09-29,242500.0,243000.0,235500.0,239500.0,4684.0,018670
2026-09-29,5450.0,5490.0,5400.0,5440.0,182283.0,279570
2026-09-29,42300.0,43000.0,41500.0,41950.0,129306.0,020150
2026-09-29,78300.0,78300.0,76700.0,77300.0,44855.0,103140
2026-09-29,168300.0,169500.0,164500.0,165200.0,6056.0,009970
2026-09-29,46800.0,46800.0,45400.0,45600.0,114988.0,204320
2026-09-29,52400.0,52600.0,48750.0,50300.0,355810.0,112610
2026-09-29,17820.0,17900.0,17740.0,17840.0,137832.0,030000
2026-09-29,26750.0,26850.0,26450.0,26800.0,46635.0,002790
2026-09-29,38000.0,38400.0,37550.0,38250.0,84718.0,081660
2026-09-29,64700.0,67800.0,62300.0,66500.0,195719.0,457190
2026-09-29,45900.0,45900.0,44550.0,44800.0,86162.0,051600
2026-09-29,72200.0,72400.0,71100.0,71600.0,44710.0,139480
2026-09-29,6820.0,6870.0,6670.0,6850.0,683349.0,073240
2026-09-29,90900.0,91000.0,88100.0,88800.0,97305.0,069960
2026-09-29,23050.0,23050.0,22350.0,22750.0,112440.0,007070
2026-09-29,60800.0,62500.0,59300.0,61300.0,146654.0,229640
2026-09-29,481000.0,492000.0,461000.0,465000.0,6077.0,000155
2026-09-29,31550.0,31900.0,31000.0,31200.0,25836.0,462870
2026-09-29,49000.0,49600.0,49000.0,49450.0,25998.0,089860
2026-09-29,69100.0,74700.0,68400.0,73900.0,1239360.0,007810
2026-09-29,56500.0,56500.0,54000.0,54500.0,127642.0,181710
2026-09-29,84400.0,88300.0,84000.0,87600.0,112386.0,281820
2026-09-29,8360.0,8420.0,8260.0,8360.0,48567.0,020560
2026-09-29,45550.0,45700.0,44500.0,44700.0,28667.0,439260
2026-09-29,51200.0,51400.0,49500.0,49650.0,490280.0,475150
2026-09-29,39400.0,39400.0,37750.0,38050.0,47798.0,023590
2026-09-29,56000.0,56000.0,53500.0,54100.0,108373.0,120110
2026-09-29,43950.0,45250.0,42700.0,45150.0,113449.0,001430
2026-09-29,143800.0,157000.0,142200.0,155400.0,1215216.0,001820
2026-09-29,70900.0,71000.0,69900.0,70100.0,17499.0,000120
2026-09-29,48950.0,49000.0,46500.0,46600.0,233530.0,071970
2026-09-29,40400.0,40550.0,39900.0,40100.0,82657.0,008770
2026-09-29,36050.0,36050.0,35300.0,35400.0,19711.0,006040
2026-09-29,5280.0,5280.0,5160.0,5170.0,97386.0,395400
2026-09-29,41000.0,41000.0,39650.0,40100.0,73500.0,001120
2026-09-29,525000.0,530000.0,518000.0,527000.0,23620.0,009155
2026-09-29,23500.0,24000.0,22750.0,23000.0,159410.0,294870
2026-09-29,25750.0,26100.0,25000.0,25050.0,39350.0,012630
2026-09-29,13980.0,14130.0,13610.0,13880.0,1249700.0,093370
2026-09-29,24100.0,24350.0,23750.0,24100.0,44363.0,001800
2026-09-29,53600.0,53900.0,52500.0,53000.0,25049.0,011210
2026-09-29,124300.0,124600.0,121400.0,122300.0,10747.0,006280
2026-09-29,44350.0,44800.0,42200.0,42400.0,134711.0,005070
2026-09-29,18000.0,18010.0,16680.0,16740.0,342166.0,361610
2026-09-29,124000.0,124000.0,118500.0,120500.0,188527.0,322000
2026-09-29,15000.0,15000.0,14350.0,14470.0,164415.0,097230
2026-09-29,10580.0,10580.0,10070.0,10140.0,216739.0,00680K
2026-09-29,321000.0,321000.0,315500.0,315500.0,1384.0,007310
2026-09-29,72500.0,73900.0,71500.0,73400.0,32043.0,066575
2026-09-29,59200.0,59200.0,58000.0,58700.0,49191.0,192080
2026-09-29,315000.0,315000.0,286000.0,286500.0,33304.0,298020
2026-09-29,6140.0,6210.0,6070.0,6160.0,398808.0,001740
2026-09-29,108300.0,108300.0,104900.0,106300.0,17880.0,069620
2026-09-29,10070.0,10100.0,9990.0,10020.0,59939.0,415640
2026-09-29,26100.0,26150.0,25400.0,25500.0,65641.0,003540
2026-09-29,412500.0,412500.0,399500.0,400000.0,6437.0,000815
2026-09-29,4150.0,4185.0,4060.0,4145.0,118404.0,330590
2026-09-29,16380.0,16380.0,16030.0,16130.0,27213.0,300720
2026-09-29,127500.0,128100.0,124300.0,125100.0,8681.0,280360
2026-09-29,10000.0,10020.0,9850.0,9890.0,31304.0,030610
2026-09-29,44150.0,44150.0,42750.0,43000.0,35049.0,004000
2026-09-29,63100.0,65500.0,62500.0,63400.0,23820.0,006120
2026-09-29,59600.0,63000.0,59400.0,62400.0,136917.0,195870
2026-09-29,15140.0,15300.0,15000.0,15020.0,48343.0,000080
2026-09-29,52400.0,52500.0,49600.0,49800.0,53607.0,000210
2026-09-29,36100.0,37400.0,35850.0,36600.0,352030.0,003160
2026-09-29,29150.0,36200.0,27700.0,30850.0,738453.0,003570
2026-09-29,20150.0,20300.0,19500.0,19650.0,134169.0,017960
2026-09-29,13080.0,13230.0,12870.0,12910.0,908810.0,006340
2026-09-29,915000.0,916000.0,891000.0,897000.0,758.0,003240
2026-09-29,27150.0,27550.0,27150.0,27350.0,7715.0,192400
2026-09-29,4595.0,4595.0,4490.0,4510.0,506898.0,003530
2026-09-29,5280.0,5290.0,5160.0,5290.0,52035.0,451800
2026-09-29,16250.0,16400.0,16120.0,16270.0,45333.0,030190
2026-09-29,40850.0,40900.0,39650.0,39800.0,18971.0,009240
2026-09-29,11810.0,11820.0,11440.0,11580.0,113741.0,032350
2026-09-29,7910.0,7960.0,7760.0,7840.0,321635.0,000370
2026-09-29,79200.0,79300.0,78100.0,78900.0,10806.0,071320
2026-09-29,16040.0,16050.0,15390.0,15520.0,59250.0,003090
2026-09-29,65400.0,65400.0,64000.0,64300.0,19105.0,185750
2026-09-29,61000.0,61300.0,60000.0,60500.0,29917.0,009450
2026-09-29,96700.0,96800.0,95000.0,95100.0,6690.0,005300
2026-09-29,52000.0,52000.0,50600.0,51200.0,26181.0,285130
2026-09-29,9660.0,9660.0,9380.0,9400.0,220854.0,034230
2026-09-29,57500.0,57700.0,55300.0,57700.0,71293.0,006110
2026-09-29,116900.0,116900.0,111700.0,111900.0,13730.0,051915
2026-09-29,21850.0,21950.0,21200.0,21300.0,98307.0,077970
2026-09-29,5210.0,5260.0,5110.0,5120.0,337452.0,079160
2026-09-29,4400.0,4400.0,4315.0,4340.0,213384.0,003470
2026-09-29,144000.0,144100.0,139800.0,141400.0,16319.0,071055
2026-09-29,59600.0,59700.0,58800.0,59200.0,34478.0,004490
2026-09-29,39400.0,39850.0,38200.0,39000.0,28652.0,499790
2026-09-29,42600.0,42600.0,40750.0,41700.0,70476.0,000670
2026-09-29,3170.0,3170.0,3080.0,3090.0,118618.0,365550
2026-09-29,87000.0,88800.0,85500.0,86200.0,13010.0,005180
2026-09-29,47700.0,49900.0,46100.0,46250.0,43348.0,036530
2026-09-29,36350.0,36500.0,35200.0,36350.0,115459.0,100840
2026-09-29,6100.0,6120.0,6020.0,6080.0,84301.0,137310
2026-09-29,7730.0,7890.0,7510.0,7830.0,60490.0,094800
2026-09-29,18190.0,18190.0,18020.0,18070.0,33568.0,214320
2026-09-29,12150.0,12210.0,11850.0,12030.0,409199.0,005690
2026-09-29,11750.0,11820.0,11400.0,11480.0,274482.0,100090
2026-09-29,168000.0,168000.0,158600.0,158700.0,10589.0,298050
2026-09-29,26950.0,27000.0,26150.0,26700.0,75323.0,064960
2026-09-29,8200.0,8290.0,8180.0,8230.0,28025.0,003850
2026-09-29,20050.0,20500.0,20000.0,20400.0,326032.0,090460
2026-09-29,48200.0,48750.0,46900.0,47400.0,51701.0,005090
2026-09-29,525000.0,525000.0,515000.0,519000.0,294.0,002960
2026-09-29,5620.0,5620.0,5540.0,5550.0,31826.0,293940
2026-09-29,78900.0,79500.0,72600.0,74200.0,23145.0,456040
2026-09-29,16370.0,16390.0,16100.0,16240.0,48417.0,069260
2026-09-29,130900.0,135000.0,130500.0,132200.0,1234.0,268280
2026-09-29,2070.0,2090.0,2020.0,2035.0,596141.0,005880
2026-09-29,0.0,0.0,0.0,9900.0,0.0,001570
2026-09-29,2050.0,2070.0,2030.0,2040.0,115782.0,000400
2026-09-29,21950.0,22000.0,21550.0,21650.0,6813.0,093050
2026-09-29,95600.0,95600.0,92000.0,93500.0,7027.0,000640
2026-09-29,18370.0,18400.0,18030.0,18120.0,29026.0,001680
2026-09-29,93800.0,93800.0,90500.0,91000.0,4841.0,017940
2026-09-29,12950.0,13080.0,12750.0,13010.0,34110.0,248070
2026-09-29,8230.0,8230.0,8070.0,8080.0,45360.0,383800
2026-09-29,42550.0,42550.0,41950.0,42000.0,4566.0,317450
2026-09-29,138700.0,138700.0,134400.0,135900.0,2652.0,002840
2026-09-29,26700.0,26800.0,26100.0,26200.0,24175.0,001060
2026-09-29,19150.0,19150.0,18650.0,18750.0,28313.0,453340
2026-09-29,21200.0,21400.0,20750.0,20900.0,13833.0,014820
2026-09-29,10550.0,11310.0,10520.0,11300.0,1147046.0,004710
2026-09-29,36550.0,36600.0,35950.0,36400.0,16537.0,108320
2026-09-29,40550.0,40550.0,39500.0,40450.0,29411.0,079900
2026-09-29,40600.0,40600.0,39050.0,39100.0,9217.0,00088K
2026-09-29,92300.0,92300.0,87700.0,88200.0,24953.0,006650
2026-09-29,26250.0,26850.0,26000.0,26350.0,22426.0,033240
2026-09-29,57000.0,57000.0,55500.0,55800.0,11382.0,025540
2026-09-29,5620.0,5680.0,5500.0,5610.0,133769.0,016380
2026-09-29,131300.0,132900.0,128200.0,132200.0,2907.0,00104K
2026-09-29,2725.0,2845.0,2650.0,2845.0,1227152.0,452260
2026-09-29,8940.0,8970.0,8800.0,8860.0,74619.0,114090
2026-09-29,5760.0,5760.0,5600.0,5620.0,57693.0,002350
2026-09-29,18960.0,18960.0,18380.0,18450.0,19210.0,178920
2026-09-29,7990.0,8430.0,7900.0,8200.0,1179143.0,192650
2026-09-29,9590.0,9690.0,9210.0,9320.0,863030.0,017900
2026-09-29,9930.0,9990.0,9420.0,9500.0,337644.0,075580
2026-09-29,17740.0,17740.0,17280.0,17380.0,5439.0,003300
2026-09-29,24250.0,24350.0,23750.0,23850.0,10851.0,284740
2026-09-29,7710.0,7820.0,7560.0,7580.0,86537.0,336370
2026-09-29,37100.0,37100.0,36350.0,36750.0,10500.0,005810
2026-09-29,26450.0,26450.0,25100.0,25600.0,7287.0,001530
2026-09-29,13450.0,13500.0,13330.0,13370.0,2164.0,007700
2026-09-29,50600.0,51400.0,50000.0,50300.0,1409.0,001270
2026-09-29,2285.0,2295.0,2240.0,2250.0,1229304.0,001510
2026-09-29,1632.0,1642.0,1597.0,1601.0,188434.0,009410
2026-09-29,129800.0,129800.0,124400.0,125600.0,1028.0,058650
2026-09-29,44000.0,46100.0,43700.0,45950.0,40156.0,029460
2026-09-29,2540.0,2540.0,2475.0,2475.0,206440.0,003620
2026-09-29,6070.0,6090.0,5800.0,5860.0,1535868.0,0220W0
2026-09-29,18060.0,18500.0,17900.0,17910.0,102590.0,484870
2026-09-29,20300.0,20350.0,20050.0,20050.0,22807.0,003545
2026-09-29,10100.0,10120.0,9890.0,10025.0,70775.0,161000
2026-09-29,7860.0,7860.0,7760.0,7780.0,31316.0,001500
2026-09-29,46000.0,46000.0,44950.0,45950.0,8677.0,145990
2026-09-29,132300.0,132300.0,129000.0,130100.0,3411.0,004690
2026-09-29,4670.0,4675.0,4580.0,4630.0,37926.0,377740
2026-09-29,15110.0,15220.0,14760.0,15090.0,49399.0,008060
2026-09-29,12800.0,13090.0,12580.0,12670.0,759962.0,002990
2026-09-29,9200.0,9210.0,8960.0,8980.0,109752.0,019170
2026-09-29,30200.0,30300.0,29850.0,30000.0,10409.0,039130
2026-09-29,9600.0,9600.0,9210.0,9340.0,132662.0,460860
2026-09-29,42800.0,43300.0,41750.0,43150.0,31451.0,090435
2026-09-29,108500.0,110800.0,104000.0,109300.0,26016.0,003030
2026-09-29,58500.0,58500.0,57500.0,57800.0,5074.0,000070
2026-09-29,16750.0,16790.0,16490.0,16520.0,6356.0,002240
2026-09-29,9520.0,9630.0,9420.0,9450.0,31956.0,005250
2026-09-29,4915.0,4930.0,4840.0,4890.0,28946.0,448730
2026-09-29,65100.0,66500.0,65100.0,65700.0,441.0,004700
2026-09-29,20400.0,20500.0,20050.0,20300.0,124142.0,020000
2026-09-29,12180.0,12190.0,11860.0,11890.0,13342.0,034310
2026-09-29,10290.0,10300.0,10130.0,10260.0,57758.0,016610
2026-09-29,13900.0,13910.0,13530.0,13710.0,145593.0,249420
2026-09-29,15130.0,15170.0,14580.0,14580.0,78268.0,010780
2026-09-29,1836.0,1850.0,1794.0,1795.0,2122605.0,003280
2026-09-29,22900.0,22900.0,22500.0,22600.0,26805.0,005945
2026-09-29,8230.0,8260.0,8040.0,8070.0,108849.0,009900
2026-09-29,208000.0,210500.0,203500.0,205000.0,1961.0,002030
2026-09-29,90000.0,90100.0,89100.0,89300.0,1766.0,072710
2026-09-29,4250.0,4250.0,4200.0,4230.0,18381.0,357120
2026-09-29,145200.0,146900.0,142400.0,146400.0,5565.0,306200
2026-09-29,10780.0,10820.0,10620.0,10700.0,4324.0,403550
2026-09-29,96300.0,97400.0,95000.0,95700.0,651.0,092230
2026-09-29,61600.0,61600.0,59700.0,59700.0,9797.0,014830
2026-09-29,175200.0,175200.0,172900.0,173300.0,3028.0,005389
2026-09-29,21550.0,21800.0,21200.0,21600.0,34894.0,002810
2026-09-29,4110.0,4125.0,4035.0,4075.0,352096.0,001200
2026-09-29,3965.0,4010.0,3950.0,3970.0,87255.0,003000
2026-09-29,12300.0,12300.0,11940.0,11970.0,123754.0,130660
2026-09-29,11130.0,11130.0,10580.0,10620.0,20492.0,271940
2026-09-29,10360.0,10380.0,10010.0,10030.0,93416.0,005420
2026-09-29,14650.0,14800.0,14590.0,14610.0,9075.0,015360
2026-09-29,24050.0,24050.0,23600.0,23600.0,5200.0,344820
2026-09-29,9760.0,9800.0,9170.0,9700.0,860027.0,317400
2026-09-29,39400.0,39400.0,38550.0,38700.0,2088.0,029530
2026-09-29,9500.0,9600.0,9210.0,9270.0,12903.0,016590
2026-09-29,3360.0,3440.0,3340.0,3375.0,199116.0,126560
2026-09-29,4510.0,4610.0,4455.0,4600.0,155345.0,089590
2026-09-29,10480.0,10480.0,10240.0,10270.0,22331.0,183190
2026-09-29,12850.0,12850.0,12470.0,12660.0,27883.0,194370
2026-09-29,10610.0,10610.0,10390.0,10470.0,42875.0,031430
2026-09-29,26750.0,26750.0,25500.0,25650.0,6176.0,001940
2026-09-29,9690.0,9740.0,9590.0,9650.0,43827.0,006220
2026-09-29,6170.0,6170.0,5780.0,5950.0,28905.0,950210
2026-09-29,14780.0,14810.0,14310.0,14390.0,36854.0,008730
2026-09-29,3745.0,3745.0,3690.0,3715.0,35759.0,027410
2026-09-29,17640.0,17660.0,17040.0,17320.0,119841.0,011930
2026-09-29,38000.0,38200.0,36700.0,37650.0,18761.0,007690
2026-09-29,39250.0,39250.0,38500.0,38650.0,8590.0,060980
2026-09-29,1750.0,1751.0,1694.0,1717.0,473382.0,012030
2026-09-29,88600.0,88600.0,85100.0,85800.0,10920.0,010955
2026-09-29,15480.0,15480.0,14820.0,15120.0,340038.0,003350
2026-09-29,13600.0,13600.0,13110.0,13120.0,143553.0,092790
2026-09-29,8580.0,8590.0,8520.0,8530.0,11990.0,105630
2026-09-29,9480.0,9550.0,9290.0,9320.0,11216.0,104700
2026-09-29,47100.0,47100.0,44550.0,45550.0,30465.0,0120G0
2026-09-29,7090.0,7090.0,6810.0,6840.0,60314.0,015860
2026-09-29,231500.0,233500.0,227500.0,229500.0,1153.0,02826K
2026-09-29,34700.0,34750.0,34400.0,34400.0,1930.0,170900
2026-09-29,39300.0,39500.0,38700.0,38800.0,1135.0,005610
2026-09-29,8830.0,8830.0,8690.0,8700.0,9493.0,017810
2026-09-29,13740.0,13910.0,13400.0,13780.0,335230.0,217590
2026-09-29,18630.0,19040.0,18500.0,19010.0,22720.0,097520
2026-09-29,385000.0,385000.0,363500.0,363500.0,270.0,000157
2026-09-29,214500.0,214500.0,203000.0,203500.0,3470.0,006405
2026-09-29,25300.0,25400.0,24450.0,24500.0,17371.0,011760
2026-09-29,9190.0,9410.0,9190.0,9320.0,8343.0,024720
2026-09-29,4315.0,4370.0,4280.0,4285.0,33987.0,096760
2026-09-29,2110.0,2120.0,2005.0,2020.0,394564.0,001230
2026-09-29,4785.0,4820.0,4720.0,4800.0,55270.0,009160
2026-09-29,6500.0,6600.0,6270.0,6290.0,182497.0,009290
2026-09-29,37000.0,37250.0,36000.0,36150.0,10421.0,145720
2026-09-29,8010.0,8010.0,7860.0,7980.0,21654.0,026890
2026-09-29,6000.0,6000.0,5890.0,5910.0,37357.0,272450
2026-09-29,8240.0,8280.0,7790.0,7820.0,101794.0,002310
2026-09-29,6390.0,6500.0,6210.0,6240.0,80402.0,381970
2026-09-29,24150.0,24150.0,23300.0,23400.0,18663.0,002020
2026-09-29,6110.0,6150.0,5980.0,6060.0,225744.0,025860
2026-09-29,21450.0,21450.0,21000.0,21050.0,11979.0,126720
2026-09-29,6220.0,6410.0,6110.0,6120.0,375030.0,010820
2026-09-29,2465.0,2470.0,2415.0,2435.0,93874.0,123890
2026-09-29,11140.0,11240.0,11090.0,11200.0,7396.0,018250
2026-09-29,8390.0,8970.0,7850.0,7920.0,327826.0,020120
2026-09-29,33450.0,33450.0,32650.0,32750.0,6848.0,108670
2026-09-29,11480.0,11480.0,11170.0,11180.0,58784.0,002710
2026-09-29,10940.0,10950.0,10760.0,10770.0,26229.0,200880
2026-09-29,19160.0,19380.0,19120.0,19150.0,2789.0,001750
2026-09-29,21550.0,23000.0,21550.0,21700.0,3463.0,003120
2026-09-29,13010.0,13350.0,12400.0,12700.0,8583.0,244920
2026-09-29,1131.0,1138.0,1123.0,1127.0,154033.0,034830
2026-09-29,5570.0,5570.0,5370.0,5380.0,11583.0,005720
2026-09-29,4750.0,4795.0,4550.0,4580.0,74513.0,000430
2026-09-29,7880.0,7880.0,7710.0,7780.0,10241.0,084690
2026-09-29,12410.0,12570.0,12180.0,12460.0,169753.0,044450
2026-09-29,17750.0,17750.0,17430.0,17620.0,18537.0,033270
2026-09-29,8280.0,8350.0,8180.0,8320.0,76794.0,122900
2026-09-29,87900.0,89200.0,86100.0,87600.0,2388.0,005430
2026-09-29,4280.0,4310.0,4150.0,4155.0,131669.0,001390
2026-09-29,24550.0,24900.0,23650.0,23950.0,757.0,016800
2026-09-29,10880.0,10980.0,10340.0,10360.0,278357.0,005950
2026-09-29,8000.0,8030.0,7860.0,7900.0,12766.0,084010
2026-09-29,8810.0,9170.0,8440.0,8480.0,2632172.0,004310
2026-09-29,2650.0,2690.0,2410.0,2420.0,1511073.0,010580
2026-09-29,10870.0,11030.0,10770.0,10820.0,38324.0,078520
2026-09-29,11500.0,11500.0,11170.0,11210.0,79210.0,004430
2026-09-29,54500.0,54500.0,53900.0,54100.0,2839.0,017390
2026-09-29,4620.0,4620.0,4435.0,4445.0,128046.0,058430
2026-09-29,13570.0,13580.0,13150.0,13170.0,135657.0,105840
2026-09-29,6690.0,6690.0,6390.0,6420.0,156474.0,002900
2026-09-29,2655.0,2670.0,2590.0,2595.0,28352.0,091810
2026-09-29,34600.0,34700.0,34100.0,34150.0,12226.0,037710
2026-09-29,17390.0,17390.0,17010.0,17060.0,5711.0,286940
2026-09-29,7410.0,7450.0,7300.0,7310.0,88030.0,010690
2026-09-29,13400.0,13400.0,13180.0,13250.0,11022.0,004360
2026-09-29,12620.0,12770.0,12560.0,12650.0,8643.0,005680
2026-09-29,3685.0,3720.0,3610.0,3625.0,20803.0,334890
2026-09-29,18860.0,18860.0,18580.0,18660.0,11995.0,005500
2026-09-29,11110.0,11130.0,10450.0,10800.0,31853.0,003200
2026-09-29,26900.0,27200.0,26850.0,27000.0,731.0,003960
2026-09-29,25350.0,26000.0,25000.0,25750.0,11327.0,044820
2026-09-29,2845.0,2865.0,2825.0,2845.0,38285.0,001790
2026-09-29,1515.0,1515.0,1500.0,1508.0,40275.0,298690
2026-09-29,1653.0,1653.0,1607.0,1615.0,268241.0,432320
2026-09-29,49100.0,49150.0,47500.0,48000.0,1766.0,007160
2026-09-29,42400.0,42550.0,41850.0,42500.0,2129.0,003920
2026-09-29,10400.0,10400.0,10000.0,10060.0,62180.0,136490
2026-09-29,3950.0,3950.0,3835.0,3865.0,27422.0,404990
2026-09-29,14570.0,15240.0,14570.0,15210.0,53540.0,002320
2026-09-29,57800.0,57800.0,56700.0,56800.0,3808.0,025000
2026-09-29,3970.0,3970.0,3860.0,3860.0,49707.0,030210
2026-09-29,0.0,0.0,0.0,1182.0,0.0,348950
2026-09-29,9200.0,9260.0,9090.0,9100.0,2708.0,003070
2026-09-29,20200.0,20200.0,19510.0,19970.0,19999.0,008490
2026-09-29,2945.0,2970.0,2905.0,2910.0,21989.0,000680
2026-09-29,1208.0,1220.0,1180.0,1185.0,316141.0,900140
2026-09-29,10560.0,10600.0,10370.0,10390.0,11890.0,226320
2026-09-29,21250.0,21600.0,20450.0,20750.0,89508.0,053690
2026-09-29,0.0,0.0,0.0,5820.0,0.0,001470
2026-09-29,5080.0,5080.0,4900.0,4965.0,64874.0,001340
2026-09-29,3500.0,3500.0,3440.0,3465.0,10222.0,000540
2026-09-29,12760.0,12760.0,12400.0,12570.0,64932.0,017860
2026-09-29,19410.0,19790.0,19310.0,19740.0,31978.0,028100
2026-09-29,3805.0,3805.0,3695.0,3710.0,16595.0,0030R0
2026-09-29,10130.0,10130.0,10050.0,10050.0,2394.0,134380
2026-09-29,2655.0,2720.0,2635.0,2675.0,608689.0,001250
2026-09-29,10140.0,10180.0,10050.0,10090.0,10142.0,009680
2026-09-29,34600.0,35500.0,34600.0,34900.0,586.0,001460
2026-09-29,9730.0,10150.0,9400.0,10080.0,314506.0,077500
2026-09-29,11700.0,11760.0,11610.0,11700.0,1708.0,034120
2026-09-29,7620.0,7670.0,7450.0,7510.0,57993.0,000490
2026-09-29,125100.0,127400.0,122900.0,123400.0,1865.0,003650
2026-09-29,7980.0,7980.0,7800.0,7830.0,12762.0,000050
2026-09-29,3945.0,3945.0,3800.0,3800.0,165504.0,005010
2026-09-29,15510.0,15660.0,15200.0,15260.0,73445.0,035510
2026-09-29,14600.0,14770.0,14200.0,14210.0,18197.0,475560
2026-09-29,372500.0,372500.0,370000.0,371500.0,345.0,03473K
2026-09-29,6310.0,6350.0,6140.0,6180.0,98049.0,003720
2026-09-29,7440.0,7490.0,7330.0,7330.0,22563.0,033920
2026-09-29,5590.0,5600.0,5300.0,5340.0,145837.0,092200
2026-09-29,7060.0,7550.0,6990.0,7450.0,720569.0,025560
2026-09-29,13380.0,13380.0,12960.0,13210.0,22847.0,011500
2026-09-29,15860.0,15860.0,15420.0,15470.0,3818.0,000320
2026-09-29,3275.0,3275.0,3230.0,3240.0,49615.0,088260
2026-09-29,10490.0,10500.0,10200.0,10360.0,22931.0,035150
2026-09-29,52600.0,55000.0,51500.0,53700.0,14391.0,298000
2026-09-29,142700.0,147800.0,142200.0,142400.0,524.0,000650
2026-09-29,68600.0,68600.0,67500.0,67800.0,1414.0,003555
2026-09-29,8200.0,8390.0,8180.0,8260.0,17585.0,004980
2026-09-29,4350.0,4350.0,4265.0,4275.0,17964.0,000480
2026-09-29,99400.0,99400.0,94300.0,94800.0,18274.0,051905
2026-09-29,3070.0,3095.0,3065.0,3090.0,15163.0,100250
2026-09-29,3135.0,3150.0,3060.0,3075.0,78616.0,037270
2026-09-29,22300.0,22550.0,21650.0,21800.0,49673.0,013580
2026-09-29,4320.0,4340.0,4265.0,4280.0,32752.0,095570
2026-09-29,7200.0,7200.0,6990.0,7060.0,117470.0,117580
2026-09-29,7450.0,7490.0,7430.0,7450.0,3152.0,039570
2026-09-29,7160.0,7180.0,6950.0,7060.0,59822.0,000390
2026-09-29,3790.0,3835.0,3790.0,3805.0,28139.0,339770
2026-09-29,4010.0,4010.0,3975.0,4000.0,15606.0,053210
2026-09-29,6080.0,6150.0,5910.0,6070.0,2407.0,002420
2026-09-29,50700.0,50900.0,49100.0,50600.0,2020.0,487570
2026-09-29,1043.0,1045.0,1022.0,1024.0,195559.0,003520
2026-09-29,10050.0,10120.0,9980.0,10010.0,10025.0,016580
2026-09-29,19570.0,19730.0,19310.0,19400.0,9267.0,003547
2026-09-29,8440.0,8440.0,8100.0,8120.0,30807.0,005960
2026-09-29,37650.0,37650.0,37100.0,37100.0,1909.0,001630
2026-09-29,3700.0,3700.0,3635.0,3650.0,63539.0,102260
2026-09-29,10080.0,10100.0,9895.0,9990.0,25883.0,102460
2026-09-29,11070.0,11070.0,10800.0,10910.0,11971.0,001130
2026-09-29,12380.0,12380.0,12130.0,12220.0,24669.0,004560
2026-09-29,7860.0,8100.0,7750.0,7840.0,14901.0,000140
2026-09-29,4090.0,4090.0,4000.0,4030.0,96691.0,128820
2026-09-29,6790.0,6810.0,6650.0,6700.0,18426.0,033530
2026-09-29,25800.0,27150.0,25650.0,26850.0,62601.0,009470
2026-09-29,7560.0,7600.0,7440.0,7550.0,20354.0,007860
2026-09-29,2055.0,2055.0,1986.0,1992.0,389910.0,377190
2026-09-29,9040.0,9050.0,8990.0,9010.0,5831.0,002100
2026-09-29,5640.0,5640.0,5390.0,5430.0,54969.0,003610
2026-09-29,7450.0,7450.0,7290.0,7320.0,54597.0,213500
2026-09-29,0.0,0.0,0.0,4200.0,0.0,000300
2026-09-29,6630.0,6680.0,6620.0,6680.0,13393.0,000700
2026-09-29,7920.0,7920.0,7730.0,7730.0,28701.0,003220
2026-09-29,11050.0,11050.0,10930.0,10940.0,6612.0,234080
2026-09-29,8130.0,8260.0,7940.0,7990.0,51671.0,000520
2026-09-29,4330.0,4330.0,4280.0,4300.0,10804.0,016450
2026-09-29,6460.0,6480.0,6230.0,6270.0,63262.0,015230
2026-09-29,5050.0,5060.0,4960.0,5010.0,21369.0,002150
2026-09-29,3005.0,3010.0,2960.0,2980.0,16046.0,003460
2026-09-29,9290.0,10000.0,9290.0,9820.0,10289.0,014710
2026-09-29,2770.0,2910.0,2650.0,2690.0,31067.0,241590
2026-09-29,0.0,0.0,0.0,5530.0,0.0,101530
2026-09-29,12130.0,12200.0,12100.0,12150.0,5323.0,000860
2026-09-29,53500.0,53500.0,52100.0,52500.0,2717.0,002170
2026-09-29,5280.0,5430.0,5260.0,5260.0,39201.0,460850
2026-09-29,7930.0,7940.0,7800.0,7840.0,12550.0,090350
2026-09-29,2780.0,2795.0,2775.0,2785.0,24863.0,400760
2026-09-29,7900.0,8110.0,7900.0,8000.0,12706.0,007570
2026-09-29,21500.0,21800.0,21400.0,21500.0,1793.0,00279K
2026-09-29,7080.0,7090.0,6870.0,6890.0,17333.0,013890
2026-09-29,67600.0,67600.0,66600.0,67100.0,1864.0,001045
2026-09-29,7550.0,7570.0,7230.0,7310.0,26383.0,004380
2026-09-29,49900.0,50100.0,49650.0,49800.0,3937.0,011785
2026-09-29,12700.0,12780.0,12610.0,12660.0,3074.0,462520
2026-09-29,11420.0,11560.0,11140.0,11180.0,20466.0,006805
2026-09-29,1580.0,1580.0,1540.0,1549.0,149990.0,001780
2026-09-29,6600.0,6600.0,6510.0,6540.0,9652.0,000970
2026-09-29,11720.0,11890.0,11590.0,11620.0,105065.0,004090
2026-09-29,9800.0,9810.0,9720.0,9760.0,2448.0,272550
2026-09-29,10070.0,10120.0,9860.0,9940.0,7470.0,271980
2026-09-29,3620.0,3635.0,3545.0,3560.0,60048.0,004150
2026-09-29,111500.0,111500.0,109900.0,110000.0,3524.0,097955
2026-09-29,8230.0,8270.0,8180.0,8210.0,5815.0,293480
2026-09-29,9010.0,9020.0,8930.0,8990.0,3440.0,004970
2026-09-29,109600.0,109600.0,107500.0,107600.0,92.0,003830
2026-09-29,6000.0,6050.0,5950.0,6020.0,5760.0,071840
2026-09-29,1820.0,1834.0,1731.0,1757.0,120032.0,016880
2026-09-29,62000.0,62000.0,60400.0,60400.0,8.0,107590
2026-09-29,4270.0,4270.0,4160.0,4185.0,119127.0,025820
2026-09-29,5100.0,5140.0,4985.0,5000.0,44831.0,000020
2026-09-29,4725.0,4760.0,4665.0,4695.0,29316.0,003480
2026-09-29,4730.0,4790.0,4700.0,4735.0,3543.0,015890
2026-09-29,11970.0,11990.0,11900.0,11930.0,9123.0,094280
2026-09-29,4830.0,4945.0,4600.0,4700.0,697259.0,014280
2026-09-29,1068.0,1085.0,1061.0,1061.0,544444.0,008350
2026-09-29,3675.0,3950.0,3635.0,3870.0,20811.0,001080
2026-09-29,14580.0,14690.0,14470.0,14540.0,1328.0,004080
2026-09-29,3220.0,3240.0,3180.0,3190.0,80068.0,012610
2026-09-29,5260.0,5280.0,5160.0,5210.0,38411.0,018470
2026-09-29,9470.0,9470.0,9110.0,9140.0,8782.0,081000
2026-09-29,11460.0,11510.0,11340.0,11340.0,1341.0,024090
2026-09-29,5530.0,5530.0,5340.0,5350.0,6552.0,214390
2026-09-29,21700.0,21700.0,21300.0,21350.0,2216.0,267290
2026-09-29,2510.0,2520.0,2480.0,2500.0,41517.0,013520
2026-09-29,11070.0,11090.0,10680.0,10730.0,7754.0,004960
2026-09-29,3130.0,3160.0,3055.0,3070.0,441284.0,092220
2026-09-29,3360.0,3415.0,3320.0,3365.0,70712.0,011690
2026-09-29,13290.0,13360.0,13100.0,13310.0,1234.0,078000
2026-09-29,1085.0,1101.0,1067.0,1070.0,173658.0,009270
2026-09-29,1328.0,1328.0,1274.0,1300.0,147721.0,001360
2026-09-29,2260.0,2260.0,2195.0,2210.0,47270.0,006060
2026-09-29,11230.0,11250.0,11040.0,11050.0,15991.0,210540
2026-09-29,9940.0,9960.0,9590.0,9620.0,588838.0,001210
2026-09-29,13410.0,13570.0,13270.0,13490.0,439.0,005800
2026-09-29,3375.0,3375.0,3285.0,3285.0,22224.0,350520
2026-09-29,7500.0,7720.0,7360.0,7560.0,1344.0,002620
2026-09-29,3830.0,3830.0,3760.0,3780.0,15067.0,089470
2026-09-29,1268.0,1278.0,1239.0,1250.0,27301.0,002210
2026-09-29,5010.0,5010.0,4955.0,4980.0,22466.0,214420
2026-09-29,1151.0,1151.0,1113.0,1117.0,415386.0,001520
2026-09-29,9380.0,9440.0,8820.0,9290.0,286358.0,003010
2026-09-29,4035.0,4050.0,3950.0,3960.0,58719.0,009070
2026-09-29,1553.0,1553.0,1518.0,1523.0,46406.0,037560
2026-09-29,1163.0,1169.0,1131.0,1133.0,367681.0,008970
2026-09-29,8800.0,8800.0,8390.0,8490.0,4638.0,002390
2026-09-29,3375.0,3375.0,3300.0,3350.0,48496.0,014530
2026-09-29,12860.0,13000.0,12620.0,12700.0,3047.0,227840
2026-09-29,26300.0,26400.0,26250.0,26250.0,669.0,034590
2026-09-29,2090.0,2150.0,2035.0,2140.0,49397.0,015590
2026-09-29,4055.0,4055.0,3920.0,3985.0,6191.0,016740
2026-09-29,32100.0,32200.0,31850.0,32100.0,854.0,023450
2026-09-29,3115.0,3125.0,3030.0,3055.0,204498.0,004100
2026-09-29,5620.0,5680.0,5570.0,5580.0,3374.0,079430
2026-09-29,1832.0,1832.0,1789.0,1796.0,155441.0,017550
2026-09-29,11200.0,11200.0,10930.0,10980.0,4884.0,002460
2026-09-29,7000.0,7000.0,6890.0,6900.0,1762.0,016710
2026-09-29,4620.0,4680.0,4585.0,4610.0,8372.0,083420
2026-09-29,0.0,0.0,0.0,3530.0,0.0,011810
2026-09-29,7060.0,7940.0,7060.0,7730.0,15105.0,008040
2026-09-29,4145.0,4175.0,4110.0,4130.0,6108.0,013570
2026-09-29,3130.0,3130.0,2980.0,3040.0,561956.0,012200
2026-09-29,1808.0,1808.0,1703.0,1703.0,719919.0,009580
2026-09-29,1175.0,1185.0,1157.0,1162.0,313081.0,012800
2026-09-29,10740.0,10810.0,10490.0,10520.0,6036.0,021820
2026-09-29,60400.0,60400.0,59000.0,59100.0,2463.0,078935
2026-09-29,2195.0,2540.0,2010.0,2085.0,5633894.0,003580
2026-09-29,2840.0,2885.0,2815.0,2825.0,28149.0,004250
2026-09-29,3780.0,3815.0,3710.0,3755.0,41010.0,014580
2026-09-29,83900.0,83900.0,81900.0,82000.0,292.0,120030
2026-09-29,12610.0,12720.0,12340.0,12690.0,62266.0,006660
2026-09-29,51800.0,51800.0,48700.0,48750.0,3011.0,37550L
2026-09-29,3415.0,3415.0,3350.0,3365.0,23067.0,010100
2026-09-29,2725.0,2735.0,2675.0,2680.0,13124.0,027970
2026-09-29,43750.0,44450.0,42600.0,43050.0,6639.0,012320
2026-09-29,9210.0,9240.0,9000.0,9110.0,7994.0,267850
2026-09-29,22300.0,22300.0,22000.0,22050.0,13825.0,248170
2026-09-29,0.0,0.0,0.0,918.0,0.0,119650
2026-09-29,6390.0,6390.0,6210.0,6240.0,48330.0,123690
2026-09-29,1265.0,1290.0,1256.0,1280.0,202423.0,008700
2026-09-29,1077.0,1109.0,1073.0,1079.0,33026.0,002450
2026-09-29,1356.0,1381.0,1356.0,1380.0,13195.0,011280
2026-09-29,6180.0,6180.0,5990.0,6000.0,338055.0,035000
2026-09-29,2080.0,2080.0,1970.0,2010.0,23807.0,070960
2026-09-29,7790.0,7790.0,7650.0,7670.0,1802.0,264900
2026-09-29,2390.0,2390.0,2360.0,2365.0,189582.0,417310
2026-09-29,1619.0,1619.0,1576.0,1602.0,54780.0,013700
2026-09-29,6800.0,6800.0,6530.0,6550.0,52260.0,002780
2026-09-29,2600.0,2635.0,2500.0,2505.0,42973.0,014790
2026-09-29,3315.0,3315.0,3260.0,3280.0,16377.0,008260
2026-09-29,47300.0,47400.0,46450.0,46600.0,9865.0,007540
2026-09-29,5560.0,5630.0,5440.0,5500.0,14732.0,032560
2026-09-29,4690.0,4700.0,4645.0,4675.0,3440.0,014440
2026-09-29,1432.0,1435.0,1420.0,1425.0,22570.0,007210
2026-09-29,5260.0,5260.0,4920.0,5090.0,17620.0,025620
2026-09-29,2285.0,2285.0,2230.0,2255.0,16038.0,067830
2026-09-29,2770.0,2800.0,2740.0,2760.0,27538.0,002200
2026-09-29,2495.0,2540.0,2470.0,2480.0,22245.0,036580
2026-09-29,1993.0,2055.0,1987.0,2000.0,6691.0,363280
2026-09-29,30200.0,30350.0,30100.0,30100.0,396.0,001275
2026-09-29,2190.0,2190.0,2162.0,2170.0,64686.0,058850
2026-09-29,2570.0,2605.0,2550.0,2570.0,186890.0,058860
2026-09-29,5010.0,5020.0,4940.0,4965.0,47641.0,019180
2026-09-29,4280.0,4285.0,4020.0,4140.0,40822.0,001290
2026-09-29,74000.0,75800.0,70300.0,70800.0,8376.0,096775
2026-09-29,6850.0,6850.0,6600.0,6660.0,4639.0,006840
2026-09-29,2210.0,2220.0,2180.0,2195.0,7905.0,023000
2026-09-29,2240.0,2245.0,2215.0,2240.0,11077.0,139990
2026-09-29,1760.0,1781.0,1756.0,1767.0,52659.0,004140
2026-09-29,34400.0,34650.0,34250.0,34550.0,621.0,004890
2026-09-29,8820.0,8890.0,8820.0,8880.0,183.0,006090
2026-09-29,1801.0,1807.0,1755.0,1756.0,203909.0,007980
2026-09-29,37300.0,38500.0,36850.0,37300.0,3552.0,000850
2026-09-29,137500.0,137500.0,137500.0,137500.0,1.0,002600
2026-09-29,6510.0,6510.0,6070.0,6080.0,9224.0,33626K
2026-09-29,68400.0,70300.0,68300.0,70300.0,229.0,000590
2026-09-29,8930.0,9400.0,8070.0,8180.0,389737.0,001260
2026-09-29,12930.0,13170.0,12760.0,12810.0,2037.0,111380
2026-09-29,5070.0,5070.0,4920.0,4955.0,51975.0,023800
2026-09-29,2780.0,2785.0,2755.0,2780.0,42122.0,009180
2026-09-29,5500.0,5550.0,5350.0,5430.0,20651.0,069730
2026-09-29,2455.0,2455.0,2375.0,2380.0,69349.0,011700
2026-09-29,4380.0,4380.0,4215.0,4295.0,204674.0,007610
2026-09-29,5210.0,5220.0,5120.0,5150.0,4014.0,005740
2026-09-29,3935.0,4000.0,3875.0,3960.0,16078.0,004840
2026-09-29,5540.0,5540.0,5410.0,5460.0,12903.0,163560
2026-09-29,5560.0,5560.0,5510.0,5540.0,1293.0,007590
2026-09-29,0.0,0.0,0.0,532.0,0.0,084680
2026-09-29,3095.0,3100.0,3050.0,3060.0,52810.0,010960
2026-09-29,66000.0,66000.0,64100.0,64200.0,264.0,000105
2026-09-29,7360.0,7360.0,6920.0,6950.0,28083.0,109070
2026-09-29,1371.0,1392.0,1350.0,1351.0,138411.0,013360
2026-09-29,11210.0,11480.0,11010.0,11380.0,13855.0,002795
2026-09-29,2845.0,2845.0,2685.0,2700.0,231529.0,002220
2026-09-29,14980.0,15080.0,14590.0,15080.0,10219.0,055490
2026-09-29,3825.0,3825.0,3760.0,3770.0,14913.0,013870
2026-09-29,2125.0,2215.0,2125.0,2195.0,149956.0,024900
2026-09-29,2045.0,2055.0,2000.0,2020.0,271448.0,004770
2026-09-29,0.0,0.0,0.0,655.0,0.0,014160
2026-09-29,13110.0,13120.0,12870.0,12940.0,2485.0,063160
2026-09-29,3795.0,3810.0,3760.0,3795.0,45244.0,338100
2026-09-29,6710.0,6890.0,6620.0,6740.0,34872.0,214330
2026-09-29,1968.0,1997.0,1921.0,1997.0,2530.0,001020
2026-09-29,4400.0,4400.0,4180.0,4195.0,27602.0,005750
2026-09-29,25500.0,25500.0,24875.0,25100.0,5984.0,120115
2026-09-29,8980.0,9120.0,8910.0,9110.0,115.0,001560
2026-09-29,1232.0,1242.0,1213.0,1224.0,27424.0,095720
2026-09-29,1677.0,1726.0,1632.0,1675.0,42471.0,010040
2026-09-29,28200.0,28200.0,27050.0,27450.0,1144.0,009770
2026-09-29,5520.0,5520.0,5340.0,5390.0,43465.0,004440
2026-09-29,24100.0,24150.0,23500.0,23750.0,6165.0,084670
2026-09-29,1892.0,1924.0,1885.0,1903.0,5664.0,011150
2026-09-29,3220.0,3265.0,3195.0,3225.0,17287.0,002720
2026-09-29,5970.0,5970.0,5870.0,5910.0,6714.0,000230
2026-09-29,4320.0,4320.0,4170.0,4250.0,23242.0,155660
2026-09-29,3510.0,3845.0,3460.0,3650.0,308963.0,210980
2026-09-29,5750.0,5750.0,5570.0,5580.0,21117.0,031820
2026-09-29,4875.0,4895.0,4830.0,4835.0,4827.0,000180
2026-09-29,3380.0,3395.0,3250.0,3290.0,189022.0,071090
2026-09-29,928.0,1009.0,920.0,966.0,2306734.0,002700
2026-09-29,3000.0,3080.0,3000.0,3020.0,46596.0,010660
2026-09-29,1924.0,1980.0,1903.0,1919.0,18792.0,079980
2026-09-29,2985.0,2985.0,2835.0,2880.0,10691.0,004720
2026-09-29,1634.0,1634.0,1601.0,1616.0,9708.0,019680
2026-09-29,2325.0,2325.0,2205.0,2265.0,9676.0,007280
2026-09-29,8780.0,9000.0,8670.0,8730.0,16645.0,085310
2026-09-29,5010.0,5030.0,4950.0,4975.0,12088.0,100220
2026-09-29,3445.0,3570.0,3415.0,3475.0,10458.0,017370
2026-09-29,3245.0,3260.0,3080.0,3095.0,262179.0,058730
2026-09-29,4420.0,4500.0,4370.0,4440.0,39394.0,005870
2026-09-29,1503.0,1508.0,1490.0,1497.0,52017.0,009200
2026-09-29,1316.0,1388.0,1316.0,1330.0,31141.0,018500
2026-09-29,1403.0,1403.0,1392.0,1394.0,36780.0,016090
2026-09-29,6200.0,6200.0,6100.0,6110.0,3170.0,068290
2026-09-29,28950.0,29100.0,27900.0,28200.0,565.0,004450
2026-09-29,4790.0,4790.0,4700.0,4775.0,14831.0,072130
2026-09-29,1001.0,1008.0,993.0,996.0,51449.0,002760
2026-09-29,19000.0,19710.0,19000.0,19710.0,920.0,007815
2026-09-29,3745.0,3745.0,3670.0,3670.0,42210.0,000220
2026-09-29,2145.0,2160.0,2085.0,2110.0,197935.0,372910
2026-09-29,1781.0,1785.0,1703.0,1775.0,64768.0,480370
2026-09-29,6500.0,6500.0,6310.0,6340.0,6699.0,111110
2026-09-29,4385.0,4425.0,4290.0,4405.0,21541.0,003780
2026-09-29,30750.0,30750.0,30050.0,30100.0,2371.0,003925
2026-09-29,1889.0,1911.0,1873.0,1889.0,36754.0,129260
2026-09-29,2460.0,2470.0,2360.0,2370.0,344268.0,0220WL
2026-09-29,2930.0,2930.0,2915.0,2920.0,1167.0,075180
2026-09-29,26550.0,26550.0,25850.0,26000.0,2337.0,001465
2026-09-29,4940.0,4970.0,4805.0,4825.0,40984.0,006890
2026-09-29,1024.0,1031.0,1006.0,1017.0,73475.0,090080
2026-09-29,0.0,0.0,0.0,902.0,0.0,020760
2026-09-29,26900.0,26900.0,26200.0,26250.0,1528.0,37550K
2026-09-29,53700.0,53700.0,52100.0,52200.0,1865.0,000725
2026-09-29,2950.0,3200.0,2950.0,3145.0,298.0,003465
2026-09-29,1867.0,1880.0,1839.0,1849.0,109484.0,092440
2026-09-29,3645.0,3645.0,3585.0,3610.0,1987.0,025530
2026-09-29,25350.0,26100.0,25350.0,25450.0,5532.0,28513K
2026-09-29,4200.0,4200.0,4165.0,4175.0,4173.0,003475
2026-09-29,1390.0,1390.0,1346.0,1350.0,99168.0,396690
2026-09-29,17480.0,17580.0,17150.0,17280.0,1355.0,006980
2026-09-29,2835.0,2835.0,2780.0,2810.0,16320.0,378850
2026-09-29,0.0,0.0,0.0,1935.0,0.0,002410
2026-09-29,24900.0,25500.0,24500.0,25350.0,8908.0,35320K
2026-09-29,10500.0,10610.0,10160.0,10230.0,42359.0,001550
2026-09-29,42900.0,43050.0,42000.0,42550.0,1535.0,006125
2026-09-29,1415.0,1415.0,1384.0,1409.0,28707.0,012690
2026-09-29,3350.0,3350.0,3260.0,3285.0,15018.0,123700
2026-09-29,2660.0,2685.0,2600.0,2660.0,115612.0,011230
2026-09-29,3515.0,3540.0,3470.0,3480.0,12331.0,010770
2026-09-29,66300.0,66300.0,65200.0,65600.0,186.0,005305
2026-09-29,2925.0,3040.0,2855.0,2945.0,63807.0,011300
2026-09-29,2025.0,2025.0,1941.0,1977.0,124659.0,007460
2026-09-29,3600.0,3695.0,3295.0,3360.0,392969.0,014990
2026-09-29,1793.0,1793.0,1685.0,1706.0,66744.0,002630
2026-09-29,3320.0,3320.0,3205.0,3225.0,7809.0,004830
2026-09-29,1068.0,1068.0,1058.0,1060.0,102759.0,021050
2026-09-29,4965.0,5070.0,4950.0,5010.0,10398.0,023810
2026-09-29,4380.0,4380.0,4205.0,4210.0,13039.0,006880
2026-09-29,29950.0,29950.0,29250.0,29250.0,193.0,000950
2026-09-29,1994.0,1994.0,1940.0,1950.0,73844.0,002140
2026-09-29,0.0,0.0,0.0,2670.0,0.0,011000
2026-09-29,978.0,990.0,970.0,977.0,31063.0,009320
2026-09-29,1202.0,1224.0,1202.0,1217.0,91779.0,004410
2026-09-29,2180.0,2190.0,2120.0,2150.0,9880.0,001620
2026-09-29,46900.0,47050.0,45000.0,45050.0,4367.0,011390
2026-09-29,0.0,0.0,0.0,907.0,0.0,004920
2026-09-29,0.0,0.0,0.0,603.0,0.0,007110
2026-09-29,2150.0,2180.0,2150.0,2165.0,1791.0,041650
2026-09-29,0.0,0.0,0.0,2660.0,0.0,069460
2026-09-29,1810.0,1834.0,1775.0,1783.0,96289.0,002920
2026-09-29,1850.0,1858.0,1849.0,1849.0,21214.0,357250
2026-09-29,1226.0,1240.0,1198.0,1231.0,30487.0,004540
2026-09-29,2980.0,3030.0,2905.0,2925.0,21862.0,000910
2026-09-29,18240.0,18350.0,17370.0,17840.0,11573.0,009835
2026-09-29,0.0,0.0,0.0,5110.0,0.0,074610
2026-09-29,3600.0,3600.0,3345.0,3400.0,122095.0,092780
2026-09-29,2220.0,2220.0,2150.0,2175.0,3917.0,084870
2026-09-29,2240.0,2245.0,2205.0,2220.0,46708.0,003080
2026-09-29,4990.0,4990.0,4255.0,4400.0,17486.0,101140
2026-09-29,1338.0,1356.0,1209.0,1281.0,177732.0,005320
2026-09-29,3450.0,3450.0,3380.0,3380.0,4934.0,004910
2026-09-29,978.0,989.0,967.0,974.0,7613.0,481850
2026-09-29,1960.0,1974.0,1918.0,1939.0,141890.0,014910
2026-09-29,2080.0,2090.0,2040.0,2060.0,33997.0,008420
2026-09-29,2135.0,2145.0,2075.0,2085.0,45292.0,004060
2026-09-29,1225.0,1237.0,1219.0,1235.0,39690.0,017180
2026-09-29,0.0,0.0,0.0,541.0,0.0,019490
2026-09-29,3950.0,3950.0,3725.0,3780.0,26395.0,023350
2026-09-29,3870.0,3890.0,3830.0,3885.0,42939.0,446070
2026-09-29,2100.0,2120.0,2035.0,2050.0,122457.0,026940
2026-09-29,25000.0,25000.0,24300.0,24300.0,1682.0,000215
2026-09-29,0.0,0.0,0.0,932.0,0.0,017040
2026-09-29,4050.0,4100.0,3950.0,4000.0,41297.0,011330
2026-09-29,992.0,1090.0,935.0,945.0,651122.0,047400
2026-09-29,1457.0,1457.0,1428.0,1435.0,11613.0,011420
2026-09-29,40300.0,40300.0,39400.0,39500.0,102.0,008870
2026-09-29,1990.0,1990.0,1858.0,1926.0,6024.0,009810
2026-09-29,1012.0,1033.0,999.0,1019.0,16160.0,023960
2026-09-29,1118.0,1118.0,1073.0,1085.0,41854.0,002870
2026-09-29,800.0,800.0,784.0,787.0,19381.0,145270
2026-09-29,1754.0,1809.0,1745.0,1761.0,81159.0,051630
2026-09-29,18990.0,18990.0,18550.0,18550.0,370.0,134790
2026-09-29,1815.0,1854.0,1811.0,1821.0,9760.0,049800
2026-09-29,2150.0,2200.0,2065.0,2200.0,84014.0,010640
2026-09-29,1156.0,1166.0,1124.0,1140.0,135513.0,027740
2026-09-29,926.0,986.0,926.0,964.0,39559.0,133820
2026-09-29,1304.0,1304.0,1285.0,1289.0,96088.0,000890
2026-09-29,2930.0,3320.0,2720.0,3160.0,480830.0,002360
2026-09-29,895.0,899.0,766.0,768.0,974230.0,009190
2026-09-29,3520.0,3560.0,3470.0,3485.0,10194.0,012280
2026-09-29,3050.0,3135.0,3045.0,3085.0,21862.0,008250
2026-09-29,9210.0,9310.0,9120.0,9190.0,11864.0,004365
2026-09-29,1178.0,1184.0,1163.0,1184.0,29797.0,013000
2026-09-29,2770.0,2770.0,2600.0,2730.0,5934.0,009460
2026-09-29,0.0,0.0,0.0,1199.0,0.0,143210
2026-09-29,11980.0,12880.0,11860.0,11880.0,757.0,000760
2026-09-29,14400.0,14670.0,14350.0,14450.0,729.0,005820
2026-09-29,1171.0,1212.0,1156.0,1174.0,13387.0,090370
2026-09-29,2070.0,2070.0,2020.0,2030.0,11894.0,012160
2026-09-29,3440.0,3460.0,3325.0,3360.0,10051.0,002880
2026-09-29,21750.0,21750.0,19690.0,19780.0,15440.0,009140
2026-09-29,2970.0,2980.0,2805.0,2890.0,57321.0,006370
2026-09-29,2630.0,2635.0,2585.0,2620.0,4679.0,014130
2026-09-29,4290.0,4290.0,4050.0,4060.0,5238.0,010400
2026-09-29,6610.0,6610.0,6220.0,6470.0,6177.0,003535
2026-09-29,2490.0,2525.0,2455.0,2470.0,34776.0,088790
2026-09-29,1998.0,1998.0,1975.0,1980.0,3280.0,024070
2026-09-29,1424.0,1424.0,1349.0,1389.0,3900.0,069640
2026-09-29,1890.0,1900.0,1869.0,1885.0,5294.0,025750
2026-09-29,5860.0,5860.0,5670.0,5670.0,3573.0,001070
2026-09-29,2615.0,2635.0,2580.0,2630.0,9930.0,025890
2026-09-29,1549.0,1563.0,1505.0,1512.0,34418.0,036420
2026-09-29,3470.0,3470.0,3350.0,3355.0,1330.0,308170
2026-09-29,1934.0,1934.0,1880.0,1887.0,2312.0,006570
2026-09-29,1456.0,1456.0,1399.0,1401.0,35632.0,002690
2026-09-29,4615.0,4645.0,4550.0,4570.0,35585.0,003680
2026-09-29,4770.0,4855.0,4555.0,4670.0,14412.0,006740
2026-09-29,1892.0,1931.0,1890.0,1920.0,30642.0,071950
2026-09-29,13600.0,14200.0,13550.0,13660.0,1715.0,019175
2026-09-29,1270.0,1274.0,1201.0,1227.0,43403.0,118000
2026-09-29,4145.0,4330.0,4105.0,4190.0,42711.0,033250
2026-09-29,1000.0,1030.0,972.0,1000.0,79455.0,007120
2026-09-29,0.0,0.0,0.0,1254.0,0.0,005110
2026-09-29,890.0,890.0,850.0,853.0,13280.0,357430
2026-09-29,3940.0,3940.0,3925.0,3940.0,1367.0,002355
2026-09-29,5620.0,5650.0,5530.0,5580.0,1040.0,004270
2026-09-29,9810.0,9870.0,9540.0,9700.0,12063.0,006345
2026-09-29,1466.0,1495.0,1465.0,1495.0,6200.0,33637K
2026-09-29,4045.0,4095.0,4005.0,4020.0,1906.0,023150
2026-09-29,22100.0,22100.0,21900.0,22100.0,2074.0,003495
2026-09-29,1568.0,1569.0,1486.0,1506.0,209487.0,003060
2026-09-29,1103.0,1124.0,1009.0,1050.0,189777.0,001380
2026-09-29,1499.0,1499.0,1300.0,1322.0,67682.0,006490
2026-09-29,0.0,0.0,0.0,5330.0,0.0,009310
2026-09-29,954.0,1038.0,930.0,988.0,100411.0,004870
2026-09-29,3000.0,3005.0,2885.0,2935.0,27790.0,001420
2026-09-29,7680.0,7680.0,7300.0,7420.0,363.0,33626L
2026-09-29,1173.0,1189.0,1150.0,1172.0,208868.0,005360
2026-09-29,4880.0,4880.0,4590.0,4665.0,38215.0,030720
2026-09-29,28150.0,28150.0,27600.0,27700.0,223.0,008775
2026-09-29,2945.0,2945.0,2840.0,2865.0,6625.0,012170
2026-09-29,1050.0,1060.0,1010.0,1033.0,18631.0,000040
2026-09-29,14620.0,14680.0,14550.0,14620.0,772.0,001685
2026-09-29,0.0,0.0,0.0,928.0,0.0,015020
2026-09-29,24900.0,24950.0,24050.0,24550.0,378.0,00499K
2026-09-29,18500.0,18500.0,18130.0,18310.0,310.0,108675
2026-09-29,0.0,0.0,0.0,296.0,0.0,093240
2026-09-29,1554.0,1611.0,1475.0,1514.0,65438.0,011090
2026-09-29,3665.0,4020.0,3435.0,3705.0,86206.0,002070
2026-09-29,0.0,0.0,0.0,2620.0,0.0,008600
2026-09-29,0.0,0.0,0.0,756.0,0.0,009440
2026-09-29,1904.0,1904.0,1828.0,1832.0,5780.0,006200
2026-09-29,2540.0,2540.0,2310.0,2355.0,217741.0,465770
2026-09-29,30600.0,30600.0,29700.0,30150.0,421.0,18064K
2026-09-29,4170.0,4245.0,4170.0,4245.0,2942.0,005725
2026-09-29,18000.0,18000.0,18000.0,18000.0,10.0,005257
2026-09-29,20140.0,20140.0,19980.0,19980.0,6.0,0106J0
2026-09-29,13100.0,13100.0,12630.0,12710.0,1632.0,002025
2026-09-29,1221.0,1275.0,1176.0,1179.0,49838.0,002820
2026-09-29,1814.0,1819.0,1720.0,1724.0,32572.0,024890
2026-09-29,12300.0,12470.0,12190.0,12290.0,2231.0,000087
2026-09-29,2105.0,2160.0,2090.0,2110.0,4067.0,001795
2026-09-29,4180.0,4180.0,3965.0,4025.0,62652.0,004105
2026-09-29,4500.0,4500.0,4445.0,4490.0,548.0,45226K
2026-09-29,10640.0,10640.0,10500.0,10570.0,1209.0,00806K
2026-09-29,13730.0,14050.0,13730.0,13800.0,2764.0,084695
2026-09-29,33950.0,33950.0,33350.0,33350.0,308.0,145995
2026-09-29,262.0,263.0,238.0,243.0,680166.0,015260
2026-09-29,14450.0,14520.0,14450.0,14490.0,1346.0,00781K
2026-09-29,7770.0,7770.0,7410.0,7450.0,48.0,38380K
2026-09-29,10085.0,10085.0,10085.0,10085.0,0.0,0120X0
2026-09-29,48500.0,48500.0,48500.0,48500.0,41.0,001067
2026-09-29,1903.0,1921.0,1900.0,1900.0,47.0,004255
2026-09-29,13200.0,13200.0,13180.0,13190.0,12.0,003075
2026-09-29,0.0,0.0,0.0,2240.0,0.0,145210
2026-09-29,965.0,965.0,955.0,958.0,33447.0,019685
2026-09-29,19300.0,20000.0,19200.0,19200.0,644.0,001755
2026-09-29,2270.0,2270.0,2270.0,2270.0,18.0,33637L
2026-09-29,3645.0,3855.0,3605.0,3650.0,1902.0,000225
2026-09-29,3900.0,3900.0,3850.0,3890.0,9206.0,001515
2026-09-29,22250.0,22250.0,22250.0,22250.0,0.0,001065
2026-09-29,28400.0,28400.0,28400.0,28400.0,0.0,000325
2026-09-29,9300.0,9300.0,8850.0,9110.0,1794.0,004985
2026-09-29,4475.0,4475.0,4220.0,4450.0,7240.0,004835
2026-09-29,0.0,0.0,0.0,436.0,0.0,044380
2026-09-29,4955.0,4955.0,4925.0,4935.0,5767.0,012205
2026-09-29,7480.0,7480.0,7350.0,7380.0,20.0,26490K
2026-09-29,11680.0,11680.0,11450.0,11450.0,26.0,090355
2026-09-29,0.0,0.0,0.0,4275.0,0.0,001770
2026-09-29,16510.0,16560.0,16000.0,16000.0,4755.0,002995
2026-09-29,5880.0,5880.0,5880.0,5880.0,1.0,000545
2026-09-29,26.0,48.0,23.0,48.0,25425162.0,005030
2026-09-29,9190.0,9190.0,9030.0,9050.0,35.0,000145
2026-09-29,6220.0,6220.0,6110.0,6110.0,360.0,009415
2026-09-29,17210.0,17210.0,17210.0,17210.0,1191.0,005965
2026-09-29,13400.0,13500.0,13400.0,13500.0,6.0,014825
2026-09-29,7970.0,7970.0,7950.0,7950.0,8.0,007575
2026-09-29,2890.0,2890.0,2690.0,2735.0,3835.0,36328K
2026-09-29,5410.0,5520.0,5400.0,5400.0,2551.0,014285
2026-09-29,5300.0,5300.0,5180.0,5180.0,11.0,005745
2026-09-29,5240.0,5240.0,4845.0,4850.0,455.0,014915
2026-09-29,7650.0,7800.0,7650.0,7690.0,612.0,000227
2026-09-29,7170.0,7300.0,7040.0,7040.0,577.0,008355
2026-09-29,8330.0,8340.0,8000.0,8000.0,1047.0,001525
2026-09-29,3480.0,3480.0,3400.0,3400.0,351.0,004545
2026-09-29,6100.0,6100.0,5670.0,5750.0,968.0,011155
2026-09-29,5110.0,5360.0,5110.0,5130.0,1082.0,001527
2026-09-29,4345.0,4355.0,4250.0,4250.0,1111.0,004415
2026-09-29,9850.0,9850.0,8950.0,8950.0,3021.0,002785
2026-09-29,12890.0,12900.0,12120.0,12490.0,1171.0,002787
2026-09-29,250000.0,255000.0,244000.0,252500.0,248328.0,196170
2026-09-29,81000.0,81000.0,77700.0,77800.0,595125.0,086520
2026-09-29,109500.0,110100.0,104600.0,104700.0,318187.0,247540
2026-09-29,209000.0,219500.0,208000.0,219000.0,846885.0,036930
2026-09-29,425000.0,426000.0,410500.0,411500.0,37575.0,277810
2026-09-29,122600.0,129700.0,122600.0,128800.0,816413.0,240810
2026-09-29,474500.0,497000.0,471500.0,495500.0,86479.0,039030
2026-09-29,147300.0,153500.0,145500.0,150800.0,488054.0,222800
2026-09-29,71300.0,73800.0,71300.0,72800.0,576564.0,058470
2026-09-29,46600.0,47700.0,38700.0,39950.0,6496685.0,028300
2026-09-29,55800.0,61500.0,55800.0,60800.0,4360916.0,403870
2026-09-29,204500.0,208500.0,199900.0,207500.0,102941.0,095340
2026-09-29,137900.0,148000.0,137800.0,145600.0,239987.0,319660
2026-09-29,79900.0,85700.0,79700.0,82900.0,542650.0,440110
2026-09-29,293500.0,293500.0,277000.0,281500.0,168790.0,108490
2026-09-29,162100.0,168000.0,158400.0,164100.0,71942.0,000250
2026-09-29,153900.0,167300.0,153500.0,166700.0,148650.0,084370
2026-09-29,166900.0,180800.0,165000.0,176300.0,175856.0,031980
2026-09-29,286500.0,297500.0,279000.0,296500.0,74660.0,064760
2026-09-29,163500.0,172800.0,163400.0,169200.0,309747.0,095610
2026-09-29,293000.0,309500.0,283500.0,295500.0,105319.0,131290
2026-09-29,319500.0,320000.0,312000.0,313500.0,57351.0,214450
2026-09-29,45300.0,46600.0,44800.0,46100.0,1065935.0,067310
2026-09-29,134300.0,135300.0,125100.0,130300.0,181726.0,087010
2026-09-29,364500.0,388500.0,361000.0,386500.0,58507.0,357780
2026-09-29,79000.0,80600.0,77300.0,78800.0,149485.0,141080
2026-09-29,49400.0,49450.0,48050.0,48650.0,339641.0,298380
2026-09-29,74100.0,76700.0,73500.0,76200.0,601248.0,080220
2026-09-29,17200.0,17270.0,16310.0,16430.0,5508075.0,010170
2026-09-29,38900.0,39200.0,37650.0,37850.0,426593.0,257720
2026-09-29,136500.0,136500.0,130600.0,131000.0,49210.0,310210
2026-09-29,45100.0,46300.0,44750.0,46250.0,389006.0,005290
2026-09-29,35750.0,37350.0,35100.0,36700.0,1338380.0,178320
2026-09-29,102500.0,105100.0,99700.0,101500.0,142919.0,226950
2026-09-29,180900.0,189000.0,178600.0,181500.0,84846.0,145020
2026-09-29,78300.0,78800.0,73400.0,73600.0,103299.0,140410
2026-09-29,20900.0,20950.0,20050.0,20100.0,439976.0,319400
2026-09-29,40450.0,41050.0,39500.0,40900.0,42132.0,214370
2026-09-29,99200.0,99500.0,96200.0,96400.0,95868.0,058610
2026-09-29,12480.0,12520.0,12010.0,12090.0,2089124.0,032820
2026-09-29,29050.0,30500.0,28800.0,30450.0,1562876.0,098460
2026-09-29,33000.0,33300.0,32350.0,32500.0,140424.0,263750
2026-09-29,28000.0,28050.0,26000.0,26350.0,872273.0,030530
2026-09-29,30900.0,31000.0,30300.0,30450.0,82251.0,214150
2026-09-29,92400.0,93400.0,91100.0,92400.0,45323.0,237690
2026-09-29,42650.0,42750.0,40500.0,41500.0,450624.0,347850
2026-09-29,82400.0,84000.0,81500.0,83200.0,98120.0,041510
2026-09-29,264500.0,269500.0,260000.0,269000.0,21564.0,140860
2026-09-29,49100.0,50800.0,48850.0,50500.0,576894.0,089030
2026-09-29,89900.0,95500.0,89900.0,95500.0,265436.0,131970
2026-09-29,24700.0,25200.0,23400.0,23550.0,1951395.0,043260
2026-09-29,59500.0,59800.0,57100.0,57300.0,222646.0,083650
2026-09-29,10450.0,10770.0,10320.0,10390.0,3077709.0,036540
2026-09-29,39300.0,39300.0,38050.0,38150.0,100382.0,068760
2026-09-29,30250.0,33100.0,30200.0,33050.0,521664.0,183300
2026-09-29,32950.0,32950.0,31650.0,31750.0,150354.0,060370
2026-09-29,47650.0,54000.0,45500.0,53500.0,725612.0,323280
2026-09-29,120400.0,130200.0,117300.0,127200.0,153285.0,420770
2026-09-29,59600.0,61300.0,59000.0,59900.0,401475.0,089970
2026-09-29,34150.0,34200.0,33100.0,33550.0,135272.0,096530
2026-09-29,24800.0,24850.0,23850.0,24075.0,236637.0,007390
2026-09-29,56200.0,57650.0,55800.0,57200.0,199893.0,218410
2026-09-29,51500.0,51600.0,47350.0,47800.0,355612.0,437730
2026-09-29,90900.0,90900.0,88200.0,88500.0,103777.0,078600
2026-09-29,126700.0,129600.0,124500.0,129300.0,66926.0,241710
2026-09-29,22100.0,22150.0,20800.0,21150.0,95453.0,0009K0
2026-09-29,35150.0,35750.0,34300.0,35350.0,92569.0,039200
2026-09-29,37850.0,38050.0,37500.0,37850.0,142901.0,035900
2026-09-29,23100.0,23800.0,22200.0,22950.0,640289.0,204270
2026-09-29,16300.0,16300.0,14860.0,15010.0,889957.0,950160
2026-09-29,45450.0,47550.0,45000.0,47150.0,79397.0,290650
2026-09-29,28750.0,28750.0,27550.0,27900.0,150191.0,082920
2026-09-29,24200.0,26050.0,24000.0,25050.0,1198756.0,950260
2026-09-29,11050.0,11130.0,10750.0,10770.0,250081.0,003380
2026-09-29,18480.0,20150.0,18220.0,19900.0,1038980.0,252990
2026-09-29,56500.0,59300.0,56500.0,59100.0,101073.0,166090
2026-09-29,13750.0,14110.0,13500.0,14090.0,1317018.0,232140
2026-09-29,39000.0,39650.0,38500.0,39350.0,94953.0,195940
2026-09-29,32100.0,32100.0,29200.0,29300.0,258065.0,127120
2026-09-29,22200.0,22200.0,20600.0,21100.0,813070.0,347700
2026-09-29,44200.0,45450.0,43950.0,45200.0,483831.0,356860
2026-09-29,27850.0,28550.0,27800.0,28150.0,68397.0,056190
2026-09-29,9550.0,9560.0,9380.0,9450.0,157857.0,293490
2026-09-29,48750.0,53100.0,48750.0,53000.0,238306.0,083450
2026-09-29,27450.0,27450.0,25150.0,25350.0,262509.0,458870
2026-09-29,20700.0,21550.0,20400.0,21250.0,280369.0,086450
2026-09-29,42850.0,44700.0,42700.0,44600.0,144243.0,101490
2026-09-29,17050.0,17370.0,16670.0,17120.0,224352.0,100790
2026-09-29,50500.0,53600.0,49000.0,52700.0,77401.0,445680
2026-09-29,53900.0,56600.0,53100.0,54900.0,189340.0,119850
2026-09-29,33650.0,39400.0,33200.0,38200.0,2103934.0,161580
2026-09-29,12960.0,13160.0,12580.0,13020.0,523835.0,417200
2026-09-29,45400.0,50200.0,44750.0,48450.0,876675.0,327260
2026-09-29,11570.0,12000.0,11100.0,11760.0,1370617.0,328130
2026-09-29,85400.0,89200.0,82700.0,88700.0,74323.0,388210
2026-09-29,39000.0,39350.0,38350.0,39000.0,49569.0,035760
2026-09-29,79200.0,82000.0,76100.0,78100.0,58867.0,099320
2026-09-29,30300.0,30300.0,27300.0,27600.0,149950.0,160190
2026-09-29,74700.0,76700.0,72200.0,76300.0,87576.0,053800
2026-09-29,40000.0,41550.0,39500.0,40950.0,41446.0,036830
2026-09-29,8280.0,8520.0,8250.0,8320.0,243181.0,031330
2026-09-29,31050.0,31050.0,29750.0,30250.0,87405.0,065350
2026-09-29,22800.0,22850.0,21350.0,21550.0,67112.0,115180
2026-09-29,31000.0,31050.0,30100.0,30350.0,99188.0,014620
2026-09-29,42700.0,43150.0,42250.0,42850.0,95204.0,122870
2026-09-29,18780.0,18890.0,18110.0,18550.0,166230.0,032500
2026-09-29,68600.0,68600.0,65900.0,66300.0,15989.0,388720
2026-09-29,61700.0,63300.0,61200.0,63000.0,35601.0,251970
2026-09-29,63000.0,64300.0,61700.0,62800.0,66947.0,425420
2026-09-29,28450.0,29700.0,28150.0,29500.0,193644.0,074600
2026-09-29,30050.0,30750.0,29050.0,30150.0,60892.0,491000
2026-09-29,47050.0,47800.0,46550.0,46750.0,38475.0,033100
2026-09-29,8320.0,8340.0,8030.0,8060.0,199023.0,085660
2026-09-29,36300.0,37200.0,35500.0,37200.0,95058.0,044490
2026-09-29,77900.0,77900.0,74700.0,75000.0,42442.0,090360
2026-09-29,53700.0,57200.0,52700.0,56250.0,329975.0,064290
2026-09-29,19830.0,19860.0,18920.0,19020.0,60885.0,032190
2026-09-29,29200.0,29450.0,28800.0,29300.0,86760.0,213420
2026-09-29,9850.0,9900.0,9680.0,9690.0,118339.0,041960
2026-09-29,53500.0,54300.0,52400.0,53700.0,56661.0,041830
2026-09-29,56100.0,59500.0,53300.0,58000.0,224075.0,295310
2026-09-29,10970.0,11050.0,10750.0,10900.0,101623.0,225570
2026-09-29,11030.0,11100.0,10650.0,10930.0,396315.0,281740
2026-09-29,21500.0,21650.0,20900.0,21500.0,221378.0,059090
2026-09-29,6260.0,6260.0,5950.0,5990.0,921918.0,090710
2026-09-29,67500.0,67500.0,64900.0,66600.0,28668.0,189300
2026-09-29,27750.0,27800.0,26400.0,27250.0,109411.0,023160
2026-09-29,70400.0,70900.0,67200.0,69700.0,40990.0,171090
2026-09-29,31100.0,32750.0,31100.0,32350.0,216627.0,122640
2026-09-29,6710.0,6710.0,6450.0,6450.0,300717.0,038500
2026-09-29,15610.0,15670.0,15150.0,15260.0,210660.0,476060
2026-09-29,72600.0,77400.0,72600.0,77400.0,26225.0,053610
2026-09-29,30000.0,32000.0,29950.0,31850.0,136942.0,036810
2026-09-29,11170.0,11240.0,10590.0,10680.0,270137.0,006730
2026-09-29,22850.0,22850.0,22050.0,22100.0,143208.0,466100
2026-09-29,8370.0,8370.0,7930.0,8170.0,1067386.0,033790
2026-09-29,26750.0,29550.0,26700.0,29400.0,340287.0,033640
2026-09-29,29200.0,29250.0,28050.0,28100.0,92190.0,137400
2026-09-29,25250.0,25250.0,23500.0,23700.0,235968.0,476830
2026-09-29,45650.0,46750.0,45300.0,46400.0,39684.0,102710
2026-09-29,55700.0,55800.0,53200.0,53900.0,51499.0,121600
2026-09-29,28950.0,29100.0,28050.0,28200.0,131796.0,124500
2026-09-29,6790.0,6900.0,6560.0,6730.0,664584.0,048410
2026-09-29,137200.0,137800.0,130000.0,132500.0,23663.0,093320
2026-09-29,12690.0,14080.0,12680.0,14020.0,1223005.0,077360
2026-09-29,16020.0,19830.0,15750.0,18370.0,8498991.0,490470
2026-09-29,46050.0,48850.0,45850.0,47750.0,362989.0,092870
2026-09-29,20650.0,20850.0,20350.0,20450.0,25216.0,253450
2026-09-29,10040.0,10470.0,9990.0,10410.0,216663.0,046890
2026-09-29,81500.0,84900.0,80600.0,83900.0,70283.0,126340
2026-09-29,53200.0,55000.0,51000.0,54100.0,151805.0,468530
2026-09-29,13170.0,13470.0,13030.0,13290.0,379732.0,253590
2026-09-29,7520.0,7520.0,7310.0,7420.0,292228.0,222080
2026-09-29,9430.0,9510.0,9260.0,9390.0,555635.0,050890
2026-09-29,82900.0,90500.0,80700.0,90100.0,75521.0,219130
2026-09-29,31500.0,32350.0,31350.0,32300.0,47845.0,045100
2026-09-29,12570.0,13080.0,12150.0,12930.0,1081665.0,144960
2026-09-29,34350.0,34950.0,33150.0,33700.0,118027.0,456160
2026-09-29,27000.0,27100.0,26250.0,26550.0,48228.0,094170
2026-09-29,38300.0,38350.0,37650.0,37825.0,25977.0,052400
2026-09-29,44900.0,46200.0,44650.0,46050.0,78835.0,399720
2026-09-29,40600.0,40600.0,39800.0,40150.0,20899.0,079940
2026-09-29,29600.0,32500.0,29550.0,32150.0,221177.0,089890
2026-09-29,13410.0,13640.0,13230.0,13260.0,112353.0,060250
2026-09-29,30000.0,32200.0,30000.0,32150.0,89401.0,101160
2026-09-29,24700.0,25700.0,23800.0,25000.0,415552.0,080580
2026-09-29,19070.0,19080.0,15950.0,16150.0,1853305.0,024850
2026-09-29,15470.0,15500.0,15060.0,15090.0,80359.0,112040
2026-09-29,18510.0,18920.0,17760.0,18530.0,157777.0,397030
2026-09-29,8590.0,8600.0,7850.0,7930.0,342093.0,358570
2026-09-29,12300.0,12430.0,12100.0,12160.0,65519.0,009520
2026-09-29,18960.0,19040.0,17320.0,17740.0,1459061.0,356680
2026-09-29,31350.0,31500.0,30700.0,30800.0,23618.0,037460
2026-09-29,7600.0,7660.0,7330.0,7350.0,130219.0,052020
2026-09-29,67500.0,67700.0,66400.0,66600.0,12935.0,086900
2026-09-29,66400.0,67100.0,64700.0,66400.0,11354.0,214430
2026-09-29,23600.0,23600.0,20850.0,22350.0,670635.0,475830
2026-09-29,36100.0,38650.0,35400.0,38350.0,151109.0,104830
2026-09-29,58000.0,58700.0,55700.0,57400.0,117098.0,098120
2026-09-29,9840.0,9950.0,9580.0,9650.0,78977.0,211050
2026-09-29,28750.0,28850.0,27150.0,27250.0,129764.0,376900
2026-09-29,6840.0,7590.0,6700.0,7420.0,1744347.0,187660
2026-09-29,104000.0,104000.0,102900.0,103600.0,836.0,034950
2026-09-29,16250.0,16250.0,15730.0,15860.0,8068.0,099190
2026-09-29,20850.0,20850.0,19800.0,19940.0,199407.0,348340
2026-09-29,15950.0,15950.0,15300.0,15490.0,135463.0,033500
2026-09-29,10090.0,10230.0,9900.0,10140.0,95861.0,082270
2026-09-29,5870.0,5870.0,5740.0,5770.0,97619.0,015750
2026-09-29,3740.0,3815.0,3650.0,3785.0,1489001.0,027360
2026-09-29,22600.0,22600.0,21650.0,21700.0,65797.0,383310
2026-09-29,5760.0,5780.0,5670.0,5690.0,721273.0,041190
2026-09-29,2230.0,2245.0,2180.0,2190.0,135898.0,035890
2026-09-29,12730.0,12850.0,12070.0,12170.0,433282.0,019210
2026-09-29,3995.0,4060.0,3870.0,3995.0,2496677.0,069540
2026-09-29,4950.0,4960.0,4610.0,4635.0,1860283.0,025980
2026-09-29,22300.0,22750.0,21900.0,22550.0,222801.0,290550
2026-09-29,37350.0,37800.0,37100.0,37250.0,50170.0,078340
2026-09-29,3970.0,4290.0,3485.0,3670.0,6857108.0,067630
2026-09-29,18780.0,19200.0,18120.0,18510.0,176157.0,042000
2026-09-29,12940.0,13060.0,12520.0,12590.0,85943.0,460930
2026-09-29,27800.0,27900.0,27350.0,27400.0,56522.0,340570
2026-09-29,20550.0,20550.0,19840.0,19990.0,104869.0,348370
2026-09-29,11830.0,11830.0,11400.0,11430.0,244538.0,056080
2026-09-29,35450.0,35450.0,33650.0,33700.0,20550.0,365340
2026-09-29,24950.0,26000.0,24550.0,25950.0,289286.0,089010
2026-09-29,19350.0,22550.0,19110.0,21650.0,313496.0,174900
2026-09-29,26400.0,28700.0,25900.0,28350.0,328815.0,078350
2026-09-29,38050.0,38050.0,35950.0,36600.0,23648.0,013030
2026-09-29,12000.0,12390.0,11760.0,12300.0,393579.0,018290
2026-09-29,39350.0,41150.0,38700.0,40400.0,201439.0,170920
2026-09-29,16930.0,18620.0,16770.0,18010.0,160822.0,376300
2026-09-29,4880.0,4880.0,4745.0,4765.0,305974.0,336570
2026-09-29,14580.0,15410.0,14570.0,15170.0,193618.0,114810
2026-09-29,35350.0,35650.0,33450.0,34800.0,19354.0,278280
2026-09-29,21000.0,21500.0,20800.0,21350.0,53937.0,272290
2026-09-29,20900.0,21150.0,19550.0,19890.0,521502.0,486990
2026-09-29,30650.0,32550.0,29800.0,31450.0,50118.0,475960
2026-09-29,6080.0,6090.0,5930.0,6000.0,167244.0,204620
2026-09-29,37000.0,37300.0,36300.0,36500.0,31243.0,067160
2026-09-29,17470.0,17520.0,17240.0,17350.0,82441.0,030520
2026-09-29,11980.0,12040.0,11420.0,11460.0,476167.0,125490
2026-09-29,12940.0,12950.0,12570.0,12680.0,73343.0,368770
2026-09-29,40450.0,40750.0,39250.0,40600.0,7590.0,241770
2026-09-29,16170.0,16800.0,16100.0,16690.0,644450.0,033160
2026-09-29,12490.0,13420.0,12320.0,13220.0,1077525.0,079370
2026-09-29,8690.0,8930.0,8610.0,8870.0,830564.0,332570
2026-09-29,16730.0,17330.0,16600.0,17220.0,494150.0,417840
2026-09-29,12140.0,12500.0,11100.0,12030.0,3719075.0,047920
2026-09-29,3465.0,3515.0,3455.0,3470.0,67552.0,078130
2026-09-29,28600.0,29300.0,27300.0,29200.0,159671.0,159010
2026-09-29,56800.0,56800.0,54700.0,55700.0,7984.0,236200
2026-09-29,18020.0,18100.0,17730.0,17940.0,31439.0,095660
2026-09-29,7610.0,8440.0,7480.0,8430.0,232515.0,092190
2026-09-29,27900.0,31500.0,27600.0,31200.0,289411.0,330860
2026-09-29,36900.0,37400.0,34550.0,36550.0,30476.0,215200
2026-09-29,22950.0,24000.0,22850.0,23650.0,61961.0,092730
2026-09-29,22600.0,23000.0,21250.0,21350.0,365774.0,477850
2026-09-29,8780.0,8950.0,8550.0,8810.0,358727.0,441270
2026-09-29,4520.0,4530.0,4430.0,4435.0,122235.0,101730
2026-09-29,26350.0,27700.0,26350.0,27550.0,74228.0,200710
2026-09-29,21150.0,29750.0,18120.0,18370.0,37729754.0,486510
2026-09-29,40650.0,40700.0,39550.0,39800.0,27328.0,107640
2026-09-29,32500.0,32750.0,32250.0,32400.0,1084.0,003800
2026-09-29,11670.0,11750.0,11460.0,11590.0,118750.0,069080
2026-09-29,6600.0,6630.0,6430.0,6450.0,22392.0,078020
2026-09-29,33400.0,34350.0,32950.0,34050.0,41745.0,348210
2026-09-29,7780.0,8230.0,7700.0,8090.0,650022.0,200470
2026-09-29,18680.0,19690.0,18600.0,18950.0,627069.0,052710
2026-09-29,20700.0,23200.0,20700.0,22650.0,249825.0,039440
2026-09-29,7660.0,7770.0,7600.0,7710.0,48417.0,036800
2026-09-29,9210.0,9210.0,8850.0,8960.0,32253.0,078160
2026-09-29,3770.0,3785.0,3650.0,3780.0,424474.0,025320
2026-09-29,11510.0,11530.0,10620.0,10710.0,534277.0,439960
2026-09-29,26200.0,26500.0,23275.0,23850.0,1102669.0,456010
2026-09-29,7250.0,7250.0,7010.0,7020.0,431417.0,006910
2026-09-29,27400.0,28600.0,26850.0,27950.0,178289.0,138080
2026-09-29,28300.0,29050.0,28250.0,28600.0,12823.0,093520
2026-09-29,6850.0,6990.0,6690.0,6750.0,49346.0,025900
2026-09-29,15230.0,15280.0,14550.0,14920.0,370308.0,117730
2026-09-29,10000.0,10240.0,9510.0,9970.0,157003.0,393890
2026-09-29,20850.0,21200.0,17710.0,17710.0,1633145.0,386380
2026-09-29,8210.0,8210.0,7880.0,8050.0,146593.0,060280
2026-09-29,1232.0,1232.0,1126.0,1146.0,2182065.0,018000
2026-09-29,3675.0,3680.0,3620.0,3680.0,119539.0,036620
2026-09-29,4415.0,4440.0,4325.0,4340.0,444583.0,064260
2026-09-29,16820.0,17410.0,16770.0,17300.0,52618.0,110990
2026-09-29,7970.0,7970.0,7520.0,7610.0,11092.0,121440
2026-09-29,22000.0,22000.0,21050.0,21100.0,49250.0,455900
2026-09-29,38800.0,40200.0,38400.0,39400.0,26752.0,452430
2026-09-29,21600.0,22200.0,20850.0,21350.0,13588.0,372320
2026-09-29,56000.0,60000.0,30600.0,31850.0,11028508.0,0035S0
2026-09-29,9250.0,10460.0,9250.0,10450.0,861926.0,036200
2026-09-29,15620.0,15780.0,15180.0,15420.0,52040.0,017890
2026-09-29,25400.0,25600.0,23600.0,23700.0,117940.0,389470
2026-09-29,2290.0,2310.0,2220.0,2270.0,426527.0,215600
2026-09-29,7510.0,7580.0,7140.0,7210.0,1187914.0,046970
2026-09-29,4335.0,4500.0,4335.0,4500.0,232974.0,061970
2026-09-29,53800.0,53800.0,50500.0,51800.0,32006.0,448900
2026-09-29,35800.0,35800.0,33450.0,34700.0,39677.0,199800
2026-09-29,21900.0,22500.0,21850.0,22050.0,137898.0,234340
2026-09-29,13500.0,13960.0,12750.0,13710.0,93261.0,168360
2026-09-29,10050.0,10730.0,9780.0,10470.0,626361.0,446540
2026-09-29,3505.0,3505.0,3310.0,3335.0,1191924.0,424870
2026-09-29,3315.0,3365.0,3255.0,3280.0,69233.0,900290
2026-09-29,13580.0,13870.0,13390.0,13750.0,139734.0,482630
2026-09-29,8420.0,8420.0,8170.0,8190.0,45269.0,206650
2026-09-29,18010.0,21400.0,17920.0,21100.0,217758.0,042520
2026-09-29,10680.0,10680.0,10180.0,10300.0,38387.0,488900
2026-09-29,7150.0,7570.0,7060.0,7240.0,322698.0,484590
2026-09-29,12050.0,12250.0,11820.0,11960.0,32218.0,071200
2026-09-29,13090.0,13420.0,12880.0,13260.0,570650.0,425040
2026-09-29,26000.0,26600.0,25550.0,26450.0,51855.0,160980
2026-09-29,4565.0,4590.0,4465.0,4490.0,145668.0,035810
2026-09-29,23300.0,23900.0,23100.0,23850.0,11099.0,054950
2026-09-29,22300.0,22300.0,21000.0,21100.0,9975.0,352480
2026-09-29,7780.0,7810.0,7560.0,7650.0,27016.0,025770
2026-09-29,19130.0,19200.0,18860.0,19060.0,27001.0,265520
2026-09-29,18130.0,18260.0,17900.0,18110.0,32273.0,049070
2026-09-29,2665.0,2675.0,2650.0,2660.0,89964.0,136480
2026-09-29,16480.0,16880.0,16360.0,16390.0,5010.0,092460
2026-09-29,24800.0,24950.0,24150.0,24850.0,14047.0,200670
2026-09-29,6260.0,6390.0,6050.0,6140.0,20105.0,101930
2026-09-29,9580.0,9640.0,9320.0,9390.0,2579.0,448280
2026-09-29,4975.0,4975.0,4770.0,4805.0,28456.0,472850
2026-09-29,12690.0,13300.0,12690.0,13100.0,148037.0,086390
2026-09-29,21850.0,21900.0,21500.0,21750.0,19558.0,084110
2026-09-29,42300.0,42300.0,40500.0,41250.0,41162.0,389500
2026-09-29,2905.0,2905.0,2665.0,2690.0,2642619.0,203650
2026-09-29,9960.0,9970.0,9850.0,9850.0,24254.0,035600
2026-09-29,9750.0,9960.0,9690.0,9780.0,218088.0,068930
2026-09-29,4100.0,4105.0,3950.0,3970.0,156620.0,099440
2026-09-29,10960.0,10970.0,10270.0,10320.0,671213.0,042370
2026-09-29,11160.0,11280.0,10770.0,10820.0,54222.0,228760
2026-09-29,21250.0,21250.0,20050.0,20250.0,196739.0,091580
2026-09-29,0.0,0.0,0.0,21000.0,0.0,309710
2026-09-29,23050.0,24650.0,22500.0,24450.0,83914.0,484120
2026-09-29,0.0,0.0,0.0,3670.0,0.0,182400
2026-09-29,12200.0,12440.0,11930.0,12320.0,163290.0,094360
2026-09-29,12150.0,12200.0,11300.0,11370.0,876390.0,012210
2026-09-29,26150.0,26400.0,25550.0,25900.0,30334.0,294570
2026-09-29,11840.0,12240.0,11660.0,12000.0,17105.0,378340
2026-09-29,10890.0,11000.0,10800.0,10970.0,39948.0,060720
2026-09-29,5870.0,6000.0,5810.0,6000.0,985883.0,024840
2026-09-29,9610.0,9950.0,9310.0,9850.0,86485.0,394280
2026-09-29,5230.0,5230.0,5130.0,5170.0,66534.0,091700
2026-09-29,17660.0,17670.0,17300.0,17380.0,11658.0,043150
2026-09-29,0.0,0.0,0.0,3320.0,0.0,121800
2026-09-29,22050.0,22050.0,21300.0,21400.0,6405.0,051500
2026-09-29,21000.0,21000.0,20000.0,20300.0,29242.0,304360
2026-09-29,23600.0,23600.0,22700.0,22800.0,52350.0,098070
2026-09-29,0.0,0.0,0.0,4080.0,0.0,377460
2026-09-29,33450.0,33500.0,32850.0,32950.0,1984.0,267980
2026-09-29,11820.0,11820.0,11410.0,11460.0,88230.0,036890
2026-09-29,17670.0,17670.0,16750.0,17040.0,85663.0,493280
2026-09-29,5470.0,5470.0,5280.0,5320.0,48967.0,151860
2026-09-29,31800.0,31800.0,30300.0,30550.0,12133.0,389650
2026-09-29,7010.0,7830.0,6970.0,7650.0,1934266.0,032580
2026-09-29,6120.0,6190.0,5940.0,5970.0,45681.0,067390
2026-09-29,7030.0,7030.0,6700.0,6710.0,100870.0,216080
2026-09-29,39200.0,40200.0,37600.0,39050.0,88958.0,354320
2026-09-29,14990.0,15000.0,14340.0,14410.0,17603.0,377450
2026-09-29,13110.0,13110.0,12090.0,12150.0,89472.0,317330
2026-09-29,17100.0,17400.0,15900.0,16540.0,26139.0,287840
2026-09-29,3245.0,3250.0,3185.0,3205.0,121697.0,023410
2026-09-29,16190.0,16190.0,15450.0,15490.0,20111.0,089980
2026-09-29,18970.0,18980.0,18470.0,18530.0,14277.0,461300
2026-09-29,5500.0,5500.0,5195.0,5240.0,91242.0,0011T0
2026-09-29,16600.0,17100.0,16500.0,17050.0,70948.0,254490
2026-09-29,15240.0,15300.0,14850.0,14860.0,64277.0,439090
2026-09-29,4590.0,4740.0,4495.0,4610.0,246452.0,036710
2026-09-29,31800.0,32500.0,31200.0,32000.0,27815.0,073490
2026-09-29,25850.0,27000.0,25450.0,27000.0,20850.0,100120
2026-09-29,4875.0,4940.0,4805.0,4910.0,8834.0,036030
2026-09-29,11295.0,11350.0,11250.0,11300.0,6247.0,043370
2026-09-29,16330.0,17500.0,16320.0,17230.0,369630.0,085910
2026-09-29,29150.0,29700.0,28550.0,29700.0,42463.0,272110
2026-09-29,2875.0,2965.0,2410.0,2500.0,3469068.0,115450
2026-09-29,20350.0,21550.0,19460.0,20750.0,70599.0,064850
2026-09-29,12910.0,12910.0,12180.0,12260.0,394329.0,452280
2026-09-29,21550.0,21700.0,21150.0,21550.0,22892.0,445090
2026-09-29,8890.0,8900.0,8640.0,8680.0,144401.0,108860
2026-09-29,4775.0,4845.0,4595.0,4810.0,343796.0,019010
2026-09-29,33100.0,33100.0,32000.0,32250.0,3736.0,376270
2026-09-29,4665.0,4665.0,4380.0,4455.0,335573.0,314130
2026-09-29,26400.0,26700.0,24600.0,25150.0,13260.0,065680
2026-09-29,23350.0,23350.0,22600.0,22850.0,44379.0,011560
2026-09-29,44750.0,45100.0,44500.0,44650.0,5049.0,065710
2026-09-29,7660.0,7660.0,7440.0,7450.0,36819.0,064820
2026-09-29,13290.0,13310.0,12700.0,12760.0,70113.0,389260
2026-09-29,29400.0,29450.0,22750.0,22750.0,3691315.0,0010S0
2026-09-29,19140.0,19150.0,18840.0,18890.0,13891.0,243070
2026-09-29,3605.0,3680.0,3190.0,3290.0,23952816.0,256840
2026-09-29,36500.0,36500.0,35650.0,35800.0,8281.0,215000
2026-09-29,8000.0,8000.0,7630.0,7780.0,27014.0,200130
2026-09-29,1431.0,1431.0,1410.0,1411.0,30879.0,023760
2026-09-29,14500.0,14500.0,13950.0,14060.0,20126.0,144510
2026-09-29,2395.0,2395.0,2255.0,2265.0,14931.0,180400
2026-09-29,25550.0,25550.0,24450.0,24450.0,23588.0,416180
2026-09-29,5650.0,5700.0,5560.0,5630.0,130147.0,094480
2026-09-29,15950.0,15950.0,15340.0,15610.0,46318.0,190510
2026-09-29,12140.0,12250.0,12020.0,12050.0,31126.0,237880
2026-09-29,4090.0,4160.0,4040.0,4065.0,95389.0,298830
2026-09-29,6690.0,6760.0,6350.0,6390.0,169868.0,462350
2026-09-29,9690.0,9920.0,9500.0,9750.0,65093.0,365270
2026-09-29,10490.0,10920.0,10390.0,10680.0,134036.0,112290
2026-09-29,8540.0,8560.0,8300.0,8370.0,123250.0,064550
2026-09-29,14420.0,14650.0,14420.0,14650.0,6986.0,018310
2026-09-29,23150.0,23300.0,22750.0,22850.0,5145.0,0008Z0
2026-09-29,18680.0,18680.0,18200.0,18210.0,30344.0,475400
2026-09-29,8180.0,8280.0,8000.0,8130.0,72561.0,241520
2026-09-29,11550.0,11560.0,11290.0,11470.0,26072.0,067080
2026-09-29,10760.0,10760.0,10400.0,10630.0,6461.0,005710
2026-09-29,8360.0,8360.0,7700.0,8070.0,43764.0,114190
2026-09-29,15150.0,15340.0,14620.0,14690.0,4094.0,481070
2026-09-29,6800.0,6930.0,6430.0,6550.0,1612414.0,394800
2026-09-29,5770.0,5860.0,5630.0,5670.0,104124.0,307180
2026-09-29,5610.0,5630.0,5460.0,5570.0,17470.0,450950
2026-09-29,8450.0,8490.0,8160.0,8200.0,47131.0,0001A0
2026-09-29,3995.0,4045.0,3855.0,3915.0,544262.0,290690
2026-09-29,8680.0,8880.0,8510.0,8760.0,590809.0,340450
2026-09-29,0.0,0.0,0.0,8450.0,0.0,380540
2026-09-29,4195.0,4300.0,4185.0,4235.0,9125.0,950170
2026-09-29,6020.0,6070.0,5890.0,5920.0,275695.0,125020
2026-09-29,22050.0,24250.0,22050.0,23500.0,480930.0,126730
2026-09-29,2070.0,2275.0,2035.0,2170.0,6008666.0,078150
2026-09-29,9530.0,9530.0,9380.0,9390.0,8323.0,206640
2026-09-29,7090.0,7380.0,6760.0,7210.0,429589.0,176750
2026-09-29,5510.0,5520.0,5290.0,5300.0,80552.0,243840
2026-09-29,3060.0,3060.0,2880.0,2890.0,844354.0,045390
2026-09-29,3310.0,3350.0,3290.0,3315.0,63135.0,099430
2026-09-29,33400.0,34200.0,33400.0,33900.0,1010.0,036190
2026-09-29,6180.0,6200.0,6110.0,6150.0,34723.0,353810
2026-09-29,2945.0,2980.0,2810.0,2820.0,621780.0,462860
2026-09-29,20450.0,20900.0,15840.0,16540.0,4642862.0,0161M0
2026-09-29,6320.0,6350.0,6130.0,6180.0,66117.0,053030
2026-09-29,15680.0,15880.0,15420.0,15520.0,29715.0,459510
2026-09-29,16440.0,16670.0,16130.0,16150.0,8688.0,058970
2026-09-29,23450.0,23450.0,22500.0,22750.0,51175.0,382900
2026-09-29,5150.0,5150.0,4975.0,5010.0,107431.0,053300
2026-09-29,22400.0,22600.0,21800.0,21950.0,10466.0,049430
2026-09-29,4500.0,4500.0,4330.0,4350.0,114816.0,014940
2026-09-29,6520.0,6540.0,6250.0,6380.0,49016.0,095500
2026-09-29,36800.0,36800.0,35500.0,36000.0,6542.0,061090
2026-09-29,18220.0,18350.0,17010.0,17560.0,56280.0,199430
2026-09-29,2125.0,2135.0,2075.0,2085.0,101195.0,217730
2026-09-29,6520.0,6680.0,6460.0,6540.0,18356.0,314930
2026-09-29,10810.0,10930.0,10590.0,10920.0,41543.0,083310
2026-09-29,16870.0,16870.0,14800.0,14920.0,206364.0,308430
2026-09-29,0.0,0.0,0.0,2410.0,0.0,080720
2026-09-29,6800.0,6900.0,6490.0,6850.0,55704.0,293780
2026-09-29,19490.0,19550.0,19150.0,19310.0,30598.0,086670
2026-09-29,12110.0,12200.0,11980.0,12030.0,3115.0,036560
2026-09-29,23000.0,23700.0,23000.0,23250.0,5154.0,042420
2026-09-29,17500.0,17580.0,17340.0,17500.0,8080.0,143240
2026-09-29,5980.0,5980.0,5880.0,5950.0,22249.0,034810
2026-09-29,0.0,0.0,0.0,994.0,0.0,016790
2026-09-29,10100.0,10420.0,9960.0,10390.0,103471.0,464080
2026-09-29,24000.0,24100.0,23100.0,23300.0,122123.0,123330
2026-09-29,2085.0,2105.0,2030.0,2035.0,70042.0,013120
2026-09-29,10330.0,10480.0,10100.0,10120.0,22337.0,194700
2026-09-29,8050.0,8230.0,7950.0,8140.0,12081.0,084850
2026-09-29,10480.0,10480.0,10360.0,10420.0,2312.0,052330
2026-09-29,30400.0,30900.0,29450.0,29650.0,3056.0,192440
2026-09-29,3020.0,3020.0,2925.0,2935.0,29154.0,126600
2026-09-29,12630.0,12700.0,12010.0,12260.0,1100773.0,024060
2026-09-29,14820.0,15020.0,14540.0,14550.0,45716.0,304100
2026-09-29,25050.0,25100.0,24450.0,24500.0,3169.0,066620
2026-09-29,33100.0,33750.0,30800.0,31400.0,220515.0,417030
2026-09-29,12280.0,12430.0,12190.0,12360.0,30353.0,083930
2026-09-29,9890.0,9920.0,9520.0,9690.0,276412.0,388050
2026-09-29,5120.0,5260.0,4925.0,5010.0,316858.0,452450
2026-09-29,14230.0,14270.0,13730.0,13780.0,34430.0,102940
2026-09-29,12290.0,12290.0,11620.0,11670.0,71867.0,484810
2026-09-29,3485.0,3550.0,3320.0,3320.0,222362.0,005160
2026-09-29,9460.0,9820.0,9310.0,9650.0,95511.0,041920
2026-09-29,12310.0,12600.0,12120.0,12490.0,36642.0,403850
2026-09-29,14020.0,14020.0,13720.0,13760.0,13293.0,214180
2026-09-29,17430.0,17690.0,17300.0,17380.0,17339.0,419530
2026-09-29,7940.0,8150.0,7900.0,7990.0,32122.0,068790
2026-09-29,13590.0,13590.0,13200.0,13300.0,72236.0,230240
2026-09-29,11700.0,12780.0,11550.0,12760.0,159024.0,149950
2026-09-29,14410.0,14440.0,14030.0,14140.0,14008.0,405100
2026-09-29,15310.0,15410.0,15040.0,15250.0,14096.0,138610
2026-09-29,18270.0,18270.0,17830.0,18080.0,20734.0,108380
2026-09-29,57100.0,60900.0,56200.0,59700.0,18484.0,260970
2026-09-29,11810.0,11830.0,11430.0,11470.0,54351.0,094820
2026-09-29,14520.0,14600.0,14140.0,14180.0,25687.0,194480
2026-09-29,5440.0,5440.0,5050.0,5080.0,475737.0,046120
2026-09-29,14200.0,14440.0,14120.0,14220.0,1973.0,092130
2026-09-29,14160.0,14160.0,13110.0,13400.0,174861.0,163730
2026-09-29,6560.0,6720.0,6560.0,6670.0,48354.0,122990
2026-09-29,4475.0,4550.0,4360.0,4500.0,276831.0,039860
2026-09-29,16000.0,16160.0,15670.0,15890.0,30690.0,039830
2026-09-29,15770.0,15990.0,15210.0,15300.0,39642.0,318060
2026-09-29,20500.0,20650.0,18600.0,18780.0,247039.0,263860
2026-09-29,15970.0,15970.0,15740.0,15920.0,1631.0,143160
2026-09-29,1135.0,1160.0,1080.0,1132.0,1985764.0,255220
2026-09-29,6900.0,6900.0,6460.0,6590.0,87790.0,220100
2026-09-29,4535.0,5670.0,4260.0,5670.0,15191487.0,052260
2026-09-29,15500.0,15880.0,15310.0,15670.0,472777.0,488280
2026-09-29,6790.0,6800.0,6430.0,6570.0,48672.0,086820
2026-09-29,11790.0,11990.0,11420.0,11470.0,21037.0,489460
2026-09-29,5240.0,5360.0,5170.0,5310.0,425167.0,382800
2026-09-29,2825.0,2825.0,2765.0,2775.0,73777.0,082800
2026-09-29,15160.0,15530.0,13800.0,14400.0,60120.0,0015G0
2026-09-29,11310.0,11660.0,11120.0,11440.0,83063.0,264450
2026-09-29,13100.0,13400.0,12230.0,12470.0,201646.0,051160
2026-09-29,12640.0,12710.0,12000.0,12140.0,317043.0,274090
2026-09-29,13590.0,13640.0,13160.0,13180.0,22382.0,270660
2026-09-29,6770.0,6770.0,6530.0,6620.0,79005.0,054210
2026-09-29,0.0,0.0,0.0,741.0,0.0,245620
2026-09-29,9960.0,10060.0,9950.0,9950.0,3012.0,038390
2026-09-29,2325.0,2325.0,2265.0,2270.0,209773.0,012860
2026-09-29,1845.0,1868.0,1782.0,1827.0,87024.0,104480
2026-09-29,7650.0,7650.0,7380.0,7420.0,63678.0,199820
2026-09-29,5680.0,5700.0,5390.0,5420.0,132814.0,264850
2026-09-29,14750.0,15130.0,14420.0,14450.0,10999.0,119610
2026-09-29,9550.0,9570.0,9150.0,9200.0,93742.0,234690
2026-09-29,6100.0,6100.0,5870.0,5880.0,39415.0,123410
2026-09-29,3195.0,3195.0,3135.0,3150.0,48695.0,032620
2026-09-29,30250.0,30650.0,29300.0,30050.0,2285.0,357550
2026-09-29,3170.0,3170.0,2910.0,2925.0,3427167.0,067290
2026-09-29,10970.0,11100.0,10670.0,10890.0,16451.0,126700
2026-09-29,6160.0,6230.0,6070.0,6150.0,61124.0,119830
2026-09-29,2710.0,2740.0,2600.0,2645.0,81572.0,036170
2026-09-29,7100.0,7100.0,6830.0,6930.0,149799.0,049630
2026-09-29,12060.0,12300.0,11910.0,12140.0,21155.0,0082N0
2026-09-29,20050.0,21050.0,20000.0,20750.0,53499.0,355150
2026-09-29,2920.0,2960.0,2865.0,2875.0,46276.0,204610
2026-09-29,3100.0,3195.0,2990.0,3000.0,334566.0,475040
2026-09-29,8250.0,8250.0,8080.0,8100.0,1409.0,950140
2026-09-29,7250.0,7250.0,6800.0,6890.0,217526.0,051370
2026-09-29,8910.0,9070.0,8720.0,8850.0,209987.0,032940
2026-09-29,11220.0,11760.0,11000.0,11550.0,92694.0,187870
2026-09-29,4880.0,4885.0,4830.0,4875.0,24306.0,013990
2026-09-29,0.0,0.0,0.0,1153.0,0.0,066410
2026-09-29,8470.0,8470.0,8270.0,8290.0,2366.0,093190
2026-09-29,2130.0,2185.0,2085.0,2115.0,110039.0,088800
2026-09-29,2745.0,2745.0,2620.0,2640.0,542190.0,289080
2026-09-29,13250.0,13390.0,13220.0,13300.0,10505.0,072870
2026-09-29,13200.0,13200.0,13020.0,13130.0,4727.0,123860
2026-09-29,13100.0,13100.0,12490.0,12550.0,9696.0,402030
2026-09-29,5070.0,5170.0,5040.0,5120.0,180256.0,388790
2026-09-29,8950.0,9120.0,8220.0,8330.0,2854128.0,0039P0
2026-09-29,3290.0,3460.0,3115.0,3185.0,156893.0,134580
2026-09-29,8310.0,8470.0,8250.0,8260.0,32503.0,080160
2026-09-29,25700.0,26100.0,25700.0,25850.0,4735.0,023910
2026-09-29,2210.0,2825.0,2170.0,2645.0,10500299.0,267320
2026-09-29,4480.0,4540.0,4355.0,4425.0,7062.0,024800
2026-09-29,3740.0,3850.0,3695.0,3850.0,107481.0,086890
2026-09-29,13220.0,13600.0,13080.0,13450.0,23142.0,092070
2026-09-29,3355.0,4355.0,3245.0,4355.0,8470248.0,950250
2026-09-29,9100.0,9220.0,8830.0,9070.0,33066.0,445180
2026-09-29,20100.0,20150.0,19370.0,19480.0,12177.0,372170
2026-09-29,6680.0,6680.0,6280.0,6340.0,45473.0,118990
2026-09-29,5030.0,5060.0,4990.0,5010.0,10003.0,011040
2026-09-29,26200.0,26350.0,25850.0,25950.0,6290.0,067280
2026-09-29,12430.0,12630.0,12360.0,12610.0,6717.0,041520
2026-09-29,26700.0,26750.0,25850.0,26700.0,13213.0,474650
2026-09-29,13800.0,13810.0,12900.0,13260.0,561882.0,478340
2026-09-29,10130.0,10170.0,9960.0,10100.0,39323.0,054450
2026-09-29,4900.0,4965.0,4765.0,4765.0,32268.0,418550
2026-09-29,13870.0,14300.0,13610.0,14270.0,33021.0,226590
2026-09-29,10520.0,10710.0,10330.0,10670.0,58234.0,432720
2026-09-29,3115.0,3245.0,3030.0,3055.0,222319.0,041020
2026-09-29,4640.0,5100.0,4590.0,4640.0,157043.0,093640
2026-09-29,10000.0,10000.0,9960.0,9980.0,3423.0,007330
2026-09-29,7950.0,8450.0,7890.0,8320.0,180737.0,251370
2026-09-29,23000.0,23050.0,19300.0,19720.0,1977298.0,387690
2026-09-29,8770.0,8790.0,8610.0,8790.0,13315.0,078070
2026-09-29,23250.0,23500.0,22650.0,23300.0,10120.0,489500
2026-09-29,5410.0,6690.0,5180.0,6230.0,23123563.0,452190
2026-09-29,14910.0,14910.0,14420.0,14420.0,1268.0,054800
2026-09-29,7470.0,7470.0,7200.0,7250.0,84821.0,222040
2026-09-29,3195.0,3260.0,3115.0,3215.0,84577.0,084990
2026-09-29,4620.0,4635.0,4535.0,4580.0,12650.0,179290
2026-09-29,4170.0,4200.0,3975.0,4045.0,424649.0,413630
2026-09-29,19420.0,21200.0,18060.0,18260.0,413227.0,0007C0
2026-09-29,4070.0,4070.0,4025.0,4030.0,32584.0,046440
2026-09-29,5950.0,6000.0,5450.0,5520.0,2343083.0,396300
2026-09-29,4160.0,4210.0,4060.0,4095.0,26471.0,148150
2026-09-29,8740.0,8930.0,8530.0,8800.0,34056.0,300080
2026-09-29,14690.0,14710.0,14110.0,14550.0,8704.0,065660
2026-09-29,9110.0,9200.0,9020.0,9030.0,1759.0,023600
2026-09-29,13290.0,13490.0,13180.0,13220.0,3844.0,069510
2026-09-29,10900.0,10900.0,10700.0,10810.0,290.0,005990
2026-09-29,1716.0,1760.0,1693.0,1720.0,91523.0,205500
2026-09-29,11720.0,11740.0,11420.0,11560.0,4743.0,042600
2026-09-29,7620.0,8220.0,7460.0,7990.0,136031.0,052860
2026-09-29,15000.0,15140.0,14870.0,14970.0,5263.0,049960
2026-09-29,1578.0,1595.0,1545.0,1590.0,248551.0,048870
2026-09-29,9380.0,9540.0,9300.0,9410.0,651.0,115310
2026-09-29,12400.0,12440.0,12210.0,12220.0,3638.0,089600
2026-09-29,13570.0,14360.0,13540.0,14270.0,68895.0,264660
2026-09-29,7090.0,7090.0,6880.0,6930.0,100820.0,147830
2026-09-29,15190.0,15600.0,15100.0,15440.0,47459.0,469610
2026-09-29,4455.0,4475.0,4300.0,4305.0,216514.0,220260
2026-09-29,5020.0,5110.0,4945.0,5050.0,11577.0,035610
2026-09-29,9500.0,9500.0,9200.0,9300.0,3836.0,101970
2026-09-29,7580.0,7780.0,7320.0,7780.0,81979.0,102120
2026-09-29,13940.0,14700.0,13940.0,14620.0,77661.0,322310
2026-09-29,7860.0,8400.0,7680.0,8250.0,90176.0,228850
2026-09-29,8210.0,8310.0,8180.0,8190.0,14980.0,114840
2026-09-29,10570.0,10780.0,10080.0,10080.0,91977.0,212560
2026-09-29,11690.0,11690.0,10820.0,10830.0,228675.0,0015N0
2026-09-29,1644.0,1644.0,1530.0,1544.0,640300.0,138360
2026-09-29,7570.0,7630.0,7350.0,7380.0,246533.0,059120
2026-09-29,7470.0,7650.0,7380.0,7530.0,267156.0,265740
2026-09-29,20500.0,20500.0,20100.0,20400.0,12791.0,003100
2026-09-29,2875.0,2970.0,2850.0,2945.0,77295.0,060150
2026-09-29,9200.0,9200.0,8770.0,8950.0,51084.0,211270
2026-09-29,9160.0,9160.0,8530.0,8780.0,152263.0,494120
2026-09-29,12370.0,12400.0,12100.0,12340.0,6566.0,038290
2026-09-29,5850.0,6080.0,5800.0,5980.0,134424.0,156100
2026-09-29,4520.0,4520.0,4415.0,4450.0,41977.0,321550
2026-09-29,10320.0,10400.0,9920.0,10060.0,73887.0,232680
2026-09-29,8290.0,8430.0,7900.0,8040.0,89771.0,451760
2026-09-29,7780.0,7830.0,7450.0,7460.0,32751.0,101360
2026-09-29,6570.0,6640.0,6500.0,6630.0,36093.0,037070
2026-09-29,6280.0,6410.0,6240.0,6410.0,145404.0,142210
2026-09-29,10940.0,10940.0,10770.0,10780.0,11651.0,136540
2026-09-29,10500.0,10500.0,10060.0,10440.0,5535.0,146320
2026-09-29,5090.0,5230.0,4975.0,5130.0,105697.0,322510
2026-09-29,14160.0,14200.0,13260.0,13330.0,151170.0,0088M0
2026-09-29,3995.0,4010.0,3935.0,4005.0,56226.0,417500
2026-09-29,8080.0,8200.0,7910.0,8150.0,15501.0,105330
2026-09-29,10400.0,10530.0,10100.0,10160.0,42264.0,140670
2026-09-29,9130.0,9190.0,9110.0,9130.0,20204.0,049720
2026-09-29,4850.0,4925.0,4585.0,4635.0,480182.0,054920
2026-09-29,4260.0,4430.0,4205.0,4215.0,112055.0,418420
2026-09-29,3375.0,3375.0,3205.0,3220.0,142301.0,073010
2026-09-29,5750.0,5750.0,5260.0,5290.0,713039.0,158430
2026-09-29,3740.0,3765.0,3660.0,3680.0,306593.0,126640
2026-09-29,10000.0,10040.0,9830.0,9870.0,27170.0,001540
2026-09-29,11790.0,11820.0,11380.0,11410.0,22398.0,035080
2026-09-29,12240.0,12240.0,12010.0,12010.0,23698.0,285490
2026-09-29,7150.0,7800.0,7100.0,7490.0,453131.0,402490
2026-09-29,16940.0,16980.0,16660.0,16750.0,14993.0,079960
2026-09-29,6310.0,6350.0,6020.0,6030.0,154418.0,240550
2026-09-29,12970.0,12970.0,12560.0,12880.0,10738.0,094840
2026-09-29,1665.0,1665.0,1555.0,1581.0,4421.0,080420
2026-09-29,11010.0,11010.0,10270.0,10540.0,266230.0,115500
2026-09-29,13930.0,13930.0,13400.0,13500.0,28607.0,457550
2026-09-29,0.0,0.0,0.0,2885.0,0.0,036690
2026-09-29,9720.0,9720.0,9450.0,9650.0,22976.0,950190
2026-09-29,6950.0,7150.0,6760.0,7020.0,43041.0,474170
2026-09-29,3450.0,3490.0,3285.0,3300.0,751462.0,047770
2026-09-29,2895.0,2900.0,2840.0,2865.0,9746.0,408920
2026-09-29,9390.0,9500.0,9100.0,9220.0,28530.0,039840
2026-09-29,10710.0,10840.0,10530.0,10530.0,11945.0,282880
2026-09-29,8350.0,8350.0,8000.0,8020.0,15657.0,338840
2026-09-29,1130.0,1133.0,1106.0,1108.0,188119.0,027710
2026-09-29,12860.0,13100.0,12650.0,12760.0,15003.0,361390
2026-09-29,2355.0,2355.0,2270.0,2275.0,70231.0,307750
2026-09-29,0.0,0.0,0.0,1190.0,0.0,056090
2026-09-29,4670.0,4715.0,4490.0,4520.0,98941.0,297090
2026-09-29,12070.0,12160.0,11190.0,11390.0,883857.0,115440
2026-09-29,7000.0,7070.0,6480.0,6560.0,289122.0,053260
2026-09-29,6500.0,6630.0,6020.0,6100.0,685436.0,079650
2026-09-29,6330.0,6400.0,5980.0,6030.0,127210.0,417010
2026-09-29,3200.0,3235.0,3160.0,3195.0,68797.0,108230
2026-09-29,6000.0,6000.0,5660.0,5670.0,9970.0,021320
2026-09-29,12100.0,12400.0,10840.0,10940.0,616589.0,042510
2026-09-29,2770.0,2770.0,2640.0,2655.0,96129.0,095700
2026-09-29,1841.0,1859.0,1816.0,1848.0,21826.0,095190
2026-09-29,6220.0,6220.0,5960.0,6000.0,9304.0,256940
2026-09-29,1282.0,1306.0,1249.0,1260.0,156956.0,293580
2026-09-29,7800.0,7870.0,7650.0,7750.0,54094.0,071280
2026-09-29,6210.0,6270.0,6140.0,6200.0,111091.0,008830
2026-09-29,6740.0,6810.0,6720.0,6750.0,1917.0,009780
2026-09-29,7700.0,8690.0,7350.0,8490.0,2552675.0,338220
2026-09-29,10400.0,11280.0,9770.0,9790.0,576639.0,153890
2026-09-29,3885.0,3925.0,3675.0,3790.0,125529.0,351320
2026-09-29,1803.0,1820.0,1658.0,1665.0,3103619.0,321370
2026-09-29,7390.0,7750.0,7390.0,7640.0,84581.0,037350
2026-09-29,6620.0,6670.0,6470.0,6480.0,65017.0,041440
2026-09-29,0.0,0.0,0.0,2370.0,0.0,041590
2026-09-29,9420.0,9780.0,9420.0,9580.0,37668.0,141000
2026-09-29,13110.0,13350.0,12660.0,12950.0,66918.0,172670
2026-09-29,3130.0,3200.0,3060.0,3155.0,220754.0,091440
2026-09-29,2195.0,2250.0,2140.0,2190.0,39045.0,166480
2026-09-29,2995.0,2995.0,2805.0,2945.0,21174.0,336680
2026-09-29,1570.0,1576.0,1520.0,1576.0,309257.0,297890
2026-09-29,0.0,0.0,0.0,1035.0,0.0,051980
2026-09-29,4910.0,4955.0,4740.0,4770.0,257790.0,443670
2026-09-29,3730.0,3735.0,3670.0,3695.0,32640.0,049520
2026-09-29,7690.0,7770.0,7430.0,7460.0,157874.0,017510
2026-09-29,7890.0,7950.0,7610.0,7860.0,62496.0,474610
2026-09-29,7050.0,7070.0,7030.0,7040.0,5048.0,054050
2026-09-29,3100.0,3125.0,3050.0,3080.0,58912.0,047310
2026-09-29,9000.0,9280.0,8580.0,8690.0,43437.0,053080
2026-09-29,7600.0,7600.0,7420.0,7440.0,4636.0,458650
2026-09-29,11600.0,11600.0,11100.0,11120.0,62941.0,290740
2026-09-29,5800.0,5890.0,5450.0,5490.0,79410.0,308080
2026-09-29,2575.0,2580.0,2490.0,2505.0,19756.0,122450
2026-09-29,3885.0,3900.0,3810.0,3835.0,40261.0,067990
2026-09-29,10450.0,11000.0,9870.0,10000.0,61794.0,331920
2026-09-29,16990.0,16990.0,16640.0,16840.0,117.0,018120
2026-09-29,3765.0,3785.0,3610.0,3625.0,74860.0,333430
2026-09-29,1801.0,1820.0,1780.0,1783.0,41280.0,086980
2026-09-29,10190.0,10430.0,10030.0,10190.0,8474.0,473980
2026-09-29,4995.0,5020.0,4910.0,4920.0,28912.0,090850
2026-09-29,13260.0,13390.0,12810.0,13390.0,63172.0,083500
2026-09-29,11880.0,12040.0,11650.0,11820.0,3316.0,051360
2026-09-29,3665.0,3700.0,3350.0,3370.0,1996112.0,201490
2026-09-29,6850.0,6920.0,6740.0,6830.0,44000.0,396470
2026-09-29,3690.0,3925.0,3460.0,3775.0,1003996.0,261780
2026-09-29,9130.0,9210.0,8960.0,8980.0,50392.0,259630
2026-09-29,3195.0,3245.0,3195.0,3210.0,11680.0,063570
2026-09-29,8530.0,8530.0,8100.0,8150.0,39239.0,101170
2026-09-29,8310.0,8310.0,7770.0,7810.0,3264.0,036630
2026-09-29,16050.0,16100.0,15590.0,15780.0,42698.0,389020
2026-09-29,2960.0,2960.0,2800.0,2855.0,31633.0,290720
2026-09-29,2375.0,2375.0,2275.0,2280.0,218387.0,217820
2026-09-29,6260.0,7000.0,6130.0,6650.0,380201.0,129920
2026-09-29,13720.0,14480.0,13100.0,13450.0,967724.0,072950
2026-09-29,14300.0,14300.0,13700.0,13700.0,81738.0,0007J0
2026-09-29,2375.0,2400.0,2330.0,2355.0,68036.0,217270
2026-09-29,2240.0,2320.0,2215.0,2270.0,156627.0,040300
2026-09-29,5840.0,5920.0,5840.0,5900.0,8147.0,067900
2026-09-29,4875.0,4875.0,4835.0,4855.0,129.0,039340
2026-09-29,11830.0,11990.0,11110.0,11430.0,185019.0,0011A0
2026-09-29,14880.0,14880.0,14660.0,14840.0,6719.0,120240
2026-09-29,2400.0,2400.0,2350.0,2365.0,21914.0,339950
2026-09-29,3330.0,3330.0,3050.0,3060.0,414372.0,242040
2026-09-29,2545.0,2545.0,2425.0,2455.0,119450.0,039560
2026-09-29,1925.0,2105.0,1901.0,2015.0,745952.0,310200
2026-09-29,8250.0,8440.0,8110.0,8370.0,12430.0,311320
2026-09-29,6940.0,6940.0,6790.0,6820.0,11582.0,130580
2026-09-29,4800.0,4925.0,4660.0,4765.0,24041.0,053350
2026-09-29,13920.0,13920.0,13100.0,13130.0,15013.0,299030
2026-09-29,10140.0,10140.0,9590.0,9640.0,65029.0,475230
2026-09-29,1520.0,1530.0,1508.0,1511.0,129009.0,073560
2026-09-29,10030.0,10040.0,9790.0,9830.0,10289.0,106190
2026-09-29,3965.0,4160.0,3965.0,4160.0,7590.0,109740
2026-09-29,7720.0,8200.0,7630.0,7980.0,108920.0,255440
2026-09-29,8100.0,8130.0,7700.0,7930.0,43527.0,289930
2026-09-29,5830.0,5950.0,5790.0,5890.0,11208.0,131030
2026-09-29,1924.0,1939.0,1877.0,1877.0,11345.0,038540
2026-09-29,1378.0,1378.0,1305.0,1330.0,88551.0,334970
2026-09-29,6790.0,6870.0,6640.0,6650.0,14778.0,182360
2026-09-29,1680.0,1710.0,1630.0,1674.0,49559.0,175250
2026-09-29,2215.0,2300.0,2140.0,2150.0,215868.0,246710
2026-09-29,9680.0,9730.0,9300.0,9330.0,30358.0,394420
2026-09-29,3890.0,3930.0,3825.0,3840.0,56910.0,053700
2026-09-29,1674.0,1674.0,1625.0,1633.0,32358.0,123040
2026-09-29,2285.0,2620.0,2260.0,2400.0,10341694.0,086960
2026-09-29,3830.0,3835.0,3585.0,3605.0,449680.0,209640
2026-09-29,7640.0,7900.0,7520.0,7780.0,194152.0,217190
2026-09-29,4640.0,4680.0,4445.0,4480.0,59172.0,366030
2026-09-29,7650.0,8650.0,7410.0,7480.0,1170468.0,099750
2026-09-29,1064.0,1071.0,1039.0,1043.0,151116.0,048550
2026-09-29,2330.0,2330.0,2285.0,2300.0,40971.0,100700
2026-09-29,7300.0,7750.0,7230.0,7560.0,98600.0,036010
2026-09-29,1852.0,1870.0,1724.0,1753.0,2289112.0,419050
2026-09-29,6720.0,6820.0,6280.0,6590.0,679859.0,411080
2026-09-29,6200.0,6230.0,6020.0,6080.0,54677.0,125210
2026-09-29,2020.0,2155.0,2010.0,2095.0,683605.0,306620
2026-09-29,5710.0,5740.0,5520.0,5620.0,10702.0,063170
2026-09-29,2865.0,2940.0,2790.0,2910.0,52036.0,235980
2026-09-29,0.0,0.0,0.0,6070.0,0.0,246720
2026-09-29,3700.0,3820.0,3630.0,3650.0,36706.0,059210
2026-09-29,3080.0,3380.0,3005.0,3092.0,385799.0,250060
2026-09-29,11600.0,12440.0,11600.0,12330.0,34413.0,493330
2026-09-29,7660.0,7730.0,7560.0,7590.0,60939.0,173130
2026-09-29,1899.0,1899.0,1815.0,1825.0,314780.0,357880
2026-09-29,12900.0,12900.0,12410.0,12420.0,16568.0,453450
2026-09-29,7470.0,7470.0,7170.0,7220.0,57414.0,475580
2026-09-29,3625.0,3680.0,3600.0,3665.0,66525.0,352090
2026-09-29,3525.0,3530.0,3445.0,3450.0,28557.0,006620
2026-09-29,4255.0,4275.0,4205.0,4240.0,36328.0,309960
2026-09-29,2080.0,2090.0,2045.0,2060.0,119244.0,021080
2026-09-29,4395.0,4395.0,4225.0,4230.0,58773.0,323990
2026-09-29,1693.0,1745.0,1547.0,1606.0,772601.0,198440
2026-09-29,16730.0,16730.0,16730.0,16730.0,109861.0,109670
2026-09-29,6390.0,6430.0,6200.0,6220.0,13669.0,307930
2026-09-29,0.0,0.0,0.0,2205.0,0.0,066790
2026-09-29,5600.0,5690.0,5520.0,5650.0,21711.0,088130
2026-09-29,1428.0,1445.0,1408.0,1438.0,304788.0,205100
2026-09-29,0.0,0.0,0.0,2530.0,0.0,068240
2026-09-29,10930.0,10940.0,10260.0,10270.0,124163.0,189330
2026-09-29,3370.0,3505.0,2980.0,3000.0,4299026.0,303810
2026-09-29,6650.0,6690.0,6460.0,6640.0,8733.0,298540
2026-09-29,1077.0,1085.0,1063.0,1071.0,33067.0,074430
2026-09-29,2920.0,2920.0,2580.0,2800.0,328227.0,246960
2026-09-29,0.0,0.0,0.0,10800.0,0.0,017650
2026-09-29,5470.0,5540.0,5300.0,5510.0,31404.0,091120
2026-09-29,9620.0,9620.0,9100.0,9270.0,601971.0,105740
2026-09-29,10610.0,10760.0,10450.0,10660.0,18163.0,049950
2026-09-29,2585.0,2615.0,2520.0,2535.0,60858.0,317770
2026-09-29,4225.0,4245.0,4180.0,4190.0,21770.0,042500
2026-09-29,5150.0,5150.0,5020.0,5070.0,23716.0,002230
2026-09-29,9850.0,9850.0,9540.0,9580.0,11492.0,052420
2026-09-29,3530.0,3610.0,3440.0,3560.0,31157.0,045970
2026-09-29,3735.0,3735.0,3540.0,3650.0,203311.0,037030
2026-09-29,7260.0,7340.0,7000.0,7060.0,53078.0,330350
2026-09-29,10880.0,12840.0,10830.0,11500.0,6193007.0,457370
2026-09-29,2355.0,2400.0,2335.0,2350.0,202082.0,005860
2026-09-29,6020.0,6440.0,5960.0,6330.0,223492.0,052460
2026-09-29,8020.0,8280.0,7420.0,7580.0,186983.0,380550
2026-09-29,6620.0,6670.0,6380.0,6450.0,60645.0,036220
2026-09-29,7130.0,7160.0,7000.0,7080.0,11151.0,053580
2026-09-29,5840.0,5870.0,5820.0,5840.0,5980.0,040420
2026-09-29,1879.0,1891.0,1845.0,1856.0,36488.0,109610
2026-09-29,3355.0,4095.0,3300.0,3820.0,4253887.0,234030
2026-09-29,2980.0,3000.0,2915.0,2940.0,81545.0,187790
2026-09-29,1919.0,1964.0,1829.0,1959.0,21631.0,900260
2026-09-29,7200.0,7350.0,7100.0,7150.0,5520.0,023900
2026-09-29,2825.0,2910.0,2600.0,2670.0,1014369.0,439580
2026-09-29,9330.0,9380.0,9020.0,9210.0,6025.0,348350
2026-09-29,7030.0,7220.0,6950.0,7140.0,44729.0,048910
2026-09-29,1252.0,1253.0,1200.0,1201.0,243495.0,307870
2026-09-29,4345.0,4425.0,4235.0,4315.0,61542.0,362320
2026-09-29,4860.0,4860.0,4740.0,4790.0,9663.0,093920
2026-09-29,2950.0,3275.0,2920.0,3020.0,6360047.0,065450
2026-09-29,14200.0,14240.0,13680.0,13980.0,394.0,009300
2026-09-29,10190.0,10230.0,8760.0,8810.0,1708257.0,014950
2026-09-29,7790.0,7790.0,7460.0,7550.0,18704.0,047560
2026-09-29,4830.0,5230.0,4720.0,5180.0,43795.0,033560
2026-09-29,2310.0,2310.0,2280.0,2280.0,26381.0,066590
2026-09-29,2170.0,2175.0,2140.0,2140.0,15458.0,357230
2026-09-29,7570.0,7570.0,7150.0,7330.0,24712.0,282720
2026-09-29,2285.0,2305.0,2265.0,2270.0,30323.0,013310
2026-09-29,2945.0,3050.0,2885.0,2905.0,803530.0,062970
2026-09-29,2895.0,2895.0,2800.0,2835.0,31389.0,048530
2026-09-29,10150.0,10840.0,9900.0,9960.0,190066.0,432470
2026-09-29,2170.0,2200.0,2070.0,2085.0,369569.0,162300
2026-09-29,2320.0,2435.0,2170.0,2215.0,372342.0,389030
2026-09-29,4140.0,4140.0,4005.0,4045.0,32865.0,322180
2026-09-29,6020.0,6210.0,5800.0,5970.0,316097.0,412350
2026-09-29,3080.0,3200.0,3060.0,3190.0,97883.0,234300
2026-09-29,1116.0,1141.0,1112.0,1125.0,345946.0,052900
2026-09-29,8100.0,8250.0,7670.0,7730.0,45190.0,078140
2026-09-29,8460.0,8480.0,8360.0,8400.0,4399.0,096240
2026-09-29,3610.0,3715.0,3350.0,3400.0,57423.0,192410
2026-09-29,1541.0,1556.0,1490.0,1499.0,434260.0,100130
2026-09-29,9320.0,9320.0,9260.0,9270.0,2624.0,004650
2026-09-29,1529.0,1529.0,1508.0,1515.0,9839.0,033290
2026-09-29,3245.0,3455.0,3155.0,3295.0,117488.0,478560
2026-09-29,6680.0,6690.0,6470.0,6490.0,45554.0,054540
2026-09-29,2200.0,2400.0,2170.0,2255.0,228721.0,066700
2026-09-29,9220.0,9220.0,9080.0,9100.0,2716.0,072020
2026-09-29,7090.0,7300.0,6930.0,7130.0,97202.0,357580
2026-09-29,6810.0,6940.0,6810.0,6840.0,4808.0,263720
2026-09-29,0.0,0.0,0.0,1009.0,0.0,049180
2026-09-29,0.0,0.0,0.0,990.0,0.0,183490
2026-09-29,1994.0,1994.0,1919.0,1934.0,32506.0,185490
2026-09-29,3465.0,3465.0,3300.0,3390.0,256779.0,223250
2026-09-29,3425.0,3690.0,3360.0,3390.0,802753.0,085670
2026-09-29,1586.0,1586.0,1510.0,1563.0,108033.0,094860
2026-09-29,10950.0,11270.0,10730.0,10800.0,5254.0,044990
2026-09-29,4630.0,4660.0,4530.0,4555.0,16376.0,330730
2026-09-29,6900.0,6900.0,6670.0,6800.0,3264.0,086710
2026-09-29,2210.0,2265.0,2165.0,2250.0,68298.0,140070
2026-09-29,9500.0,9640.0,9330.0,9490.0,17375.0,251120
2026-09-29,1419.0,1419.0,1369.0,1372.0,41597.0,029480
2026-09-29,541.0,557.0,537.0,554.0,482550.0,058820
2026-09-29,2015.0,2050.0,1993.0,1998.0,59550.0,038110
2026-09-29,9990.0,9990.0,9730.0,9740.0,10240.0,025950
2026-09-29,4070.0,4075.0,3970.0,4010.0,37945.0,215100
2026-09-29,12560.0,12600.0,12240.0,12340.0,4395.0,063080
2026-09-29,3595.0,3595.0,3490.0,3510.0,15261.0,101330
2026-09-29,0.0,0.0,0.0,3935.0,0.0,412540
2026-09-29,4965.0,5010.0,4940.0,4940.0,13307.0,036640
2026-09-29,3765.0,3765.0,3570.0,3615.0,28012.0,137950
2026-09-29,2350.0,2385.0,2350.0,2375.0,3058.0,037760
2026-09-29,2150.0,2150.0,2040.0,2060.0,215226.0,066430
2026-09-29,2660.0,2670.0,2600.0,2650.0,17752.0,302550
2026-09-29,2060.0,2110.0,1995.0,2040.0,88257.0,089230
2026-09-29,5640.0,5820.0,5610.0,5660.0,60768.0,0117P0
2026-09-29,9460.0,9610.0,9270.0,9330.0,19789.0,418470
2026-09-29,4350.0,4480.0,4270.0,4330.0,41693.0,078890
2026-09-29,4030.0,4030.0,3780.0,3900.0,338362.0,226400
2026-09-29,9710.0,9710.0,9150.0,9350.0,159423.0,049080
2026-09-29,3950.0,4010.0,3780.0,4000.0,123944.0,147760
2026-09-29,7470.0,7470.0,7210.0,7260.0,2840.0,032300
2026-09-29,3080.0,3080.0,2980.0,2985.0,101050.0,294630
2026-09-29,3790.0,3800.0,3750.0,3785.0,6940.0,032540
2026-09-29,1117.0,1136.0,1117.0,1123.0,21234.0,067000
2026-09-29,3215.0,3215.0,3195.0,3210.0,5649.0,047820
2026-09-29,4860.0,4860.0,4550.0,4570.0,295746.0,100590
2026-09-29,3445.0,3465.0,3360.0,3375.0,57280.0,007820
2026-09-29,4400.0,4430.0,4325.0,4385.0,61828.0,475430
2026-09-29,4660.0,4660.0,4410.0,4555.0,14115.0,149980
2026-09-29,5360.0,5360.0,5210.0,5220.0,16992.0,004590
2026-09-29,1460.0,1488.0,1460.0,1471.0,35961.0,131370
2026-09-29,1490.0,1509.0,1438.0,1457.0,154764.0,066980
2026-09-29,12480.0,12490.0,12180.0,12440.0,12834.0,000440
2026-09-29,5840.0,6000.0,5800.0,5870.0,19923.0,058400
2026-09-29,8200.0,8360.0,7830.0,7850.0,54083.0,0015S0
2026-09-29,5480.0,5480.0,5370.0,5400.0,6731.0,054670
2026-09-29,6100.0,6100.0,5860.0,5860.0,23213.0,381620
2026-09-29,5700.0,5760.0,5360.0,5410.0,109551.0,389140
2026-09-29,1551.0,1585.0,1520.0,1532.0,140033.0,365330
2026-09-29,953.0,1013.0,939.0,998.0,116132.0,083790
2026-09-29,5220.0,5940.0,5160.0,5760.0,342990.0,303360
2026-09-29,2110.0,2110.0,2065.0,2100.0,2280.0,225530
2026-09-29,8050.0,8170.0,7920.0,8130.0,4087.0,088390
2026-09-29,3895.0,3895.0,3805.0,3815.0,73987.0,024880
2026-09-29,4870.0,4900.0,4750.0,4770.0,15242.0,030960
2026-09-29,0.0,0.0,0.0,654.0,0.0,073640
2026-09-29,1947.0,1968.0,1920.0,1964.0,12016.0,124560
2026-09-29,2185.0,2300.0,2140.0,2160.0,51432.0,950130
2026-09-29,9740.0,9920.0,8770.0,9530.0,113679.0,323350
2026-09-29,3080.0,3080.0,2910.0,2970.0,41899.0,102370
2026-09-29,2925.0,2925.0,2880.0,2905.0,2267.0,012700
2026-09-29,3550.0,3590.0,3505.0,3505.0,15709.0,079810
2026-09-29,5060.0,5110.0,4920.0,4940.0,13194.0,382840
2026-09-29,3240.0,3240.0,3100.0,3140.0,172677.0,142280
2026-09-29,4975.0,5000.0,4910.0,4945.0,21259.0,041930
2026-09-29,2295.0,2360.0,2255.0,2295.0,179435.0,396270
2026-09-29,2175.0,2175.0,1993.0,2030.0,9171.0,331380
2026-09-29,2555.0,2585.0,2475.0,2485.0,161722.0,0017J0
2026-09-29,8280.0,8320.0,7990.0,8110.0,30479.0,066310
2026-09-29,6410.0,6590.0,6250.0,6290.0,7000.0,040160
2026-09-29,6300.0,6710.0,6170.0,6320.0,415087.0,091590
2026-09-29,3880.0,3880.0,3795.0,3840.0,12376.0,011320
2026-09-29,3720.0,3720.0,3640.0,3670.0,7716.0,011370
2026-09-29,940.0,940.0,905.0,917.0,195701.0,019550
2026-09-29,3050.0,3075.0,3010.0,3055.0,34505.0,060590
2026-09-29,2265.0,2280.0,2230.0,2250.0,18447.0,208140
2026-09-29,3150.0,3190.0,3025.0,3115.0,45268.0,371950
2026-09-29,9300.0,9300.0,8960.0,8980.0,8151.0,360070
2026-09-29,6000.0,6050.0,5650.0,5680.0,49693.0,388870
2026-09-29,2800.0,3100.0,2615.0,2860.0,5506139.0,208370
2026-09-29,2975.0,3010.0,2910.0,2915.0,124801.0,487580
2026-09-29,6120.0,6130.0,6100.0,6120.0,1245.0,012790
2026-09-29,4550.0,4555.0,4380.0,4380.0,111141.0,253840
2026-09-29,3960.0,3960.0,3880.0,3895.0,42506.0,058630
2026-09-29,6680.0,6680.0,6460.0,6580.0,4702.0,084730
2026-09-29,4750.0,4785.0,4735.0,4760.0,5511.0,170030
2026-09-29,4580.0,4590.0,4470.0,4500.0,90209.0,263800
2026-09-29,7210.0,7240.0,7120.0,7160.0,5968.0,451250
2026-09-29,10230.0,10760.0,10230.0,10560.0,102193.0,320000
2026-09-29,2350.0,2350.0,2270.0,2300.0,5069.0,168330
2026-09-29,4925.0,4990.0,4805.0,4915.0,2709.0,060570
2026-09-29,6720.0,6720.0,6630.0,6690.0,12890.0,065510
2026-09-29,4065.0,4125.0,3980.0,3980.0,7574.0,040910
2026-09-29,4775.0,4775.0,4690.0,4700.0,17201.0,017480
2026-09-29,3725.0,3725.0,3580.0,3610.0,124922.0,020710
2026-09-29,5600.0,5600.0,5450.0,5460.0,15979.0,041910
2026-09-29,3770.0,3960.0,3585.0,3625.0,431766.0,228340
2026-09-29,7450.0,7800.0,7300.0,7350.0,175191.0,302430
2026-09-29,2015.0,2015.0,1992.0,2005.0,7647.0,171120
2026-09-29,4260.0,4350.0,4205.0,4280.0,7874.0,347890
2026-09-29,12660.0,12780.0,12150.0,12260.0,65314.0,282620
2026-09-29,3560.0,3655.0,3330.0,3560.0,349314.0,123010
2026-09-29,0.0,0.0,0.0,5310.0,0.0,234920
2026-09-29,3730.0,3750.0,3595.0,3600.0,35037.0,038680
2026-09-29,7350.0,7410.0,7250.0,7250.0,1778.0,080010
2026-09-29,2630.0,2665.0,2550.0,2660.0,31235.0,104040
2026-09-29,10300.0,10300.0,9990.0,10140.0,27839.0,377480
2026-09-29,2250.0,2305.0,2135.0,2170.0,236440.0,024740
2026-09-29,4395.0,4465.0,4395.0,4420.0,10122.0,054040
2026-09-29,4360.0,4360.0,4020.0,4025.0,19390.0,090470
2026-09-29,2665.0,2920.0,2625.0,2805.0,29098.0,294140
2026-09-29,2865.0,2865.0,2810.0,2820.0,8431.0,053280
2026-09-29,5440.0,5440.0,5280.0,5300.0,125.0,332370
2026-09-29,8400.0,8450.0,8340.0,8420.0,1201.0,024830
2026-09-29,1899.0,1899.0,1818.0,1859.0,45281.0,347000
2026-09-29,6750.0,6840.0,6630.0,6680.0,2488.0,104460
2026-09-29,3185.0,3185.0,3015.0,3020.0,39413.0,217330
2026-09-29,2825.0,2830.0,2800.0,2810.0,19664.0,128660
2026-09-29,8410.0,8510.0,8380.0,8430.0,8135.0,045660
2026-09-29,2605.0,2605.0,2355.0,2365.0,621089.0,299660
2026-09-29,5010.0,5010.0,4790.0,4850.0,68477.0,039980
2026-09-29,6100.0,6210.0,5970.0,6030.0,44176.0,048430
2026-09-29,2815.0,2815.0,2710.0,2760.0,111456.0,038460
2026-09-29,2505.0,2650.0,2420.0,2535.0,316681.0,067170
2026-09-29,6400.0,6410.0,6020.0,6130.0,4521.0,413390
2026-09-29,8390.0,8410.0,7930.0,8010.0,21836.0,039010
2026-09-29,3000.0,3000.0,2820.0,2945.0,10176.0,110790
2026-09-29,7000.0,7250.0,6930.0,7120.0,58332.0,212710
2026-09-29,13210.0,13210.0,12070.0,12140.0,19332.0,107600
2026-09-29,4230.0,4230.0,4110.0,4120.0,59488.0,032850
2026-09-29,3455.0,3535.0,3430.0,3460.0,13097.0,277880
2026-09-29,2375.0,2440.0,2340.0,2365.0,40999.0,337930
2026-09-29,4735.0,4775.0,4465.0,4660.0,10340.0,153710
2026-09-29,1660.0,1660.0,1620.0,1620.0,44595.0,067570
2026-09-29,1007.0,1007.0,950.0,962.0,211367.0,092040
2026-09-29,4470.0,4470.0,4315.0,4335.0,18046.0,228670
2026-09-29,3720.0,3720.0,3620.0,3680.0,14830.0,054620
2026-09-29,5150.0,5150.0,5010.0,5040.0,21034.0,460940
2026-09-29,1886.0,1886.0,1835.0,1846.0,96191.0,096350
2026-09-29,8070.0,8310.0,7990.0,8000.0,5706.0,136150
2026-09-29,4740.0,4740.0,4465.0,4490.0,47760.0,262260
2026-09-29,3915.0,3980.0,3835.0,3840.0,13638.0,026150
2026-09-29,6580.0,6600.0,6410.0,6430.0,5113.0,417790
2026-09-29,5030.0,5030.0,4945.0,4965.0,16447.0,019540
2026-09-29,3400.0,3462.0,3382.0,3420.0,1980.0,049550
2026-09-29,10500.0,10610.0,10030.0,10070.0,25606.0,117670
2026-09-29,5140.0,5160.0,5040.0,5130.0,17023.0,010280
2026-09-29,6350.0,6380.0,6180.0,6250.0,20403.0,265560
2026-09-29,4435.0,4435.0,4390.0,4415.0,5435.0,002800
2026-09-29,7690.0,7690.0,7470.0,7500.0,2811.0,214260
2026-09-29,7070.0,7070.0,6500.0,6510.0,228986.0,487400
2026-09-29,3390.0,3445.0,3170.0,3340.0,126273.0,040350
2026-09-29,8350.0,8570.0,8190.0,8430.0,17364.0,451220
2026-09-29,1161.0,1168.0,1082.0,1086.0,641318.0,076610
2026-09-29,20150.0,20450.0,20000.0,20100.0,969.0,100030
2026-09-29,6540.0,6540.0,6280.0,6360.0,16077.0,123420
2026-09-29,5390.0,5440.0,5300.0,5390.0,9355.0,067370
2026-09-29,4225.0,4225.0,4130.0,4135.0,26667.0,004780
2026-09-29,12900.0,12900.0,11950.0,11970.0,302259.0,0155E0
2026-09-29,4430.0,4430.0,4165.0,4230.0,28436.0,204840
2026-09-29,4370.0,4475.0,4305.0,4360.0,21488.0,006140
2026-09-29,2325.0,2500.0,2000.0,2010.0,2452728.0,187420
2026-09-29,3225.0,3305.0,3165.0,3185.0,35911.0,111710
2026-09-29,6050.0,6180.0,6050.0,6120.0,8079.0,137080
2026-09-29,7240.0,7340.0,7180.0,7180.0,4530.0,109860
2026-09-29,7240.0,7260.0,7150.0,7220.0,6445.0,061040
2026-09-29,10470.0,10470.0,10200.0,10260.0,3532.0,417970
2026-09-29,1980.0,1992.0,1878.0,1905.0,188525.0,950220
2026-09-29,5670.0,5670.0,5400.0,5640.0,10077.0,096250
2026-09-29,3405.0,3450.0,3365.0,3440.0,53855.0,155650
2026-09-29,3125.0,3125.0,2915.0,2925.0,326556.0,483350
2026-09-29,1137.0,1141.0,1108.0,1111.0,149606.0,043610
2026-09-29,6110.0,6130.0,5890.0,5910.0,99532.0,0004V0
2026-09-29,1492.0,1542.0,1450.0,1534.0,124445.0,347860
2026-09-29,6970.0,7030.0,6850.0,6920.0,15266.0,318160
2026-09-29,4245.0,4255.0,4030.0,4095.0,226888.0,048770
2026-09-29,6100.0,6100.0,5760.0,5790.0,90412.0,456070
2026-09-29,2330.0,2440.0,2315.0,2330.0,62845.0,097800
2026-09-29,4350.0,4400.0,4285.0,4290.0,11306.0,014970
2026-09-29,4785.0,4870.0,4640.0,4695.0,2476.0,222110
2026-09-29,8540.0,8580.0,8090.0,8170.0,93187.0,0156T0
2026-09-29,12430.0,12430.0,12000.0,12020.0,8859.0,0218L0
2026-09-29,5800.0,5810.0,5730.0,5770.0,8896.0,067920
2026-09-29,2605.0,2620.0,2550.0,2565.0,19195.0,205470
2026-09-29,1770.0,1770.0,1704.0,1705.0,10208.0,033130
2026-09-29,2600.0,2615.0,2550.0,2610.0,29739.0,081150
2026-09-29,6020.0,6100.0,5980.0,6010.0,30005.0,039610
2026-09-29,3680.0,4170.0,3410.0,3525.0,2634488.0,278650
2026-09-29,0.0,0.0,0.0,2215.0,0.0,001840
2026-09-29,2585.0,2600.0,2565.0,2600.0,17721.0,291230
2026-09-29,3540.0,3540.0,3485.0,3495.0,42380.0,043650
2026-09-29,3340.0,3340.0,3280.0,3295.0,13374.0,041460
2026-09-29,4400.0,4400.0,4215.0,4340.0,27570.0,095270
2026-09-29,0.0,0.0,0.0,1490.0,0.0,294090
2026-09-29,1617.0,1635.0,1580.0,1583.0,46816.0,382480
2026-09-29,6200.0,6270.0,6160.0,6200.0,4974.0,005670
2026-09-29,1395.0,1395.0,1357.0,1371.0,26227.0,214270
2026-09-29,1810.0,1810.0,1767.0,1787.0,15555.0,064240
2026-09-29,5100.0,5100.0,4800.0,4895.0,5357.0,352910
2026-09-29,3815.0,3875.0,3665.0,3705.0,44127.0,214680
2026-09-29,2735.0,2740.0,2665.0,2685.0,12835.0,036000
2026-09-29,2205.0,2260.0,2065.0,2105.0,298036.0,315640
2026-09-29,3760.0,3900.0,3730.0,3745.0,13079.0,424960
2026-09-29,6250.0,6320.0,6150.0,6170.0,29110.0,241790
2026-09-29,6010.0,6080.0,5860.0,5990.0,75561.0,089790
2026-09-29,4275.0,4275.0,4135.0,4170.0,3731.0,089850
2026-09-29,2770.0,2770.0,2560.0,2605.0,130976.0,049470
2026-09-29,6210.0,6780.0,6140.0,6250.0,35920.0,331740
2026-09-29,5210.0,5210.0,5060.0,5100.0,11323.0,008370
2026-09-29,12010.0,12170.0,11880.0,12120.0,2129.0,016250
2026-09-29,4400.0,4400.0,4320.0,4360.0,4343.0,094850
2026-09-29,2695.0,2700.0,2635.0,2655.0,5600.0,039420
2026-09-29,0.0,0.0,0.0,676.0,0.0,203400
2026-09-29,7030.0,7030.0,6670.0,6780.0,39171.0,463020
2026-09-29,3730.0,4080.0,3675.0,3720.0,13254.0,221800
2026-09-29,5220.0,5220.0,5170.0,5190.0,10194.0,010240
2026-09-29,2285.0,2315.0,2155.0,2185.0,419041.0,065170
2026-09-29,1253.0,1299.0,1250.0,1267.0,165600.0,065530
2026-09-29,1354.0,1390.0,1339.0,1373.0,18496.0,127710
2026-09-29,2555.0,2555.0,2460.0,2485.0,9493.0,241690
2026-09-29,3150.0,3280.0,3150.0,3220.0,15925.0,066670
2026-09-29,5060.0,5060.0,4980.0,5020.0,2484.0,010470
2026-09-29,2570.0,2600.0,2540.0,2585.0,20323.0,126880
2026-09-29,1520.0,1578.0,1432.0,1435.0,3426546.0,299170
2026-09-29,4945.0,4985.0,4885.0,4890.0,3970.0,216050
2026-09-29,1901.0,1919.0,1883.0,1896.0,96603.0,049480
2026-09-29,1063.0,1068.0,1039.0,1044.0,29085.0,014470
2026-09-29,1499.0,1499.0,1465.0,1487.0,27378.0,033310
2026-09-29,1746.0,1778.0,1692.0,1699.0,21718.0,082210
2026-09-29,2600.0,2715.0,2570.0,2625.0,277493.0,039020
2026-09-29,1621.0,1638.0,1520.0,1544.0,774533.0,122350
2026-09-29,1528.0,1600.0,1241.0,1311.0,3487045.0,046210
2026-09-29,1390.0,1395.0,1361.0,1386.0,134137.0,036090
2026-09-29,6340.0,6340.0,5960.0,6000.0,125202.0,056360
2026-09-29,4060.0,4830.0,4015.0,4360.0,2256453.0,104540
2026-09-29,1011.0,1018.0,998.0,1008.0,110654.0,054300
2026-09-29,1661.0,1663.0,1650.0,1661.0,15480.0,036120
2026-09-29,3065.0,3075.0,3030.0,3050.0,34899.0,033320
2026-09-29,1819.0,1917.0,1780.0,1880.0,17411.0,291650
2026-09-29,0.0,0.0,0.0,1284.0,0.0,099520
2026-09-29,6850.0,6900.0,6700.0,6780.0,11079.0,045340
2026-09-29,2960.0,2965.0,2875.0,2880.0,29397.0,460870
2026-09-29,6800.0,6830.0,6700.0,6730.0,1697.0,053620
2026-09-29,5120.0,5240.0,5070.0,5160.0,20799.0,059270
2026-09-29,7720.0,7720.0,7000.0,7130.0,2790.0,191420
2026-09-29,1654.0,1654.0,1625.0,1632.0,83545.0,003310
2026-09-29,2285.0,2350.0,2230.0,2275.0,58160.0,025550
2026-09-29,2260.0,2340.0,2240.0,2310.0,6444.0,175140
2026-09-29,5010.0,5150.0,5010.0,5080.0,10056.0,263690
2026-09-29,2870.0,3550.0,2800.0,3335.0,3765572.0,145170
2026-09-29,10850.0,10960.0,10750.0,10850.0,7674.0,448710
2026-09-29,3080.0,3085.0,2930.0,2985.0,59861.0,950200
2026-09-29,3555.0,3650.0,3465.0,3600.0,13192.0,251630
2026-09-29,3275.0,3440.0,3175.0,3270.0,12765.0,317530
2026-09-29,4430.0,4435.0,4237.0,4255.0,362498.0,365660
2026-09-29,8400.0,8580.0,8400.0,8470.0,3324.0,050960
2026-09-29,3115.0,3115.0,2760.0,2765.0,57413.0,900300
2026-09-29,5000.0,6000.0,5000.0,5190.0,1095836.0,333620
2026-09-29,5140.0,5710.0,5010.0,5570.0,113448.0,261520
2026-09-29,1138.0,1138.0,1074.0,1074.0,38463.0,060310
2026-09-29,8130.0,8270.0,8030.0,8080.0,15899.0,192250
2026-09-29,4150.0,4280.0,4080.0,4090.0,94303.0,037440
2026-09-29,1914.0,1914.0,1884.0,1890.0,53026.0,053050
2026-09-29,6420.0,7370.0,6300.0,6410.0,213929.0,081180
2026-09-29,4000.0,4010.0,3950.0,3995.0,1878.0,007370
2026-09-29,5230.0,5290.0,5070.0,5080.0,8487.0,273640
2026-09-29,4905.0,5170.0,4905.0,5170.0,2508.0,443250
2026-09-29,3895.0,4280.0,3540.0,3565.0,2378927.0,393210
2026-09-29,1648.0,1960.0,1648.0,1849.0,271793.0,179530
2026-09-29,1868.0,1868.0,1800.0,1824.0,17733.0,238090
2026-09-29,6140.0,6210.0,6060.0,6090.0,7085.0,215360
2026-09-29,0.0,0.0,0.0,806.0,0.0,340930
2026-09-29,1416.0,1416.0,1287.0,1298.0,602359.0,290660
2026-09-29,9450.0,9510.0,9200.0,9460.0,18122.0,420570
2026-09-29,2120.0,2355.0,2110.0,2180.0,3020302.0,459550
2026-09-29,0.0,0.0,0.0,499.0,0.0,217480
2026-09-29,5020.0,5090.0,5020.0,5080.0,3842.0,036670
2026-09-29,9040.0,9290.0,8810.0,9280.0,8418.0,053160
2026-09-29,3140.0,3200.0,3095.0,3135.0,53357.0,088280
2026-09-29,1122.0,1122.0,1068.0,1073.0,168055.0,033230
2026-09-29,4400.0,4400.0,3850.0,3945.0,84298.0,457600
2026-09-29,8550.0,9190.0,8540.0,9110.0,31387.0,424980
2026-09-29,6490.0,6530.0,6310.0,6350.0,8763.0,061250
2026-09-29,3460.0,3460.0,3330.0,3370.0,8454.0,263600
2026-09-29,7710.0,7710.0,7200.0,7280.0,20344.0,288180
2026-09-29,3190.0,3195.0,3100.0,3140.0,31318.0,040610
2026-09-29,3880.0,3980.0,3880.0,3950.0,6673.0,459100
2026-09-29,6850.0,7010.0,6850.0,6900.0,1678.0,435570
2026-09-29,1520.0,1520.0,1476.0,1477.0,33547.0,024910
2026-09-29,1934.0,1951.0,1912.0,1925.0,23400.0,053270
2026-09-29,1247.0,1280.0,1222.0,1238.0,55895.0,391710
2026-09-29,8480.0,8480.0,8190.0,8270.0,12520.0,170790
2026-09-29,3805.0,3845.0,3645.0,3770.0,174154.0,340810
2026-09-29,2740.0,2740.0,2655.0,2710.0,9924.0,348150
2026-09-29,18000.0,18200.0,17380.0,17430.0,6244.0,054930
2026-09-29,4780.0,4995.0,4765.0,4810.0,10160.0,419080
2026-09-29,4050.0,4165.0,3675.0,3675.0,302187.0,225190
2026-09-29,4570.0,4635.0,4485.0,4500.0,17752.0,464490
2026-09-29,4260.0,4280.0,4170.0,4190.0,9920.0,024950
2026-09-29,2155.0,2190.0,2075.0,2175.0,42657.0,246690
2026-09-29,9230.0,9280.0,9120.0,9130.0,6549.0,109080
2026-09-29,6190.0,6250.0,6100.0,6150.0,30022.0,317850
2026-09-29,3120.0,3170.0,3050.0,3055.0,27025.0,104620
2026-09-29,2145.0,2145.0,1989.0,2000.0,21168.0,064800
2026-09-29,2965.0,3260.0,2960.0,3005.0,7445.0,043710
2026-09-29,4975.0,5030.0,4965.0,5020.0,5115.0,105760
2026-09-29,1900.0,1900.0,1875.0,1888.0,16147.0,039240
2026-09-29,2900.0,2955.0,2880.0,2905.0,5600.0,015710
2026-09-29,1987.0,1992.0,1957.0,1978.0,45639.0,088910
2026-09-29,2560.0,2560.0,2485.0,2520.0,44650.0,092300
2026-09-29,1277.0,1292.0,1267.0,1276.0,46145.0,027050
2026-09-29,5000.0,5120.0,4910.0,5120.0,10364.0,071670
2026-09-29,5190.0,5380.0,5070.0,5280.0,153681.0,355690
2026-09-29,1720.0,1720.0,1680.0,1681.0,29642.0,347740
2026-09-29,5970.0,5970.0,5800.0,5820.0,10155.0,314140
2026-09-29,0.0,0.0,0.0,2825.0,0.0,393970
2026-09-29,3740.0,3770.0,3665.0,3705.0,32247.0,163280
2026-09-29,5840.0,6130.0,5840.0,5880.0,11287.0,370090
2026-09-29,4880.0,4950.0,4565.0,4600.0,163863.0,052790
2026-09-29,4305.0,4350.0,4215.0,4300.0,1231.0,256630
2026-09-29,2885.0,2885.0,2780.0,2820.0,3177.0,376290
2026-09-29,5000.0,5100.0,4900.0,4980.0,18891.0,0013V0
2026-09-29,2395.0,2395.0,2240.0,2290.0,91450.0,179900
2026-09-29,4815.0,4820.0,4625.0,4655.0,42746.0,408470
2026-09-29,6200.0,6200.0,5850.0,5900.0,46799.0,094940
2026-09-29,4005.0,4005.0,3765.0,3840.0,56934.0,348080
2026-09-29,1940.0,1956.0,1929.0,1940.0,2107.0,060560
2026-09-29,4660.0,4725.0,4510.0,4550.0,21901.0,317830
2026-09-29,5150.0,5150.0,4960.0,5020.0,31390.0,019990
2026-09-29,5560.0,5560.0,5340.0,5380.0,7585.0,452400
2026-09-29,3950.0,3955.0,3720.0,3740.0,80462.0,382150
2026-09-29,1221.0,1221.0,1160.0,1183.0,22297.0,219550
2026-09-29,6840.0,6980.0,6750.0,6890.0,6140.0,059100
2026-09-29,906.0,957.0,893.0,904.0,25124.0,340360
2026-09-29,1090.0,1099.0,1065.0,1070.0,60034.0,063440
2026-09-29,2730.0,2770.0,2675.0,2685.0,49923.0,046940
2026-09-29,7800.0,7820.0,7510.0,7530.0,11115.0,453860
2026-09-29,3110.0,3185.0,3065.0,3120.0,43049.0,321820
2026-09-29,8600.0,10250.0,8010.0,8910.0,180902.0,360350
2026-09-29,3745.0,3860.0,3650.0,3695.0,7047.0,311690
2026-09-29,3390.0,3425.0,3300.0,3315.0,4212.0,122310
2026-09-29,2360.0,2800.0,2345.0,2730.0,205274.0,032960
2026-09-29,1009.0,1009.0,990.0,998.0,107121.0,042110
2026-09-29,1355.0,1367.0,1337.0,1352.0,83897.0,014190
2026-09-29,3930.0,3940.0,3850.0,3850.0,11054.0,463480
2026-09-29,0.0,0.0,0.0,6550.0,0.0,418250
2026-09-29,2815.0,2820.0,2645.0,2660.0,41115.0,044340
2026-09-29,1516.0,1533.0,1480.0,1481.0,36575.0,217500
2026-09-29,3350.0,3580.0,3350.0,3460.0,23356.0,277070
2026-09-29,1735.0,1744.0,1710.0,1710.0,2053.0,440290
2026-09-29,0.0,0.0,0.0,521.0,0.0,023440
2026-09-29,3155.0,3300.0,3100.0,3150.0,20908.0,199550
2026-09-29,5270.0,5370.0,5170.0,5200.0,7603.0,038010
2026-09-29,2675.0,2695.0,2560.0,2600.0,66628.0,384470
2026-09-29,4015.0,4090.0,3810.0,3965.0,61229.0,150900
2026-09-29,3150.0,3185.0,3120.0,3140.0,16225.0,053450
2026-09-29,2800.0,2800.0,2640.0,2720.0,177620.0,033170
2026-09-29,3380.0,3530.0,3320.0,3400.0,5330.0,373160
2026-09-29,1692.0,1692.0,1616.0,1642.0,59037.0,321260
2026-09-29,1158.0,1179.0,1133.0,1149.0,33773.0,189980
2026-09-29,5060.0,5210.0,5060.0,5170.0,3133.0,073110
2026-09-29,4920.0,4935.0,4675.0,4730.0,90319.0,189860
2026-09-29,0.0,0.0,0.0,1957.0,0.0,229000
2026-09-29,2425.0,2465.0,2410.0,2455.0,6098.0,178780
2026-09-29,4050.0,4115.0,3980.0,4045.0,3714.0,471820
2026-09-29,0.0,0.0,0.0,766.0,0.0,131400
2026-09-29,2200.0,2395.0,2180.0,2270.0,82288.0,317690
2026-09-29,1615.0,1636.0,1580.0,1583.0,49798.0,361570
2026-09-29,2400.0,2405.0,2380.0,2400.0,8327.0,053980
2026-09-29,2685.0,2715.0,2640.0,2690.0,6225.0,037950
2026-09-29,4165.0,4165.0,3980.0,3980.0,6728.0,051390
2026-09-29,2395.0,2395.0,2325.0,2390.0,1844.0,072470
2026-09-29,3080.0,3165.0,3065.0,3100.0,31729.0,072990
2026-09-29,2680.0,2710.0,2660.0,2675.0,111444.0,094970
2026-09-29,999.0,1001.0,984.0,1001.0,39664.0,143540
2026-09-29,0.0,0.0,0.0,460.0,0.0,033340
2026-09-29,2085.0,2090.0,2055.0,2070.0,22476.0,198080
2026-09-29,991.0,1019.0,972.0,1007.0,115710.0,068330
2026-09-29,5020.0,5220.0,4870.0,5030.0,6522.0,317870
2026-09-29,3290.0,3290.0,3240.0,3275.0,1518.0,083550
2026-09-29,2810.0,2910.0,2580.0,2675.0,309206.0,232830
2026-09-29,0.0,0.0,0.0,416.0,0.0,288330
2026-09-29,2310.0,2310.0,2200.0,2275.0,40735.0,260930
2026-09-29,2260.0,2345.0,2210.0,2270.0,42842.0,263700
2026-09-29,5590.0,5810.0,4615.0,4700.0,300846.0,196300
2026-09-29,2250.0,2255.0,2195.0,2195.0,32754.0,114450
2026-09-29,1250.0,1258.0,1200.0,1234.0,53423.0,900340
2026-09-29,8750.0,8900.0,8680.0,8710.0,1538.0,466410
2026-09-29,8650.0,8720.0,8440.0,8590.0,4541.0,0010V0
2026-09-29,3440.0,3485.0,3230.0,3425.0,18889.0,066130
2026-09-29,6820.0,6980.0,6610.0,6660.0,9791.0,476040
2026-09-29,1239.0,1250.0,1217.0,1218.0,64648.0,900250
2026-09-29,1207.0,1219.0,1178.0,1194.0,12627.0,258610
2026-09-29,895.0,910.0,890.0,894.0,70391.0,222420
2026-09-29,2950.0,2950.0,2780.0,2855.0,28155.0,460470
2026-09-29,2700.0,2750.0,2675.0,2690.0,35716.0,065130
2026-09-29,865.0,865.0,830.0,831.0,1374.0,022220
2026-09-29,5100.0,5100.0,4925.0,5010.0,3980.0,042040
2026-09-29,3125.0,3135.0,3080.0,3100.0,9064.0,263020
2026-09-29,6080.0,6080.0,5800.0,6000.0,10849.0,479960
2026-09-29,5010.0,5400.0,4820.0,5090.0,361181.0,226340
2026-09-29,3170.0,3180.0,3065.0,3145.0,1201.0,050120
2026-09-29,3085.0,3115.0,3020.0,3035.0,23092.0,099410
2026-09-29,4495.0,4550.0,4345.0,4370.0,27419.0,082850
2026-09-29,925.0,936.0,925.0,927.0,25463.0,129890
2026-09-29,5890.0,5990.0,5830.0,5950.0,11444.0,413640
2026-09-29,2010.0,2050.0,1991.0,1996.0,42012.0,140520
2026-09-29,2965.0,2995.0,2865.0,2925.0,8036.0,238120
2026-09-29,1217.0,1225.0,1190.0,1212.0,49623.0,227950
2026-09-29,5010.0,5010.0,4955.0,5000.0,3598.0,256150
2026-09-29,6100.0,6100.0,5860.0,5900.0,10841.0,307280
2026-09-29,3190.0,3245.0,3135.0,3150.0,5933.0,007680
2026-09-29,4805.0,4950.0,4665.0,4855.0,16748.0,086060
2026-09-29,2745.0,2745.0,2530.0,2630.0,15896.0,286750
2026-09-29,8450.0,8510.0,8170.0,8170.0,2287.0,224110
2026-09-29,5400.0,5400.0,5160.0,5280.0,3520.0,290670
2026-09-29,6490.0,6490.0,6410.0,6460.0,2086.0,190650
2026-09-29,2070.0,2085.0,2050.0,2055.0,8365.0,159580
2026-09-29,1417.0,1417.0,1409.0,1409.0,4654.0,056700
2026-09-29,3325.0,3325.0,3285.0,3310.0,8525.0,002290
2026-09-29,2585.0,2625.0,2540.0,2600.0,4810.0,261200
2026-09-29,3985.0,4205.0,3965.0,4010.0,15125.0,199480
2026-09-29,1555.0,1627.0,1540.0,1623.0,10083.0,373200
2026-09-29,2500.0,2585.0,2500.0,2550.0,22114.0,263810
2026-09-29,1500.0,1512.0,1472.0,1480.0,8632.0,189690
2026-09-29,762.0,765.0,734.0,745.0,81836.0,027830
2026-09-29,3875.0,3980.0,3845.0,3950.0,6983.0,465480
2026-09-29,1684.0,1684.0,1642.0,1649.0,26366.0,452200
2026-09-29,3650.0,3780.0,3610.0,3650.0,13836.0,136410
2026-09-29,1818.0,1818.0,1770.0,1785.0,2961.0,007530
2026-09-29,0.0,0.0,0.0,798.0,0.0,064090
2026-09-29,991.0,991.0,991.0,991.0,453114.0,270520
2026-09-29,1761.0,1799.0,1730.0,1731.0,369.0,066900
2026-09-29,2845.0,2910.0,2740.0,2745.0,20072.0,461030
2026-09-29,2785.0,2820.0,2750.0,2785.0,5215.0,203450
2026-09-29,2095.0,2095.0,1985.0,1996.0,178804.0,053950
2026-09-29,1650.0,1654.0,1615.0,1650.0,3796.0,263770
2026-09-29,6390.0,6390.0,6350.0,6360.0,80.0,049830
2026-09-29,1310.0,1325.0,1294.0,1307.0,29500.0,037230
2026-09-29,3100.0,3110.0,3075.0,3080.0,8277.0,044960
2026-09-29,3085.0,3460.0,3065.0,3085.0,344062.0,100660
2026-09-29,9580.0,9620.0,9580.0,9610.0,244.0,221980
2026-09-29,1922.0,1950.0,1891.0,1899.0,59023.0,218150
2026-09-29,2305.0,2330.0,2290.0,2310.0,13303.0,025880
2026-09-29,2190.0,2190.0,2035.0,2050.0,41920.0,184230
2026-09-29,1668.0,1677.0,1650.0,1658.0,7411.0,052220
2026-09-29,1478.0,1478.0,1396.0,1399.0,92786.0,065440
2026-09-29,1465.0,1465.0,1450.0,1450.0,3348.0,352700
2026-09-29,4825.0,5220.0,4535.0,4635.0,13808.0,450330
2026-09-29,1088.0,1259.0,1076.0,1207.0,595195.0,045510
2026-09-29,3945.0,4095.0,3840.0,3855.0,4828.0,273060
2026-09-29,2500.0,2680.0,2500.0,2530.0,56864.0,084650
2026-09-29,2725.0,2725.0,2570.0,2590.0,9096.0,234100
2026-09-29,3300.0,3350.0,3265.0,3330.0,4097.0,101240
2026-09-29,1689.0,1707.0,1668.0,1680.0,15875.0,050860
2026-09-29,2365.0,2365.0,2210.0,2235.0,18724.0,215380
2026-09-29,2305.0,2305.0,2265.0,2280.0,14471.0,046310
2026-09-29,2070.0,2100.0,1969.0,2005.0,12457.0,221840
2026-09-29,1640.0,1640.0,1610.0,1624.0,4248.0,122690
2026-09-29,3200.0,3230.0,3195.0,3215.0,9139.0,019770
2026-09-29,5510.0,5510.0,5410.0,5480.0,1117.0,250000
2026-09-29,4285.0,4405.0,4285.0,4345.0,3764.0,097870
2026-09-29,7060.0,8070.0,6920.0,7370.0,109827.0,258790
2026-09-29,2870.0,3645.0,2815.0,3280.0,12880507.0,0010F0
2026-09-29,1042.0,1043.0,1013.0,1020.0,48211.0,065500
2026-09-29,2400.0,2400.0,2315.0,2365.0,36444.0,081580
2026-09-29,2855.0,2875.0,2705.0,2745.0,63921.0,208710
2026-09-29,1645.0,1650.0,1599.0,1629.0,751.0,123570
2026-09-29,3140.0,3185.0,3140.0,3170.0,13267.0,219420
2026-09-29,3905.0,3940.0,3850.0,3900.0,8842.0,038070
2026-09-29,2420.0,2455.0,2380.0,2420.0,50742.0,035460
2026-09-29,2725.0,2785.0,2705.0,2715.0,21508.0,121890
2026-09-29,4240.0,4280.0,4165.0,4200.0,3414.0,037370
2026-09-29,0.0,0.0,0.0,1087.0,0.0,284620
2026-09-29,2060.0,2080.0,2010.0,2075.0,13112.0,046390
2026-09-29,2550.0,2595.0,2480.0,2520.0,14448.0,171010
2026-09-29,3200.0,3200.0,3135.0,3165.0,10963.0,043910
2026-09-29,0.0,0.0,0.0,602.0,0.0,057540
2026-09-29,0.0,0.0,0.0,778.0,0.0,068940
2026-09-29,3280.0,3280.0,3160.0,3245.0,2344.0,014570
2026-09-29,2265.0,2270.0,2210.0,2235.0,5508.0,086040
2026-09-29,5620.0,5620.0,5220.0,5270.0,42352.0,042940
2026-09-29,1330.0,1363.0,1300.0,1342.0,61747.0,060540
2026-09-29,3180.0,4035.0,3115.0,4035.0,829663.0,462510
2026-09-29,6400.0,6520.0,6270.0,6370.0,3534.0,318410
2026-09-29,2115.0,2115.0,2075.0,2095.0,15250.0,045060
2026-09-29,4100.0,4100.0,3995.0,4080.0,6420.0,039290
2026-09-29,1479.0,1501.0,1474.0,1474.0,18339.0,066360
2026-09-29,0.0,0.0,0.0,959.0,0.0,263050
2026-09-29,5520.0,5730.0,5330.0,5390.0,2072.0,153460
2026-09-29,2290.0,2345.0,2265.0,2300.0,5682.0,260660
2026-09-29,3555.0,3585.0,3505.0,3540.0,2105.0,239890
2026-09-29,4345.0,4345.0,4075.0,4130.0,4065.0,363250
2026-09-29,3680.0,3685.0,3595.0,3650.0,6868.0,177900
2026-09-29,3060.0,3060.0,3030.0,3045.0,2990.0,024120
2026-09-29,2575.0,2575.0,2460.0,2470.0,17381.0,051490
2026-09-29,3200.0,3200.0,3095.0,3175.0,6047.0,446840
2026-09-29,4405.0,4405.0,4270.0,4280.0,10027.0,060850
2026-09-29,1765.0,1789.0,1752.0,1789.0,11412.0,204020
2026-09-29,1775.0,1925.0,1650.0,1769.0,195977.0,054780
2026-09-29,2420.0,2760.0,2380.0,2450.0,3577596.0,406820
2026-09-29,6080.0,6260.0,6000.0,6160.0,6270.0,387570
2026-09-29,883.0,995.0,800.0,921.0,3106491.0,206400
2026-09-29,1289.0,1350.0,1277.0,1294.0,65470.0,106240
2026-09-29,3145.0,3285.0,3125.0,3145.0,3747.0,186230
2026-09-29,2235.0,2235.0,2110.0,2170.0,23335.0,290120
2026-09-29,4395.0,4400.0,4210.0,4330.0,9294.0,332290
2026-09-29,0.0,0.0,0.0,991.0,0.0,469750
2026-09-29,2140.0,2155.0,2085.0,2115.0,30460.0,075130
2026-09-29,2415.0,2520.0,2390.0,2400.0,22925.0,452300
2026-09-29,3815.0,4150.0,3750.0,3750.0,8538.0,196450
2026-09-29,2830.0,2940.0,2700.0,2730.0,82830.0,434480
2026-09-29,2075.0,2085.0,2000.0,2040.0,100294.0,026040
2026-09-29,11070.0,11070.0,9660.0,9890.0,7309.0,208860
2026-09-29,2070.0,2070.0,2000.0,2025.0,6048.0,207760
2026-09-29,2000.0,2085.0,2000.0,2030.0,9940.0,432430
2026-09-29,1523.0,1523.0,1473.0,1499.0,3233.0,064520
2026-09-29,6780.0,6940.0,6280.0,6510.0,12169.0,397810
2026-09-29,1520.0,1566.0,1462.0,1522.0,10155.0,335810
2026-09-29,1410.0,1410.0,1357.0,1357.0,2059.0,220180
2026-09-29,2080.0,2080.0,2000.0,2035.0,26888.0,057030
2026-09-29,0.0,0.0,0.0,689.0,0.0,038060
2026-09-29,4330.0,4360.0,4320.0,4320.0,14907.0,131090
2026-09-29,2865.0,2910.0,2810.0,2860.0,8510.0,052600
2026-09-29,4480.0,4480.0,4425.0,4435.0,500.0,290090
2026-09-29,1535.0,1535.0,1503.0,1506.0,19064.0,310870
2026-09-29,1453.0,1453.0,1401.0,1424.0,30300.0,215090
2026-09-29,2800.0,2800.0,2600.0,2615.0,58405.0,900270
2026-09-29,3000.0,3025.0,2965.0,2970.0,39874.0,006920
2026-09-29,4080.0,4080.0,3965.0,4015.0,4241.0,476080
2026-09-29,1275.0,1295.0,1225.0,1262.0,54277.0,032790
2026-09-29,1159.0,1186.0,1152.0,1162.0,6870.0,068050
2026-09-29,2395.0,2575.0,2330.0,2540.0,92849.0,311390
2026-09-29,2915.0,2950.0,2820.0,2950.0,2313.0,080520
2026-09-29,3580.0,3610.0,3470.0,3580.0,2451.0,270870
2026-09-29,1366.0,1378.0,1359.0,1361.0,2216.0,133750
2026-09-29,1940.0,1975.0,1940.0,1965.0,4965.0,021650
2026-09-29,1139.0,1152.0,1129.0,1147.0,49387.0,031510
2026-09-29,3020.0,3020.0,2990.0,3010.0,698.0,200780
2026-09-29,5300.0,5400.0,5080.0,5120.0,11338.0,099220
2026-09-29,1160.0,1160.0,1120.0,1128.0,19516.0,065950
2026-09-29,1000.0,1000.0,970.0,980.0,15268.0,408900
2026-09-29,3980.0,3980.0,3850.0,3910.0,682.0,087600
2026-09-29,3430.0,3635.0,3405.0,3435.0,9073.0,090410
2026-09-29,2190.0,2190.0,2080.0,2160.0,43028.0,104200
2026-09-29,1326.0,1423.0,1290.0,1314.0,68299.0,226330
2026-09-29,6980.0,7170.0,6750.0,6770.0,15447.0,417860
2026-09-29,6250.0,6420.0,6080.0,6210.0,2407.0,296640
2026-09-29,2125.0,2125.0,2065.0,2075.0,13454.0,089140
2026-09-29,3165.0,3165.0,3010.0,3085.0,3569.0,153490
2026-09-29,3290.0,3300.0,3210.0,3245.0,6300.0,025440
2026-09-29,2350.0,2350.0,2220.0,2260.0,21217.0,016600
2026-09-29,2600.0,2600.0,2500.0,2565.0,8313.0,318020
2026-09-29,0.0,0.0,0.0,1079.0,0.0,050110
2026-09-29,3150.0,3150.0,3005.0,3100.0,2940.0,148930
2026-09-29,4185.0,4245.0,4130.0,4200.0,65793.0,431190
2026-09-29,2640.0,2665.0,2585.0,2655.0,5691.0,127980
2026-09-29,1673.0,1699.0,1659.0,1661.0,11261.0,033830
2026-09-29,2965.0,3080.0,2870.0,2885.0,62864.0,430690
2026-09-29,7050.0,7130.0,7040.0,7100.0,3930.0,012620
2026-09-29,3200.0,3280.0,3145.0,3165.0,72546.0,093380
2026-09-29,2160.0,2220.0,2160.0,2205.0,8867.0,419120
2026-09-29,2945.0,3140.0,2925.0,2990.0,784.0,159910
2026-09-29,0.0,0.0,0.0,412.0,0.0,258830
2026-09-29,2130.0,2245.0,2130.0,2210.0,12677.0,038870
2026-09-29,1586.0,1586.0,1512.0,1524.0,39708.0,109820
2026-09-29,2605.0,2685.0,2605.0,2635.0,45440.0,091340
2026-09-29,1235.0,1235.0,865.0,865.0,5003187.0,070300
2026-09-29,1065.0,1089.0,1021.0,1042.0,36457.0,271830
2026-09-29,2400.0,2400.0,2355.0,2360.0,12213.0,197140
2026-09-29,1680.0,1680.0,1631.0,1674.0,11523.0,169330
2026-09-29,3115.0,3130.0,3100.0,3125.0,3249.0,263920
2026-09-29,3005.0,3025.0,3000.0,3000.0,18969.0,038950
2026-09-29,2000.0,2000.0,1977.0,1980.0,9938.0,173940
2026-09-29,700.0,700.0,685.0,694.0,11991.0,037330
2026-09-29,1469.0,1549.0,1453.0,1467.0,5534.0,097780
2026-09-29,2005.0,2035.0,1980.0,2000.0,144944.0,038620
2026-09-29,3945.0,3945.0,3670.0,3690.0,3713.0,099390
2026-09-29,3865.0,3890.0,3830.0,3830.0,6705.0,462310
2026-09-29,0.0,0.0,0.0,1969.0,0.0,246250
2026-09-29,2625.0,2635.0,2510.0,2525.0,18096.0,356890
2026-09-29,2560.0,2585.0,2520.0,2525.0,24923.0,064480
2026-09-29,2635.0,2930.0,2635.0,2840.0,195122.0,262840
2026-09-29,2970.0,3265.0,2970.0,3120.0,25221.0,336060
2026-09-29,3090.0,3135.0,3040.0,3070.0,884.0,376980
2026-09-29,5640.0,5990.0,5560.0,5640.0,7872.0,388610
2026-09-29,3900.0,3970.0,3900.0,3900.0,11484.0,020180
2026-09-29,1672.0,1672.0,1561.0,1629.0,23724.0,075970
2026-09-29,643.0,643.0,617.0,630.0,42862.0,043340
2026-09-29,5460.0,5500.0,5400.0,5410.0,4292.0,464280
2026-09-29,1260.0,1265.0,1200.0,1232.0,20571.0,071850
2026-09-29,3125.0,3125.0,2880.0,2995.0,9201.0,369370
2026-09-29,4560.0,4780.0,4450.0,4640.0,7094.0,444530
2026-09-29,2695.0,2695.0,2585.0,2650.0,5218.0,368970
2026-09-29,2045.0,2205.0,2045.0,2145.0,50621.0,070590
2026-09-29,1607.0,1647.0,1587.0,1628.0,43681.0,462980
2026-09-29,758.0,758.0,704.0,706.0,112676.0,072770
2026-09-29,2910.0,2910.0,2770.0,2815.0,7437.0,033540
2026-09-29,3100.0,3100.0,2945.0,2970.0,43388.0,300120
2026-09-29,2300.0,2380.0,2250.0,2285.0,19748.0,237820
2026-09-29,2400.0,2500.0,2260.0,2445.0,133564.0,073570
2026-09-29,3080.0,3080.0,2755.0,2755.0,3390.0,049120
2026-09-29,2820.0,3000.0,2785.0,2915.0,54846.0,200350
2026-09-29,5610.0,5620.0,5570.0,5580.0,1757.0,079170
2026-09-29,2000.0,2095.0,1950.0,2030.0,15377.0,377030
2026-09-29,995.0,1002.0,980.0,992.0,61514.0,317240
2026-09-29,1066.0,1235.0,1066.0,1083.0,313684.0,128540
2026-09-29,2010.0,2115.0,1995.0,2070.0,16781.0,188260
2026-09-29,3040.0,3105.0,2955.0,2980.0,4035.0,452160
2026-09-29,2750.0,2750.0,2685.0,2710.0,6143.0,045300
2026-09-29,1352.0,1519.0,1350.0,1432.0,193459.0,198940
2026-09-29,6700.0,6760.0,6480.0,6530.0,8228.0,088340
2026-09-29,2585.0,2585.0,2485.0,2495.0,17897.0,073540
2026-09-29,2985.0,2985.0,2775.0,2800.0,2939.0,187270
2026-09-29,1685.0,1709.0,1661.0,1673.0,23252.0,236810
2026-09-29,1500.0,1551.0,1478.0,1541.0,12730.0,464580
2026-09-29,1005.0,1049.0,1005.0,1014.0,17779.0,160550
2026-09-29,5260.0,5260.0,5200.0,5240.0,1132.0,239610
2026-09-29,0.0,0.0,0.0,1710.0,0.0,043220
2026-09-29,1898.0,1898.0,1839.0,1861.0,129.0,109960
2026-09-29,1674.0,1685.0,1658.0,1672.0,31597.0,008470
2026-09-29,977.0,977.0,934.0,944.0,26209.0,031310
2026-09-29,0.0,0.0,0.0,910.0,0.0,254120
2026-09-29,5800.0,5800.0,5580.0,5670.0,6575.0,333050
2026-09-29,2300.0,2355.0,2240.0,2300.0,6223.0,115480
2026-09-29,4235.0,4250.0,3905.0,4025.0,5945.0,297570
2026-09-29,3275.0,3320.0,3180.0,3320.0,3385.0,367000
2026-09-29,2325.0,2355.0,2315.0,2330.0,1888.0,068100
2026-09-29,2395.0,2395.0,2340.0,2350.0,57964.0,119500
2026-09-29,1428.0,1452.0,1418.0,1445.0,3841.0,225220
2026-09-29,1640.0,1655.0,1615.0,1617.0,17440.0,089150
2026-09-29,1890.0,1910.0,1861.0,1902.0,14894.0,407400
2026-09-29,3380.0,3480.0,3380.0,3480.0,6215.0,318010
2026-09-29,1886.0,1920.0,1857.0,1878.0,6811.0,450520
2026-09-29,1261.0,1261.0,1180.0,1230.0,64545.0,290560
2026-09-29,3365.0,3600.0,3230.0,3315.0,27205.0,351330
2026-09-29,8040.0,8040.0,7700.0,7820.0,14.0,007770
2026-09-29,2515.0,2530.0,2480.0,2520.0,40698.0,067010
2026-09-29,1899.0,1912.0,1867.0,1885.0,6786.0,130500
2026-09-29,1614.0,1619.0,1585.0,1590.0,22743.0,114630
2026-09-29,1940.0,1990.0,1897.0,1942.0,4604.0,139670
2026-09-29,1767.0,1791.0,1730.0,1774.0,18814.0,066910
2026-09-29,2015.0,2020.0,1985.0,2000.0,9150.0,148250
2026-09-29,2860.0,2860.0,2690.0,2715.0,51431.0,078590
2026-09-29,1205.0,1388.0,1205.0,1374.0,63472.0,079190
2026-09-29,3330.0,3330.0,3215.0,3280.0,20292.0,364950
2026-09-29,2725.0,2875.0,2710.0,2860.0,16018.0,019570
2026-09-29,489.0,489.0,475.0,477.0,204653.0,101670
2026-09-29,4100.0,4100.0,3850.0,3860.0,43578.0,288620
2026-09-29,1810.0,1810.0,1749.0,1763.0,29845.0,373170
2026-09-29,1731.0,1739.0,1680.0,1703.0,16304.0,096630
2026-09-29,2330.0,2390.0,2280.0,2290.0,43805.0,017000
2026-09-29,1710.0,1710.0,1670.0,1671.0,19400.0,195500
2026-09-29,2425.0,2470.0,2390.0,2400.0,9880.0,080530
2026-09-29,2995.0,2995.0,2930.0,2940.0,2663.0,032750
2026-09-29,995.0,995.0,956.0,987.0,7597.0,900070
2026-09-29,1714.0,1761.0,1683.0,1758.0,12105.0,069140
2026-09-29,2500.0,2720.0,2465.0,2470.0,103557.0,140430
2026-09-29,675.0,675.0,650.0,656.0,372124.0,215790
2026-09-29,2185.0,2200.0,2125.0,2150.0,5090.0,013720
2026-09-29,2830.0,2850.0,2735.0,2735.0,10913.0,048470
2026-09-29,2195.0,2195.0,1986.0,2060.0,3214.0,900310
2026-09-29,2750.0,2800.0,2725.0,2745.0,2587.0,290270
2026-09-29,3630.0,3700.0,3500.0,3500.0,24699.0,091970
2026-09-29,3550.0,3555.0,3520.0,3530.0,10020.0,131220
2026-09-29,1710.0,1717.0,1668.0,1677.0,17249.0,057680
2026-09-29,1260.0,1260.0,1140.0,1178.0,145330.0,069920
2026-09-29,3700.0,3700.0,3635.0,3655.0,5516.0,079000
2026-09-29,1058.0,1058.0,1019.0,1024.0,12047.0,016920
2026-09-29,3810.0,3925.0,3765.0,3840.0,7814.0,328380
2026-09-29,1996.0,1996.0,1900.0,1967.0,7421.0,193250
2026-09-29,1699.0,1699.0,1636.0,1681.0,5331.0,123840
2026-09-29,2305.0,2365.0,2210.0,2315.0,5873.0,359090
2026-09-29,1248.0,1267.0,1226.0,1235.0,48078.0,043200
2026-09-29,2525.0,2600.0,2500.0,2545.0,10410.0,069410
2026-09-29,5690.0,5690.0,5430.0,5460.0,2400.0,134060
2026-09-29,1051.0,1060.0,1036.0,1048.0,19793.0,047080
2026-09-29,1473.0,1480.0,1415.0,1480.0,15327.0,138070
2026-09-29,4080.0,4140.0,3970.0,4015.0,7022.0,363260
2026-09-29,1575.0,1582.0,1561.0,1577.0,5880.0,103840
2026-09-29,1884.0,1911.0,1830.0,1854.0,153759.0,027040
2026-09-29,1609.0,1609.0,1550.0,1560.0,2330.0,053290
2026-09-29,2165.0,2355.0,2165.0,2350.0,7799.0,351870
2026-09-29,810.0,810.0,795.0,806.0,2428.0,033050
2026-09-29,3020.0,3055.0,2965.0,3050.0,10521.0,101680
2026-09-29,1164.0,1168.0,1140.0,1156.0,5515.0,001810
2026-09-29,2915.0,2995.0,2915.0,2930.0,18244.0,458350
2026-09-29,6500.0,6500.0,6210.0,6350.0,3785.0,096690
2026-09-29,2495.0,2525.0,2460.0,2500.0,10184.0,016670
2026-09-29,5140.0,5800.0,4770.0,4870.0,785003.0,224060
2026-09-29,1600.0,1600.0,1536.0,1563.0,44893.0,052300
2026-09-29,1293.0,1293.0,1279.0,1287.0,5331.0,060380
2026-09-29,1338.0,1391.0,1300.0,1365.0,21538.0,376180
2026-09-29,2740.0,2795.0,2630.0,2635.0,9681.0,348030
2026-09-29,1797.0,1797.0,1655.0,1686.0,39895.0,322780
2026-09-29,2210.0,2260.0,2170.0,2225.0,13348.0,238490
2026-09-29,1835.0,1835.0,1744.0,1811.0,12321.0,123750
2026-09-29,1006.0,1014.0,983.0,999.0,55436.0,054090
2026-09-29,3290.0,3385.0,3185.0,3290.0,13670.0,038880
2026-09-29,1075.0,1075.0,1000.0,1037.0,11853.0,146060
2026-09-29,1615.0,1640.0,1570.0,1588.0,34002.0,105550
2026-09-29,980.0,990.0,948.0,974.0,61003.0,206560
2026-09-29,1370.0,1370.0,1322.0,1333.0,50194.0,044780
2026-09-29,0.0,0.0,0.0,956.0,0.0,368600
2026-09-29,2955.0,3250.0,2870.0,3185.0,277597.0,002680
2026-09-29,5850.0,5970.0,5830.0,5900.0,2881.0,090150
2026-09-29,1172.0,1180.0,1128.0,1155.0,9080.0,021880
2026-09-29,2820.0,2900.0,2755.0,2875.0,8840.0,115530
2026-09-29,1380.0,1448.0,1361.0,1403.0,28497.0,083660
2026-09-29,1959.0,2025.0,1893.0,1917.0,145410.0,383930
2026-09-29,1532.0,1582.0,1532.0,1551.0,32406.0,290520
2026-09-29,1121.0,1121.0,1066.0,1080.0,17574.0,076080
2026-09-29,2150.0,2600.0,2020.0,2060.0,681945.0,398120
2026-09-29,3160.0,3205.0,2885.0,2940.0,143273.0,389680
2026-09-29,4135.0,4165.0,4135.0,4135.0,4019.0,131180
2026-09-29,2115.0,2130.0,2060.0,2115.0,3662.0,415380
2026-09-29,2145.0,2145.0,2055.0,2135.0,4669.0,177830
2026-09-29,1603.0,1608.0,1381.0,1540.0,266872.0,355390
2026-09-29,1222.0,1268.0,1205.0,1234.0,22587.0,060230
2026-09-29,3840.0,3845.0,3730.0,3815.0,32044.0,148780
2026-09-29,1650.0,1650.0,1570.0,1579.0,115967.0,101400
2026-09-29,979.0,1037.0,958.0,1031.0,284717.0,032680
2026-09-29,3045.0,3045.0,2865.0,2950.0,5621.0,208350
2026-09-29,2660.0,2685.0,2560.0,2585.0,36422.0,035200
2026-09-29,5340.0,5420.0,5180.0,5180.0,4204.0,083640
2026-09-29,3030.0,3055.0,2940.0,2955.0,9785.0,039740
2026-09-29,1238.0,1240.0,1192.0,1240.0,30753.0,016100
2026-09-29,3030.0,3140.0,3010.0,3065.0,2963.0,267790
2026-09-29,2625.0,2625.0,2525.0,2595.0,7046.0,020400
2026-09-29,2750.0,2755.0,2680.0,2690.0,15490.0,318000
2026-09-29,1869.0,1869.0,1800.0,1822.0,11069.0,405920
2026-09-29,2130.0,2130.0,2025.0,2125.0,4418.0,222980
2026-09-29,4975.0,5000.0,4835.0,5000.0,1918.0,188040
2026-09-29,1255.0,1280.0,1230.0,1268.0,23465.0,365590
2026-09-29,1490.0,1490.0,1440.0,1451.0,20718.0,058110
2026-09-29,3005.0,3005.0,2900.0,2915.0,25423.0,475660
2026-09-29,1718.0,1729.0,1669.0,1728.0,18287.0,043590
2026-09-29,5610.0,5610.0,5320.0,5350.0,3057.0,115160
2026-09-29,3000.0,3000.0,2830.0,2850.0,27005.0,223310
2026-09-29,3560.0,3635.0,3325.0,3465.0,44606.0,054940
2026-09-29,1678.0,1679.0,1631.0,1638.0,16213.0,464500
2026-09-29,1490.0,1510.0,1463.0,1494.0,11728.0,051380
2026-09-29,2600.0,2660.0,2520.0,2565.0,44435.0,023770
2026-09-29,2085.0,2085.0,1942.0,1982.0,16978.0,187220
2026-09-29,1959.0,1959.0,1913.0,1956.0,374.0,018680
2026-09-29,6190.0,6190.0,5790.0,6000.0,10136.0,036480
2026-09-29,2800.0,3020.0,2415.0,2470.0,234371.0,378800
2026-09-29,2375.0,2375.0,2305.0,2355.0,1943.0,298060
2026-09-29,3490.0,3590.0,3420.0,3485.0,17869.0,045520
2026-09-29,2270.0,2270.0,1800.0,1820.0,33998.0,257370
2026-09-29,1886.0,1886.0,1817.0,1872.0,19034.0,065690
2026-09-29,1146.0,1177.0,1115.0,1115.0,23231.0,007720
2026-09-29,2085.0,2115.0,2050.0,2060.0,7166.0,352940
2026-09-29,1536.0,1592.0,1520.0,1523.0,40274.0,013810
2026-09-29,1490.0,1495.0,1448.0,1478.0,4364.0,032800
2026-09-29,3805.0,4010.0,3800.0,3915.0,18421.0,417180
2026-09-29,2495.0,2500.0,2395.0,2420.0,6885.0,033200
2026-09-29,1066.0,1069.0,1045.0,1055.0,8093.0,017250
2026-09-29,910.0,980.0,900.0,939.0,64572.0,276730
2026-09-29,1950.0,1950.0,1831.0,1842.0,12201.0,192390
2026-09-29,1820.0,1862.0,1790.0,1850.0,30531.0,027580
2026-09-29,2970.0,3070.0,2965.0,2980.0,7405.0,303530
2026-09-29,2685.0,2765.0,2685.0,2700.0,1175.0,032860
2026-09-29,4070.0,4200.0,3935.0,4180.0,22401.0,247660
2026-09-29,2130.0,2245.0,2130.0,2215.0,16382.0,331520
2026-09-29,1224.0,1265.0,1224.0,1231.0,76055.0,053060
2026-09-29,2645.0,2685.0,2620.0,2655.0,315.0,238200
2026-09-29,1333.0,1339.0,1319.0,1335.0,72975.0,032280
2026-09-29,0.0,0.0,0.0,1010.0,0.0,032080
2026-09-29,3395.0,3395.0,3305.0,3340.0,1760.0,237750
2026-09-29,1348.0,1348.0,1135.0,1194.0,93462.0,039310
2026-09-29,1765.0,1791.0,1273.0,1394.0,476758.0,191410
2026-09-29,1774.0,1839.0,1646.0,1660.0,27356.0,219750
2026-09-29,2655.0,2770.0,2560.0,2715.0,746.0,377330
2026-09-29,1403.0,1447.0,1391.0,1409.0,24733.0,317120
2026-09-29,0.0,0.0,0.0,756.0,0.0,340440
2026-09-29,3185.0,3185.0,2950.0,3040.0,11085.0,372800
2026-09-29,1283.0,1285.0,1250.0,1277.0,10506.0,018700
2026-09-29,3330.0,3400.0,3180.0,3230.0,11934.0,044480
2026-09-29,2585.0,2585.0,2410.0,2480.0,29509.0,432980
2026-09-29,5570.0,5580.0,5520.0,5540.0,1905.0,277410
2026-09-29,2855.0,2935.0,2810.0,2875.0,2707.0,065370
2026-09-29,1690.0,1714.0,1663.0,1691.0,35758.0,054220
2026-09-29,2280.0,2280.0,2205.0,2215.0,12701.0,241840
2026-09-29,2100.0,2140.0,2080.0,2105.0,13473.0,440320
2026-09-29,1957.0,1957.0,1873.0,1955.0,6931.0,215480
2026-09-29,2230.0,2240.0,2145.0,2155.0,12197.0,067730
2026-09-29,1900.0,1900.0,1811.0,1849.0,6818.0,130740
2026-09-29,1419.0,1419.0,1370.0,1380.0,24565.0,344860
2026-09-29,2095.0,2105.0,2060.0,2070.0,29975.0,024940
2026-09-29,3225.0,3255.0,3125.0,3220.0,28516.0,429270
2026-09-29,2340.0,2340.0,2230.0,2295.0,6753.0,043360
2026-09-29,2035.0,2105.0,2005.0,2065.0,42975.0,424760
2026-09-29,3600.0,3645.0,3505.0,3635.0,8802.0,361670
2026-09-29,2355.0,2355.0,2155.0,2185.0,75200.0,063760
2026-09-29,1475.0,1477.0,1447.0,1464.0,14007.0,019660
2026-09-29,542.0,575.0,542.0,559.0,98304.0,095910
2026-09-29,2205.0,2240.0,2055.0,2135.0,10724.0,200230
2026-09-29,2545.0,2615.0,2540.0,2560.0,6754.0,353190
2026-09-29,1250.0,1250.0,1190.0,1190.0,8537.0,362990
2026-09-29,1810.0,1816.0,1769.0,1791.0,13302.0,438700
2026-09-29,944.0,944.0,901.0,918.0,8020.0,021040
2026-09-29,5490.0,5510.0,5250.0,5390.0,4575.0,900110
2026-09-29,899.0,935.0,880.0,890.0,90660.0,289220
2026-09-29,1520.0,1600.0,1501.0,1510.0,32694.0,301300
2026-09-29,1183.0,1205.0,1128.0,1170.0,14372.0,069330
2026-09-29,2725.0,2725.0,2690.0,2695.0,5739.0,080470
2026-09-29,3870.0,3870.0,3700.0,3730.0,9648.0,275630
2026-09-29,1058.0,1059.0,1027.0,1040.0,65286.0,048830
2026-09-29,1570.0,1581.0,1560.0,1560.0,3498.0,098660
2026-09-29,835.0,859.0,835.0,859.0,7177.0,347770
2026-09-29,1004.0,1033.0,987.0,998.0,14646.0,227610
2026-09-29,0.0,0.0,0.0,1622.0,0.0,073190
2026-09-29,1621.0,1650.0,1609.0,1635.0,25035.0,115610
2026-09-29,1397.0,1397.0,1140.0,1362.0,38641.0,085810
2026-09-29,1600.0,1600.0,1555.0,1594.0,7096.0,154030
2026-09-29,3995.0,3995.0,3610.0,3715.0,10467.0,038530
2026-09-29,0.0,0.0,0.0,2290.0,0.0,214610
2026-09-29,1505.0,1509.0,1465.0,1488.0,8241.0,353590
2026-09-29,2275.0,2335.0,2245.0,2335.0,12455.0,096870
2026-09-29,1183.0,1183.0,1168.0,1170.0,21740.0,050760
2026-09-29,4990.0,4990.0,4875.0,4985.0,1674.0,084440
2026-09-29,1203.0,1216.0,1182.0,1196.0,24786.0,065150
2026-09-29,3445.0,3590.0,3435.0,3530.0,5149.0,405000
2026-09-29,2995.0,2995.0,2885.0,2915.0,13282.0,113810
2026-09-29,5370.0,5490.0,5210.0,5420.0,24575.0,009620
2026-09-29,3530.0,3530.0,3460.0,3465.0,2751.0,342870
2026-09-29,9670.0,9670.0,8700.0,8700.0,5508.0,154040
2026-09-29,0.0,0.0,0.0,6930.0,0.0,031860
2026-09-29,3190.0,3325.0,3190.0,3265.0,995.0,054410
2026-09-29,1370.0,1402.0,1323.0,1388.0,64963.0,079950
2026-09-29,888.0,893.0,851.0,874.0,33475.0,083470
2026-09-29,2085.0,2095.0,2005.0,2050.0,5879.0,274400
2026-09-29,2780.0,2780.0,2690.0,2690.0,10956.0,018620
2026-09-29,1608.0,1608.0,1557.0,1581.0,6929.0,014100
2026-09-29,2260.0,2310.0,2230.0,2235.0,3913.0,252500
2026-09-29,2495.0,2570.0,2495.0,2530.0,784.0,365900
2026-09-29,1155.0,1155.0,1120.0,1135.0,12535.0,195990
2026-09-29,3100.0,3105.0,3075.0,3075.0,4211.0,065060
2026-09-29,2435.0,2455.0,2195.0,2335.0,159067.0,026910
2026-09-29,1268.0,1268.0,1230.0,1241.0,6784.0,455180
2026-09-29,2370.0,2370.0,2200.0,2285.0,3525.0,088290
2026-09-29,1286.0,1286.0,1256.0,1267.0,11007.0,196700
2026-09-29,3870.0,4085.0,3795.0,3795.0,1277.0,279600
2026-09-29,3230.0,3230.0,3010.0,3045.0,6283.0,419540
2026-09-29,1246.0,1278.0,1205.0,1221.0,16081.0,056730
2026-09-29,2040.0,2040.0,1940.0,1954.0,20567.0,403490
2026-09-29,2055.0,2055.0,1970.0,1985.0,6536.0,110020
2026-09-29,1819.0,1841.0,1818.0,1827.0,9525.0,137940
2026-09-29,1853.0,1872.0,1802.0,1827.0,37550.0,210120
2026-09-29,3365.0,3370.0,3340.0,3350.0,5624.0,037400
2026-09-29,3040.0,3475.0,2645.0,2750.0,557121.0,131100
2026-09-29,2885.0,3065.0,2720.0,2825.0,24946.0,078860
2026-09-29,1415.0,1415.0,1304.0,1331.0,215222.0,023790
2026-09-29,0.0,0.0,0.0,1040.0,0.0,900120
2026-09-29,1012.0,1017.0,990.0,1000.0,25322.0,373110
2026-09-29,1900.0,1900.0,1883.0,1884.0,464547.0,0197V0
2026-09-29,0.0,0.0,0.0,2055.0,0.0,482680
2026-09-29,2080.0,2080.0,2070.0,2075.0,21198.0,477380
2026-09-29,0.0,0.0,0.0,6040.0,0.0,241820
2026-09-29,2675.0,2690.0,2590.0,2670.0,25645.0,034940
2026-09-29,1893.0,1895.0,1883.0,1886.0,603505.0,0200G0
2026-09-29,4715.0,4895.0,4395.0,4570.0,66097.0,285800
2026-09-29,2360.0,2370.0,1900.0,2125.0,123553.0,051780
2026-09-29,1435.0,1543.0,1426.0,1465.0,19986.0,065650
2026-09-29,1999.0,1999.0,1972.0,1996.0,7623.0,009730
2026-09-29,850.0,853.0,811.0,823.0,20026.0,309930
2026-09-29,1552.0,1570.0,1525.0,1540.0,17737.0,376930
2026-09-29,3260.0,3260.0,3055.0,3065.0,67679.0,225590
2026-09-29,1550.0,1773.0,1451.0,1574.0,114231.0,101000
2026-09-29,1967.0,1970.0,1963.0,1969.0,38193.0,0072Z0
2026-09-29,2060.0,2065.0,2057.0,2060.0,5659.0,477340
2026-09-29,1429.0,1429.0,1322.0,1373.0,100542.0,060480
2026-09-29,1975.0,1975.0,1962.0,1965.0,260.0,0101C0
2026-09-29,1991.0,2000.0,1967.0,1975.0,770.0,0130H0
2026-09-29,2350.0,2350.0,2210.0,2315.0,128363.0,060900
2026-09-29,0.0,0.0,0.0,973.0,0.0,030350
2026-09-29,1980.0,1986.0,1970.0,1971.0,17651.0,0044K0
2026-09-29,2100.0,2105.0,2100.0,2105.0,693160.0,473050
2026-09-29,2565.0,2675.0,2560.0,2615.0,11563.0,475460
2026-09-29,1998.0,1998.0,1970.0,1983.0,5916.0,0115H0
2026-09-29,0.0,0.0,0.0,2200.0,0.0,489480
2026-09-29,1508.0,1570.0,1448.0,1456.0,82650.0,177350
2026-09-29,2060.0,2065.0,2055.0,2065.0,2856.0,478440
2026-09-29,2070.0,2070.0,2055.0,2070.0,4232.0,479880
2026-09-29,2055.0,2055.0,1959.0,1970.0,27920.0,103230
2026-09-29,1937.0,1942.0,1921.0,1932.0,37185.0,0165X0
2026-09-29,2530.0,2630.0,2465.0,2585.0,3042.0,239340
2026-09-29,3435.0,3435.0,2690.0,2730.0,263808.0,092600
2026-09-29,1952.0,1981.0,1952.0,1964.0,59.0,0099W0
2026-09-29,0.0,0.0,0.0,561.0,0.0,304840
2026-09-29,0.0,0.0,0.0,5250.0,0.0,352770
2026-09-29,1889.0,1890.0,1882.0,1886.0,438518.0,0209J0
2026-09-29,1432.0,1498.0,1426.0,1485.0,27981.0,306040
2026-09-29,3300.0,3370.0,2770.0,3205.0,1242662.0,469480
2026-09-29,744.0,766.0,709.0,731.0,145940.0,035620
2026-09-29,4315.0,4315.0,3900.0,4050.0,15549.0,335870
2026-09-29,0.0,0.0,0.0,1651.0,0.0,244460
2026-09-29,1967.0,1980.0,1967.0,1974.0,16208.0,0134X0
2026-09-29,1935.0,1948.0,1935.0,1944.0,14659.0,0164H0
2026-09-29,2070.0,2070.0,2060.0,2065.0,41226.0,481890
2026-09-29,1961.0,1981.0,1954.0,1980.0,2821.0,0096B0
2026-09-29,2300.0,2300.0,2150.0,2175.0,828591.0,0099X0
2026-09-29,2040.0,2045.0,2032.0,2035.0,6275.0,489730
2026-09-29,2065.0,2070.0,2065.0,2065.0,1519.0,478390
2026-09-29,2480.0,2580.0,2320.0,2565.0,1166368.0,498390
2026-09-29,643.0,690.0,635.0,642.0,532092.0,418620
2026-09-29,1969.0,1985.0,1953.0,1959.0,106.0,0097F0
2026-09-29,0.0,0.0,0.0,2295.0,0.0,054180
2026-09-29,0.0,0.0,0.0,2065.0,0.0,482520
2026-09-29,1968.0,1968.0,1955.0,1963.0,834.0,0093G0
2026-09-29,1999.0,1999.0,1975.0,1984.0,96.0,0037T0
2026-09-29,0.0,0.0,0.0,5170.0,0.0,028080
2026-09-29,2030.0,2035.0,2020.0,2020.0,20598.0,492220
2026-09-29,1994.0,2000.0,1994.0,1997.0,4219.0,0054V0
2026-09-29,1945.0,1966.0,1944.0,1959.0,15140.0,0131D0
2026-09-29,0.0,0.0,0.0,764.0,0.0,065570
2026-09-29,1422.0,1422.0,1285.0,1342.0,40330.0,303030
2026-09-29,2125.0,2220.0,1950.0,2165.0,163443.0,377220
2026-09-29,2055.0,2055.0,2010.0,2015.0,56385.0,0091W0
2026-09-29,1034.0,1034.0,862.0,884.0,262249.0,289010
2026-09-29,2070.0,2075.0,2060.0,2070.0,110067.0,477760
2026-09-29,1974.0,1974.0,1962.0,1974.0,24304.0,0041L0
2026-09-29,2040.0,2060.0,2025.0,2040.0,21663.0,0088D0
2026-09-29,1991.0,1991.0,1971.0,1980.0,825.0,0132G0
2026-09-29,0.0,0.0,0.0,2100.0,0.0,469900
2026-09-29,2070.0,2075.0,2055.0,2070.0,61823.0,482690
2026-09-29,2085.0,2090.0,2085.0,2090.0,1332.0,474660
2026-09-29,682.0,682.0,482.0,495.0,1070246.0,050090
2026-09-29,2020.0,2040.0,2020.0,2035.0,1746.0,487360
2026-09-29,2075.0,2080.0,2075.0,2080.0,697.0,474490
2026-09-29,1970.0,1980.0,1970.0,1980.0,2413.0,0071M0
2026-09-29,2070.0,2070.0,2060.0,2065.0,227.0,477470
2026-09-29,1990.0,2005.0,1990.0,2000.0,17459.0,496070
2026-09-29,1986.0,1986.0,1952.0,1979.0,9331.0,0105P0
2026-09-29,878.0,881.0,781.0,797.0,189271.0,208640
2026-09-29,3400.0,3400.0,3105.0,3200.0,47902.0,006050
2026-09-29,1972.0,1972.0,1959.0,1966.0,5246.0,0129K0
2026-09-29,829.0,839.0,794.0,820.0,67750.0,060260
2026-09-29,2050.0,2050.0,2040.0,2050.0,58.0,486630
2026-09-29,1968.0,1968.0,1961.0,1961.0,23.0,0096D0
2026-09-29,1999.0,1999.0,1983.0,1994.0,1131.0,0098T0
2026-09-29,2010.0,2020.0,2010.0,2010.0,523.0,493790
2026-09-29,1312.0,1312.0,1200.0,1228.0,119652.0,131760
2026-09-29,2040.0,2050.0,2035.0,2045.0,132.0,489210
2026-09-29,1997.0,1999.0,1983.0,1983.0,194.0,0004Y0
2026-09-29,1951.0,1965.0,1950.0,1965.0,2272.0,0130D0
2026-09-29,0.0,0.0,0.0,520.0,0.0,043100
2026-09-29,2050.0,2055.0,2050.0,2055.0,382.0,478110
2026-09-29,2005.0,2005.0,1996.0,2000.0,1276.0,466690
2026-09-29,0.0,0.0,0.0,538.0,0.0,305090
2026-09-29,514.0,565.0,464.0,483.0,446370.0,142760
2026-09-29,2002.0,2005.0,1998.0,1998.0,2705.0,0041B0
2026-09-29,2040.0,2040.0,2020.0,2035.0,65723.0,488060
2026-09-29,0.0,0.0,0.0,1650.0,0.0,106080
2026-09-29,2030.0,2030.0,2020.0,2025.0,2740.0,484130
2026-09-29,429.0,459.0,412.0,415.0,117042.0,012340
2026-09-29,2050.0,2055.0,2050.0,2052.0,233.0,473950
2026-09-29,999.0,1312.0,999.0,1072.0,734641.0,067770
2026-09-29,823.0,970.0,823.0,858.0,109054.0,065770
2026-09-29,2040.0,2040.0,2020.0,2035.0,20343.0,487830
2026-09-29,0.0,0.0,0.0,2080.0,0.0,468760
2026-09-29,2105.0,2105.0,2100.0,2100.0,129750.0,472230
2026-09-29,2045.0,2045.0,2035.0,2045.0,5140.0,487720
2026-09-29,1986.0,1986.0,1955.0,1980.0,2868.0,0068Y0
2026-09-29,1691.0,1741.0,1691.0,1708.0,7236.0,001000
2026-09-29,1088.0,1094.0,886.0,932.0,1963270.0,354200
2026-09-29,584.0,584.0,584.0,584.0,99248.0,291810
2026-09-29,5880.0,5940.0,5850.0,5930.0,118.0,03481K
2026-09-29,1961.0,1981.0,1961.0,1981.0,9468.0,0041J0
2026-09-29,0.0,0.0,0.0,247.0,0.0,087260
2026-09-29,2080.0,2090.0,2080.0,2080.0,4416.0,475250
2026-09-29,0.0,0.0,0.0,596.0,0.0,079970
2026-09-29,2095.0,2095.0,2085.0,2090.0,93121.0,474930
2026-09-29,1006.0,1007.0,829.0,912.0,156681.0,240600
2026-09-29,213.0,213.0,192.0,203.0,1216278.0,288980
2026-09-29,0.0,0.0,0.0,940.0,0.0,065420
2026-09-29,266.0,343.0,262.0,275.0,3510860.0,308100
2026-09-29,0.0,0.0,0.0,327.0,0.0,276040
2026-09-29,2075.0,2085.0,2075.0,2085.0,1689.0,473000
2026-09-29,2090.0,2095.0,2090.0,2095.0,42665.0,475240
2026-09-29,0.0,0.0,0.0,1096.0,0.0,900100
2026-09-29,0.0,0.0,0.0,205.0,0.0,044180
2026-09-29,0.0,0.0,0.0,468.0,0.0,313760
2026-09-29,0.0,0.0,0.0,312.0,0.0,052770
2026-09-29,0.0,0.0,0.0,698.0,0.0,225430
2026-09-29,0.0,0.0,0.0,1059.0,0.0,025870
2026-09-29,748.0,758.0,568.0,617.0,171636.0,250930
2026-09-29,180.0,208.0,166.0,208.0,1688981.0,084180
2026-09-29,719.0,805.0,675.0,694.0,97725.0,199730
2026-09-29,669.0,679.0,594.0,600.0,338613.0,058450
2026-09-29,445.0,575.0,445.0,457.0,2219285.0,011080
2026-09-29,0.0,0.0,0.0,384.0,0.0,035290
2026-09-29,2045.0,2045.0,1961.0,1990.0,1816.0,021045
2026-09-29,123.0,130.0,111.0,124.0,1241158.0,196490
2026-09-29,69.0,69.0,52.0,52.0,2340485.0,312610
2026-09-29,5750.0,5840.0,5740.0,5840.0,720.0,032685
