date,open,high,low,close,volume,code
2026-09-23,284500.0,286500.0,281000.0,286500.0,19385053.0,005930
2026-09-23,1899000.0,1900000.0,1836000.0,1863000.0,2886116.0,000660
2026-09-23,217000.0,222000.0,216500.0,222000.0,5763244.0,005935
2026-09-23,1179000.0,1196000.0,1161000.0,1181000.0,640292.0,402340
2026-09-23,1543000.0,1544000.0,1472000.0,1501000.0,496091.0,009150
2026-09-23,353500.0,359000.0,349500.0,352000.0,222728.0,373220
2026-09-23,364000.0,365500.0,352000.0,357000.0,550575.0,005380
2026-09-23,1390000.0,1394000.0,1360000.0,1373000.0,37490.0,207940
2026-09-23,176000.0,176900.0,172300.0,174100.0,679189.0,105560
2026-09-23,374000.0,379500.0,365000.0,368500.0,275715.0,028260
2026-09-23,297500.0,299000.0,291500.0,295000.0,223073.0,032830
2026-09-23,1057000.0,1062000.0,1015000.0,1031000.0,129794.0,012450
2026-09-23,86100.0,86100.0,80500.0,82700.0,4585876.0,034020
2026-09-23,112800.0,113300.0,109100.0,110100.0,895919.0,055550
2026-09-23,451500.0,451500.0,438000.0,444000.0,190465.0,329180
2026-09-23,119100.0,119800.0,115000.0,116200.0,798446.0,000270
2026-09-23,600000.0,618000.0,591000.0,607000.0,129962.0,034730
2026-09-23,529000.0,529000.0,510000.0,521000.0,376430.0,006400
2026-09-23,179000.0,179700.0,176800.0,178100.0,294934.0,068270
2026-09-23,135800.0,136700.0,132100.0,133700.0,633745.0,086790
2026-09-23,215500.0,216000.0,207000.0,210500.0,544074.0,066570
2026-09-23,379000.0,379500.0,365000.0,369000.0,187168.0,012330
2026-09-23,214500.0,214500.0,203000.0,207000.0,332290.0,010120
2026-09-23,201000.0,201500.0,194000.0,196000.0,1148820.0,035420
2026-09-23,652000.0,656000.0,644000.0,648000.0,60134.0,000810
2026-09-23,2950000.0,2950000.0,2828000.0,2892000.0,27462.0,298040
2026-09-23,35850.0,36250.0,35200.0,35500.0,1398444.0,316140
2026-09-23,722000.0,723000.0,701000.0,713000.0,70829.0,267260
2026-09-23,143000.0,151100.0,142100.0,148700.0,999300.0,096770
2026-09-23,81900.0,82000.0,79500.0,80700.0,887793.0,042660
2026-09-23,319000.0,320000.0,309000.0,311500.0,194134.0,005490
2026-09-23,1477000.0,1521000.0,1452000.0,1515000.0,79240.0,000150
2026-09-23,342000.0,342500.0,330500.0,335000.0,112468.0,009540
2026-09-23,1118000.0,1119000.0,1107000.0,1116000.0,8388.0,010130
2026-09-23,243500.0,243500.0,237000.0,243000.0,369301.0,042700
2026-09-23,128500.0,128900.0,124700.0,125500.0,148894.0,138040
2026-09-23,21200.0,21300.0,20700.0,20850.0,562695.0,011200
2026-09-23,30950.0,30950.0,30150.0,30450.0,1512317.0,015760
2026-09-23,88000.0,89100.0,86300.0,87000.0,567429.0,017670
2026-09-23,177700.0,178800.0,173300.0,174500.0,266604.0,033780
2026-09-23,20700.0,20750.0,20200.0,20450.0,2284205.0,010140
2026-09-23,256500.0,260500.0,251500.0,253000.0,142057.0,051910
2026-09-23,154600.0,160600.0,153200.0,156500.0,376025.0,010950
2026-09-23,33250.0,33250.0,31900.0,32350.0,806683.0,006800
2026-09-23,116800.0,117200.0,111700.0,113400.0,141632.0,003550
2026-09-23,226500.0,226500.0,217500.0,221000.0,94796.0,018260
2026-09-23,207000.0,210000.0,201500.0,207000.0,153547.0,267250
2026-09-23,20300.0,21050.0,20250.0,20450.0,1485880.0,024110
2026-09-23,186200.0,193500.0,179200.0,180600.0,555377.0,003670
2026-09-23,704000.0,713000.0,687000.0,699000.0,65278.0,079550
2026-09-23,34200.0,34600.0,33400.0,33800.0,1380964.0,035720
2026-09-23,203500.0,203500.0,194500.0,198000.0,218216.0,086280
2026-09-23,77700.0,78600.0,72800.0,74400.0,954059.0,272210
2026-09-23,361500.0,372500.0,357000.0,369000.0,186907.0,278470
2026-09-23,130000.0,130000.0,120200.0,122300.0,1201523.0,000720
2026-09-23,53300.0,53500.0,52600.0,52900.0,178932.0,030200
2026-09-23,118100.0,119100.0,114700.0,116700.0,219444.0,064350
2026-09-23,549000.0,549000.0,525000.0,536000.0,111212.0,011070
2026-09-23,130000.0,130100.0,127400.0,128400.0,187480.0,047810
2026-09-23,185900.0,186600.0,182000.0,184000.0,164514.0,005830
2026-09-23,31500.0,32100.0,31100.0,31500.0,4154511.0,003490
2026-09-23,247000.0,247000.0,236500.0,240000.0,50951.0,443060
2026-09-23,390000.0,391500.0,374500.0,380500.0,40369.0,307950
2026-09-23,188000.0,192100.0,184700.0,186600.0,163219.0,071050
2026-09-23,110600.0,114500.0,108000.0,110600.0,342032.0,078930
2026-09-23,333500.0,338000.0,320000.0,322500.0,71796.0,006260
2026-09-23,57200.0,57200.0,54900.0,55500.0,376658.0,047050
2026-09-23,51600.0,51600.0,48600.0,49600.0,2237039.0,028050
2026-09-23,26350.0,26800.0,25850.0,26100.0,390698.0,005940
2026-09-23,20200.0,20450.0,19900.0,20000.0,976444.0,323410
2026-09-23,326000.0,326000.0,313500.0,318000.0,153677.0,000500
2026-09-23,142700.0,143400.0,139400.0,140500.0,70054.0,180640
2026-09-23,1238000.0,1238000.0,1205000.0,1218000.0,57242.0,003230
2026-09-23,204000.0,204000.0,197000.0,198500.0,54382.0,259960
2026-09-23,117100.0,119700.0,114000.0,119200.0,929301.0,007660
2026-09-23,141000.0,144400.0,140600.0,142200.0,145314.0,090430
2026-09-23,336000.0,338500.0,327500.0,331000.0,23658.0,0126Z0
2026-09-23,91000.0,93000.0,90400.0,91300.0,452414.0,016360
2026-09-23,18800.0,18800.0,17300.0,17700.0,10155479.0,047040
2026-09-23,58300.0,58400.0,56900.0,57300.0,253935.0,161390
2026-09-23,100000.0,100400.0,97700.0,99700.0,136952.0,021240
2026-09-23,264000.0,269000.0,261500.0,265000.0,54264.0,039490
2026-09-23,132400.0,133400.0,129500.0,130100.0,61735.0,000880
2026-09-23,156600.0,158400.0,153900.0,157700.0,242214.0,352820
2026-09-23,71700.0,71700.0,69300.0,70000.0,532500.0,064400
2026-09-23,506000.0,534000.0,506000.0,519000.0,126975.0,128940
2026-09-23,28050.0,29750.0,27650.0,29400.0,3892862.0,009830
2026-09-23,208500.0,208500.0,200500.0,205000.0,124718.0,062040
2026-09-23,137600.0,138100.0,128100.0,130900.0,420043.0,267270
2026-09-23,14590.0,14720.0,14550.0,14630.0,820348.0,032640
2026-09-23,32150.0,32200.0,30550.0,31350.0,3032595.0,001440
2026-09-23,176700.0,178400.0,175800.0,177600.0,105608.0,005387
2026-09-23,77000.0,77400.0,75300.0,76200.0,92324.0,326030
2026-09-23,113600.0,120300.0,111000.0,119200.0,1578412.0,353200
2026-09-23,131000.0,132500.0,128400.0,131700.0,413298.0,000990
2026-09-23,30650.0,31150.0,30000.0,30250.0,291699.0,175330
2026-09-23,58800.0,58900.0,57200.0,57900.0,169420.0,241560
2026-09-23,41250.0,41300.0,40300.0,40450.0,144107.0,377300
2026-09-23,75000.0,75000.0,73700.0,74000.0,174733.0,000100
2026-09-23,136200.0,136400.0,129200.0,131000.0,486579.0,052690
2026-09-23,43000.0,43250.0,42450.0,42750.0,101280.0,029780
2026-09-23,5640.0,5680.0,5550.0,5680.0,2075772.0,088350
2026-09-23,16070.0,16630.0,15870.0,15890.0,1068846.0,138930
2026-09-23,9820.0,9830.0,9780.0,9830.0,672884.0,088980
2026-09-23,72300.0,72800.0,69200.0,71400.0,299860.0,454910
2026-09-23,222500.0,222500.0,209500.0,213500.0,95499.0,036570
2026-09-23,109500.0,112700.0,107300.0,109500.0,352956.0,066970
2026-09-23,90000.0,90400.0,87900.0,89100.0,98910.0,011790
2026-09-23,297000.0,300000.0,292000.0,293500.0,32016.0,051900
2026-09-23,111500.0,111500.0,109600.0,110200.0,73852.0,271560
2026-09-23,35600.0,35750.0,31600.0,32000.0,1259436.0,004020
2026-09-23,8510.0,8870.0,8450.0,8500.0,3730831.0,034220
2026-09-23,473000.0,482000.0,467000.0,476500.0,18837.0,002380
2026-09-23,175800.0,177400.0,174700.0,177000.0,49110.0,005385
2026-09-23,47550.0,47900.0,47050.0,47350.0,316354.0,001450
2026-09-23,49100.0,49250.0,47200.0,48100.0,735004.0,082740
2026-09-23,77900.0,83700.0,76500.0,81800.0,999539.0,103590
2026-09-23,194900.0,208000.0,192200.0,206500.0,435108.0,010060
2026-09-23,129900.0,132300.0,129000.0,130000.0,84944.0,001040
2026-09-23,51000.0,53400.0,51000.0,52500.0,126640.0,008930
2026-09-23,144300.0,150000.0,142000.0,146700.0,274025.0,161890
2026-09-23,3350.0,3355.0,3215.0,3245.0,3434871.0,018880
2026-09-23,359500.0,360500.0,345000.0,349000.0,65497.0,004170
2026-09-23,35850.0,36000.0,35200.0,35450.0,110440.0,036460
2026-09-23,84900.0,84900.0,80000.0,81100.0,368951.0,375500
2026-09-23,84000.0,84000.0,82000.0,82400.0,34606.0,012750
2026-09-23,48050.0,49200.0,46850.0,47300.0,514094.0,336260
2026-09-23,72300.0,72400.0,69000.0,69700.0,69632.0,111770
2026-09-23,14430.0,14460.0,14300.0,14380.0,220903.0,035250
2026-09-23,265500.0,275000.0,260000.0,270500.0,67379.0,192820
2026-09-23,20550.0,20650.0,19910.0,20050.0,188069.0,022100
2026-09-23,5760.0,5800.0,5560.0,5610.0,2318248.0,028670
2026-09-23,37400.0,37400.0,34100.0,34750.0,2377160.0,006360
2026-09-23,109500.0,110600.0,103400.0,104700.0,103665.0,023530
2026-09-23,117900.0,118900.0,115500.0,117400.0,51384.0,011780
2026-09-23,74300.0,74700.0,73300.0,74000.0,67393.0,017800
2026-09-23,41400.0,41400.0,41000.0,41350.0,37241.0,031210
2026-09-23,35000.0,35100.0,34200.0,34600.0,87390.0,251270
2026-09-23,18100.0,18200.0,17670.0,17910.0,354511.0,139130
2026-09-23,35550.0,36100.0,35450.0,35600.0,59220.0,302440
2026-09-23,49600.0,49600.0,47100.0,47700.0,131657.0,007340
2026-09-23,168200.0,168200.0,161200.0,163900.0,17316.0,004800
2026-09-23,175000.0,178800.0,174300.0,176300.0,59712.0,097950
2026-09-23,19790.0,20000.0,19320.0,19470.0,72154.0,085620
2026-09-23,63200.0,64000.0,59500.0,60800.0,117555.0,011170
2026-09-23,68600.0,68600.0,66700.0,67500.0,60173.0,383220
2026-09-23,14720.0,14790.0,14560.0,14630.0,183674.0,003690
2026-09-23,226000.0,240000.0,222000.0,238000.0,52460.0,014680
2026-09-23,25650.0,25700.0,25300.0,25450.0,36317.0,026960
2026-09-23,35700.0,36100.0,34650.0,35050.0,224691.0,450080
2026-09-23,46900.0,48000.0,46200.0,46750.0,131792.0,009420
2026-09-23,24500.0,24700.0,24250.0,24400.0,81386.0,004990
2026-09-23,48300.0,48850.0,47000.0,48100.0,131537.0,489790
2026-09-23,13360.0,13360.0,12990.0,13080.0,292957.0,005440
2026-09-23,392000.0,394000.0,388000.0,391500.0,15333.0,004370
2026-09-23,24700.0,25050.0,24500.0,24650.0,84179.0,000240
2026-09-23,134000.0,134900.0,132400.0,133100.0,20883.0,282330
2026-09-23,179000.0,189000.0,178100.0,183100.0,164776.0,483650
2026-09-23,139600.0,139600.0,137200.0,137900.0,6657.0,001720
2026-09-23,49650.0,49650.0,47850.0,48550.0,105790.0,005850
2026-09-23,240000.0,243500.0,238500.0,239000.0,6473.0,018670
2026-09-23,79900.0,80900.0,76600.0,77500.0,95169.0,103140
2026-09-23,5340.0,5380.0,5210.0,5340.0,266767.0,279570
2026-09-23,169900.0,170000.0,162800.0,165900.0,6590.0,009970
2026-09-23,46250.0,46300.0,44800.0,45500.0,273423.0,204320
2026-09-23,50400.0,51000.0,49600.0,50100.0,193735.0,112610
2026-09-23,40600.0,41050.0,39550.0,40100.0,98390.0,020150
2026-09-23,99300.0,100500.0,95200.0,96900.0,110035.0,069960
2026-09-23,46800.0,46850.0,45600.0,46100.0,70447.0,051600
2026-09-23,17690.0,17765.0,17630.0,17740.0,177834.0,030000
2026-09-23,26300.0,26650.0,26100.0,26400.0,82652.0,002790
2026-09-23,38000.0,38100.0,37100.0,37950.0,135752.0,081660
2026-09-23,73000.0,73300.0,71300.0,71800.0,99306.0,139480
2026-09-23,484500.0,498000.0,477500.0,492000.0,7916.0,000155
2026-09-23,60300.0,67800.0,59600.0,64000.0,634008.0,229640
2026-09-23,65000.0,65300.0,63500.0,64200.0,81130.0,457190
2026-09-23,23250.0,23250.0,22700.0,22800.0,132360.0,007070
2026-09-23,6700.0,6730.0,6480.0,6540.0,1491912.0,073240
2026-09-23,31050.0,31850.0,30850.0,31300.0,37574.0,462870
2026-09-23,57200.0,57700.0,54800.0,56100.0,156849.0,181710
2026-09-23,49700.0,49950.0,49400.0,49600.0,25994.0,089860
2026-09-23,46100.0,46150.0,45350.0,45550.0,32295.0,439260
2026-09-23,51300.0,51900.0,50200.0,50800.0,543094.0,475150
2026-09-23,82600.0,87800.0,81800.0,87400.0,298491.0,281820
2026-09-23,8340.0,8550.0,8280.0,8390.0,276249.0,020560
2026-09-23,39800.0,40200.0,38950.0,39150.0,36234.0,023590
2026-09-23,50000.0,50000.0,48450.0,49100.0,197580.0,071970
2026-09-23,55800.0,55900.0,53000.0,54400.0,165732.0,120110
2026-09-23,5370.0,5400.0,5270.0,5370.0,281166.0,395400
2026-09-23,45950.0,45950.0,44150.0,44700.0,116853.0,001430
2026-09-23,71600.0,71600.0,69600.0,70100.0,54690.0,000120
2026-09-23,40500.0,40700.0,40050.0,40250.0,108519.0,008770
2026-09-23,41500.0,41700.0,39950.0,40350.0,69856.0,001120
2026-09-23,66000.0,66200.0,62200.0,65100.0,694870.0,007810
2026-09-23,35200.0,35300.0,34800.0,35200.0,31997.0,006040
2026-09-23,23500.0,23800.0,23100.0,23500.0,103827.0,294870
2026-09-23,151200.0,154600.0,145700.0,146900.0,618327.0,001820
2026-09-23,25850.0,25850.0,25100.0,25500.0,51295.0,012630
2026-09-23,525000.0,528000.0,503000.0,518000.0,25697.0,009155
2026-09-23,13750.0,15050.0,13740.0,13940.0,7496102.0,093370
2026-09-23,123800.0,125400.0,122700.0,123000.0,14262.0,006280
2026-09-23,23950.0,23950.0,23400.0,23750.0,81835.0,001800
2026-09-23,53800.0,53900.0,52100.0,52500.0,51271.0,011210
2026-09-23,16400.0,17460.0,16340.0,17190.0,606475.0,361610
2026-09-23,40850.0,42850.0,40550.0,41700.0,96872.0,005070
2026-09-23,11070.0,11100.0,10630.0,10820.0,178857.0,00680K
2026-09-23,119600.0,123900.0,118000.0,120200.0,318625.0,322000
2026-09-23,315000.0,316500.0,307500.0,311000.0,7460.0,298020
2026-09-23,15160.0,15170.0,14550.0,14890.0,392483.0,097230
2026-09-23,10420.0,10420.0,10080.0,10220.0,182321.0,415640
2026-09-23,315500.0,315500.0,310500.0,311500.0,2696.0,007310
2026-09-23,26500.0,26700.0,25950.0,26150.0,69572.0,003540
2026-09-23,109600.0,109700.0,106000.0,107200.0,14399.0,069620
2026-09-23,58900.0,58900.0,57500.0,58100.0,41666.0,192080
2026-09-23,410000.0,413000.0,405500.0,409000.0,5750.0,000815
2026-09-23,72300.0,72500.0,70300.0,71300.0,46713.0,066575
2026-09-23,6190.0,6240.0,6000.0,6060.0,819769.0,001740
2026-09-23,4055.0,4150.0,4030.0,4120.0,195165.0,330590
2026-09-23,16370.0,16370.0,16030.0,16070.0,41156.0,300720
2026-09-23,124200.0,126300.0,122700.0,125000.0,13331.0,280360
2026-09-23,10150.0,10150.0,9980.0,10000.0,20154.0,030610
2026-09-23,43900.0,44250.0,42800.0,43300.0,38984.0,004000
2026-09-23,52100.0,52600.0,50300.0,50800.0,31400.0,000210
2026-09-23,13860.0,13860.0,13420.0,13530.0,1548933.0,006340
2026-09-23,57600.0,61300.0,57200.0,60700.0,51651.0,006120
2026-09-23,15080.0,15090.0,14940.0,15030.0,67460.0,000080
2026-09-23,20700.0,20800.0,20050.0,20350.0,117401.0,017960
2026-09-23,61000.0,62300.0,60000.0,61300.0,191641.0,195870
2026-09-23,35250.0,36950.0,34950.0,36750.0,774795.0,003160
2026-09-23,915000.0,915000.0,893000.0,910000.0,699.0,003240
2026-09-23,4675.0,4700.0,4575.0,4615.0,677841.0,003530
2026-09-23,5370.0,5460.0,5280.0,5400.0,125810.0,451800
2026-09-23,26950.0,27300.0,26700.0,27250.0,8578.0,192400
2026-09-23,11510.0,11880.0,11400.0,11730.0,141796.0,032350
2026-09-23,39950.0,39950.0,39250.0,39650.0,20952.0,009240
2026-09-23,16140.0,16310.0,15720.0,15870.0,71473.0,003090
2026-09-23,15440.0,15750.0,15440.0,15580.0,39896.0,030190
2026-09-23,78600.0,80200.0,77500.0,78300.0,30376.0,071320
2026-09-23,7760.0,7810.0,7500.0,7690.0,686997.0,000370
2026-09-23,22850.0,22850.0,21850.0,22300.0,181882.0,077970
2026-09-23,64000.0,65400.0,64000.0,64800.0,15885.0,185750
2026-09-23,95700.0,96000.0,95000.0,95800.0,10493.0,005300
2026-09-23,115500.0,116100.0,113700.0,115200.0,8356.0,051915
2026-09-23,9630.0,9650.0,9470.0,9550.0,178198.0,034230
2026-09-23,61200.0,61200.0,59900.0,60300.0,27476.0,009450
2026-09-23,27250.0,27350.0,26050.0,26350.0,63760.0,003570
2026-09-23,5250.0,5270.0,5140.0,5210.0,368909.0,079160
2026-09-23,49900.0,50700.0,49450.0,49800.0,33620.0,285130
2026-09-23,147800.0,148100.0,145100.0,146000.0,7094.0,071055
2026-09-23,4450.0,4465.0,4370.0,4425.0,211961.0,003470
2026-09-23,59300.0,59400.0,58300.0,59200.0,41910.0,004490
2026-09-23,56200.0,56600.0,53800.0,54100.0,106745.0,006110
2026-09-23,3160.0,3265.0,3105.0,3250.0,262107.0,365550
2026-09-23,43900.0,43900.0,42600.0,43200.0,62643.0,000670
2026-09-23,37900.0,37900.0,36550.0,37000.0,189449.0,100840
2026-09-23,12800.0,12800.0,12410.0,12520.0,818445.0,005690
2026-09-23,85200.0,85300.0,83500.0,83800.0,24150.0,005180
2026-09-23,45700.0,46250.0,45250.0,45350.0,11816.0,036530
2026-09-23,36500.0,37200.0,35750.0,36950.0,56020.0,499790
2026-09-23,6150.0,6150.0,6030.0,6060.0,100108.0,137310
2026-09-23,18070.0,18200.0,17960.0,18040.0,49752.0,214320
2026-09-23,7760.0,7790.0,7620.0,7700.0,63445.0,094800
2026-09-23,52600.0,53100.0,48300.0,49600.0,218773.0,005090
2026-09-23,158500.0,160300.0,157400.0,159400.0,5507.0,298050
2026-09-23,11550.0,11680.0,11250.0,11370.0,396487.0,100090
2026-09-23,8380.0,8380.0,8200.0,8280.0,48808.0,003850
2026-09-23,20100.0,20450.0,19750.0,20450.0,611104.0,090460
2026-09-23,74400.0,77700.0,74200.0,76900.0,38579.0,456040
2026-09-23,25550.0,25700.0,25350.0,25700.0,23249.0,064960
2026-09-23,5550.0,5600.0,5440.0,5600.0,106339.0,293940
2026-09-23,16280.0,16320.0,16120.0,16200.0,33108.0,069260
2026-09-23,132900.0,134000.0,131300.0,132400.0,1268.0,268280
2026-09-23,504000.0,510000.0,502000.0,509000.0,844.0,002960
2026-09-23,92600.0,95900.0,91700.0,95900.0,9883.0,000640
2026-09-23,2040.0,2040.0,1979.0,1987.0,968717.0,005880
2026-09-23,21500.0,21700.0,21300.0,21700.0,12673.0,093050
2026-09-23,92200.0,93900.0,91600.0,92400.0,4005.0,017940
2026-09-23,0.0,0.0,0.0,9900.0,0.0,001570
2026-09-23,2030.0,2040.0,1988.0,2035.0,313863.0,000400
2026-09-23,19100.0,19430.0,18600.0,19300.0,45116.0,453340
2026-09-23,17870.0,17880.0,17730.0,17840.0,43094.0,001680
2026-09-23,42600.0,42600.0,41550.0,42350.0,57277.0,079900
2026-09-23,8120.0,8130.0,8000.0,8100.0,39576.0,383800
2026-09-23,13130.0,13150.0,12730.0,12890.0,83128.0,248070
2026-09-23,26750.0,27150.0,26450.0,26450.0,23336.0,001060
2026-09-23,137500.0,137500.0,135600.0,136500.0,1285.0,002840
2026-09-23,42100.0,42500.0,41950.0,42050.0,6732.0,317450
2026-09-23,21150.0,21200.0,20600.0,20800.0,19518.0,014820
2026-09-23,36450.0,37300.0,36200.0,36550.0,36549.0,108320
2026-09-23,40000.0,41200.0,39750.0,40500.0,14856.0,00088K
2026-09-23,96300.0,97000.0,90000.0,91400.0,63516.0,006650
2026-09-23,10230.0,10430.0,9720.0,9880.0,3000362.0,017900
2026-09-23,10110.0,10150.0,9950.0,10020.0,110652.0,075580
2026-09-23,56500.0,56700.0,55800.0,56000.0,9513.0,025540
2026-09-23,17510.0,18230.0,17410.0,18230.0,6805.0,003300
2026-09-23,27000.0,27200.0,25600.0,25950.0,145827.0,033240
2026-09-23,8500.0,8590.0,8310.0,8500.0,836268.0,192650
2026-09-23,5620.0,5630.0,5480.0,5550.0,174507.0,016380
2026-09-23,8930.0,8930.0,8850.0,8910.0,50444.0,114090
2026-09-23,5600.0,5640.0,5530.0,5590.0,81657.0,002350
2026-09-23,127800.0,129200.0,125600.0,128300.0,7273.0,00104K
2026-09-23,6570.0,6580.0,6370.0,6380.0,887114.0,0220W0
2026-09-23,2350.0,2375.0,2315.0,2330.0,1351884.0,001510
2026-09-23,2690.0,2815.0,2690.0,2770.0,1576380.0,452260
2026-09-23,37700.0,37800.0,36750.0,37200.0,12427.0,005810
2026-09-23,18290.0,18290.0,18060.0,18230.0,21392.0,178920
2026-09-23,7880.0,7890.0,7550.0,7620.0,129080.0,336370
2026-09-23,23800.0,24050.0,23750.0,23800.0,6240.0,284740
2026-09-23,51100.0,51800.0,50700.0,51000.0,1762.0,001270
2026-09-23,9900.0,10360.0,9840.0,9930.0,473104.0,004710
2026-09-23,13470.0,13470.0,13230.0,13360.0,7907.0,007700
2026-09-23,25450.0,25800.0,24850.0,25200.0,19520.0,001530
2026-09-23,1641.0,1641.0,1617.0,1627.0,177156.0,009410
2026-09-23,131800.0,131800.0,127000.0,127600.0,847.0,058650
2026-09-23,2540.0,2540.0,2470.0,2485.0,601692.0,003620
2026-09-23,20450.0,20500.0,20100.0,20350.0,22535.0,003545
2026-09-23,7980.0,7980.0,7820.0,7880.0,39272.0,001500
2026-09-23,9310.0,9360.0,9220.0,9270.0,132464.0,019170
2026-09-23,13410.0,13430.0,12980.0,13040.0,839324.0,002990
2026-09-23,17850.0,18040.0,17530.0,17660.0,52471.0,484870
2026-09-23,10000.0,10100.0,9830.0,9910.0,113597.0,161000
2026-09-23,43300.0,43850.0,42800.0,43500.0,35375.0,029460
2026-09-23,30700.0,30700.0,30300.0,30500.0,19323.0,039130
2026-09-23,10020.0,10020.0,9340.0,9520.0,225792.0,460860
2026-09-23,4670.0,4675.0,4510.0,4635.0,43275.0,377740
2026-09-23,130100.0,130900.0,129000.0,130100.0,3834.0,004690
2026-09-23,45700.0,46100.0,45200.0,45250.0,4317.0,145990
2026-09-23,14630.0,14840.0,14450.0,14720.0,53248.0,008060
2026-09-23,42050.0,43000.0,41700.0,42800.0,34249.0,090435
2026-09-23,58100.0,58600.0,57800.0,58200.0,2097.0,000070
2026-09-23,16950.0,16950.0,16550.0,16700.0,12862.0,002240
2026-09-23,15500.0,15500.0,14950.0,15050.0,74059.0,010780
2026-09-23,9500.0,9570.0,9400.0,9450.0,31614.0,005250
2026-09-23,4860.0,4995.0,4805.0,4860.0,145793.0,448730
2026-09-23,14090.0,14200.0,13800.0,13860.0,106824.0,249420
2026-09-23,10270.0,10370.0,10250.0,10320.0,32924.0,016610
2026-09-23,215000.0,219000.0,207000.0,212000.0,1591.0,002030
2026-09-23,23150.0,23150.0,22850.0,23050.0,21440.0,005945
2026-09-23,66400.0,66400.0,65100.0,65200.0,239.0,004700
2026-09-23,11710.0,11900.0,11710.0,11760.0,8899.0,034310
2026-09-23,1801.0,1813.0,1765.0,1785.0,1897236.0,003280
2026-09-23,8360.0,8390.0,8160.0,8160.0,108786.0,009900
2026-09-23,20000.0,20350.0,19510.0,19890.0,117966.0,020000
2026-09-23,108400.0,108400.0,101000.0,102000.0,30802.0,003030
2026-09-23,89800.0,90000.0,89500.0,89800.0,1001.0,072710
2026-09-23,4230.0,4290.0,4170.0,4250.0,78223.0,357120
2026-09-23,60100.0,60400.0,59800.0,60200.0,6183.0,014830
2026-09-23,175000.0,175300.0,173100.0,174800.0,4613.0,005389
2026-09-23,10960.0,10960.0,10260.0,10650.0,10771.0,403550
2026-09-23,12990.0,12990.0,12250.0,12380.0,366383.0,130660
2026-09-23,11390.0,11390.0,11000.0,11100.0,18616.0,271940
2026-09-23,4220.0,4220.0,4120.0,4160.0,257596.0,001200
2026-09-23,96700.0,97300.0,95300.0,95300.0,1429.0,092230
2026-09-23,143900.0,145400.0,136200.0,139000.0,7856.0,306200
2026-09-23,9730.0,10000.0,9660.0,9730.0,12918.0,016590
2026-09-23,3990.0,4000.0,3930.0,3970.0,91081.0,003000
2026-09-23,21450.0,21600.0,20950.0,21200.0,8113.0,002810
2026-09-23,10280.0,10430.0,10110.0,10190.0,68819.0,005420
2026-09-23,14510.0,14770.0,14510.0,14600.0,7217.0,015360
2026-09-23,10030.0,10170.0,9570.0,9870.0,785769.0,317400
2026-09-23,39150.0,39300.0,38450.0,39150.0,5481.0,029530
2026-09-23,23550.0,23750.0,23200.0,23750.0,13601.0,344820
2026-09-23,10560.0,10560.0,10370.0,10490.0,17066.0,183190
2026-09-23,27500.0,27500.0,26100.0,26400.0,6225.0,001940
2026-09-23,14670.0,15200.0,14600.0,14870.0,49781.0,008730
2026-09-23,12990.0,13000.0,12600.0,12680.0,32102.0,194370
2026-09-23,3360.0,3500.0,3320.0,3345.0,48806.0,126560
2026-09-23,4585.0,4740.0,4480.0,4515.0,218115.0,089590
2026-09-23,10550.0,10550.0,10010.0,10340.0,52794.0,031430
2026-09-23,9710.0,9950.0,9500.0,9560.0,93502.0,006220
2026-09-23,5900.0,6140.0,5700.0,5990.0,26523.0,950210
2026-09-23,401000.0,403000.0,392500.0,402500.0,313.0,000157
2026-09-23,3765.0,3765.0,3700.0,3720.0,61405.0,027410
2026-09-23,14920.0,16100.0,14610.0,15650.0,1291081.0,003350
2026-09-23,242500.0,248000.0,237500.0,240000.0,4867.0,02826K
2026-09-23,14120.0,14120.0,13290.0,13390.0,501547.0,092790
2026-09-23,39500.0,39900.0,38350.0,38850.0,13426.0,060980
2026-09-23,47800.0,49200.0,46450.0,46600.0,33978.0,0120G0
2026-09-23,16760.0,17740.0,16730.0,17060.0,274426.0,011930
2026-09-23,6990.0,7100.0,6930.0,6990.0,101306.0,015860
2026-09-23,14650.0,14720.0,14160.0,14310.0,717927.0,217590
2026-09-23,8690.0,8690.0,8520.0,8600.0,46635.0,105630
2026-09-23,37400.0,37450.0,36800.0,37050.0,11607.0,007690
2026-09-23,214500.0,215000.0,209500.0,212000.0,3932.0,006405
2026-09-23,1696.0,1730.0,1664.0,1698.0,674350.0,012030
2026-09-23,9460.0,9570.0,9340.0,9370.0,13524.0,104700
2026-09-23,77900.0,84500.0,77200.0,83600.0,76009.0,010955
2026-09-23,39100.0,39650.0,38700.0,38900.0,1722.0,005610
2026-09-23,35300.0,35300.0,34150.0,34500.0,7906.0,170900
2026-09-23,8870.0,8890.0,8720.0,8800.0,19976.0,017810
2026-09-23,25900.0,25900.0,24950.0,25150.0,28699.0,011760
2026-09-23,8330.0,8480.0,8080.0,8390.0,47853.0,002310
2026-09-23,2140.0,2160.0,2100.0,2115.0,235521.0,001230
2026-09-23,4270.0,4395.0,4270.0,4340.0,42344.0,096760
2026-09-23,18600.0,18600.0,18160.0,18350.0,16321.0,097520
2026-09-23,9420.0,9450.0,9240.0,9300.0,21818.0,024720
2026-09-23,6460.0,6510.0,6350.0,6380.0,83911.0,009290
2026-09-23,37500.0,37600.0,36600.0,36800.0,9744.0,145720
2026-09-23,6070.0,6210.0,5940.0,6030.0,129919.0,272450
2026-09-23,4750.0,4960.0,4665.0,4815.0,90183.0,009160
2026-09-23,24150.0,24400.0,23500.0,23950.0,38342.0,002020
2026-09-23,6380.0,6380.0,6300.0,6330.0,19962.0,381970
2026-09-23,21600.0,21700.0,21300.0,21500.0,11160.0,126720
2026-09-23,6320.0,6390.0,6110.0,6270.0,188554.0,010820
2026-09-23,7970.0,7970.0,7780.0,7870.0,24706.0,026890
2026-09-23,6150.0,6210.0,6020.0,6080.0,273769.0,025860
2026-09-23,2710.0,2930.0,2575.0,2710.0,2953642.0,010580
2026-09-23,5060.0,5060.0,4820.0,4830.0,73399.0,000430
2026-09-23,2435.0,2455.0,2415.0,2425.0,73425.0,123890
2026-09-23,11720.0,11720.0,11170.0,11300.0,104783.0,002710
2026-09-23,7510.0,8000.0,7010.0,7950.0,270805.0,020120
2026-09-23,11120.0,11140.0,10520.0,11060.0,26811.0,018250
2026-09-23,19320.0,19340.0,19170.0,19300.0,4371.0,001750
2026-09-23,10990.0,10990.0,10760.0,10780.0,31554.0,200880
2026-09-23,32850.0,33050.0,32350.0,32450.0,13192.0,108670
2026-09-23,22550.0,22550.0,21750.0,21850.0,5260.0,003120
2026-09-23,1155.0,1155.0,1128.0,1136.0,359249.0,034830
2026-09-23,5520.0,5520.0,5380.0,5440.0,25861.0,005720
2026-09-23,12800.0,13100.0,12370.0,12630.0,25292.0,244920
2026-09-23,8970.0,9200.0,8750.0,8850.0,1247679.0,004310
2026-09-23,7870.0,7870.0,7660.0,7770.0,22057.0,084690
2026-09-23,14510.0,14550.0,13550.0,13920.0,461426.0,105840
2026-09-23,8360.0,8420.0,8310.0,8410.0,97089.0,122900
2026-09-23,4250.0,4280.0,4165.0,4225.0,111843.0,001390
2026-09-23,17690.0,17770.0,17430.0,17600.0,13540.0,033270
2026-09-23,10620.0,10760.0,10530.0,10570.0,122329.0,005950
2026-09-23,25350.0,25350.0,24050.0,24050.0,1464.0,016800
2026-09-23,4650.0,4685.0,4505.0,4560.0,152249.0,058430
2026-09-23,6730.0,6780.0,6530.0,6590.0,285277.0,002900
2026-09-23,11310.0,11450.0,11240.0,11300.0,55233.0,004430
2026-09-23,8040.0,8110.0,7810.0,7870.0,15324.0,084010
2026-09-23,2635.0,2665.0,2500.0,2635.0,54547.0,091810
2026-09-23,54700.0,54700.0,54100.0,54300.0,4559.0,017390
2026-09-23,82500.0,84800.0,80100.0,84100.0,6198.0,005430
2026-09-23,11400.0,12090.0,11280.0,11730.0,892666.0,044450
2026-09-23,10700.0,10770.0,10450.0,10580.0,31786.0,078520
2026-09-23,17810.0,18060.0,17170.0,17370.0,20872.0,286940
2026-09-23,34750.0,34800.0,34300.0,34450.0,17143.0,037710
2026-09-23,7510.0,7540.0,7300.0,7400.0,163637.0,010690
2026-09-23,13480.0,13480.0,13190.0,13380.0,17050.0,004360
2026-09-23,12660.0,12800.0,12510.0,12760.0,20515.0,005680
2026-09-23,11090.0,11170.0,10720.0,11060.0,80546.0,003200
2026-09-23,3600.0,3690.0,3585.0,3655.0,56534.0,334890
2026-09-23,1648.0,1678.0,1617.0,1676.0,184409.0,432320
2026-09-23,1555.0,1555.0,1524.0,1527.0,42363.0,298690
2026-09-23,24950.0,26250.0,24500.0,25800.0,17100.0,044820
2026-09-23,18580.0,18580.0,18020.0,18500.0,10969.0,005500
2026-09-23,10280.0,10450.0,10180.0,10360.0,47242.0,136490
2026-09-23,50400.0,50400.0,48300.0,49000.0,1444.0,007160
2026-09-23,2835.0,2940.0,2805.0,2840.0,116459.0,001790
2026-09-23,26650.0,26900.0,26500.0,26700.0,1399.0,003960
2026-09-23,3845.0,3975.0,3835.0,3910.0,41926.0,404990
2026-09-23,42150.0,43300.0,42000.0,42400.0,3598.0,003920
2026-09-23,3855.0,3960.0,3805.0,3890.0,86752.0,030210
2026-09-23,22350.0,22350.0,21150.0,21500.0,135905.0,053690
2026-09-23,56400.0,59800.0,56400.0,56800.0,2975.0,025000
2026-09-23,10450.0,11500.0,10360.0,10740.0,13716.0,226320
2026-09-23,9210.0,9240.0,9100.0,9230.0,12925.0,003070
2026-09-23,0.0,0.0,0.0,1182.0,0.0,348950
2026-09-23,2950.0,2990.0,2905.0,2935.0,52325.0,000680
2026-09-23,4995.0,5250.0,4915.0,5130.0,286444.0,001340
2026-09-23,20500.0,20500.0,19700.0,19880.0,18980.0,008490
2026-09-23,3450.0,3560.0,3375.0,3560.0,43474.0,000540
2026-09-23,0.0,0.0,0.0,5820.0,0.0,001470
2026-09-23,14260.0,14280.0,14020.0,14280.0,16368.0,002320
2026-09-23,3690.0,3920.0,3660.0,3705.0,7770.0,0030R0
2026-09-23,10030.0,10310.0,10030.0,10030.0,1669.0,134380
2026-09-23,386000.0,389000.0,382500.0,389000.0,1118.0,03473K
2026-09-23,10150.0,10210.0,10070.0,10110.0,7059.0,009680
2026-09-23,6460.0,6590.0,6400.0,6460.0,106814.0,003720
2026-09-23,19200.0,19880.0,18880.0,19550.0,94715.0,028100
2026-09-23,15900.0,15950.0,15510.0,15670.0,108021.0,035510
2026-09-23,7990.0,8100.0,7910.0,7990.0,23236.0,000050
2026-09-23,11880.0,11940.0,11740.0,11800.0,2302.0,034120
2026-09-23,36550.0,36550.0,34750.0,35000.0,7077.0,001460
2026-09-23,7670.0,7750.0,7500.0,7580.0,110307.0,000490
2026-09-23,126100.0,127900.0,124800.0,124800.0,1092.0,003650
2026-09-23,4010.0,4020.0,3830.0,3860.0,231714.0,005010
2026-09-23,5680.0,5780.0,5500.0,5570.0,148196.0,092200
2026-09-23,14620.0,14910.0,14470.0,14580.0,13672.0,475560
2026-09-23,7520.0,7540.0,7420.0,7510.0,16173.0,033920
2026-09-23,12110.0,12310.0,11850.0,12120.0,42065.0,017860
2026-09-23,1107.0,1121.0,1094.0,1100.0,237249.0,900140
2026-09-23,2560.0,2585.0,2510.0,2550.0,335291.0,001250
2026-09-23,16000.0,16380.0,15640.0,15790.0,5874.0,000320
2026-09-23,3280.0,3325.0,3240.0,3290.0,18704.0,088260
2026-09-23,10390.0,10500.0,10300.0,10450.0,4505.0,035150
2026-09-23,99200.0,99200.0,97200.0,98500.0,7581.0,051905
2026-09-23,68400.0,69000.0,67500.0,68300.0,3523.0,003555
2026-09-23,12960.0,13200.0,12910.0,13110.0,31238.0,011500
2026-09-23,147400.0,148000.0,142000.0,142000.0,852.0,000650
2026-09-23,8150.0,8250.0,8050.0,8250.0,31194.0,004980
2026-09-23,4325.0,4350.0,4260.0,4290.0,10907.0,000480
2026-09-23,22900.0,22900.0,22250.0,22400.0,37523.0,013580
2026-09-23,2245.0,2245.0,2215.0,2240.0,113860.0,377190
2026-09-23,8580.0,9240.0,8560.0,9150.0,805775.0,077500
2026-09-23,6300.0,6320.0,6040.0,6300.0,23124.0,002420
2026-09-23,52600.0,52600.0,51000.0,51700.0,12069.0,298000
2026-09-23,3075.0,3095.0,3065.0,3065.0,15859.0,100250
2026-09-23,3085.0,3155.0,3000.0,3070.0,81748.0,037270
2026-09-23,7490.0,7550.0,7450.0,7510.0,1509.0,039570
2026-09-23,8600.0,8650.0,8280.0,8470.0,55643.0,005960
2026-09-23,4220.0,4325.0,4165.0,4280.0,177133.0,095570
2026-09-23,7050.0,7150.0,7010.0,7040.0,79848.0,117580
2026-09-23,7060.0,7240.0,6920.0,7030.0,66948.0,000390
2026-09-23,3805.0,3820.0,3755.0,3790.0,26603.0,339770
2026-09-23,4000.0,4055.0,3895.0,3980.0,38381.0,053210
2026-09-23,12540.0,12770.0,12350.0,12490.0,34893.0,004560
2026-09-23,37600.0,37850.0,37200.0,37500.0,2929.0,001630
2026-09-23,10040.0,10070.0,9970.0,10070.0,10857.0,016580
2026-09-23,1029.0,1035.0,1017.0,1024.0,164547.0,003520
2026-09-23,19620.0,19810.0,19340.0,19480.0,21666.0,003547
2026-09-23,10010.0,10090.0,9870.0,10040.0,19905.0,102460
2026-09-23,11040.0,11110.0,10770.0,10900.0,18420.0,001130
2026-09-23,48200.0,49450.0,47850.0,49400.0,13064.0,487570
2026-09-23,3555.0,3645.0,3555.0,3620.0,54725.0,102260
2026-09-23,5720.0,5730.0,5620.0,5700.0,28283.0,003610
2026-09-23,4030.0,4075.0,3815.0,4045.0,90846.0,128820
2026-09-23,6410.0,6600.0,6370.0,6520.0,353459.0,025560
2026-09-23,7780.0,7860.0,7350.0,7800.0,4460.0,000140
2026-09-23,6750.0,6800.0,6600.0,6690.0,52729.0,033530
2026-09-23,6780.0,6800.0,6510.0,6610.0,57725.0,015230
2026-09-23,7480.0,7550.0,7450.0,7480.0,26781.0,213500
2026-09-23,7860.0,8240.0,7270.0,8140.0,109029.0,000520
2026-09-23,7820.0,7890.0,7790.0,7840.0,13778.0,003220
2026-09-23,9020.0,9030.0,8960.0,8970.0,13327.0,002100
2026-09-23,4310.0,4360.0,4300.0,4360.0,5233.0,016450
2026-09-23,0.0,0.0,0.0,4200.0,0.0,000300
2026-09-23,10990.0,11020.0,10900.0,10990.0,6751.0,234080
2026-09-23,26800.0,26900.0,25850.0,26250.0,36014.0,009470
2026-09-23,6710.0,6750.0,6610.0,6630.0,24225.0,000700
2026-09-23,7370.0,7370.0,7250.0,7300.0,24155.0,007860
2026-09-23,5020.0,5180.0,4950.0,5030.0,28028.0,002150
2026-09-23,2980.0,3000.0,2955.0,2985.0,44053.0,003460
2026-09-23,2715.0,2745.0,2630.0,2690.0,49641.0,241590
2026-09-23,53500.0,53900.0,53000.0,53900.0,68.0,002170
2026-09-23,0.0,0.0,0.0,5530.0,0.0,101530
2026-09-23,11920.0,12050.0,11720.0,11960.0,17790.0,006805
2026-09-23,7510.0,7510.0,7240.0,7330.0,9483.0,013890
2026-09-23,9800.0,9800.0,9200.0,9290.0,5864.0,014710
2026-09-23,5340.0,5340.0,5220.0,5300.0,38826.0,460850
2026-09-23,12230.0,12250.0,11930.0,12080.0,14011.0,000860
2026-09-23,7740.0,8000.0,7740.0,7850.0,17426.0,090350
2026-09-23,7590.0,7820.0,7370.0,7500.0,35457.0,004380
2026-09-23,2795.0,2800.0,2765.0,2795.0,51375.0,400760
2026-09-23,21300.0,21800.0,21300.0,21500.0,2267.0,00279K
2026-09-23,111400.0,113900.0,109700.0,113900.0,230.0,003830
2026-09-23,7870.0,8060.0,7720.0,7920.0,20854.0,007570
2026-09-23,1533.0,1559.0,1531.0,1558.0,160703.0,001780
2026-09-23,12770.0,12770.0,12560.0,12660.0,4487.0,462520
2026-09-23,50000.0,50200.0,49200.0,49500.0,7600.0,011785
2026-09-23,6590.0,6590.0,6530.0,6560.0,3708.0,000970
2026-09-23,65800.0,66400.0,65500.0,66000.0,2053.0,001045
2026-09-23,1836.0,1875.0,1822.0,1858.0,56988.0,016880
2026-09-23,9690.0,9840.0,9520.0,9800.0,7772.0,272550
2026-09-23,10050.0,10120.0,9850.0,10040.0,6794.0,271980
2026-09-23,11470.0,11680.0,11340.0,11590.0,91817.0,004090
2026-09-23,110000.0,111200.0,109700.0,110700.0,4226.0,097955
2026-09-23,8190.0,8200.0,8120.0,8200.0,12447.0,293480
2026-09-23,9040.0,9200.0,8930.0,9030.0,19928.0,004970
2026-09-23,4395.0,4480.0,4310.0,4320.0,145157.0,025820
2026-09-23,3470.0,3490.0,3435.0,3450.0,34046.0,004150
2026-09-23,6000.0,6100.0,5950.0,5950.0,19690.0,071840
2026-09-23,4750.0,4760.0,4700.0,4750.0,18187.0,003480
2026-09-23,5000.0,5050.0,4985.0,5010.0,31578.0,000020
2026-09-23,60800.0,61500.0,60200.0,60200.0,36.0,107590
2026-09-23,12070.0,12090.0,11920.0,12030.0,2933.0,094280
2026-09-23,4760.0,4790.0,4720.0,4720.0,12624.0,015890
2026-09-23,1067.0,1068.0,1052.0,1065.0,415424.0,008350
2026-09-23,47050.0,48250.0,46650.0,47350.0,18741.0,007540
2026-09-23,14700.0,14700.0,14450.0,14500.0,5668.0,004080
2026-09-23,3215.0,3225.0,3165.0,3195.0,76913.0,012610
2026-09-23,11460.0,11590.0,11460.0,11570.0,532.0,024090
2026-09-23,5400.0,5480.0,5320.0,5470.0,14744.0,214390
2026-09-23,9250.0,9300.0,9160.0,9200.0,8040.0,081000
2026-09-23,5100.0,5200.0,5060.0,5140.0,48415.0,018470
2026-09-23,4450.0,4490.0,4350.0,4405.0,129317.0,014280
2026-09-23,3825.0,4040.0,3650.0,3670.0,9240.0,001080
2026-09-23,3020.0,3440.0,2975.0,3185.0,1499785.0,092220
2026-09-23,21450.0,21650.0,21100.0,21550.0,5236.0,267290
2026-09-23,1133.0,1145.0,1095.0,1106.0,190798.0,009270
2026-09-23,11380.0,11380.0,10830.0,10910.0,40106.0,004960
2026-09-23,2445.0,2545.0,2440.0,2520.0,118080.0,013520
2026-09-23,13600.0,14020.0,13510.0,13970.0,25703.0,005800
2026-09-23,10210.0,10500.0,9800.0,9960.0,1335841.0,001210
2026-09-23,13340.0,13580.0,12650.0,13440.0,1090.0,078000
2026-09-23,1292.0,1306.0,1260.0,1285.0,75815.0,002210
2026-09-23,1162.0,1183.0,1138.0,1156.0,852077.0,001520
2026-09-23,2230.0,2270.0,2200.0,2235.0,37673.0,006060
2026-09-23,11250.0,11250.0,11070.0,11160.0,12094.0,210540
2026-09-23,3370.0,3370.0,3230.0,3325.0,36797.0,350520
2026-09-23,3355.0,3400.0,3260.0,3295.0,59121.0,011690
2026-09-23,4145.0,4170.0,3980.0,4020.0,132911.0,009070
2026-09-23,5020.0,5060.0,4800.0,5010.0,46351.0,214420
2026-09-23,12920.0,13240.0,12730.0,13240.0,6128.0,227840
2026-09-23,1325.0,1400.0,1179.0,1279.0,332519.0,001360
2026-09-23,9990.0,9990.0,9310.0,9450.0,343262.0,003010
2026-09-23,7640.0,7660.0,7360.0,7500.0,1309.0,002620
2026-09-23,3800.0,3880.0,3695.0,3755.0,50628.0,089470
2026-09-23,1575.0,1599.0,1510.0,1544.0,142192.0,037560
2026-09-23,1184.0,1188.0,1125.0,1145.0,671305.0,008970
2026-09-23,3975.0,4070.0,3950.0,4040.0,48480.0,016740
2026-09-23,8370.0,8480.0,8300.0,8370.0,6017.0,002390
2026-09-23,3285.0,3310.0,3230.0,3275.0,66937.0,014530
2026-09-23,1863.0,1863.0,1816.0,1830.0,142090.0,017550
2026-09-23,26400.0,26400.0,26100.0,26100.0,730.0,034590
2026-09-23,5650.0,5780.0,5600.0,5670.0,13015.0,079430
2026-09-23,3060.0,3140.0,3025.0,3090.0,539105.0,004100
2026-09-23,2110.0,2155.0,2060.0,2110.0,72259.0,015590
2026-09-23,4710.0,4710.0,4590.0,4680.0,19476.0,083420
2026-09-23,32000.0,32250.0,31600.0,31950.0,1003.0,023450
2026-09-23,1845.0,2120.0,1771.0,1792.0,5165762.0,009580
2026-09-23,10950.0,11090.0,10880.0,11010.0,5360.0,002460
2026-09-23,7000.0,7000.0,6900.0,6930.0,8712.0,016710
2026-09-23,52500.0,53100.0,49900.0,52300.0,12990.0,37550L
2026-09-23,0.0,0.0,0.0,3530.0,0.0,011810
2026-09-23,4155.0,4180.0,4110.0,4145.0,16694.0,013570
2026-09-23,7900.0,7900.0,7450.0,7640.0,17415.0,008040
2026-09-23,1186.0,1206.0,1165.0,1179.0,471858.0,012800
2026-09-23,10740.0,10740.0,10370.0,10680.0,2838.0,021820
2026-09-23,59200.0,60000.0,57800.0,59900.0,13737.0,078935
2026-09-23,44300.0,46750.0,44200.0,45000.0,5101.0,012320
2026-09-23,83500.0,85400.0,82300.0,84200.0,214.0,120030
2026-09-23,3800.0,3860.0,3760.0,3810.0,33085.0,014580
2026-09-23,2850.0,2850.0,2820.0,2835.0,17265.0,004250
2026-09-23,2730.0,2945.0,2690.0,2735.0,10660.0,027970
2026-09-23,3390.0,3390.0,3315.0,3380.0,37855.0,010100
2026-09-23,6350.0,6350.0,6280.0,6330.0,16596.0,035000
2026-09-23,9160.0,9290.0,9150.0,9230.0,4470.0,267850
2026-09-23,22300.0,22500.0,22200.0,22300.0,19870.0,248170
2026-09-23,6380.0,6410.0,6280.0,6320.0,46297.0,123690
2026-09-23,0.0,0.0,0.0,918.0,0.0,119650
2026-09-23,12680.0,12890.0,12320.0,12390.0,92201.0,006660
2026-09-23,1088.0,1100.0,1070.0,1099.0,103949.0,002450
2026-09-23,6770.0,6800.0,6710.0,6770.0,37078.0,002780
2026-09-23,7800.0,7800.0,7600.0,7780.0,5460.0,264900
2026-09-23,1396.0,1492.0,1338.0,1374.0,49786.0,011280
2026-09-23,2000.0,2065.0,1998.0,2020.0,37479.0,070960
2026-09-23,2395.0,2395.0,2385.0,2395.0,68085.0,417310
2026-09-23,1257.0,1265.0,1230.0,1253.0,105898.0,008700
2026-09-23,1621.0,1632.0,1560.0,1588.0,182746.0,013700
2026-09-23,5520.0,5700.0,5460.0,5550.0,8507.0,032560
2026-09-23,2815.0,2830.0,2800.0,2815.0,4262.0,002200
2026-09-23,2300.0,2305.0,2250.0,2295.0,30749.0,067830
2026-09-23,4675.0,4735.0,4670.0,4695.0,8110.0,014440
2026-09-23,2490.0,2650.0,2440.0,2475.0,52225.0,014790
2026-09-23,3285.0,3285.0,3230.0,3275.0,42290.0,008260
2026-09-23,1431.0,1431.0,1405.0,1427.0,73792.0,007210
2026-09-23,2500.0,2605.0,2480.0,2535.0,26598.0,036580
2026-09-23,2025.0,2045.0,1960.0,1997.0,14472.0,363280
2026-09-23,2095.0,2220.0,2095.0,2190.0,933504.0,058850
2026-09-23,6870.0,7000.0,6700.0,6840.0,4922.0,006840
2026-09-23,30000.0,30450.0,30000.0,30050.0,1156.0,001275
2026-09-23,2475.0,2930.0,2455.0,2590.0,5043256.0,058860
2026-09-23,3280.0,3430.0,3180.0,3300.0,3032328.0,012200
2026-09-23,68400.0,72100.0,68400.0,71100.0,9122.0,096775
2026-09-23,4970.0,5020.0,4880.0,4930.0,111484.0,019180
2026-09-23,2185.0,2230.0,2185.0,2220.0,5037.0,023000
2026-09-23,4050.0,4115.0,3990.0,4030.0,28482.0,001290
2026-09-23,6480.0,6610.0,6420.0,6490.0,15275.0,33626K
2026-09-23,4800.0,4880.0,4690.0,4745.0,16024.0,025620
2026-09-23,1784.0,1784.0,1740.0,1754.0,140424.0,004140
2026-09-23,1730.0,1810.0,1724.0,1783.0,641318.0,007980
2026-09-23,8800.0,8960.0,8780.0,8840.0,7883.0,006090
2026-09-23,2120.0,2155.0,2120.0,2145.0,8774.0,139990
2026-09-23,35300.0,35300.0,34000.0,34150.0,1322.0,004890
2026-09-23,38100.0,38200.0,37000.0,37500.0,6142.0,000850
2026-09-23,138000.0,138700.0,137500.0,137500.0,36.0,002600
2026-09-23,0.0,0.0,0.0,1550.0,0.0,109070
2026-09-23,1588.0,1609.0,1562.0,1608.0,72861.0,003580
2026-09-23,4520.0,4585.0,4380.0,4505.0,358320.0,007610
2026-09-23,5090.0,5150.0,4985.0,5100.0,17027.0,023800
2026-09-23,13140.0,13140.0,12800.0,13010.0,3429.0,111380
2026-09-23,68200.0,68400.0,66200.0,68400.0,2318.0,000590
2026-09-23,2470.0,2490.0,2370.0,2400.0,135671.0,011700
2026-09-23,5120.0,5240.0,5120.0,5240.0,9577.0,005740
2026-09-23,5350.0,5460.0,5320.0,5400.0,12818.0,069730
2026-09-23,2765.0,2765.0,2725.0,2760.0,8905.0,009180
2026-09-23,2960.0,2970.0,2855.0,2880.0,95933.0,002220
2026-09-23,5580.0,5650.0,5440.0,5580.0,1356.0,007590
2026-09-23,5410.0,5470.0,5390.0,5460.0,13471.0,163560
2026-09-23,0.0,0.0,0.0,532.0,0.0,084680
2026-09-23,7560.0,7820.0,7500.0,7640.0,18861.0,001260
2026-09-23,66000.0,66500.0,64900.0,65300.0,443.0,000105
2026-09-23,3970.0,3995.0,3860.0,3890.0,21080.0,004840
2026-09-23,3075.0,3090.0,3040.0,3075.0,42193.0,010960
2026-09-23,1383.0,1395.0,1336.0,1369.0,81290.0,013360
2026-09-23,3850.0,3850.0,3790.0,3840.0,13028.0,013870
2026-09-23,4445.0,4445.0,4310.0,4400.0,12238.0,005750
2026-09-23,11350.0,11430.0,11310.0,11430.0,8029.0,002795
2026-09-23,2195.0,2195.0,1990.0,2010.0,29503.0,001020
2026-09-23,1896.0,2045.0,1896.0,2005.0,856173.0,004770
2026-09-23,3830.0,3830.0,3745.0,3815.0,74054.0,338100
2026-09-23,9060.0,9460.0,8950.0,9360.0,630.0,001560
2026-09-23,0.0,0.0,0.0,655.0,0.0,014160
2026-09-23,2125.0,2275.0,2125.0,2170.0,535244.0,024900
2026-09-23,12920.0,13300.0,12560.0,12870.0,9726.0,063160
2026-09-23,1213.0,1240.0,1212.0,1235.0,20631.0,095720
2026-09-23,14950.0,14950.0,14370.0,14650.0,16644.0,055490
2026-09-23,25250.0,25350.0,24850.0,25200.0,4536.0,120115
2026-09-23,5140.0,5140.0,4910.0,4980.0,8415.0,000180
2026-09-23,6540.0,6650.0,6490.0,6640.0,27892.0,214330
2026-09-23,24000.0,24900.0,23450.0,23950.0,6918.0,084670
2026-09-23,4375.0,4375.0,4305.0,4320.0,4890.0,155660
2026-09-23,5120.0,6150.0,5000.0,5420.0,743750.0,004440
2026-09-23,5710.0,5790.0,5580.0,5690.0,47990.0,031820
2026-09-23,3230.0,3280.0,3175.0,3250.0,27565.0,002720
2026-09-23,3450.0,3490.0,3345.0,3400.0,615929.0,071090
2026-09-23,28000.0,28150.0,27250.0,27450.0,1064.0,009770
2026-09-23,5980.0,5980.0,5860.0,5930.0,11057.0,000230
2026-09-23,1900.0,1907.0,1866.0,1880.0,29134.0,011150
2026-09-23,1637.0,1713.0,1600.0,1662.0,25199.0,019680
2026-09-23,1950.0,1950.0,1900.0,1918.0,31611.0,079980
2026-09-23,2990.0,3025.0,2905.0,2980.0,70439.0,010660
2026-09-23,8800.0,8820.0,8650.0,8800.0,16338.0,085310
2026-09-23,4915.0,5000.0,4915.0,4995.0,20162.0,100220
2026-09-23,4270.0,4375.0,4080.0,4305.0,326961.0,014990
2026-09-23,3200.0,3225.0,3170.0,3185.0,186161.0,058730
2026-09-23,2320.0,2320.0,2200.0,2250.0,29063.0,007280
2026-09-23,2825.0,2890.0,2820.0,2825.0,12736.0,004720
2026-09-23,928.0,940.0,920.0,925.0,194138.0,002700
2026-09-23,1561.0,1620.0,1536.0,1541.0,14964.0,010040
2026-09-23,3385.0,3500.0,3265.0,3395.0,88403.0,210980
2026-09-23,1500.0,1585.0,1497.0,1511.0,130992.0,009200
2026-09-23,1403.0,1448.0,1393.0,1406.0,21306.0,016090
2026-09-23,4485.0,4485.0,4340.0,4400.0,21937.0,005870
2026-09-23,3450.0,3450.0,3310.0,3385.0,18030.0,017370
2026-09-23,1330.0,1350.0,1301.0,1323.0,60046.0,018500
2026-09-23,4760.0,4930.0,4620.0,4840.0,12964.0,072130
2026-09-23,28100.0,28900.0,26500.0,28500.0,4369.0,004450
2026-09-23,6200.0,6200.0,6070.0,6130.0,6890.0,068290
2026-09-23,1003.0,1003.0,985.0,994.0,60663.0,002760
2026-09-23,2520.0,2530.0,2475.0,2490.0,183201.0,0220WL
2026-09-23,6380.0,6490.0,6340.0,6480.0,9621.0,111110
2026-09-23,31400.0,31500.0,30300.0,31050.0,342.0,003925
2026-09-23,2065.0,2135.0,2065.0,2115.0,250232.0,372910
2026-09-23,3735.0,3770.0,3655.0,3715.0,50544.0,000220
2026-09-23,27050.0,27900.0,26500.0,27450.0,4288.0,37550K
2026-09-23,54300.0,55200.0,51500.0,54600.0,3974.0,000725
2026-09-23,1887.0,1895.0,1745.0,1772.0,231555.0,480370
2026-09-23,5080.0,5160.0,4915.0,4950.0,17001.0,006890
2026-09-23,26850.0,26850.0,26000.0,26500.0,3032.0,001465
2026-09-23,2995.0,3005.0,2925.0,2940.0,15499.0,075180
2026-09-23,1871.0,1897.0,1848.0,1897.0,18569.0,129260
2026-09-23,1445.0,1448.0,1417.0,1417.0,43558.0,396690
2026-09-23,18160.0,18860.0,17510.0,18860.0,2603.0,007815
2026-09-23,4305.0,4350.0,4200.0,4295.0,39078.0,003780
2026-09-23,0.0,0.0,0.0,902.0,0.0,020760
2026-09-23,10580.0,10850.0,10470.0,10640.0,23521.0,001550
2026-09-23,981.0,1019.0,977.0,1006.0,287966.0,090080
2026-09-23,3615.0,3685.0,3600.0,3665.0,5242.0,025530
2026-09-23,4280.0,4285.0,4195.0,4270.0,15099.0,003475
2026-09-23,1880.0,1899.0,1829.0,1860.0,119393.0,092440
2026-09-23,1813.0,1867.0,1813.0,1820.0,33231.0,002630
2026-09-23,2835.0,2850.0,2805.0,2840.0,15727.0,378850
2026-09-23,17720.0,17720.0,17340.0,17420.0,888.0,006980
2026-09-23,3340.0,3555.0,3320.0,3445.0,4117.0,123700
2026-09-23,25400.0,25400.0,25150.0,25350.0,384.0,28513K
2026-09-23,0.0,0.0,0.0,1935.0,0.0,002410
2026-09-23,42700.0,42950.0,41500.0,42950.0,732.0,006125
2026-09-23,50100.0,50100.0,48650.0,49700.0,4254.0,011390
2026-09-23,3000.0,3000.0,3000.0,3000.0,1027.0,003465
2026-09-23,24250.0,25400.0,23700.0,24900.0,10493.0,35320K
2026-09-23,2730.0,2730.0,2645.0,2685.0,101627.0,011230
2026-09-23,3535.0,3570.0,3475.0,3515.0,8078.0,010770
2026-09-23,1420.0,1428.0,1390.0,1404.0,52706.0,012690
2026-09-23,5090.0,5190.0,5010.0,5130.0,7807.0,023810
2026-09-23,1080.0,1095.0,1065.0,1076.0,125412.0,021050
2026-09-23,3270.0,3290.0,3210.0,3245.0,20941.0,004830
2026-09-23,65200.0,65200.0,64800.0,65200.0,454.0,005305
2026-09-23,4305.0,4305.0,4200.0,4240.0,18299.0,006880
2026-09-23,29700.0,30050.0,28300.0,29800.0,567.0,000950
2026-09-23,2030.0,2110.0,1999.0,2015.0,123574.0,007460
2026-09-23,4540.0,5460.0,4540.0,4910.0,6405.0,101140
2026-09-23,2635.0,2960.0,2635.0,2855.0,145098.0,011300
2026-09-23,2210.0,2260.0,2145.0,2195.0,26642.0,001620
2026-09-23,0.0,0.0,0.0,2670.0,0.0,011000
2026-09-23,998.0,1007.0,975.0,980.0,69465.0,009320
2026-09-23,1193.0,1244.0,1193.0,1218.0,77228.0,004410
2026-09-23,1959.0,1959.0,1909.0,1926.0,118939.0,002140
2026-09-23,1850.0,1869.0,1807.0,1843.0,125715.0,002920
2026-09-23,0.0,0.0,0.0,907.0,0.0,004920
2026-09-23,0.0,0.0,0.0,603.0,0.0,007110
2026-09-23,3595.0,3595.0,3420.0,3535.0,123333.0,092780
2026-09-23,1877.0,1877.0,1810.0,1859.0,49007.0,357250
2026-09-23,0.0,0.0,0.0,2660.0,0.0,069460
2026-09-23,2210.0,2210.0,2150.0,2150.0,4839.0,041650
2026-09-23,3000.0,3080.0,2925.0,2955.0,40323.0,000910
2026-09-23,1230.0,1265.0,1205.0,1235.0,10785.0,004540
2026-09-23,2160.0,2225.0,2125.0,2220.0,10937.0,084870
2026-09-23,0.0,0.0,0.0,486.0,0.0,005030
2026-09-23,2285.0,2285.0,2205.0,2240.0,4813.0,003080
2026-09-23,0.0,0.0,0.0,5110.0,0.0,074610
2026-09-23,3550.0,3550.0,3460.0,3500.0,8144.0,004910
2026-09-23,1227.0,1277.0,1202.0,1270.0,159829.0,005320
2026-09-23,4020.0,4050.0,3875.0,3910.0,23316.0,023350
2026-09-23,16190.0,17450.0,16190.0,16820.0,8494.0,009835
2026-09-23,2095.0,2095.0,1945.0,1956.0,287468.0,014910
2026-09-23,2110.0,2120.0,2000.0,2085.0,26426.0,008420
2026-09-23,2125.0,2150.0,2020.0,2110.0,79861.0,004060
2026-09-23,977.0,988.0,968.0,980.0,8464.0,481850
2026-09-23,987.0,1047.0,802.0,963.0,3661310.0,009190
2026-09-23,1254.0,1254.0,1210.0,1233.0,57355.0,017180
2026-09-23,25150.0,25300.0,24750.0,24800.0,930.0,000215
2026-09-23,2130.0,2150.0,2070.0,2090.0,114785.0,026940
2026-09-23,990.0,993.0,933.0,985.0,228615.0,047400
2026-09-23,0.0,0.0,0.0,541.0,0.0,019490
2026-09-23,4280.0,4280.0,4050.0,4105.0,77896.0,011330
2026-09-23,41000.0,41000.0,39700.0,40900.0,21.0,008870
2026-09-23,3875.0,3900.0,3835.0,3845.0,27215.0,446070
2026-09-23,0.0,0.0,0.0,932.0,0.0,017040
2026-09-23,1446.0,1447.0,1409.0,1434.0,10443.0,011420
2026-09-23,1223.0,1223.0,1057.0,1121.0,453408.0,002870
2026-09-23,1015.0,1200.0,1003.0,1027.0,37240.0,023960
2026-09-23,1904.0,2045.0,1904.0,1909.0,3720.0,009810
2026-09-23,794.0,809.0,763.0,797.0,28979.0,145270
2026-09-23,998.0,1099.0,950.0,1022.0,70219.0,133820
2026-09-23,18980.0,19070.0,18870.0,18890.0,154.0,134790
2026-09-23,1178.0,1221.0,1165.0,1185.0,49619.0,027740
2026-09-23,1809.0,1834.0,1780.0,1832.0,7495.0,049800
2026-09-23,3635.0,3695.0,3475.0,3680.0,24753.0,012280
2026-09-23,1305.0,1305.0,1286.0,1296.0,125331.0,000890
2026-09-23,22350.0,22800.0,21550.0,22150.0,2953.0,009140
2026-09-23,2035.0,2100.0,2035.0,2080.0,45761.0,010640
2026-09-23,12720.0,12720.0,12100.0,12390.0,181.0,000760
2026-09-23,1605.0,1645.0,1530.0,1614.0,188265.0,051630
2026-09-23,1199.0,1200.0,1180.0,1188.0,44520.0,013000
2026-09-23,9210.0,9260.0,9160.0,9190.0,4486.0,004365
2026-09-23,14500.0,14730.0,14230.0,14700.0,1841.0,005820
2026-09-23,3070.0,3140.0,3030.0,3070.0,32715.0,008250
2026-09-23,0.0,0.0,0.0,1199.0,0.0,143210
2026-09-23,1181.0,1230.0,1181.0,1212.0,9874.0,090370
2026-09-23,2610.0,2675.0,2575.0,2640.0,8135.0,009460
2026-09-23,2180.0,2220.0,2035.0,2080.0,18143.0,012160
2026-09-23,3490.0,3605.0,3425.0,3440.0,7083.0,002880
2026-09-23,4130.0,4210.0,4015.0,4165.0,9385.0,010400
2026-09-23,3030.0,3030.0,2875.0,2930.0,88756.0,006370
2026-09-23,6530.0,6640.0,6310.0,6570.0,4325.0,003535
2026-09-23,5870.0,5950.0,5610.0,5880.0,3082.0,001070
2026-09-23,2635.0,2635.0,2575.0,2600.0,16319.0,014130
2026-09-23,1899.0,1930.0,1890.0,1900.0,11485.0,025750
2026-09-23,2020.0,2025.0,1988.0,1994.0,7254.0,024070
2026-09-23,2405.0,2490.0,2380.0,2430.0,61534.0,088790
2026-09-23,1318.0,1394.0,1274.0,1390.0,19660.0,069640
2026-09-23,1536.0,1569.0,1525.0,1560.0,19133.0,036420
2026-09-23,3355.0,3615.0,3315.0,3470.0,3622.0,308170
2026-09-23,2675.0,2675.0,2610.0,2655.0,14173.0,025890
2026-09-23,1908.0,2160.0,1905.0,1943.0,5427.0,006570
2026-09-23,1282.0,1332.0,1166.0,1332.0,13345.0,118000
2026-09-23,4770.0,5020.0,4770.0,4880.0,1420.0,006740
2026-09-23,2100.0,2750.0,1950.0,2610.0,1374746.0,002360
2026-09-23,1421.0,1450.0,1385.0,1423.0,32246.0,002690
2026-09-23,4570.0,4690.0,4515.0,4550.0,50160.0,003680
2026-09-23,1013.0,1034.0,985.0,1023.0,96416.0,007120
2026-09-23,13910.0,14200.0,13730.0,13770.0,2270.0,019175
2026-09-23,4180.0,4265.0,4120.0,4245.0,141938.0,033250
2026-09-23,896.0,896.0,885.0,885.0,12200.0,357430
2026-09-23,0.0,0.0,0.0,1254.0,0.0,005110
2026-09-23,1604.0,1680.0,1593.0,1618.0,114354.0,003060
2026-09-23,10310.0,10310.0,9950.0,9990.0,19930.0,006345
2026-09-23,5580.0,5700.0,5450.0,5670.0,13618.0,004270
2026-09-23,1172.0,1201.0,1126.0,1146.0,94869.0,001380
2026-09-23,3940.0,4000.0,3930.0,3950.0,319.0,002355
2026-09-23,1775.0,1830.0,1717.0,1763.0,104857.0,071950
2026-09-23,1495.0,1500.0,1470.0,1500.0,906.0,33637K
2026-09-23,4120.0,4160.0,4045.0,4065.0,1670.0,023150
2026-09-23,22200.0,23350.0,21900.0,22250.0,2556.0,003495
2026-09-23,1434.0,1440.0,1313.0,1355.0,88159.0,006490
2026-09-23,5220.0,5220.0,5010.0,5040.0,13368.0,030720
2026-09-23,0.0,0.0,0.0,5330.0,0.0,009310
2026-09-23,7710.0,8090.0,7590.0,7790.0,701.0,33626L
2026-09-23,1240.0,1240.0,1157.0,1187.0,332839.0,005360
2026-09-23,3070.0,3070.0,2880.0,2950.0,62331.0,001420
2026-09-23,1009.0,1060.0,949.0,962.0,132711.0,004870
2026-09-23,2820.0,3000.0,2795.0,2935.0,22581.0,012170
2026-09-23,27900.0,28150.0,27700.0,27900.0,268.0,008775
2026-09-23,14440.0,14780.0,14200.0,14780.0,1561.0,001685
2026-09-23,1141.0,1141.0,1018.0,1028.0,29551.0,000040
2026-09-23,1683.0,1750.0,1643.0,1683.0,61741.0,011090
2026-09-23,24850.0,24900.0,24500.0,24750.0,305.0,00499K
2026-09-23,0.0,0.0,0.0,928.0,0.0,015020
2026-09-23,18500.0,18500.0,17780.0,18200.0,905.0,108675
2026-09-23,2675.0,2850.0,2480.0,2550.0,301594.0,465770
2026-09-23,3825.0,3990.0,3610.0,3785.0,47508.0,002070
2026-09-23,0.0,0.0,0.0,296.0,0.0,093240
2026-09-23,1935.0,1955.0,1851.0,1911.0,17466.0,006200
2026-09-23,0.0,0.0,0.0,2620.0,0.0,008600
2026-09-23,0.0,0.0,0.0,756.0,0.0,009440
2026-09-23,1485.0,1485.0,1322.0,1343.0,256767.0,002820
2026-09-23,30950.0,31100.0,29750.0,30100.0,1526.0,18064K
2026-09-23,18490.0,19200.0,17750.0,18690.0,25.0,005257
2026-09-23,20685.0,20685.0,20685.0,20685.0,31.0,0106J0
2026-09-23,4300.0,4300.0,4300.0,4300.0,0.0,005725
2026-09-23,13090.0,13150.0,12850.0,13070.0,688.0,002025
2026-09-23,1709.0,1709.0,1681.0,1705.0,43367.0,024890
2026-09-23,12260.0,12320.0,12250.0,12260.0,121.0,000087
2026-09-23,2130.0,2135.0,2090.0,2125.0,4862.0,001795
2026-09-23,4590.0,4605.0,4550.0,4560.0,3083.0,45226K
2026-09-23,10520.0,10610.0,10450.0,10590.0,2830.0,00806K
2026-09-23,3680.0,3930.0,3590.0,3880.0,104520.0,004105
2026-09-23,261.0,282.0,250.0,264.0,876330.0,015260
2026-09-23,33000.0,33050.0,33000.0,33050.0,50.0,145995
2026-09-23,13140.0,13150.0,12900.0,13150.0,4557.0,084695
2026-09-23,14300.0,14350.0,13850.0,14350.0,799.0,00781K
2026-09-23,7490.0,7490.0,7340.0,7440.0,243.0,38380K
2026-09-23,10095.0,10095.0,10095.0,10095.0,0.0,0120X0
2026-09-23,50200.0,50200.0,50200.0,50200.0,0.0,001067
2026-09-23,1885.0,1937.0,1855.0,1937.0,1396.0,004255
2026-09-23,13320.0,13640.0,13000.0,13640.0,192.0,003075
2026-09-23,980.0,1029.0,975.0,980.0,29250.0,019685
2026-09-23,0.0,0.0,0.0,2240.0,0.0,145210
2026-09-23,19360.0,19520.0,19230.0,19480.0,102.0,001755
2026-09-23,2285.0,2285.0,2205.0,2265.0,2996.0,33637L
2026-09-23,3670.0,3675.0,3600.0,3630.0,2206.0,000225
2026-09-23,4075.0,4075.0,4000.0,4000.0,3631.0,001515
2026-09-23,22100.0,22250.0,22100.0,22250.0,32.0,001065
2026-09-23,28000.0,28000.0,27150.0,28000.0,201.0,000325
2026-09-23,9300.0,9300.0,8610.0,9000.0,1090.0,004985
2026-09-23,4340.0,4590.0,4250.0,4385.0,5409.0,004835
2026-09-23,5100.0,5100.0,4970.0,4980.0,15901.0,012205
2026-09-23,7420.0,7450.0,7220.0,7340.0,340.0,26490K
2026-09-23,424.0,438.0,405.0,405.0,528315.0,044380
2026-09-23,11280.0,11600.0,11280.0,11570.0,359.0,090355
2026-09-23,4655.0,5090.0,4200.0,4275.0,150793.0,001770
2026-09-23,17150.0,17150.0,16730.0,16790.0,2406.0,002995
2026-09-23,5800.0,5800.0,5700.0,5700.0,27.0,000545
2026-09-23,9150.0,9150.0,9000.0,9130.0,215.0,000145
2026-09-23,6270.0,6270.0,6220.0,6250.0,1156.0,009415
2026-09-23,17300.0,17400.0,17300.0,17390.0,370.0,005965
2026-09-23,13600.0,14000.0,13280.0,13700.0,81.0,014825
2026-09-23,7700.0,7700.0,7700.0,7700.0,1.0,007575
2026-09-23,2900.0,2900.0,2615.0,2795.0,4247.0,36328K
2026-09-23,5700.0,5700.0,5250.0,5350.0,85.0,005745
2026-09-23,4800.0,5200.0,4800.0,5200.0,760.0,014915
2026-09-23,5520.0,5520.0,5230.0,5230.0,271.0,014285
2026-09-23,7690.0,7900.0,7510.0,7750.0,1363.0,000227
2026-09-23,7300.0,7300.0,7000.0,7180.0,595.0,008355
2026-09-23,8230.0,8290.0,8210.0,8220.0,3469.0,001525
2026-09-23,3340.0,3640.0,3340.0,3575.0,1053.0,004545
2026-09-23,6300.0,6300.0,5870.0,5880.0,629.0,011155
2026-09-23,5110.0,5140.0,5010.0,5030.0,2343.0,001527
2026-09-23,4305.0,4320.0,4300.0,4320.0,455.0,004415
2026-09-23,10190.0,10370.0,10080.0,10110.0,356.0,002785
2026-09-23,14120.0,14120.0,13310.0,13370.0,1066.0,002787
2026-09-23,250000.0,257500.0,248500.0,251500.0,222524.0,196170
2026-09-23,80600.0,81500.0,79200.0,80100.0,336246.0,086520
2026-09-23,104400.0,107600.0,104200.0,105500.0,293226.0,247540
2026-09-23,205500.0,210000.0,202000.0,209500.0,873557.0,036930
2026-09-23,450000.0,452500.0,430500.0,435500.0,44933.0,277810
2026-09-23,133700.0,144100.0,131000.0,132400.0,2584001.0,240810
2026-09-23,481500.0,485500.0,467000.0,479500.0,71864.0,039030
2026-09-23,148200.0,152800.0,144500.0,149400.0,584741.0,222800
2026-09-23,76700.0,77500.0,71500.0,74600.0,1493192.0,058470
2026-09-23,55200.0,56100.0,54100.0,55600.0,1378599.0,403870
2026-09-23,210000.0,213000.0,205500.0,212500.0,117738.0,095340
2026-09-23,310000.0,313500.0,297000.0,301500.0,212086.0,108490
2026-09-23,134400.0,144900.0,131100.0,144200.0,561095.0,319660
2026-09-23,31300.0,32600.0,30050.0,31050.0,709670.0,028300
2026-09-23,75700.0,84300.0,75400.0,81400.0,1278892.0,440110
2026-09-23,162000.0,167400.0,162000.0,166600.0,62923.0,000250
2026-09-23,152100.0,164200.0,151000.0,161800.0,270216.0,084370
2026-09-23,159500.0,163600.0,158300.0,163200.0,98410.0,031980
2026-09-23,143400.0,148400.0,142600.0,145200.0,90241.0,087010
2026-09-23,324000.0,331000.0,320500.0,323500.0,48735.0,214450
2026-09-23,280000.0,291500.0,278500.0,289000.0,72302.0,131290
2026-09-23,277000.0,288500.0,270000.0,283000.0,48692.0,064760
2026-09-23,152000.0,161900.0,150200.0,161900.0,358301.0,095610
2026-09-23,46100.0,46850.0,45025.0,46200.0,1706121.0,067310
2026-09-23,80200.0,83000.0,80000.0,80700.0,125049.0,141080
2026-09-23,342000.0,373000.0,339000.0,368000.0,58240.0,357780
2026-09-23,49700.0,51700.0,49350.0,50700.0,482461.0,298380
2026-09-23,17950.0,18180.0,17410.0,17720.0,8890968.0,010170
2026-09-23,145100.0,151300.0,144000.0,145700.0,40600.0,310210
2026-09-23,77400.0,79200.0,75900.0,78000.0,901381.0,080220
2026-09-23,39900.0,39950.0,38650.0,38900.0,625198.0,257720
2026-09-23,78100.0,84000.0,77900.0,82200.0,132585.0,140410
2026-09-23,44000.0,47100.0,43300.0,46850.0,983950.0,005290
2026-09-23,21700.0,21900.0,20800.0,21100.0,734581.0,319400
2026-09-23,189900.0,191300.0,185900.0,186800.0,42222.0,145020
2026-09-23,102100.0,105600.0,101200.0,102300.0,122154.0,226950
2026-09-23,13340.0,13340.0,12830.0,12980.0,2958227.0,032820
2026-09-23,103300.0,105400.0,99600.0,100900.0,359173.0,058610
2026-09-23,27100.0,30400.0,26950.0,28000.0,6640185.0,030530
2026-09-23,39600.0,40500.0,39350.0,40050.0,56205.0,214370
2026-09-23,34100.0,34400.0,33550.0,33700.0,125162.0,263750
2026-09-23,43300.0,45550.0,43200.0,44650.0,504491.0,347850
2026-09-23,31900.0,32350.0,31250.0,32050.0,617764.0,178320
2026-09-23,26950.0,27200.0,25500.0,26750.0,2792564.0,043260
2026-09-23,30600.0,30900.0,30500.0,30750.0,63449.0,214150
2026-09-23,29350.0,29850.0,28650.0,29150.0,725651.0,098460
2026-09-23,81900.0,84200.0,80800.0,82800.0,100390.0,041510
2026-09-23,91100.0,92800.0,90200.0,90800.0,48558.0,237690
2026-09-23,63200.0,63200.0,59400.0,60500.0,569185.0,083650
2026-09-23,253000.0,271000.0,252500.0,265000.0,51257.0,140860
2026-09-23,48300.0,50500.0,48300.0,49150.0,839576.0,089030
2026-09-23,95100.0,95500.0,91100.0,94200.0,200835.0,131970
2026-09-23,32900.0,34150.0,32450.0,33500.0,165986.0,060370
2026-09-23,10710.0,10900.0,10260.0,10570.0,6183347.0,036540
2026-09-23,38950.0,39200.0,38700.0,39100.0,34703.0,068760
2026-09-23,61300.0,63500.0,59500.0,62800.0,1053651.0,089970
2026-09-23,55000.0,55500.0,51300.0,51700.0,403680.0,437730
2026-09-23,31300.0,32350.0,30900.0,31500.0,397612.0,183300
2026-09-23,24800.0,25050.0,24500.0,24700.0,107237.0,007390
2026-09-23,34250.0,34550.0,33750.0,33850.0,164325.0,096530
2026-09-23,59100.0,59900.0,58000.0,58800.0,310613.0,218410
2026-09-23,118900.0,125000.0,116400.0,123100.0,107431.0,420770
2026-09-23,47100.0,47150.0,44300.0,47050.0,254887.0,323280
2026-09-23,25050.0,25500.0,23650.0,24000.0,1055612.0,204270
2026-09-23,21150.0,21700.0,20900.0,21200.0,85923.0,0009K0
2026-09-23,36100.0,36700.0,35300.0,35800.0,74922.0,039200
2026-09-23,87800.0,87900.0,85500.0,86800.0,70344.0,078600
2026-09-23,125300.0,128500.0,123500.0,127100.0,63756.0,241710
2026-09-23,15410.0,16250.0,15350.0,15890.0,674023.0,950160
2026-09-23,37550.0,38100.0,37300.0,37800.0,91254.0,035900
2026-09-23,29400.0,29850.0,27550.0,28100.0,276271.0,082920
2026-09-23,46450.0,47800.0,46400.0,47000.0,60473.0,290650
2026-09-23,10810.0,11200.0,10750.0,11090.0,306529.0,003380
2026-09-23,22550.0,24325.0,22400.0,23450.0,1877045.0,347700
2026-09-23,23150.0,24750.0,21650.0,24200.0,3339114.0,950260
2026-09-23,32350.0,32900.0,31750.0,32000.0,65750.0,127120
2026-09-23,14450.0,14490.0,14050.0,14270.0,1780267.0,232140
2026-09-23,57700.0,59100.0,57300.0,58900.0,121481.0,166090
2026-09-23,38500.0,39150.0,38350.0,38900.0,71739.0,195940
2026-09-23,17480.0,18460.0,17320.0,18110.0,637243.0,252990
2026-09-23,44300.0,45050.0,43500.0,44750.0,578125.0,356860
2026-09-23,28100.0,28475.0,27750.0,28150.0,66453.0,056190
2026-09-23,20400.0,22400.0,20150.0,21450.0,821174.0,086450
2026-09-23,25650.0,26200.0,24900.0,25200.0,113482.0,458870
2026-09-23,8830.0,9420.0,8830.0,9030.0,284286.0,293490
2026-09-23,17550.0,18180.0,17210.0,17850.0,505395.0,100790
2026-09-23,44000.0,44400.0,42900.0,44350.0,194001.0,101490
2026-09-23,55000.0,57800.0,53800.0,56100.0,445029.0,119850
2026-09-23,13640.0,13820.0,13030.0,13570.0,771729.0,417200
2026-09-23,29700.0,30400.0,28600.0,29450.0,187457.0,160190
2026-09-23,50000.0,50100.0,48500.0,49300.0,88968.0,083450
2026-09-23,87000.0,89900.0,85700.0,89400.0,72548.0,388210
2026-09-23,31100.0,32000.0,30750.0,31350.0,70767.0,065350
2026-09-23,77500.0,79600.0,76300.0,78200.0,46480.0,099320
2026-09-23,37650.0,39100.0,37650.0,38900.0,56042.0,035760
2026-09-23,39400.0,41950.0,38750.0,41500.0,63358.0,036830
2026-09-23,48100.0,50100.0,47400.0,49050.0,49758.0,445680
2026-09-23,22650.0,23000.0,22350.0,22500.0,47090.0,115180
2026-09-23,47500.0,48600.0,46100.0,46700.0,552483.0,327260
2026-09-23,8350.0,8400.0,8090.0,8250.0,369207.0,031330
2026-09-23,31850.0,31850.0,30450.0,31050.0,200809.0,014620
2026-09-23,19640.0,19850.0,19300.0,19540.0,157340.0,032500
2026-09-23,71500.0,75500.0,71300.0,73600.0,128505.0,053800
2026-09-23,70600.0,70800.0,68300.0,69100.0,13384.0,388720
2026-09-23,42700.0,43550.0,42400.0,43000.0,94031.0,122870
2026-09-23,64500.0,66300.0,64000.0,64800.0,67134.0,425420
2026-09-23,58900.0,64200.0,57800.0,64100.0,307985.0,295310
2026-09-23,28900.0,29600.0,28800.0,29450.0,204853.0,074600
2026-09-23,48300.0,48300.0,47150.0,47900.0,47324.0,033100
2026-09-23,80600.0,81350.0,78100.0,78800.0,75165.0,090360
2026-09-23,29250.0,30700.0,29050.0,30350.0,153157.0,491000
2026-09-23,39050.0,39100.0,37600.0,38250.0,180731.0,044490
2026-09-23,32800.0,33300.0,32250.0,32550.0,165645.0,161580
2026-09-23,19840.0,19990.0,19710.0,19840.0,41356.0,032190
2026-09-23,22150.0,22800.0,21750.0,22550.0,359915.0,059090
2026-09-23,68700.0,70600.0,68000.0,69700.0,58262.0,189300
2026-09-23,7830.0,8050.0,7820.0,8040.0,123923.0,085660
2026-09-23,6520.0,7030.0,6190.0,6250.0,2270654.0,090710
2026-09-23,9960.0,10690.0,9790.0,9930.0,497482.0,041960
2026-09-23,9850.0,10080.0,9750.0,9870.0,710617.0,328130
2026-09-23,55200.0,56300.0,52900.0,53600.0,48547.0,041830
2026-09-23,25650.0,27200.0,25350.0,25700.0,237658.0,476830
2026-09-23,29100.0,29300.0,28700.0,29000.0,95251.0,213420
2026-09-23,10830.0,11010.0,10710.0,10910.0,100808.0,225570
2026-09-23,6780.0,6780.0,6570.0,6650.0,229613.0,038500
2026-09-23,56700.0,58300.0,56000.0,57700.0,51218.0,251970
2026-09-23,23800.0,23850.0,22800.0,23050.0,240579.0,466100
2026-09-23,56200.0,56500.0,53600.0,55000.0,267896.0,064290
2026-09-23,10610.0,10800.0,10560.0,10680.0,195502.0,281740
2026-09-23,69500.0,71200.0,68400.0,68900.0,33039.0,171090
2026-09-23,31600.0,32950.0,31600.0,32200.0,280589.0,122640
2026-09-23,29700.0,30000.0,29250.0,29700.0,87970.0,124500
2026-09-23,27050.0,27300.0,26400.0,26600.0,114095.0,023160
2026-09-23,15410.0,15590.0,14940.0,15120.0,372242.0,476060
2026-09-23,74000.0,78000.0,72800.0,76100.0,53852.0,053610
2026-09-23,29000.0,29200.0,28500.0,28800.0,58278.0,137400
2026-09-23,10780.0,10790.0,10520.0,10590.0,195343.0,006730
2026-09-23,30400.0,31450.0,30100.0,31250.0,135388.0,036810
2026-09-23,6830.0,7070.0,6740.0,6870.0,611506.0,048410
2026-09-23,44100.0,46750.0,43200.0,46000.0,86582.0,102710
2026-09-23,141900.0,142600.0,129100.0,132100.0,21457.0,093320
2026-09-23,27900.0,28250.0,26950.0,27600.0,175288.0,033640
2026-09-23,7550.0,7760.0,7270.0,7600.0,938306.0,033790
2026-09-23,51700.0,52600.0,51200.0,51600.0,43723.0,121600
2026-09-23,83000.0,87500.0,81300.0,86400.0,161765.0,126340
2026-09-23,10800.0,10820.0,10340.0,10530.0,329020.0,046890
2026-09-23,20150.0,20550.0,20150.0,20300.0,24519.0,253450
2026-09-23,13040.0,13460.0,12800.0,13200.0,713342.0,077360
2026-09-23,13400.0,14730.0,13310.0,13640.0,2779052.0,253590
2026-09-23,9460.0,9890.0,9320.0,9620.0,1417475.0,050890
2026-09-23,7640.0,7690.0,7440.0,7500.0,236835.0,222080
2026-09-23,8810.0,9120.0,8590.0,8890.0,150637.0,358570
2026-09-23,27450.0,27800.0,27200.0,27200.0,27882.0,094170
2026-09-23,38050.0,45600.0,38050.0,43300.0,1152464.0,092870
2026-09-23,32000.0,32300.0,31650.0,32150.0,50870.0,045100
2026-09-23,47250.0,47900.0,46600.0,47250.0,197279.0,399720
2026-09-23,12200.0,12940.0,12030.0,12780.0,1440331.0,144960
2026-09-23,15950.0,16290.0,15950.0,16290.0,340706.0,490470
2026-09-23,41500.0,41500.0,40550.0,40600.0,27632.0,079940
2026-09-23,7800.0,8020.0,7520.0,8010.0,126572.0,052020
2026-09-23,25550.0,26450.0,24800.0,24800.0,666525.0,475830
2026-09-23,37750.0,38200.0,36600.0,36900.0,48534.0,052400
2026-09-23,31900.0,33400.0,31900.0,32200.0,81131.0,456160
2026-09-23,13080.0,13330.0,13000.0,13250.0,110082.0,060250
2026-09-23,23050.0,26000.0,22900.0,25050.0,1050265.0,080580
2026-09-23,17530.0,19950.0,17500.0,18320.0,17809737.0,356680
2026-09-23,41050.0,49000.0,40900.0,46900.0,424234.0,468530
2026-09-23,15090.0,15290.0,15010.0,15120.0,64079.0,112040
2026-09-23,5400.0,5400.0,5100.0,5260.0,2091246.0,025980
2026-09-23,77000.0,81500.0,76800.0,80800.0,37792.0,219130
2026-09-23,31100.0,31250.0,30600.0,30900.0,23893.0,101160
2026-09-23,12510.0,12590.0,12190.0,12220.0,79701.0,009520
2026-09-23,68700.0,70400.0,67800.0,68600.0,24769.0,214430
2026-09-23,17810.0,18360.0,17720.0,18110.0,67857.0,397030
2026-09-23,30700.0,31000.0,30400.0,30550.0,26397.0,037460
2026-09-23,10060.0,10060.0,9860.0,10040.0,52020.0,211050
2026-09-23,4000.0,4165.0,3915.0,4075.0,4099404.0,027360
2026-09-23,67700.0,67900.0,66900.0,67300.0,8666.0,086900
2026-09-23,28900.0,29350.0,27950.0,28100.0,53063.0,376900
2026-09-23,57000.0,61900.0,57000.0,58700.0,260298.0,098120
2026-09-23,14300.0,15260.0,14190.0,15160.0,167173.0,024850
2026-09-23,16270.0,16700.0,15870.0,16050.0,59033.0,033500
2026-09-23,27600.0,29200.0,27100.0,28850.0,184644.0,089890
2026-09-23,5990.0,6140.0,5810.0,5990.0,2165904.0,041190
2026-09-23,16220.0,16220.0,15700.0,15980.0,24973.0,099190
2026-09-23,10460.0,10790.0,10280.0,10390.0,111465.0,082270
2026-09-23,19900.0,20400.0,19410.0,20150.0,333082.0,348340
2026-09-23,2330.0,2330.0,2230.0,2270.0,198305.0,035890
2026-09-23,104100.0,104100.0,103100.0,103100.0,559.0,034950
2026-09-23,35200.0,37300.0,35150.0,36900.0,90290.0,104830
2026-09-23,5840.0,5860.0,5740.0,5780.0,113815.0,015750
2026-09-23,13150.0,13210.0,12900.0,13020.0,65405.0,460930
2026-09-23,12530.0,12780.0,11900.0,12090.0,317795.0,056080
2026-09-23,22050.0,22700.0,21550.0,21850.0,95663.0,383310
2026-09-23,28500.0,29150.0,28100.0,28500.0,95213.0,340570
2026-09-23,42750.0,48000.0,33350.0,45700.0,26080671.0,0010S0
2026-09-23,3935.0,4245.0,3850.0,4020.0,11362764.0,069540
2026-09-23,12800.0,12880.0,12010.0,12180.0,724942.0,019210
2026-09-23,35150.0,35150.0,34100.0,34450.0,18033.0,365340
2026-09-23,38100.0,38250.0,37000.0,37750.0,38715.0,013030
2026-09-23,12600.0,13030.0,12010.0,12150.0,1287820.0,125490
2026-09-23,20200.0,20400.0,19810.0,20200.0,104141.0,348370
2026-09-23,21500.0,22850.0,21350.0,22050.0,235256.0,290550
2026-09-23,24400.0,25500.0,19760.0,20400.0,2268395.0,486990
2026-09-23,4915.0,5000.0,4830.0,4880.0,241118.0,336570
2026-09-23,13570.0,13610.0,13100.0,13230.0,156733.0,368770
2026-09-23,24400.0,25700.0,22700.0,23050.0,3333924.0,386380
2026-09-23,15370.0,18510.0,15370.0,17800.0,951709.0,042000
2026-09-23,34550.0,35200.0,34300.0,34850.0,16814.0,278280
2026-09-23,6600.0,6710.0,6460.0,6630.0,514084.0,187660
2026-09-23,21050.0,21200.0,20650.0,21200.0,74846.0,272290
2026-09-23,27600.0,28550.0,26300.0,27650.0,367261.0,078350
2026-09-23,34800.0,35050.0,34450.0,34850.0,51019.0,078340
2026-09-23,36450.0,36850.0,36350.0,36600.0,30944.0,067160
2026-09-23,40800.0,41600.0,40300.0,41050.0,13383.0,241770
2026-09-23,16620.0,17350.0,16510.0,17130.0,160686.0,030520
2026-09-23,13780.0,14990.0,13540.0,14630.0,479998.0,114810
2026-09-23,5920.0,5930.0,5740.0,5840.0,329998.0,204620
2026-09-23,36300.0,39800.0,36050.0,38500.0,330073.0,170920
2026-09-23,16110.0,17350.0,15680.0,16550.0,1117466.0,033160
2026-09-23,8870.0,9040.0,8670.0,8820.0,1298694.0,332570
2026-09-23,16720.0,17130.0,16680.0,17000.0,35119.0,376300
2026-09-23,11210.0,13240.0,11210.0,12870.0,2179697.0,079370
2026-09-23,16140.0,17310.0,15930.0,17230.0,1983085.0,417840
2026-09-23,23400.0,23550.0,22900.0,23450.0,72554.0,089010
2026-09-23,19420.0,20150.0,19400.0,19710.0,59853.0,174900
2026-09-23,24900.0,30950.0,24550.0,29400.0,925696.0,159010
2026-09-23,11350.0,11420.0,11110.0,11160.0,125084.0,018290
2026-09-23,3420.0,3595.0,3420.0,3435.0,95653.0,078130
2026-09-23,4685.0,4700.0,4600.0,4615.0,186363.0,101730
2026-09-23,52200.0,55900.0,51800.0,55400.0,35123.0,236200
2026-09-23,17720.0,18000.0,17720.0,17820.0,26610.0,095660
2026-09-23,23550.0,23900.0,22900.0,23650.0,40788.0,092730
2026-09-23,27400.0,28050.0,27250.0,27900.0,15718.0,475960
2026-09-23,22400.0,22450.0,20850.0,21150.0,335496.0,477850
2026-09-23,36250.0,36950.0,36000.0,36200.0,27703.0,215200
2026-09-23,1240.0,1300.0,1231.0,1282.0,3416198.0,018000
2026-09-23,11740.0,11850.0,11330.0,11440.0,389319.0,439960
2026-09-23,8550.0,8800.0,8450.0,8750.0,427643.0,441270
2026-09-23,8030.0,8360.0,7840.0,8010.0,130765.0,092190
2026-09-23,39400.0,41200.0,39100.0,40400.0,77926.0,107640
2026-09-23,7600.0,7610.0,7320.0,7450.0,587699.0,006910
2026-09-23,6620.0,6620.0,6510.0,6510.0,21748.0,078020
2026-09-23,7940.0,8280.0,7820.0,8240.0,915255.0,200470
2026-09-23,19350.0,19500.0,18690.0,19310.0,738450.0,052710
2026-09-23,26700.0,27000.0,26000.0,26750.0,75179.0,200710
2026-09-23,32700.0,32700.0,32050.0,32300.0,3257.0,003800
2026-09-23,10050.0,10820.0,9880.0,10570.0,339789.0,393890
2026-09-23,28350.0,29400.0,28300.0,29300.0,192518.0,330860
2026-09-23,28550.0,29150.0,27600.0,28700.0,344208.0,138080
2026-09-23,33400.0,33750.0,32500.0,33700.0,30791.0,348210
2026-09-23,8950.0,9200.0,8900.0,8990.0,31991.0,078160
2026-09-23,11100.0,11430.0,11100.0,11310.0,58468.0,069080
2026-09-23,3795.0,3800.0,3745.0,3775.0,275809.0,025320
2026-09-23,7850.0,8720.0,7730.0,7890.0,11635487.0,046970
2026-09-23,28850.0,30000.0,28050.0,29050.0,35840.0,093520
2026-09-23,6750.0,6900.0,6670.0,6750.0,27327.0,025900
2026-09-23,7490.0,7790.0,7300.0,7470.0,103228.0,036800
2026-09-23,40850.0,41100.0,39700.0,41100.0,47284.0,452430
2026-09-23,17520.0,17960.0,17220.0,17810.0,110556.0,110990
2026-09-23,58000.0,58100.0,53800.0,54900.0,62252.0,448900
2026-09-23,23800.0,25050.0,22200.0,22900.0,1492535.0,456010
2026-09-23,3660.0,3735.0,3635.0,3695.0,142187.0,036620
2026-09-23,21300.0,21550.0,20950.0,21400.0,68572.0,039440
2026-09-23,4400.0,4435.0,4345.0,4370.0,533077.0,064260
2026-09-23,7700.0,7700.0,7500.0,7660.0,17796.0,121440
2026-09-23,25150.0,25300.0,24450.0,24550.0,45287.0,389470
2026-09-23,21700.0,21900.0,21000.0,21150.0,22933.0,455900
2026-09-23,8000.0,8100.0,7750.0,7870.0,164094.0,060280
2026-09-23,14560.0,14560.0,13870.0,14420.0,139020.0,168360
2026-09-23,21250.0,21300.0,20800.0,21200.0,13937.0,372320
2026-09-23,15360.0,15360.0,14040.0,14200.0,572469.0,117730
2026-09-23,2625.0,2715.0,2565.0,2620.0,112439.0,067630
2026-09-23,3550.0,3570.0,3385.0,3440.0,203400.0,900290
2026-09-23,14400.0,15720.0,14370.0,15420.0,247462.0,017890
2026-09-23,9480.0,11660.0,9480.0,10890.0,3520445.0,446540
2026-09-23,21250.0,23000.0,21000.0,22600.0,441373.0,234340
2026-09-23,10620.0,10990.0,10010.0,10860.0,82175.0,488900
2026-09-23,2240.0,2270.0,2205.0,2255.0,346289.0,215600
2026-09-23,4410.0,4500.0,4260.0,4445.0,300947.0,061970
2026-09-23,13990.0,14070.0,13750.0,13950.0,133439.0,482630
2026-09-23,8370.0,8440.0,8220.0,8280.0,76354.0,206650
2026-09-23,29950.0,30700.0,24300.0,24800.0,8433669.0,0161M0
2026-09-23,21850.0,22300.0,21850.0,22100.0,10913.0,352480
2026-09-23,34400.0,34900.0,33200.0,33450.0,28443.0,199800
2026-09-23,7980.0,8270.0,7820.0,7930.0,12906.0,025770
2026-09-23,26400.0,27100.0,25900.0,26950.0,120383.0,160980
2026-09-23,9480.0,9620.0,9350.0,9560.0,234532.0,036200
2026-09-23,4585.0,4615.0,4490.0,4535.0,156052.0,035810
2026-09-23,6470.0,6470.0,6270.0,6330.0,11984.0,101930
2026-09-23,19060.0,19170.0,18950.0,19170.0,28372.0,265520
2026-09-23,11990.0,12250.0,11760.0,11820.0,48365.0,071200
2026-09-23,44250.0,45075.0,42500.0,43250.0,87555.0,389500
2026-09-23,2750.0,3045.0,2745.0,2830.0,15868736.0,203650
2026-09-23,13100.0,13100.0,12260.0,12460.0,2694919.0,012210
2026-09-23,4200.0,4240.0,4150.0,4180.0,83389.0,099440
2026-09-23,4930.0,4985.0,4880.0,4945.0,37804.0,472850
2026-09-23,18260.0,18370.0,18010.0,18080.0,33132.0,049070
2026-09-23,12540.0,13000.0,12310.0,12950.0,950998.0,425040
2026-09-23,3125.0,3170.0,3070.0,3100.0,465710.0,424870
2026-09-23,2650.0,2650.0,2635.0,2650.0,99563.0,136480
2026-09-23,12540.0,13450.0,12390.0,13280.0,300980.0,086390
2026-09-23,21150.0,21300.0,20800.0,21050.0,123015.0,091580
2026-09-23,23200.0,23300.0,22900.0,23150.0,8672.0,054950
2026-09-23,11150.0,11250.0,10500.0,10640.0,1606016.0,042370
2026-09-23,16220.0,16590.0,16000.0,16290.0,16591.0,092460
2026-09-23,6630.0,6630.0,6090.0,6350.0,2032142.0,024840
2026-09-23,6500.0,6800.0,6460.0,6690.0,123665.0,484590
2026-09-23,26050.0,27900.0,25700.0,27150.0,178616.0,294570
2026-09-23,9240.0,9350.0,9070.0,9240.0,11792.0,448280
2026-09-23,10000.0,10000.0,9900.0,9930.0,21121.0,035600
2026-09-23,10990.0,11120.0,10730.0,11000.0,55564.0,228760
2026-09-23,37000.0,42900.0,36400.0,42700.0,281298.0,354320
2026-09-23,24400.0,24500.0,23950.0,24200.0,19055.0,200670
2026-09-23,21400.0,21700.0,21100.0,21350.0,21655.0,084110
2026-09-23,28450.0,33450.0,28150.0,32600.0,75810.0,389650
2026-09-23,7260.0,7350.0,7110.0,7230.0,107929.0,216080
2026-09-23,25400.0,25500.0,23750.0,24200.0,186728.0,098070
2026-09-23,0.0,0.0,0.0,21000.0,0.0,309710
2026-09-23,9700.0,9950.0,9270.0,9650.0,346267.0,068930
2026-09-23,17540.0,18000.0,17300.0,17710.0,28361.0,287840
2026-09-23,0.0,0.0,0.0,3670.0,0.0,182400
2026-09-23,12090.0,12180.0,11830.0,12000.0,29874.0,036890
2026-09-23,5210.0,5250.0,5170.0,5240.0,41378.0,091700
2026-09-23,22750.0,24950.0,22700.0,23850.0,119147.0,484120
2026-09-23,12850.0,12890.0,12580.0,12760.0,29186.0,317330
2026-09-23,11090.0,11110.0,10920.0,11010.0,63786.0,060720
2026-09-23,9930.0,10030.0,9660.0,9880.0,146498.0,394280
2026-09-23,15920.0,18000.0,15620.0,17520.0,315717.0,493280
2026-09-23,5950.0,6340.0,5950.0,6170.0,92308.0,067390
2026-09-23,5520.0,5520.0,5360.0,5440.0,50431.0,151860
2026-09-23,17760.0,17760.0,17360.0,17410.0,18884.0,043150
2026-09-23,5530.0,5580.0,5380.0,5490.0,117410.0,0011T0
2026-09-23,21850.0,21950.0,21650.0,21700.0,3294.0,051500
2026-09-23,13570.0,13740.0,13250.0,13360.0,649339.0,452280
2026-09-23,33850.0,34000.0,33250.0,33550.0,5183.0,267980
2026-09-23,0.0,0.0,0.0,3320.0,0.0,121800
2026-09-23,12020.0,12040.0,11650.0,11750.0,22610.0,378340
2026-09-23,17480.0,17850.0,17330.0,17830.0,66408.0,042520
2026-09-23,0.0,0.0,0.0,4080.0,0.0,377460
2026-09-23,18850.0,19120.0,18470.0,18980.0,16877.0,461300
2026-09-23,15550.0,15580.0,15360.0,15410.0,50895.0,439090
2026-09-23,25900.0,28450.0,25650.0,27300.0,56292.0,065680
2026-09-23,20100.0,20600.0,19850.0,20200.0,16852.0,304360
2026-09-23,11690.0,11830.0,11500.0,11730.0,38818.0,094360
2026-09-23,7440.0,7930.0,7220.0,7620.0,332938.0,047920
2026-09-23,3245.0,3260.0,3200.0,3225.0,159949.0,023410
2026-09-23,4230.0,4985.0,4150.0,4765.0,1394937.0,314130
2026-09-23,15600.0,15720.0,15320.0,15580.0,26838.0,089980
2026-09-23,14490.0,14600.0,14210.0,14290.0,16918.0,377450
2026-09-23,24100.0,24850.0,23850.0,24250.0,43847.0,011560
2026-09-23,30150.0,30800.0,29850.0,30250.0,65218.0,272110
2026-09-23,17100.0,17400.0,16450.0,16790.0,186675.0,254490
2026-09-23,32300.0,32500.0,31700.0,31850.0,29795.0,073490
2026-09-23,4895.0,4965.0,4870.0,4925.0,75632.0,036030
2026-09-23,34800.0,34900.0,33100.0,33350.0,6244.0,376270
2026-09-23,22200.0,22250.0,21050.0,21900.0,26688.0,445090
2026-09-23,8960.0,9000.0,8760.0,8800.0,128904.0,108860
2026-09-23,4990.0,5190.0,4870.0,4880.0,190979.0,019010
2026-09-23,11110.0,11540.0,11110.0,11200.0,16643.0,043370
2026-09-23,2390.0,2445.0,2320.0,2385.0,39605.0,180400
2026-09-23,7900.0,7900.0,7530.0,7590.0,53399.0,064820
2026-09-23,4225.0,4570.0,4165.0,4425.0,1031664.0,036710
2026-09-23,16360.0,17000.0,16120.0,16900.0,331398.0,085910
2026-09-23,45000.0,46200.0,44550.0,45250.0,6930.0,065710
2026-09-23,25350.0,26200.0,25350.0,25950.0,13108.0,100120
2026-09-23,6460.0,7020.0,6290.0,7020.0,902516.0,032580
2026-09-23,18690.0,20750.0,18690.0,20300.0,50922.0,064850
2026-09-23,12820.0,13170.0,12730.0,12840.0,67209.0,389260
2026-09-23,6510.0,6950.0,6480.0,6650.0,280750.0,462350
2026-09-23,35750.0,36000.0,35550.0,35900.0,8548.0,215000
2026-09-23,19050.0,19070.0,18800.0,18800.0,13219.0,243070
2026-09-23,3260.0,3270.0,3090.0,3190.0,1046508.0,045390
2026-09-23,24900.0,26650.0,24000.0,24800.0,113397.0,416180
2026-09-23,1405.0,1459.0,1399.0,1420.0,59864.0,023760
2026-09-23,7700.0,8100.0,7630.0,7730.0,26860.0,200130
2026-09-23,15880.0,16000.0,15660.0,15720.0,50405.0,190510
2026-09-23,15480.0,15640.0,15200.0,15420.0,4797.0,481070
2026-09-23,5550.0,5660.0,5500.0,5620.0,160624.0,094480
2026-09-23,23600.0,23600.0,22650.0,23350.0,32349.0,0008Z0
2026-09-23,14260.0,14260.0,13800.0,13910.0,18082.0,144510
2026-09-23,3000.0,3180.0,2960.0,3035.0,2941878.0,462860
2026-09-23,6270.0,6340.0,6120.0,6210.0,604210.0,125020
2026-09-23,8480.0,8490.0,8230.0,8300.0,39881.0,114190
2026-09-23,8170.0,8280.0,8060.0,8150.0,83035.0,241520
2026-09-23,4055.0,4115.0,4015.0,4050.0,136396.0,298830
2026-09-23,19010.0,19090.0,18210.0,18330.0,64004.0,475400
2026-09-23,12020.0,12090.0,11870.0,11960.0,41922.0,237880
2026-09-23,8540.0,8630.0,8400.0,8450.0,35801.0,0001A0
2026-09-23,10960.0,10960.0,10310.0,10710.0,6560.0,005710
2026-09-23,14630.0,14660.0,14450.0,14530.0,12052.0,018310
2026-09-23,9300.0,9670.0,9160.0,9600.0,100867.0,365270
2026-09-23,11120.0,11550.0,11120.0,11420.0,90720.0,067080
2026-09-23,5780.0,5920.0,5630.0,5750.0,156248.0,307180
2026-09-23,10540.0,10640.0,10250.0,10490.0,73024.0,112290
2026-09-23,3970.0,4170.0,3950.0,3975.0,412975.0,290690
2026-09-23,4210.0,4320.0,4170.0,4320.0,9336.0,950170
2026-09-23,8260.0,8350.0,8150.0,8160.0,116250.0,064550
2026-09-23,23300.0,25000.0,23000.0,24000.0,179254.0,382900
2026-09-23,5510.0,5650.0,5400.0,5440.0,59901.0,243840
2026-09-23,22850.0,23400.0,22500.0,23000.0,18104.0,049430
2026-09-23,0.0,0.0,0.0,8450.0,0.0,380540
2026-09-23,34150.0,36500.0,33700.0,35650.0,340494.0,417030
2026-09-23,18920.0,18960.0,18220.0,18390.0,66532.0,199430
2026-09-23,4580.0,4605.0,4450.0,4495.0,70040.0,014940
2026-09-23,9390.0,9420.0,9260.0,9350.0,28490.0,206640
2026-09-23,6260.0,6260.0,6140.0,6180.0,45259.0,353810
2026-09-23,16000.0,16090.0,15620.0,15720.0,33655.0,459510
2026-09-23,3295.0,3390.0,3265.0,3300.0,82056.0,099430
2026-09-23,34400.0,34550.0,33750.0,33800.0,1574.0,036190
2026-09-23,16550.0,16850.0,16000.0,16360.0,12733.0,058970
2026-09-23,37350.0,37450.0,36400.0,36750.0,7408.0,061090
2026-09-23,5080.0,5200.0,5010.0,5060.0,130456.0,053300
2026-09-23,23500.0,23800.0,22550.0,22800.0,179272.0,126730
2026-09-23,10680.0,11240.0,10460.0,11210.0,177085.0,083310
2026-09-23,6600.0,6600.0,6360.0,6430.0,68296.0,095500
2026-09-23,5150.0,5640.0,5080.0,5280.0,22290.0,450950
2026-09-23,6710.0,6780.0,6590.0,6650.0,16832.0,314930
2026-09-23,6080.0,6100.0,5990.0,6030.0,34488.0,053030
2026-09-23,18750.0,19390.0,18300.0,19390.0,72907.0,086670
2026-09-23,0.0,0.0,0.0,2410.0,0.0,080720
2026-09-23,2060.0,2295.0,2000.0,2045.0,228283.0,217730
2026-09-23,24100.0,25250.0,24000.0,24100.0,153948.0,123330
2026-09-23,10880.0,10890.0,10170.0,10260.0,634128.0,388050
2026-09-23,5810.0,5810.0,5500.0,5660.0,678709.0,046120
2026-09-23,5260.0,5400.0,5160.0,5310.0,132621.0,452450
2026-09-23,2050.0,2085.0,1999.0,2015.0,731202.0,078150
2026-09-23,7300.0,8350.0,7120.0,8080.0,1188856.0,340450
2026-09-23,2105.0,2105.0,2080.0,2095.0,44622.0,013120
2026-09-23,22750.0,23900.0,22750.0,23300.0,4625.0,042420
2026-09-23,14130.0,14810.0,14000.0,14700.0,23493.0,308430
2026-09-23,15260.0,15310.0,15030.0,15060.0,39947.0,304100
2026-09-23,3500.0,3500.0,3455.0,3495.0,636036.0,005160
2026-09-23,24950.0,25800.0,24850.0,25200.0,3420.0,066620
2026-09-23,3030.0,3030.0,2935.0,3005.0,27748.0,126600
2026-09-23,12090.0,12120.0,11890.0,11960.0,5533.0,036560
2026-09-23,12530.0,12700.0,12310.0,12550.0,663598.0,024060
2026-09-23,5980.0,5980.0,5900.0,5950.0,4603.0,034810
2026-09-23,0.0,0.0,0.0,994.0,0.0,016790
2026-09-23,30000.0,30350.0,29650.0,30050.0,3604.0,192440
2026-09-23,1975.0,2040.0,1923.0,1972.0,330261.0,115450
2026-09-23,17350.0,17570.0,17020.0,17350.0,14096.0,143240
2026-09-23,12450.0,12520.0,11930.0,12050.0,96204.0,484810
2026-09-23,13600.0,14500.0,13500.0,13920.0,183631.0,230240
2026-09-23,10130.0,10210.0,10070.0,10090.0,16908.0,194700
2026-09-23,11510.0,12440.0,11390.0,11830.0,161786.0,051160
2026-09-23,13810.0,14070.0,13800.0,13950.0,22505.0,102940
2026-09-23,13950.0,14100.0,13850.0,14050.0,25685.0,214180
2026-09-23,10600.0,10990.0,10210.0,10270.0,25366.0,052330
2026-09-23,8040.0,8150.0,8000.0,8040.0,8945.0,084850
2026-09-23,2715.0,2740.0,2610.0,2650.0,536977.0,256840
2026-09-23,12210.0,12210.0,11750.0,11940.0,81293.0,094820
2026-09-23,9760.0,10100.0,9670.0,9990.0,104622.0,464080
2026-09-23,15920.0,16270.0,15720.0,16050.0,29593.0,318060
2026-09-23,6270.0,6480.0,6270.0,6390.0,31611.0,293780
2026-09-23,12360.0,14250.0,12260.0,12940.0,3663756.0,274090
2026-09-23,6310.0,6310.0,6180.0,6250.0,30441.0,176750
2026-09-23,12150.0,12180.0,12020.0,12100.0,20814.0,083930
2026-09-23,3250.0,3315.0,3115.0,3155.0,2945455.0,067290
2026-09-23,18910.0,18950.0,18240.0,18460.0,33643.0,108380
2026-09-23,5700.0,6100.0,5280.0,5530.0,3785378.0,394800
2026-09-23,17290.0,17400.0,17000.0,17210.0,31040.0,419530
2026-09-23,11310.0,12080.0,11310.0,11900.0,78288.0,489460
2026-09-23,14050.0,14500.0,13980.0,14250.0,23471.0,405100
2026-09-23,12340.0,12360.0,12110.0,12160.0,41178.0,403850
2026-09-23,14140.0,14400.0,14140.0,14310.0,20877.0,194480
2026-09-23,16000.0,16300.0,15510.0,16200.0,2905.0,143160
2026-09-23,7720.0,7860.0,7570.0,7820.0,27995.0,068790
2026-09-23,5770.0,5920.0,5680.0,5710.0,230070.0,264850
2026-09-23,15300.0,15510.0,15100.0,15210.0,34840.0,138610
2026-09-23,13800.0,14000.0,13480.0,13570.0,26942.0,270660
2026-09-23,14240.0,14480.0,14160.0,14250.0,2020.0,092130
2026-09-23,2805.0,2865.0,2780.0,2815.0,108712.0,082800
2026-09-23,14210.0,14880.0,14140.0,14600.0,41786.0,0015G0
2026-09-23,9500.0,10050.0,9110.0,9360.0,919643.0,032940
2026-09-23,6510.0,6630.0,6510.0,6610.0,28496.0,122990
2026-09-23,15750.0,16290.0,15410.0,15740.0,25369.0,039830
2026-09-23,15500.0,15950.0,15230.0,15610.0,917269.0,488280
2026-09-23,7710.0,7750.0,7520.0,7580.0,90306.0,199820
2026-09-23,30000.0,30800.0,30000.0,30800.0,2135.0,357550
2026-09-23,5200.0,5320.0,5060.0,5270.0,502040.0,382800
2026-09-23,10070.0,10100.0,9970.0,10030.0,13720.0,038390
2026-09-23,18030.0,18770.0,17670.0,18440.0,360857.0,263860
2026-09-23,10600.0,11800.0,10480.0,11410.0,507179.0,264450
2026-09-23,20700.0,22250.0,20350.0,21450.0,136085.0,355150
2026-09-23,2200.0,2385.0,2130.0,2215.0,375358.0,088800
2026-09-23,0.0,0.0,0.0,741.0,0.0,245620
2026-09-23,6840.0,6850.0,6740.0,6810.0,71036.0,118990
2026-09-23,6800.0,6820.0,6500.0,6600.0,159804.0,054210
2026-09-23,2970.0,3000.0,2925.0,2995.0,51345.0,204610
2026-09-23,2300.0,2345.0,2230.0,2275.0,391921.0,012860
2026-09-23,3145.0,3170.0,3045.0,3095.0,322503.0,475040
2026-09-23,11330.0,12160.0,11120.0,12000.0,164027.0,187870
2026-09-23,12600.0,12950.0,11910.0,12170.0,158718.0,149950
2026-09-23,2600.0,2710.0,2545.0,2710.0,166266.0,036170
2026-09-23,8580.0,8940.0,8540.0,8920.0,57305.0,041920
2026-09-23,56300.0,59500.0,55900.0,57200.0,15064.0,260970
2026-09-23,5790.0,5990.0,5790.0,5940.0,37961.0,123410
2026-09-23,6310.0,6410.0,6110.0,6230.0,77740.0,119830
2026-09-23,7150.0,7160.0,6870.0,7050.0,275370.0,051370
2026-09-23,1820.0,1899.0,1778.0,1809.0,116346.0,104480
2026-09-23,6460.0,6580.0,6210.0,6340.0,56101.0,086820
2026-09-23,14600.0,14600.0,14110.0,14400.0,19045.0,119610
2026-09-23,7140.0,7180.0,6950.0,7030.0,155614.0,049630
2026-09-23,2705.0,2765.0,2655.0,2725.0,546407.0,289080
2026-09-23,13350.0,13990.0,13180.0,13470.0,13204.0,123860
2026-09-23,13270.0,13270.0,12970.0,13040.0,11933.0,402030
2026-09-23,12850.0,16420.0,12660.0,14050.0,9729490.0,478340
2026-09-23,8200.0,8360.0,8120.0,8210.0,9701.0,950140
2026-09-23,5250.0,5405.0,5160.0,5290.0,701939.0,388790
2026-09-23,3245.0,3280.0,3000.0,3280.0,370716.0,134580
2026-09-23,8900.0,9120.0,8820.0,8970.0,64316.0,234690
2026-09-23,3100.0,3100.0,3025.0,3065.0,29503.0,032620
2026-09-23,12200.0,13200.0,11980.0,12520.0,355493.0,163730
2026-09-23,0.0,0.0,0.0,1153.0,0.0,066410
2026-09-23,4175.0,4265.0,4140.0,4185.0,140848.0,039860
2026-09-23,11930.0,12450.0,11710.0,11980.0,29148.0,0082N0
2026-09-23,4710.0,6010.0,4597.0,6010.0,12897056.0,396300
2026-09-23,20100.0,20100.0,19830.0,19950.0,4548.0,372170
2026-09-23,10720.0,10720.0,10500.0,10600.0,19056.0,126700
2026-09-23,8380.0,8480.0,8250.0,8380.0,52699.0,080160
2026-09-23,14840.0,15190.0,14320.0,14730.0,81754.0,226590
2026-09-23,26250.0,26300.0,26000.0,26300.0,2085.0,023910
2026-09-23,13290.0,13500.0,13040.0,13220.0,17362.0,072870
2026-09-23,4800.0,4830.0,4685.0,4790.0,36044.0,013990
2026-09-23,4850.0,4850.0,4615.0,4790.0,27398.0,093640
2026-09-23,4400.0,4690.0,4320.0,4460.0,20946.0,024800
2026-09-23,27750.0,28350.0,27000.0,27250.0,13850.0,474650
2026-09-23,4255.0,4350.0,4170.0,4270.0,767500.0,413630
2026-09-23,7340.0,7590.0,7060.0,7510.0,290001.0,222040
2026-09-23,8270.0,8280.0,7920.0,8030.0,14121.0,093190
2026-09-23,5030.0,5040.0,4965.0,5020.0,16799.0,011040
2026-09-23,20700.0,20700.0,18950.0,19160.0,178569.0,0007C0
2026-09-23,4830.0,4850.0,4710.0,4800.0,35741.0,418550
2026-09-23,12440.0,12590.0,12170.0,12590.0,13395.0,041520
2026-09-23,10100.0,10280.0,9900.0,10130.0,53226.0,054450
2026-09-23,25800.0,26350.0,25500.0,25850.0,15534.0,067280
2026-09-23,8000.0,9200.0,8000.0,8890.0,276255.0,445180
2026-09-23,10800.0,10820.0,10540.0,10750.0,104074.0,432720
2026-09-23,14750.0,15050.0,14590.0,14680.0,694.0,054800
2026-09-23,10010.0,10060.0,9980.0,10020.0,8692.0,007330
2026-09-23,3025.0,3100.0,3010.0,3030.0,107708.0,041020
2026-09-23,13070.0,13090.0,12550.0,13000.0,22417.0,092070
2026-09-23,1826.0,1860.0,1752.0,1800.0,93093.0,205500
2026-09-23,8680.0,8960.0,8510.0,8790.0,32506.0,078070
2026-09-23,1720.0,1730.0,1651.0,1685.0,393973.0,138360
2026-09-23,4060.0,4065.0,4005.0,4055.0,39202.0,046440
2026-09-23,22700.0,23100.0,22650.0,22950.0,12191.0,489500
2026-09-23,11460.0,12270.0,11100.0,11660.0,500568.0,0015N0
2026-09-23,4530.0,4580.0,4470.0,4525.0,20533.0,179290
2026-09-23,7480.0,8290.0,7360.0,7780.0,2142515.0,0039P0
2026-09-23,14960.0,14960.0,14240.0,14620.0,16415.0,065660
2026-09-23,11620.0,12100.0,11520.0,11720.0,12318.0,042600
2026-09-23,3530.0,3630.0,3505.0,3565.0,36167.0,086890
2026-09-23,9100.0,9100.0,9000.0,9010.0,3944.0,023600
2026-09-23,3995.0,4100.0,3970.0,4045.0,59889.0,148150
2026-09-23,10880.0,10920.0,10740.0,10800.0,308.0,005990
2026-09-23,3750.0,3805.0,3650.0,3790.0,790536.0,047770
2026-09-23,13050.0,13250.0,13050.0,13130.0,877.0,069510
2026-09-23,7180.0,7180.0,7030.0,7080.0,68664.0,147830
2026-09-23,9670.0,9670.0,9210.0,9550.0,6028.0,101970
2026-09-23,9520.0,9590.0,9360.0,9520.0,5960.0,115310
2026-09-23,8620.0,8700.0,8450.0,8540.0,23464.0,300080
2026-09-23,15450.0,15450.0,14890.0,14960.0,8632.0,049960
2026-09-23,5980.0,6320.0,5940.0,6260.0,135042.0,220100
2026-09-23,12500.0,12510.0,12180.0,12300.0,12887.0,089600
2026-09-23,15800.0,19630.0,15200.0,18390.0,7782429.0,387690
2026-09-23,10500.0,10550.0,10230.0,10380.0,93581.0,212560
2026-09-23,3000.0,3050.0,2975.0,3030.0,41138.0,084990
2026-09-23,8160.0,8700.0,8070.0,8460.0,184937.0,451760
2026-09-23,8400.0,8510.0,8330.0,8370.0,17421.0,114840
2026-09-23,16150.0,16600.0,15460.0,15610.0,69491.0,469610
2026-09-23,5180.0,5260.0,5060.0,5060.0,9135.0,035610
2026-09-23,7770.0,7840.0,7620.0,7740.0,121557.0,102120
2026-09-23,7520.0,7790.0,7410.0,7640.0,65205.0,251370
2026-09-23,13030.0,14180.0,12830.0,13870.0,250716.0,0088M0
2026-09-23,7410.0,8000.0,7310.0,7700.0,80219.0,101360
2026-09-23,10450.0,10970.0,10400.0,10690.0,40100.0,146320
2026-09-23,8820.0,9430.0,8750.0,9070.0,82571.0,211270
2026-09-23,4550.0,4650.0,4345.0,4530.0,117810.0,321550
2026-09-23,5500.0,5920.0,5330.0,5550.0,5267798.0,158430
2026-09-23,3415.0,3475.0,3310.0,3380.0,125453.0,073010
2026-09-23,13970.0,14550.0,13850.0,14500.0,112862.0,322310
2026-09-23,3935.0,3970.0,3800.0,3850.0,557369.0,126640
2026-09-23,4850.0,5230.0,4725.0,4780.0,4905133.0,054920
2026-09-23,7410.0,7500.0,7260.0,7360.0,344415.0,059120
2026-09-23,20500.0,20500.0,20200.0,20400.0,5546.0,003100
2026-09-23,10250.0,10455.0,9970.0,10120.0,101446.0,232680
2026-09-23,10650.0,10720.0,10260.0,10410.0,24620.0,140670
2026-09-23,6330.0,7100.0,6330.0,6590.0,704907.0,417010
2026-09-23,11900.0,11980.0,11760.0,11890.0,23808.0,035080
2026-09-23,10840.0,11030.0,10720.0,10800.0,5361.0,136540
2026-09-23,1062.0,1238.0,1053.0,1210.0,9721549.0,255220
2026-09-23,7530.0,7590.0,7300.0,7400.0,369658.0,265740
2026-09-23,5960.0,6030.0,5700.0,5910.0,175934.0,156100
2026-09-23,7310.0,7360.0,6920.0,7030.0,374864.0,053260
2026-09-23,8200.0,8300.0,7730.0,7920.0,74750.0,228850
2026-09-23,13360.0,13750.0,13280.0,13490.0,21344.0,264660
2026-09-23,10510.0,12120.0,10130.0,12120.0,7090222.0,115440
2026-09-23,11990.0,12220.0,11570.0,12060.0,14645.0,038290
2026-09-23,10070.0,10100.0,9960.0,10020.0,21097.0,001540
2026-09-23,9130.0,9150.0,9050.0,9120.0,14820.0,049720
2026-09-23,14420.0,14440.0,13670.0,13960.0,65389.0,457550
2026-09-23,12240.0,12300.0,12110.0,12280.0,20576.0,285490
2026-09-23,1471.0,1515.0,1465.0,1473.0,259508.0,048870
2026-09-23,4000.0,4030.0,3885.0,3955.0,97557.0,417500
2026-09-23,12840.0,13500.0,12710.0,13190.0,24513.0,361390
2026-09-23,6420.0,6450.0,6300.0,6420.0,36011.0,037070
2026-09-23,12600.0,12880.0,12310.0,12750.0,46745.0,290740
2026-09-23,1613.0,1613.0,1539.0,1605.0,1566.0,080420
2026-09-23,8080.0,8460.0,8010.0,8290.0,25331.0,338840
2026-09-23,6160.0,6410.0,6040.0,6100.0,388829.0,240550
2026-09-23,6210.0,6210.0,6040.0,6150.0,143822.0,142210
2026-09-23,11010.0,13120.0,10870.0,11400.0,92326.0,331920
2026-09-23,17000.0,17000.0,16610.0,16830.0,12610.0,079960
2026-09-23,2775.0,2795.0,2755.0,2785.0,15360.0,060150
2026-09-23,1727.0,2030.0,1682.0,1794.0,26382494.0,321370
2026-09-23,5980.0,6140.0,5730.0,5920.0,9525.0,021320
2026-09-23,9740.0,9740.0,9360.0,9440.0,46290.0,039840
2026-09-23,7860.0,8190.0,7770.0,7900.0,18797.0,105330
2026-09-23,4100.0,4220.0,4050.0,4110.0,121022.0,418420
2026-09-23,11040.0,11080.0,10720.0,10810.0,20728.0,282880
2026-09-23,3870.0,3990.0,3825.0,3930.0,65025.0,220260
2026-09-23,9880.0,10090.0,9610.0,9680.0,69607.0,950190
2026-09-23,7030.0,7240.0,6700.0,7060.0,98169.0,474170
2026-09-23,0.0,0.0,0.0,2885.0,0.0,036690
2026-09-23,2180.0,2205.0,2155.0,2185.0,153933.0,267320
2026-09-23,1123.0,1130.0,1111.0,1124.0,117766.0,027710
2026-09-23,2895.0,2900.0,2830.0,2890.0,20761.0,408920
2026-09-23,6000.0,6300.0,5850.0,6240.0,1040062.0,079650
2026-09-23,2730.0,2840.0,2645.0,2735.0,113839.0,095700
2026-09-23,4870.0,5000.0,4780.0,4840.0,53702.0,322510
2026-09-23,8000.0,8280.0,8000.0,8130.0,57599.0,494120
2026-09-23,5980.0,6200.0,5900.0,6170.0,33276.0,256940
2026-09-23,12100.0,12730.0,11950.0,12590.0,22838.0,094840
2026-09-23,4550.0,4610.0,4440.0,4510.0,75737.0,297090
2026-09-23,0.0,0.0,0.0,1190.0,0.0,056090
2026-09-23,13550.0,14200.0,13130.0,13670.0,79746.0,172670
2026-09-23,10060.0,10650.0,10020.0,10200.0,488290.0,115500
2026-09-23,10800.0,11580.0,10800.0,11010.0,754776.0,042510
2026-09-23,7310.0,7330.0,7050.0,7210.0,109250.0,402490
2026-09-23,7320.0,8220.0,7140.0,7950.0,586377.0,071280
2026-09-23,6840.0,6990.0,6780.0,6790.0,22755.0,052860
2026-09-23,3880.0,4090.0,3880.0,4040.0,93557.0,052260
2026-09-23,2275.0,2305.0,2230.0,2245.0,65393.0,307750
2026-09-23,10540.0,10690.0,9950.0,10040.0,236553.0,153890
2026-09-23,3740.0,4200.0,3660.0,3675.0,18096681.0,201490
2026-09-23,7840.0,7880.0,7710.0,7870.0,88912.0,017510
2026-09-23,3220.0,3250.0,3145.0,3155.0,137547.0,108230
2026-09-23,5090.0,5230.0,4920.0,4995.0,753958.0,443670
2026-09-23,6290.0,6330.0,6160.0,6250.0,119692.0,008830
2026-09-23,1226.0,1449.0,1226.0,1261.0,356121.0,293580
2026-09-23,6820.0,7000.0,6670.0,6700.0,63847.0,041440
2026-09-23,6770.0,6790.0,6720.0,6790.0,4041.0,009780
2026-09-23,1829.0,1884.0,1800.0,1825.0,70231.0,095190
2026-09-23,5590.0,5920.0,5510.0,5750.0,68316.0,308080
2026-09-23,7840.0,7950.0,7510.0,7720.0,132303.0,037350
2026-09-23,3095.0,3145.0,2940.0,3070.0,117406.0,290720
2026-09-23,2625.0,2625.0,2425.0,2595.0,5656.0,122450
2026-09-23,2990.0,3000.0,2910.0,2965.0,8953.0,336680
2026-09-23,0.0,0.0,0.0,2370.0,0.0,041590
2026-09-23,3200.0,3220.0,3080.0,3150.0,47048.0,047310
2026-09-23,3760.0,3780.0,3715.0,3735.0,34994.0,049520
2026-09-23,0.0,0.0,0.0,1035.0,0.0,051980
2026-09-23,3765.0,3805.0,3695.0,3730.0,63192.0,333430
2026-09-23,3360.0,3440.0,3040.0,3210.0,421176.0,950250
2026-09-23,8580.0,8730.0,8460.0,8460.0,23940.0,101170
2026-09-23,8880.0,8880.0,8600.0,8770.0,21726.0,053080
2026-09-23,2995.0,3120.0,2915.0,3090.0,558438.0,091440
2026-09-23,12300.0,12410.0,12000.0,12190.0,167551.0,0011A0
2026-09-23,3655.0,3715.0,3450.0,3665.0,201653.0,351320
2026-09-23,7050.0,7070.0,7010.0,7070.0,20853.0,054050
2026-09-23,1587.0,1588.0,1520.0,1548.0,420831.0,297890
2026-09-23,7620.0,7620.0,7520.0,7520.0,5511.0,458650
2026-09-23,12870.0,15900.0,12650.0,14030.0,11884891.0,072950
2026-09-23,7710.0,8130.0,7620.0,7810.0,91787.0,474610
2026-09-23,4715.0,4835.0,4650.0,4700.0,228770.0,452190
2026-09-23,2105.0,2155.0,2035.0,2120.0,99187.0,166480
2026-09-23,9360.0,9450.0,9160.0,9240.0,41940.0,141000
2026-09-23,16200.0,16440.0,15880.0,16210.0,63710.0,389020
2026-09-23,13630.0,14200.0,13520.0,14200.0,161557.0,0007J0
2026-09-23,1776.0,1840.0,1776.0,1787.0,49828.0,086980
2026-09-23,4950.0,4985.0,4910.0,4940.0,21920.0,090850
2026-09-23,3225.0,3245.0,3165.0,3245.0,27480.0,063570
2026-09-23,3710.0,4325.0,3625.0,3895.0,7293704.0,209640
2026-09-23,3795.0,3820.0,3755.0,3795.0,53526.0,067990
2026-09-23,10450.0,10450.0,9960.0,10140.0,62565.0,475230
2026-09-23,9110.0,9170.0,8930.0,9040.0,42389.0,259630
2026-09-23,12150.0,12150.0,11640.0,11800.0,11173.0,051360
2026-09-23,16710.0,16750.0,16530.0,16670.0,219.0,018120
2026-09-23,10270.0,10270.0,10030.0,10130.0,15255.0,473980
2026-09-23,6780.0,6870.0,6700.0,6760.0,40213.0,396470
2026-09-23,2300.0,2325.0,2230.0,2285.0,58990.0,246710
2026-09-23,2385.0,2450.0,2360.0,2385.0,23422.0,217270
2026-09-23,2370.0,2445.0,2360.0,2420.0,18515.0,339950
2026-09-23,2265.0,2345.0,2225.0,2275.0,231325.0,217820
2026-09-23,13450.0,13610.0,13320.0,13480.0,18486.0,299030
2026-09-23,1603.0,2030.0,1585.0,1884.0,36461754.0,419050
2026-09-23,7650.0,7870.0,7640.0,7690.0,3459.0,036630
2026-09-23,2525.0,2525.0,2465.0,2510.0,108957.0,039560
2026-09-23,9700.0,10000.0,9300.0,9760.0,63282.0,394420
2026-09-23,8180.0,8180.0,7950.0,8150.0,33681.0,289930
2026-09-23,14750.0,14900.0,14510.0,14900.0,3656.0,120240
2026-09-23,8230.0,8550.0,8150.0,8490.0,21241.0,311320
2026-09-23,4885.0,4885.0,4800.0,4865.0,1994.0,039340
2026-09-23,11290.0,11725.0,11100.0,11390.0,225877.0,189330
2026-09-23,5910.0,5980.0,5800.0,5860.0,28209.0,067900
2026-09-23,4410.0,4745.0,4365.0,4690.0,91511.0,366030
2026-09-23,9820.0,10040.0,9810.0,9970.0,21066.0,106190
2026-09-23,2240.0,2250.0,2165.0,2220.0,94675.0,040300
2026-09-23,1525.0,1529.0,1515.0,1523.0,56052.0,073560
2026-09-23,1390.0,1390.0,1300.0,1356.0,121218.0,334970
2026-09-23,3045.0,3090.0,2990.0,3045.0,120387.0,242040
2026-09-23,1884.0,1911.0,1831.0,1903.0,89664.0,038540
2026-09-23,1916.0,2005.0,1890.0,1942.0,758425.0,357880
2026-09-23,1810.0,1811.0,1690.0,1701.0,79931.0,175250
2026-09-23,4025.0,4095.0,3920.0,4075.0,10330.0,109740
2026-09-23,6770.0,6800.0,6610.0,6790.0,21466.0,130580
2026-09-23,5760.0,6480.0,5560.0,6430.0,321885.0,129920
2026-09-23,1647.0,1698.0,1625.0,1657.0,35803.0,123040
2026-09-23,1075.0,1095.0,1047.0,1071.0,357515.0,048550
2026-09-23,5820.0,5870.0,5680.0,5830.0,19114.0,131030
2026-09-23,3870.0,3900.0,3800.0,3850.0,85048.0,053700
2026-09-23,3275.0,3615.0,3255.0,3525.0,719595.0,261780
2026-09-23,6150.0,6220.0,6020.0,6170.0,90893.0,125210
2026-09-23,11770.0,12230.0,11730.0,12230.0,74507.0,083500
2026-09-23,7640.0,7640.0,7400.0,7450.0,51604.0,475580
2026-09-23,6300.0,7000.0,6270.0,6520.0,13349.0,182360
2026-09-23,6430.0,6590.0,6320.0,6480.0,29929.0,307930
2026-09-23,5820.0,5850.0,5650.0,5680.0,10705.0,063170
2026-09-23,2315.0,2345.0,2280.0,2300.0,90185.0,100700
2026-09-23,2105.0,2105.0,2065.0,2090.0,129738.0,021080
2026-09-23,4540.0,4600.0,4430.0,4550.0,47748.0,053350
2026-09-23,1925.0,1940.0,1895.0,1919.0,149295.0,310200
2026-09-23,3510.0,3540.0,3450.0,3515.0,39701.0,006620
2026-09-23,3035.0,3240.0,3015.0,3105.0,124641.0,250060
2026-09-23,1623.0,1670.0,1601.0,1639.0,458814.0,198440
2026-09-23,4290.0,4325.0,4100.0,4295.0,41215.0,309960
2026-09-23,3720.0,3725.0,3610.0,3660.0,108412.0,059210
2026-09-23,12820.0,12820.0,12350.0,12520.0,13626.0,453450
2026-09-23,0.0,0.0,0.0,6070.0,0.0,246720
2026-09-23,4245.0,4320.0,4150.0,4255.0,60633.0,323990
2026-09-23,7380.0,7470.0,7280.0,7410.0,76984.0,036010
2026-09-23,7190.0,7600.0,7120.0,7520.0,214017.0,173130
2026-09-23,5560.0,5730.0,5480.0,5600.0,50134.0,088130
2026-09-23,3640.0,3665.0,3580.0,3640.0,16549.0,352090
2026-09-23,2635.0,2665.0,2575.0,2640.0,121207.0,317770
2026-09-23,7230.0,7640.0,7230.0,7420.0,122691.0,217190
2026-09-23,0.0,0.0,0.0,2205.0,0.0,066790
2026-09-23,2040.0,2070.0,2000.0,2030.0,183754.0,306620
2026-09-23,7110.0,7770.0,7110.0,7450.0,98444.0,255440
2026-09-23,6490.0,6620.0,6140.0,6350.0,633325.0,411080
2026-09-23,6630.0,6740.0,6520.0,6690.0,3104.0,298540
2026-09-23,9880.0,10000.0,9750.0,9940.0,17222.0,052420
2026-09-23,0.0,0.0,0.0,2530.0,0.0,068240
2026-09-23,2715.0,2920.0,2705.0,2815.0,117070.0,235980
2026-09-23,1005.0,1098.0,1005.0,1077.0,75989.0,074430
2026-09-23,7380.0,7560.0,6970.0,7000.0,93710.0,099750
2026-09-23,7470.0,8920.0,7420.0,7800.0,766627.0,380550
2026-09-23,0.0,0.0,0.0,10800.0,0.0,017650
2026-09-23,3895.0,4065.0,3525.0,3745.0,29173.0,192410
2026-09-23,2445.0,2805.0,2420.0,2770.0,477149.0,246960
2026-09-23,2995.0,3240.0,2960.0,3050.0,482739.0,187790
2026-09-23,7180.0,7210.0,7020.0,7120.0,56009.0,330350
2026-09-23,4260.0,4260.0,4155.0,4195.0,60587.0,042500
2026-09-23,1375.0,1404.0,1351.0,1382.0,362305.0,205100
2026-09-23,10590.0,10680.0,10390.0,10570.0,15423.0,049950
2026-09-23,5000.0,5090.0,4960.0,5050.0,24846.0,002230
2026-09-23,1929.0,1998.0,1874.0,1899.0,46205.0,109610
2026-09-23,3030.0,3180.0,2985.0,3080.0,3146762.0,062970
2026-09-23,2340.0,2470.0,2320.0,2350.0,158172.0,005860
2026-09-23,3735.0,3750.0,3585.0,3625.0,236746.0,037030
2026-09-23,3510.0,3600.0,3430.0,3510.0,59322.0,045970
2026-09-23,9600.0,9700.0,9200.0,9440.0,41291.0,348350
2026-09-23,9400.0,9530.0,8940.0,9140.0,498485.0,014950
2026-09-23,11500.0,12180.0,11230.0,11410.0,43169.0,493330
2026-09-23,3050.0,3050.0,2570.0,2710.0,1839482.0,439580
2026-09-23,11710.0,11710.0,11220.0,11340.0,341585.0,457370
2026-09-23,5800.0,5830.0,5800.0,5820.0,3731.0,040420
2026-09-23,1206.0,1288.0,1161.0,1228.0,769796.0,307870
2026-09-23,7210.0,7230.0,7060.0,7230.0,2921.0,023900
2026-09-23,6900.0,7000.0,6850.0,7000.0,8744.0,053580
2026-09-23,2240.0,2255.0,2150.0,2185.0,595384.0,162300
2026-09-23,4845.0,4850.0,4750.0,4850.0,8903.0,093920
2026-09-23,7740.0,7740.0,7300.0,7440.0,10390.0,282720
2026-09-23,14250.0,14250.0,13910.0,14150.0,626.0,009300
2026-09-23,6500.0,6550.0,6060.0,6280.0,36885.0,036220
2026-09-23,2890.0,2910.0,2715.0,2905.0,33357.0,048530
2026-09-23,1904.0,2000.0,1800.0,1945.0,29380.0,900260
2026-09-23,7660.0,8380.0,7440.0,7590.0,24112.0,047560
2026-09-23,10290.0,10610.0,10070.0,10160.0,75388.0,432470
2026-09-23,6700.0,7170.0,6530.0,7080.0,125302.0,048910
2026-09-23,2285.0,2315.0,2260.0,2290.0,38858.0,013310
2026-09-23,2300.0,2310.0,2265.0,2295.0,60718.0,066590
2026-09-23,4395.0,4395.0,4205.0,4270.0,40208.0,362320
2026-09-23,3210.0,3275.0,2735.0,2760.0,13244896.0,303810
2026-09-23,5980.0,6370.0,5880.0,5990.0,206014.0,052460
2026-09-23,8560.0,8660.0,8350.0,8530.0,2008.0,096240
2026-09-23,2085.0,2105.0,2020.0,2050.0,348580.0,086960
2026-09-23,1123.0,1172.0,1095.0,1133.0,870861.0,052900
2026-09-23,4065.0,4065.0,3980.0,4035.0,30110.0,322180
2026-09-23,2920.0,2940.0,2870.0,2920.0,264815.0,065450
2026-09-23,2135.0,2155.0,2085.0,2085.0,10370.0,357230
2026-09-23,6700.0,6790.0,6420.0,6590.0,56114.0,054540
2026-09-23,4920.0,5320.0,4845.0,4995.0,1714699.0,100590
2026-09-23,9280.0,9350.0,9190.0,9310.0,9276.0,004650
2026-09-23,1522.0,1526.0,1503.0,1521.0,7741.0,033290
2026-09-23,4625.0,4735.0,4620.0,4680.0,14778.0,330730
2026-09-23,2060.0,2185.0,2040.0,2160.0,136120.0,089230
2026-09-23,6880.0,7060.0,6760.0,6920.0,9475.0,263720
2026-09-23,9150.0,9280.0,9100.0,9150.0,9610.0,072020
2026-09-23,9990.0,10300.0,9840.0,10050.0,15630.0,025950
2026-09-23,3125.0,3165.0,3055.0,3100.0,116165.0,234300
2026-09-23,1385.0,1415.0,1380.0,1412.0,77495.0,029480
2026-09-23,0.0,0.0,0.0,1009.0,0.0,049180
2026-09-23,1930.0,1970.0,1925.0,1942.0,35313.0,185490
2026-09-23,0.0,0.0,0.0,990.0,0.0,183490
2026-09-23,4130.0,4170.0,3905.0,4030.0,322216.0,226400
2026-09-23,7050.0,7100.0,6580.0,7060.0,252337.0,357580
2026-09-23,10890.0,10960.0,10720.0,10830.0,7996.0,044990
2026-09-23,6960.0,7070.0,6650.0,6810.0,2294.0,086710
2026-09-23,4120.0,4170.0,4025.0,4065.0,61959.0,215100
2026-09-23,9990.0,10270.0,9590.0,9730.0,433311.0,049080
2026-09-23,3200.0,3285.0,3100.0,3195.0,15291.0,478560
2026-09-23,3480.0,3565.0,3180.0,3345.0,567746.0,223250
2026-09-23,5040.0,5080.0,4985.0,5030.0,16213.0,036640
2026-09-23,1987.0,2030.0,1971.0,1998.0,173608.0,038110
2026-09-23,1441.0,1468.0,1425.0,1437.0,345284.0,100130
2026-09-23,4770.0,4895.0,4690.0,4790.0,16352.0,091120
2026-09-23,2405.0,2430.0,2345.0,2425.0,50501.0,037760
2026-09-23,2180.0,2205.0,2080.0,2095.0,303788.0,066430
2026-09-23,4530.0,4530.0,4400.0,4450.0,81839.0,078890
2026-09-23,9380.0,10580.0,8920.0,10200.0,112961.0,323350
2026-09-23,549.0,555.0,543.0,551.0,226387.0,058820
2026-09-23,8000.0,8070.0,7920.0,8000.0,34547.0,105740
2026-09-23,7330.0,7470.0,7250.0,7330.0,12349.0,078140
2026-09-23,3090.0,3135.0,2995.0,3065.0,133224.0,294630
2026-09-23,1477.0,1510.0,1456.0,1510.0,155543.0,066980
2026-09-23,3580.0,3735.0,3510.0,3645.0,53801.0,137950
2026-09-23,4750.0,5070.0,4660.0,4745.0,14506.0,033560
2026-09-23,0.0,0.0,0.0,3935.0,0.0,412540
2026-09-23,2145.0,2270.0,2125.0,2185.0,138740.0,140070
2026-09-23,8930.0,9280.0,8720.0,9260.0,13820.0,251120
2026-09-23,6150.0,6250.0,5980.0,6130.0,32595.0,381620
2026-09-23,3550.0,3550.0,3410.0,3470.0,29615.0,101330
2026-09-23,3440.0,3505.0,3430.0,3440.0,44149.0,007820
2026-09-23,1614.0,1630.0,1568.0,1599.0,254083.0,365330
2026-09-23,9450.0,9520.0,9360.0,9360.0,12372.0,418470
2026-09-23,4630.0,4675.0,4500.0,4655.0,11304.0,149980
2026-09-23,5600.0,5630.0,5370.0,5470.0,216042.0,412350
2026-09-23,2105.0,2175.0,2075.0,2150.0,30223.0,066700
2026-09-23,1133.0,1146.0,1105.0,1136.0,156284.0,067000
2026-09-23,3800.0,3800.0,3760.0,3795.0,1046.0,032540
2026-09-23,3160.0,3250.0,3100.0,3235.0,27224.0,047820
2026-09-23,3420.0,3495.0,3345.0,3350.0,71583.0,234030
2026-09-23,5370.0,5370.0,5200.0,5270.0,24371.0,004590
2026-09-23,2605.0,2645.0,2545.0,2610.0,37582.0,302550
2026-09-23,5430.0,5560.0,5430.0,5530.0,32757.0,389140
2026-09-23,7240.0,7370.0,7170.0,7230.0,4702.0,032300
2026-09-23,5700.0,5810.0,5430.0,5610.0,398402.0,338220
2026-09-23,5520.0,5670.0,5400.0,5540.0,54946.0,0117P0
2026-09-23,7970.0,8410.0,7850.0,7950.0,92607.0,0015S0
2026-09-23,11890.0,12190.0,11650.0,11880.0,12077.0,063080
2026-09-23,2180.0,2270.0,2175.0,2225.0,20616.0,950130
2026-09-23,12390.0,12810.0,12390.0,12520.0,10160.0,000440
2026-09-23,3675.0,3730.0,3500.0,3620.0,45621.0,079810
2026-09-23,3695.0,4100.0,3460.0,3890.0,812632.0,147760
2026-09-23,3005.0,3070.0,2960.0,3000.0,13051.0,102370
2026-09-23,5450.0,5470.0,5340.0,5410.0,10416.0,054670
2026-09-23,8010.0,8580.0,7990.0,8260.0,2229.0,088390
2026-09-23,4370.0,4400.0,4215.0,4335.0,96446.0,475430
2026-09-23,958.0,980.0,948.0,959.0,130070.0,019550
2026-09-23,1464.0,1483.0,1441.0,1450.0,38116.0,131370
2026-09-23,4850.0,4930.0,4795.0,4830.0,19522.0,030960
2026-09-23,3000.0,3480.0,2535.0,2605.0,7834941.0,299660
2026-09-23,4550.0,4630.0,4505.0,4575.0,134603.0,253840
2026-09-23,1961.0,1983.0,1891.0,1942.0,196432.0,389030
2026-09-23,3160.0,3270.0,3050.0,3120.0,303108.0,085670
2026-09-23,8150.0,8390.0,8050.0,8240.0,76758.0,066310
2026-09-23,1964.0,2040.0,1939.0,1972.0,11620.0,124560
2026-09-23,3855.0,4000.0,3720.0,3825.0,48856.0,024880
2026-09-23,4200.0,4200.0,4055.0,4195.0,11155.0,040910
2026-09-23,3200.0,3225.0,3085.0,3180.0,251870.0,142280
2026-09-23,7370.0,8030.0,7220.0,7420.0,1044623.0,487400
2026-09-23,0.0,0.0,0.0,654.0,0.0,073640
2026-09-23,4310.0,4540.0,4230.0,4350.0,13717.0,090470
2026-09-23,5120.0,5140.0,4865.0,4970.0,40627.0,382840
2026-09-23,6700.0,6800.0,6270.0,6380.0,15933.0,040160
2026-09-23,2070.0,2120.0,2020.0,2085.0,6720.0,225530
2026-09-23,5010.0,5040.0,4880.0,4980.0,16973.0,041930
2026-09-23,2575.0,2575.0,2500.0,2510.0,145329.0,0017J0
2026-09-23,2125.0,2125.0,2020.0,2045.0,11613.0,331380
2026-09-23,5760.0,5830.0,5600.0,5690.0,18473.0,058400
2026-09-23,2895.0,3000.0,2830.0,2895.0,9426.0,012700
2026-09-23,2365.0,2420.0,2305.0,2365.0,9972.0,168330
2026-09-23,2300.0,2360.0,2225.0,2280.0,200813.0,396270
2026-09-23,12800.0,13190.0,12660.0,12730.0,47091.0,282620
2026-09-23,3680.0,3740.0,3640.0,3690.0,15462.0,011370
2026-09-23,1350.0,1435.0,1340.0,1398.0,119214.0,094860
2026-09-23,4885.0,5070.0,4815.0,5000.0,6400.0,060570
2026-09-23,6110.0,6470.0,6080.0,6180.0,5163.0,012790
2026-09-23,968.0,968.0,939.0,963.0,61435.0,083790
2026-09-23,2260.0,2290.0,2240.0,2265.0,9567.0,208140
2026-09-23,8560.0,8770.0,8450.0,8580.0,57904.0,039010
2026-09-23,6680.0,6800.0,6560.0,6660.0,7352.0,084730
2026-09-23,3730.0,3900.0,3650.0,3690.0,165545.0,020710
2026-09-23,7400.0,7520.0,7370.0,7520.0,3114.0,080010
2026-09-23,7270.0,7350.0,7190.0,7230.0,5147.0,451250
2026-09-23,3870.0,4000.0,3810.0,3825.0,18228.0,011320
2026-09-23,4835.0,4835.0,4740.0,4775.0,20712.0,017480
2026-09-23,4600.0,4670.0,4530.0,4540.0,85760.0,263800
2026-09-23,3125.0,3180.0,2995.0,3120.0,134775.0,371950
2026-09-23,3905.0,3935.0,3835.0,3915.0,14700.0,058630
2026-09-23,13150.0,13540.0,12960.0,13000.0,8736.0,107600
2026-09-23,10490.0,10870.0,10330.0,10620.0,93670.0,320000
2026-09-23,2915.0,2950.0,2810.0,2915.0,116903.0,487580
2026-09-23,8980.0,9050.0,8810.0,8960.0,10030.0,360070
2026-09-23,3045.0,3045.0,2965.0,3030.0,46885.0,060590
2026-09-23,3795.0,3840.0,3620.0,3680.0,74283.0,040350
2026-09-23,2210.0,2255.0,2175.0,2220.0,80158.0,024740
2026-09-23,10340.0,10890.0,9960.0,10250.0,153772.0,377480
2026-09-23,4260.0,4300.0,4190.0,4265.0,7862.0,347890
2026-09-23,4770.0,4800.0,4725.0,4730.0,10293.0,170030
2026-09-23,11100.0,11340.0,10610.0,10860.0,35173.0,117670
2026-09-23,6580.0,6990.0,6570.0,6640.0,15900.0,065510
2026-09-23,0.0,0.0,0.0,5310.0,0.0,234920
2026-09-23,5420.0,5470.0,5300.0,5400.0,17131.0,041910
2026-09-23,1998.0,1998.0,1960.0,1995.0,53962.0,171120
2026-09-23,5130.0,5180.0,4950.0,4980.0,94938.0,039980
2026-09-23,3100.0,3310.0,3065.0,3230.0,884611.0,483350
2026-09-23,3680.0,3710.0,3570.0,3585.0,61126.0,038680
2026-09-23,5400.0,5580.0,5330.0,5500.0,31638.0,388870
2026-09-23,8600.0,8680.0,8500.0,8590.0,5134.0,045660
2026-09-23,2450.0,2755.0,2400.0,2645.0,70423.0,104040
2026-09-23,3030.0,3035.0,2950.0,3025.0,1072.0,110790
2026-09-23,4420.0,4420.0,4360.0,4410.0,17951.0,054040
2026-09-23,6680.0,6900.0,6670.0,6730.0,8809.0,104460
2026-09-23,13000.0,13700.0,12780.0,12900.0,640175.0,0155E0
2026-09-23,2775.0,2830.0,2775.0,2830.0,17488.0,053280
2026-09-23,2850.0,2850.0,2740.0,2795.0,80926.0,038460
2026-09-23,2375.0,2415.0,2335.0,2375.0,51383.0,337930
2026-09-23,8820.0,8820.0,8190.0,8400.0,18001.0,136150
2026-09-23,1915.0,1946.0,1875.0,1909.0,111842.0,096350
2026-09-23,6340.0,6340.0,6060.0,6090.0,48690.0,048430
2026-09-23,7180.0,7460.0,7070.0,7150.0,47207.0,302430
2026-09-23,6000.0,6370.0,5850.0,5960.0,98917.0,091590
2026-09-23,2815.0,2830.0,2790.0,2820.0,30564.0,128660
2026-09-23,6150.0,6220.0,6090.0,6190.0,11380.0,413390
2026-09-23,3100.0,3105.0,2820.0,2965.0,456108.0,049470
2026-09-23,3000.0,3075.0,2960.0,3015.0,28910.0,217330
2026-09-23,7430.0,7700.0,7280.0,7690.0,2958.0,061040
2026-09-23,3680.0,3840.0,3670.0,3780.0,9074.0,054620
2026-09-23,6460.0,6530.0,6390.0,6500.0,8915.0,265560
2026-09-23,6480.0,6740.0,6480.0,6630.0,6796.0,417790
2026-09-23,3975.0,4100.0,3885.0,3955.0,24002.0,026150
2026-09-23,8570.0,8570.0,8240.0,8310.0,4119.0,024830
2026-09-23,1838.0,1850.0,1812.0,1831.0,24470.0,347000
2026-09-23,3510.0,3550.0,3390.0,3450.0,294024.0,228340
2026-09-23,5650.0,5700.0,5580.0,5640.0,8316.0,067370
2026-09-23,7530.0,7800.0,7480.0,7720.0,5922.0,214260
2026-09-23,3345.0,3825.0,3205.0,3405.0,179193.0,123010
2026-09-23,6400.0,6460.0,6120.0,6250.0,148595.0,0004V0
2026-09-23,1625.0,1775.0,1605.0,1630.0,88562.0,067570
2026-09-23,4510.0,4600.0,4350.0,4555.0,36985.0,262260
2026-09-23,5330.0,5360.0,5250.0,5330.0,5351.0,303360
2026-09-23,1142.0,1168.0,1105.0,1126.0,614138.0,076610
2026-09-23,5150.0,5460.0,5100.0,5160.0,4340.0,332370
2026-09-23,5140.0,5310.0,4995.0,5090.0,41065.0,460940
2026-09-23,4395.0,4450.0,4290.0,4365.0,38539.0,228670
2026-09-23,2765.0,2765.0,2680.0,2740.0,9901.0,294140
2026-09-23,3530.0,3530.0,3420.0,3480.0,1431.0,049550
2026-09-23,3480.0,3570.0,3350.0,3435.0,9732.0,277880
2026-09-23,6850.0,7100.0,6800.0,6990.0,50209.0,212710
2026-09-23,6470.0,6560.0,6370.0,6520.0,19786.0,123420
2026-09-23,4570.0,4815.0,4515.0,4620.0,6872.0,153710
2026-09-23,5030.0,5110.0,4955.0,5000.0,11364.0,019540
2026-09-23,4460.0,4800.0,4300.0,4355.0,46113.0,204840
2026-09-23,4405.0,4450.0,4360.0,4445.0,14645.0,002800
2026-09-23,2460.0,2525.0,2385.0,2455.0,158361.0,067170
2026-09-23,2555.0,2600.0,2370.0,2465.0,154796.0,097800
2026-09-23,4140.0,4175.0,4025.0,4045.0,27377.0,032850
2026-09-23,7150.0,7370.0,6960.0,7190.0,15990.0,318160
2026-09-23,1169.0,1177.0,1153.0,1153.0,24563.0,043610
2026-09-23,4840.0,4980.0,4665.0,4950.0,989.0,222110
2026-09-23,4200.0,4230.0,4140.0,4205.0,27253.0,004780
2026-09-23,2235.0,2665.0,2235.0,2395.0,1727818.0,065170
2026-09-23,11390.0,11400.0,9000.0,11400.0,898662.0,109670
2026-09-23,7380.0,7380.0,7290.0,7300.0,863.0,109860
2026-09-23,5880.0,6080.0,5800.0,6020.0,113985.0,456070
2026-09-23,898.0,949.0,898.0,939.0,357941.0,092040
2026-09-23,4340.0,4580.0,4165.0,4220.0,444452.0,048770
2026-09-23,4445.0,4540.0,4365.0,4450.0,22119.0,006140
2026-09-23,5070.0,5970.0,5020.0,5060.0,22974.0,010280
2026-09-23,10480.0,10480.0,10140.0,10300.0,9527.0,417970
2026-09-23,8410.0,8570.0,7900.0,8410.0,44800.0,0156T0
2026-09-23,8390.0,8690.0,8050.0,8310.0,22359.0,451220
2026-09-23,12330.0,12590.0,12310.0,12400.0,4114.0,0218L0
2026-09-23,19680.0,20150.0,19370.0,19900.0,2602.0,100030
2026-09-23,3245.0,3245.0,3130.0,3170.0,14471.0,111710
2026-09-23,6270.0,6310.0,6090.0,6090.0,5501.0,137080
2026-09-23,1862.0,1930.0,1860.0,1895.0,210984.0,950220
2026-09-23,5450.0,5580.0,5310.0,5480.0,20488.0,096250
2026-09-23,1770.0,1770.0,1709.0,1744.0,29160.0,033130
2026-09-23,5350.0,5410.0,5350.0,5360.0,9808.0,008370
2026-09-23,3355.0,3400.0,3335.0,3380.0,12720.0,041460
2026-09-23,4370.0,4705.0,4315.0,4325.0,12718.0,014970
2026-09-23,5800.0,5890.0,5730.0,5820.0,34051.0,067920
2026-09-23,4045.0,4045.0,3820.0,3825.0,33688.0,214680
2026-09-23,2620.0,2680.0,2550.0,2580.0,37779.0,205470
2026-09-23,3880.0,4035.0,3820.0,3850.0,4599.0,424960
2026-09-23,1610.0,1618.0,1593.0,1612.0,54530.0,382480
2026-09-23,2620.0,2625.0,2575.0,2610.0,37358.0,081150
2026-09-23,3595.0,3620.0,3530.0,3545.0,28124.0,043650
2026-09-23,5930.0,6140.0,5880.0,6120.0,100097.0,089790
2026-09-23,6260.0,6400.0,6120.0,6290.0,35932.0,241790
2026-09-23,1778.0,1812.0,1730.0,1799.0,32112.0,082210
2026-09-23,2740.0,2745.0,2660.0,2725.0,18158.0,036000
2026-09-23,3090.0,3190.0,2995.0,3120.0,87076.0,460870
2026-09-23,0.0,0.0,0.0,2215.0,0.0,001840
2026-09-23,5920.0,6400.0,5920.0,6380.0,419159.0,056360
2026-09-23,1329.0,1389.0,1329.0,1379.0,44934.0,214270
2026-09-23,6150.0,6150.0,5850.0,5990.0,96356.0,039610
2026-09-23,1799.0,1858.0,1763.0,1796.0,35735.0,064240
2026-09-23,0.0,0.0,0.0,1490.0,0.0,294090
2026-09-23,1583.0,1826.0,1564.0,1624.0,9059094.0,122350
2026-09-23,4800.0,5090.0,4785.0,4915.0,7334.0,352910
2026-09-23,1064.0,1068.0,1036.0,1064.0,129433.0,054300
2026-09-23,2545.0,2600.0,2520.0,2575.0,18103.0,291230
2026-09-23,3300.0,3300.0,3200.0,3250.0,26846.0,155650
2026-09-23,6250.0,6250.0,6120.0,6160.0,11002.0,005670
2026-09-23,5220.0,5290.0,5190.0,5260.0,10842.0,010240
2026-09-23,4220.0,4245.0,4110.0,4170.0,1997.0,089850
2026-09-23,2665.0,2695.0,2645.0,2670.0,8367.0,039420
2026-09-23,4110.0,4325.0,4080.0,4260.0,43688.0,095270
2026-09-23,1500.0,1500.0,1400.0,1428.0,865103.0,290660
2026-09-23,4325.0,4385.0,4295.0,4360.0,5481.0,094850
2026-09-23,2465.0,2530.0,2415.0,2490.0,22728.0,241690
2026-09-23,0.0,0.0,0.0,676.0,0.0,203400
2026-09-23,2320.0,2550.0,2315.0,2365.0,221999.0,208370
2026-09-23,1477.0,1485.0,1414.0,1444.0,83579.0,347860
2026-09-23,3145.0,3490.0,3145.0,3255.0,19457.0,066670
2026-09-23,6730.0,7000.0,6650.0,6740.0,54055.0,463020
2026-09-23,3025.0,3090.0,2915.0,2940.0,40907.0,900300
2026-09-23,3145.0,3170.0,3055.0,3140.0,50720.0,950200
2026-09-23,6220.0,6400.0,6080.0,6180.0,33891.0,331740
2026-09-23,4915.0,4955.0,4885.0,4940.0,7416.0,216050
2026-09-23,1034.0,1067.0,1000.0,1056.0,49201.0,014470
2026-09-23,12100.0,12150.0,11720.0,11900.0,915.0,016250
2026-09-23,4940.0,5000.0,4940.0,4990.0,2737.0,010470
2026-09-23,1912.0,1935.0,1877.0,1900.0,94602.0,049480
2026-09-23,1406.0,1429.0,1380.0,1399.0,243440.0,036090
2026-09-23,2650.0,2650.0,2520.0,2565.0,58320.0,126880
2026-09-23,6800.0,6900.0,6710.0,6900.0,7802.0,053620
2026-09-23,4250.0,4350.0,4165.0,4250.0,128139.0,037440
2026-09-23,3580.0,3680.0,3510.0,3625.0,24248.0,221800
2026-09-23,4360.0,4460.0,4180.0,4305.0,64644.0,457600
2026-09-23,1265.0,1272.0,1225.0,1231.0,88513.0,065530
2026-09-23,3105.0,3105.0,3050.0,3070.0,31614.0,033320
2026-09-23,7590.0,7590.0,7000.0,7230.0,8391.0,191420
2026-09-23,6770.0,6860.0,6650.0,6850.0,12809.0,045340
2026-09-23,4410.0,4515.0,4200.0,4350.0,482319.0,365660
2026-09-23,1240.0,1350.0,1240.0,1328.0,97166.0,127710
2026-09-23,8700.0,8770.0,8640.0,8660.0,1131.0,050960
2026-09-23,1460.0,1480.0,1435.0,1459.0,36070.0,033310
2026-09-23,5440.0,5440.0,5190.0,5310.0,12718.0,273640
2026-09-23,1102.0,1135.0,1064.0,1096.0,115560.0,060310
2026-09-23,0.0,0.0,0.0,1284.0,0.0,099520
2026-09-23,1801.0,1850.0,1721.0,1781.0,185443.0,187420
2026-09-23,3310.0,4305.0,3070.0,3715.0,15207842.0,393210
2026-09-23,2510.0,2920.0,2470.0,2565.0,717194.0,039020
2026-09-23,3195.0,3400.0,3120.0,3310.0,6130.0,317530
2026-09-23,0.0,0.0,0.0,821.0,0.0,225190
2026-09-23,3525.0,3870.0,3490.0,3625.0,14382.0,251630
2026-09-23,2340.0,2340.0,2260.0,2310.0,4040.0,175140
2026-09-23,1867.0,1982.0,1855.0,1887.0,14135.0,238090
2026-09-23,1759.0,1940.0,1755.0,1885.0,30007.0,291650
2026-09-23,1655.0,1655.0,1623.0,1636.0,28917.0,036120
2026-09-23,1622.0,1651.0,1607.0,1624.0,180623.0,003310
2026-09-23,11070.0,11180.0,10680.0,10830.0,17058.0,448710
2026-09-23,5230.0,5250.0,5020.0,5100.0,41282.0,059270
2026-09-23,2210.0,2870.0,2185.0,2225.0,35532.0,025550
2026-09-23,5000.0,5020.0,4930.0,5010.0,9835.0,263690
2026-09-23,9370.0,10190.0,9080.0,9450.0,7090.0,053160
2026-09-23,1588.0,1588.0,1352.0,1364.0,6347495.0,299170
2026-09-23,5050.0,5270.0,4890.0,5140.0,3808.0,333620
2026-09-23,1903.0,2070.0,1873.0,1920.0,156648.0,315640
2026-09-23,6200.0,6690.0,6070.0,6160.0,3087.0,215360
2026-09-23,7890.0,8290.0,7860.0,7960.0,44912.0,192250
2026-09-23,3950.0,3965.0,3925.0,3950.0,6176.0,007370
2026-09-23,1850.0,1887.0,1844.0,1859.0,50162.0,053050
2026-09-23,0.0,0.0,0.0,806.0,0.0,340930
2026-09-23,3300.0,3300.0,3150.0,3180.0,88019.0,088280
2026-09-23,4395.0,4590.0,3560.0,3935.0,680803.0,340810
2026-09-23,7500.0,7890.0,7330.0,7410.0,28257.0,288180
2026-09-23,5050.0,5100.0,5020.0,5090.0,4203.0,036670
2026-09-23,0.0,0.0,0.0,499.0,0.0,217480
2026-09-23,3410.0,3510.0,3315.0,3430.0,18157.0,263600
2026-09-23,5040.0,5060.0,4915.0,5040.0,16838.0,443250
2026-09-23,4350.0,4390.0,4285.0,4385.0,15036.0,024950
2026-09-23,1524.0,1524.0,1476.0,1516.0,61092.0,024910
2026-09-23,9220.0,9400.0,9140.0,9270.0,31090.0,420570
2026-09-23,3200.0,3205.0,3125.0,3180.0,18886.0,040610
2026-09-23,18690.0,18690.0,17910.0,18040.0,11229.0,054930
2026-09-23,4030.0,4030.0,3900.0,3995.0,6781.0,459100
2026-09-23,6450.0,6450.0,6210.0,6380.0,25110.0,061250
2026-09-23,3970.0,4000.0,3930.0,4000.0,10581.0,104540
2026-09-23,7040.0,7090.0,6860.0,7040.0,1964.0,435570
2026-09-23,3250.0,3910.0,2850.0,3095.0,162636.0,043710
2026-09-23,9600.0,9800.0,9350.0,9490.0,26866.0,109080
2026-09-23,2115.0,2225.0,2050.0,2090.0,53625.0,064800
2026-09-23,1923.0,1948.0,1911.0,1948.0,103877.0,053270
2026-09-23,4315.0,4595.0,4235.0,4580.0,577.0,256630
2026-09-23,1246.0,1308.0,1222.0,1246.0,173072.0,391710
2026-09-23,5070.0,5280.0,5030.0,5160.0,14535.0,261520
2026-09-23,8350.0,8400.0,8100.0,8270.0,8985.0,170790
2026-09-23,2615.0,2745.0,2615.0,2710.0,18056.0,348150
2026-09-23,1149.0,1172.0,1102.0,1155.0,53366.0,046210
2026-09-23,1964.0,2070.0,1945.0,2070.0,8209.0,060560
2026-09-23,3150.0,3150.0,3080.0,3120.0,62085.0,104620
2026-09-23,6220.0,6290.0,6090.0,6240.0,28163.0,094940
2026-09-23,1783.0,1844.0,1716.0,1768.0,72164.0,179530
2026-09-23,6020.0,6200.0,5800.0,5890.0,33622.0,081180
2026-09-23,6370.0,6370.0,6080.0,6240.0,94344.0,317850
2026-09-23,5070.0,5110.0,4900.0,4900.0,27439.0,408470
2026-09-23,6100.0,6420.0,6030.0,6050.0,14161.0,370090
2026-09-23,4670.0,4765.0,4580.0,4755.0,23578.0,419080
2026-09-23,1306.0,1306.0,1281.0,1292.0,82185.0,027050
2026-09-23,2160.0,2190.0,2150.0,2170.0,50516.0,246690
2026-09-23,2090.0,2180.0,2015.0,2045.0,676519.0,459550
2026-09-23,2895.0,2990.0,2890.0,2940.0,3783.0,015710
2026-09-23,5940.0,6050.0,5830.0,5940.0,8375.0,314140
2026-09-23,1730.0,1730.0,1690.0,1710.0,26344.0,347740
2026-09-23,4495.0,4525.0,4405.0,4455.0,9746.0,464490
2026-09-23,1447.0,1477.0,1402.0,1442.0,163980.0,070300
2026-09-23,1902.0,1914.0,1877.0,1898.0,38025.0,039240
2026-09-23,1999.0,2080.0,1978.0,1988.0,59201.0,088910
2026-09-23,5080.0,5080.0,4975.0,5010.0,7196.0,105760
2026-09-23,999.0,1019.0,998.0,1010.0,74235.0,033230
2026-09-23,5430.0,5430.0,5180.0,5210.0,38288.0,019990
2026-09-23,5600.0,5640.0,5510.0,5600.0,5907.0,452400
2026-09-23,3985.0,4105.0,3770.0,3955.0,164898.0,348080
2026-09-23,8500.0,8820.0,8300.0,8560.0,12549.0,424980
2026-09-23,8000.0,8290.0,7740.0,7850.0,8693.0,453860
2026-09-23,0.0,0.0,0.0,2825.0,0.0,393970
2026-09-23,3650.0,3935.0,3635.0,3700.0,30814.0,163280
2026-09-23,2890.0,2890.0,2740.0,2850.0,1471.0,376290
2026-09-23,5030.0,5380.0,4860.0,5010.0,8475.0,071670
2026-09-23,2335.0,2340.0,2235.0,2315.0,152080.0,179900
2026-09-23,4700.0,4770.0,4500.0,4610.0,33123.0,317830
2026-09-23,2450.0,2490.0,2415.0,2440.0,52395.0,092300
2026-09-23,1083.0,1095.0,1074.0,1084.0,60000.0,063440
2026-09-23,6930.0,7030.0,6830.0,6940.0,10008.0,059100
2026-09-23,2765.0,2765.0,2680.0,2710.0,79073.0,046940
2026-09-23,3985.0,4095.0,3910.0,3950.0,29285.0,463480
2026-09-23,835.0,949.0,802.0,923.0,392085.0,340360
2026-09-23,3390.0,3390.0,3300.0,3360.0,19925.0,122310
2026-09-23,5120.0,5150.0,4910.0,5030.0,186946.0,189860
2026-09-23,2770.0,2825.0,2725.0,2725.0,62471.0,044340
2026-09-23,3795.0,3795.0,3595.0,3710.0,6900.0,311690
2026-09-23,2920.0,3570.0,2730.0,2930.0,2741495.0,232830
2026-09-23,4960.0,5000.0,4820.0,4875.0,44896.0,0013V0
2026-09-23,3270.0,3390.0,3185.0,3250.0,21967.0,199550
2026-09-23,1001.0,1002.0,981.0,997.0,198468.0,042110
2026-09-23,3650.0,3820.0,3600.0,3690.0,61838.0,382150
2026-09-23,2980.0,2985.0,2705.0,2800.0,470144.0,033170
2026-09-23,1512.0,1512.0,1460.0,1509.0,28754.0,217500
2026-09-23,1102.0,1200.0,1102.0,1157.0,65586.0,219550
2026-09-23,5010.0,5060.0,4915.0,5000.0,35374.0,355690
2026-09-23,1670.0,1671.0,1600.0,1661.0,43257.0,361570
2026-09-23,2540.0,2695.0,2500.0,2560.0,27993.0,178780
2026-09-23,0.0,0.0,0.0,6550.0,0.0,418250
2026-09-23,1730.0,1740.0,1691.0,1723.0,95050.0,440290
2026-09-23,1700.0,1730.0,1650.0,1672.0,84090.0,321260
2026-09-23,4030.0,4125.0,3845.0,4025.0,126061.0,150900
2026-09-23,5390.0,5400.0,5210.0,5230.0,4087.0,038010
2026-09-23,1176.0,1188.0,1142.0,1172.0,35214.0,189980
2026-09-23,0.0,0.0,0.0,521.0,0.0,023440
2026-09-23,1318.0,1365.0,1285.0,1325.0,52523.0,014190
2026-09-23,2400.0,2415.0,1703.0,2020.0,1717544.0,270520
2026-09-23,3370.0,3560.0,3320.0,3380.0,14941.0,277070
2026-09-23,2570.0,3140.0,2560.0,2735.0,938378.0,145170
2026-09-23,2980.0,3200.0,2960.0,3115.0,55541.0,053450
2026-09-23,2550.0,2590.0,2490.0,2555.0,41222.0,384470
2026-09-23,0.0,0.0,0.0,1957.0,0.0,229000
2026-09-23,2390.0,2500.0,2255.0,2370.0,18079.0,260930
2026-09-23,2945.0,2960.0,2815.0,2940.0,52918.0,321820
2026-09-23,8640.0,9290.0,8560.0,9090.0,2788.0,466410
2026-09-23,5150.0,5190.0,5140.0,5140.0,1085.0,073110
2026-09-23,4035.0,4150.0,3985.0,4040.0,437.0,471820
2026-09-23,2120.0,2125.0,2080.0,2120.0,36455.0,198080
2026-09-23,0.0,0.0,0.0,766.0,0.0,131400
2026-09-23,2400.0,2425.0,2365.0,2395.0,26760.0,053980
2026-09-23,2405.0,2405.0,2360.0,2395.0,3982.0,072470
2026-09-23,3300.0,3340.0,3240.0,3320.0,3655.0,083550
2026-09-23,3090.0,3240.0,3010.0,3100.0,30950.0,072990
2026-09-23,1192.0,1330.0,1183.0,1230.0,10011.0,258610
2026-09-23,1007.0,1025.0,988.0,1005.0,88806.0,143540
2026-09-23,4145.0,4270.0,3900.0,3940.0,5420.0,051390
2026-09-23,926.0,948.0,902.0,922.0,66607.0,222420
2026-09-23,3190.0,3290.0,3100.0,3290.0,2579.0,050120
2026-09-23,0.0,0.0,0.0,460.0,0.0,033340
2026-09-23,2700.0,2740.0,2500.0,2640.0,13574.0,037950
2026-09-23,1042.0,1042.0,998.0,1008.0,38712.0,068330
2026-09-23,2655.0,2670.0,2625.0,2655.0,37826.0,094970
2026-09-23,5070.0,5110.0,5070.0,5110.0,884.0,042040
2026-09-23,0.0,0.0,0.0,1303.0,0.0,208860
2026-09-23,8800.0,8890.0,8500.0,8650.0,4627.0,0010V0
2026-09-23,3390.0,3500.0,3390.0,3450.0,32464.0,066130
2026-09-23,0.0,0.0,0.0,416.0,0.0,288330
2026-09-23,2535.0,2595.0,2430.0,2530.0,36376.0,278650
2026-09-23,2175.0,2215.0,2160.0,2185.0,14750.0,317690
2026-09-23,1287.0,1287.0,1230.0,1236.0,49413.0,900340
2026-09-23,3080.0,3280.0,3080.0,3235.0,6744.0,373160
2026-09-23,4560.0,4595.0,4480.0,4530.0,14935.0,082850
2026-09-23,1275.0,1275.0,1209.0,1225.0,74384.0,900250
2026-09-23,6670.0,7140.0,6220.0,6640.0,44973.0,476040
2026-09-23,4005.0,4020.0,3960.0,4000.0,6394.0,052790
2026-09-23,3085.0,3125.0,3050.0,3120.0,41561.0,099410
2026-09-23,2760.0,2780.0,2715.0,2725.0,9534.0,065130
2026-09-23,8490.0,8760.0,8020.0,8570.0,1636.0,224110
2026-09-23,2220.0,2240.0,2115.0,2175.0,48054.0,114450
2026-09-23,828.0,840.0,815.0,839.0,4722.0,022220
2026-09-23,2500.0,3040.0,2490.0,2925.0,789606.0,084650
2026-09-23,5020.0,5020.0,4755.0,4900.0,7044.0,317870
2026-09-23,1696.0,1900.0,1604.0,1728.0,38747.0,373200
2026-09-23,5500.0,5650.0,5270.0,5500.0,6396.0,290670
2026-09-23,6040.0,6040.0,5960.0,6040.0,1358.0,479960
2026-09-23,6070.0,6070.0,5810.0,6040.0,23584.0,307280
2026-09-23,2515.0,2680.0,2460.0,2675.0,51467.0,286750
2026-09-23,3240.0,3260.0,3210.0,3225.0,697.0,007680
2026-09-23,3140.0,3140.0,3010.0,3075.0,7544.0,263020
2026-09-23,938.0,950.0,920.0,934.0,48716.0,129890
2026-09-23,5850.0,6030.0,5810.0,5900.0,19201.0,413640
2026-09-23,793.0,799.0,765.0,785.0,66162.0,027830
2026-09-23,1996.0,2007.0,1985.0,2000.0,19406.0,140520
2026-09-23,2865.0,2990.0,2860.0,2965.0,8687.0,238120
2026-09-23,2230.0,2455.0,2150.0,2395.0,75248.0,032960
2026-09-23,4920.0,5020.0,4855.0,4975.0,977.0,256150
2026-09-23,2615.0,2640.0,2560.0,2640.0,19559.0,261200
2026-09-23,1228.0,1240.0,1170.0,1204.0,92422.0,227950
2026-09-23,6570.0,6590.0,6390.0,6490.0,7693.0,190650
2026-09-23,4880.0,5050.0,4605.0,4800.0,11155.0,086060
2026-09-23,2040.0,2160.0,2035.0,2060.0,24143.0,159580
2026-09-23,2145.0,2185.0,2100.0,2125.0,53737.0,263700
2026-09-23,1745.0,1745.0,1685.0,1693.0,35246.0,452200
2026-09-23,5170.0,5520.0,4900.0,5030.0,2339.0,450330
2026-09-23,1418.0,1418.0,1400.0,1412.0,40712.0,056700
2026-09-23,1505.0,1517.0,1485.0,1499.0,14286.0,189690
2026-09-23,1388.0,1495.0,1334.0,1371.0,60299.0,037230
2026-09-23,2580.0,2595.0,2525.0,2565.0,15229.0,263810
2026-09-23,4440.0,4440.0,4175.0,4300.0,2260.0,196300
2026-09-23,3270.0,3295.0,3250.0,3290.0,3033.0,002290
2026-09-23,3740.0,3965.0,3640.0,3700.0,13407.0,136410
2026-09-23,1799.0,1800.0,1725.0,1790.0,6562.0,066900
2026-09-23,4040.0,4040.0,3910.0,3990.0,5771.0,199480
2026-09-23,2680.0,2785.0,2615.0,2785.0,9921.0,234100
2026-09-23,1834.0,1834.0,1775.0,1804.0,4564.0,007530
2026-09-23,3920.0,4035.0,3880.0,3940.0,6150.0,465480
2026-09-23,2670.0,2670.0,2570.0,2635.0,3048.0,460470
2026-09-23,1418.0,1545.0,1412.0,1459.0,199881.0,065440
2026-09-23,0.0,0.0,0.0,798.0,0.0,064090
2026-09-23,6480.0,6570.0,6310.0,6470.0,2136.0,049830
2026-09-23,2665.0,2790.0,2640.0,2765.0,22926.0,461030
2026-09-23,1946.0,1946.0,1909.0,1939.0,43263.0,218150
2026-09-23,2095.0,2230.0,2055.0,2100.0,164363.0,184230
2026-09-23,3070.0,3120.0,3065.0,3110.0,6866.0,044960
2026-09-23,2080.0,2145.0,2025.0,2100.0,8035.0,221840
2026-09-23,9590.0,9700.0,9470.0,9700.0,430.0,221980
2026-09-23,3080.0,3110.0,3045.0,3100.0,7794.0,100660
2026-09-23,2725.0,2860.0,2680.0,2770.0,19121.0,203450
2026-09-23,7350.0,7450.0,6950.0,7150.0,16097.0,360350
2026-09-23,1650.0,1654.0,1626.0,1640.0,4761.0,263770
2026-09-23,2050.0,2050.0,1932.0,1975.0,83248.0,053950
2026-09-23,4000.0,4000.0,3805.0,3940.0,3302.0,273060
2026-09-23,1444.0,1471.0,1441.0,1471.0,12630.0,352700
2026-09-23,5890.0,5890.0,5590.0,5650.0,17781.0,042940
2026-09-23,2305.0,2350.0,2290.0,2305.0,27732.0,025880
2026-09-23,4720.0,4795.0,4530.0,4590.0,167734.0,226340
2026-09-23,2170.0,2305.0,2115.0,2285.0,66741.0,215380
2026-09-23,2290.0,2340.0,2275.0,2340.0,31926.0,046310
2026-09-23,3390.0,3390.0,3285.0,3380.0,6606.0,101240
2026-09-23,1693.0,1730.0,1645.0,1699.0,3785.0,050860
2026-09-23,1642.0,1689.0,1625.0,1662.0,24949.0,052220
2026-09-23,1650.0,1714.0,1632.0,1714.0,304.0,123570
2026-09-23,5720.0,5720.0,5520.0,5600.0,2067.0,250000
2026-09-23,1620.0,1632.0,1584.0,1631.0,24782.0,122690
2026-09-23,2800.0,3190.0,2745.0,2855.0,513815.0,208710
2026-09-23,5530.0,5900.0,5320.0,5730.0,1141.0,153460
2026-09-23,2265.0,2315.0,2180.0,2260.0,68721.0,026040
2026-09-23,2635.0,2790.0,2515.0,2625.0,15368.0,051490
2026-09-23,4320.0,4410.0,4300.0,4320.0,13335.0,037370
2026-09-23,2390.0,2420.0,2320.0,2400.0,46094.0,081580
2026-09-23,3190.0,3215.0,3120.0,3190.0,6065.0,019770
2026-09-23,3980.0,4020.0,3920.0,3990.0,9433.0,038070
2026-09-23,1026.0,1042.0,1012.0,1037.0,55418.0,065500
2026-09-23,2100.0,2170.0,2015.0,2130.0,11048.0,046390
2026-09-23,2465.0,2510.0,2370.0,2465.0,70263.0,035460
2026-09-23,3235.0,3240.0,3135.0,3200.0,20261.0,219420
2026-09-23,4330.0,4365.0,4295.0,4320.0,2577.0,097870
2026-09-23,2540.0,2670.0,2495.0,2565.0,18395.0,171010
2026-09-23,1396.0,1400.0,1351.0,1400.0,106950.0,060540
2026-09-23,3210.0,3230.0,3120.0,3220.0,29997.0,043910
2026-09-23,2730.0,2890.0,2690.0,2735.0,12525.0,121890
2026-09-23,1467.0,1635.0,1453.0,1616.0,3162.0,064520
2026-09-23,4130.0,4490.0,4110.0,4245.0,9691.0,363250
2026-09-23,0.0,0.0,0.0,1087.0,0.0,284620
2026-09-23,1500.0,1645.0,1478.0,1498.0,34719.0,066360
2026-09-23,6300.0,6480.0,6260.0,6450.0,1062.0,318410
2026-09-23,2295.0,2310.0,2200.0,2245.0,14519.0,086040
2026-09-23,4400.0,4425.0,4345.0,4400.0,7501.0,060850
2026-09-23,0.0,0.0,0.0,602.0,0.0,057540
2026-09-23,0.0,0.0,0.0,778.0,0.0,068940
2026-09-23,3370.0,3475.0,3165.0,3245.0,35383.0,014570
2026-09-23,3875.0,3990.0,3820.0,3930.0,7322.0,196450
2026-09-23,2090.0,2095.0,2070.0,2095.0,5967.0,045060
2026-09-23,3550.0,3705.0,3540.0,3685.0,19943.0,177900
2026-09-23,6400.0,6910.0,6400.0,6850.0,44856.0,397810
2026-09-23,0.0,0.0,0.0,959.0,0.0,263050
2026-09-23,3150.0,3335.0,3070.0,3205.0,10964.0,446840
2026-09-23,1139.0,1184.0,1101.0,1119.0,19437.0,045510
2026-09-23,2850.0,2870.0,2600.0,2825.0,86089.0,900270
2026-09-23,3045.0,3145.0,2980.0,3060.0,6115.0,024120
2026-09-23,6350.0,6540.0,5910.0,6230.0,12885.0,387570
2026-09-23,3530.0,3685.0,3515.0,3525.0,14548.0,239890
2026-09-23,1766.0,1900.0,1753.0,1795.0,8618.0,204020
2026-09-23,1285.0,1340.0,1221.0,1313.0,16048.0,106240
2026-09-23,2320.0,2335.0,2245.0,2275.0,46265.0,260660
2026-09-23,1510.0,1620.0,1440.0,1505.0,36451.0,215090
2026-09-23,3165.0,3290.0,3090.0,3175.0,11112.0,186230
2026-09-23,2140.0,2140.0,2015.0,2100.0,3950.0,432430
2026-09-23,4090.0,4090.0,3840.0,3985.0,5482.0,039290
2026-09-23,2430.0,2525.0,2415.0,2445.0,61186.0,452300
2026-09-23,6910.0,7590.0,6640.0,6920.0,88437.0,258790
2026-09-23,2170.0,2180.0,2125.0,2135.0,13886.0,075130
2026-09-23,2865.0,2980.0,2750.0,2795.0,120972.0,434480
2026-09-23,4370.0,4400.0,4180.0,4320.0,9149.0,332290
2026-09-23,0.0,0.0,0.0,991.0,0.0,469750
2026-09-23,2065.0,2100.0,2020.0,2090.0,8225.0,057030
2026-09-23,1503.0,1584.0,1469.0,1544.0,3825.0,335810
2026-09-23,2165.0,2165.0,2080.0,2125.0,8411.0,290120
2026-09-23,2890.0,2905.0,2830.0,2900.0,7821.0,052600
2026-09-23,2335.0,2740.0,2190.0,2370.0,3088228.0,406820
2026-09-23,4510.0,4900.0,4455.0,4500.0,1275.0,290090
2026-09-23,1400.0,1402.0,1322.0,1399.0,2868.0,220180
2026-09-23,2065.0,2100.0,2000.0,2010.0,13744.0,207760
2026-09-23,2390.0,2405.0,2345.0,2390.0,11454.0,016600
2026-09-23,2975.0,2990.0,2770.0,2940.0,18316.0,080520
2026-09-23,3735.0,3750.0,3570.0,3700.0,1818.0,270870
2026-09-23,4335.0,4335.0,4200.0,4330.0,24676.0,131090
2026-09-23,0.0,0.0,0.0,689.0,0.0,038060
2026-09-23,1500.0,1526.0,1483.0,1511.0,33635.0,310870
2026-09-23,3025.0,3095.0,2995.0,3010.0,34390.0,006920
2026-09-23,6250.0,7490.0,6000.0,6330.0,8545.0,296640
2026-09-23,1166.0,1189.0,1154.0,1179.0,14315.0,068050
2026-09-23,2615.0,2830.0,2530.0,2650.0,3942.0,318020
2026-09-23,3065.0,3165.0,3055.0,3165.0,4043.0,153490
2026-09-23,3115.0,3185.0,2925.0,3110.0,14532.0,159910
2026-09-23,1112.0,1305.0,1112.0,1153.0,173167.0,065950
2026-09-23,4010.0,4010.0,2935.0,3975.0,2972.0,087600
2026-09-23,1588.0,1596.0,1555.0,1590.0,25422.0,109820
2026-09-23,1000.0,1000.0,970.0,990.0,14136.0,408900
2026-09-23,7130.0,7300.0,6850.0,6870.0,23054.0,417860
2026-09-23,1720.0,1720.0,1661.0,1709.0,9928.0,033830
2026-09-23,1985.0,1985.0,1940.0,1976.0,3321.0,021650
2026-09-23,2955.0,3300.0,2870.0,2960.0,449114.0,430690
2026-09-23,2140.0,2210.0,2120.0,2175.0,95680.0,104200
2026-09-23,3850.0,4995.0,3850.0,4305.0,1695384.0,431190
2026-09-23,4020.0,4032.0,3900.0,3990.0,8139.0,476080
2026-09-23,3000.0,3070.0,2940.0,3015.0,3048.0,200780
2026-09-23,2120.0,2180.0,2060.0,2095.0,13168.0,089140
2026-09-23,1370.0,1370.0,1331.0,1366.0,1506.0,133750
2026-09-23,787.0,810.0,757.0,770.0,74690.0,072770
2026-09-23,3275.0,3290.0,3175.0,3270.0,2227.0,025440
2026-09-23,1142.0,1194.0,1122.0,1138.0,64727.0,031510
2026-09-23,1107.0,1107.0,1056.0,1079.0,118431.0,271830
2026-09-23,3510.0,3510.0,3255.0,3450.0,7842.0,090410
2026-09-23,2695.0,2700.0,2575.0,2685.0,3941.0,127980
2026-09-23,661.0,682.0,636.0,669.0,55663.0,043340
2026-09-23,5100.0,5320.0,5000.0,5040.0,14805.0,099220
2026-09-23,0.0,0.0,0.0,1079.0,0.0,050110
2026-09-23,2630.0,2675.0,2580.0,2635.0,19443.0,064480
2026-09-23,3795.0,3835.0,3695.0,3835.0,4528.0,099390
2026-09-23,1225.0,1240.0,1135.0,1225.0,104007.0,032790
2026-09-23,2210.0,2230.0,2130.0,2210.0,27845.0,419120
2026-09-23,3205.0,3240.0,3040.0,3160.0,83779.0,300120
2026-09-23,1293.0,1347.0,1250.0,1289.0,77846.0,226330
2026-09-23,0.0,0.0,0.0,412.0,0.0,258830
2026-09-23,2810.0,2810.0,2680.0,2775.0,10369.0,368970
2026-09-23,3195.0,3200.0,2930.0,3190.0,3451.0,376980
2026-09-23,6900.0,9050.0,6830.0,7070.0,24326.0,012620
2026-09-23,2400.0,2415.0,2345.0,2390.0,11752.0,197140
2026-09-23,3200.0,3285.0,3160.0,3165.0,2132.0,263920
2026-09-23,2945.0,3035.0,2895.0,3035.0,1099.0,038950
2026-09-23,690.0,710.0,680.0,705.0,45236.0,037330
2026-09-23,2030.0,2030.0,1987.0,2005.0,23337.0,173940
2026-09-23,3125.0,3180.0,3065.0,3120.0,77087.0,093380
2026-09-23,4805.0,4805.0,4610.0,4790.0,2520.0,444530
2026-09-23,1331.0,1715.0,1331.0,1566.0,669484.0,054780
2026-09-23,3115.0,3175.0,3000.0,3025.0,6897.0,148930
2026-09-23,3195.0,3195.0,3010.0,3075.0,10232.0,369370
2026-09-23,2005.0,2335.0,2005.0,2200.0,107926.0,188260
2026-09-23,1676.0,1703.0,1614.0,1662.0,5971.0,075970
2026-09-23,3800.0,3860.0,3700.0,3860.0,6225.0,462310
2026-09-23,3975.0,4050.0,3935.0,3965.0,23530.0,020180
2026-09-23,1510.0,1539.0,1475.0,1491.0,4236.0,097780
2026-09-23,5490.0,5500.0,5400.0,5470.0,5396.0,464280
2026-09-23,0.0,0.0,0.0,1969.0,0.0,246250
2026-09-23,2155.0,2170.0,2085.0,2155.0,22102.0,038870
2026-09-23,2615.0,2670.0,2600.0,2645.0,17801.0,073540
2026-09-23,5790.0,5790.0,5300.0,5660.0,7078.0,388610
2026-09-23,1992.0,2040.0,1965.0,1989.0,7781.0,038620
2026-09-23,2820.0,2970.0,2715.0,2830.0,3953.0,049120
2026-09-23,5900.0,5940.0,5710.0,5760.0,4995.0,079170
2026-09-23,2510.0,2700.0,2505.0,2505.0,117207.0,356890
2026-09-23,2315.0,2360.0,2235.0,2355.0,11781.0,311390
2026-09-23,1021.0,1039.0,1000.0,1021.0,59164.0,317240
2026-09-23,2750.0,2970.0,2710.0,2850.0,5416.0,033540
2026-09-23,1200.0,1233.0,1173.0,1227.0,708.0,071850
2026-09-23,1490.0,1639.0,1471.0,1625.0,20757.0,169330
2026-09-23,1547.0,1632.0,1547.0,1628.0,22219.0,462980
2026-09-23,2065.0,2160.0,2005.0,2100.0,14777.0,139670
2026-09-23,2510.0,2540.0,2475.0,2525.0,11741.0,091340
2026-09-23,2110.0,2150.0,2000.0,2120.0,18179.0,070590
2026-09-23,3025.0,3175.0,2940.0,2945.0,133868.0,078590
2026-09-23,2305.0,2315.0,2255.0,2290.0,5939.0,237820
2026-09-23,990.0,999.0,935.0,987.0,54853.0,031310
2026-09-23,1968.0,2100.0,1923.0,2050.0,52319.0,377030
2026-09-23,6980.0,7070.0,6610.0,6690.0,9410.0,088340
2026-09-23,3110.0,3110.0,3015.0,3030.0,1709.0,336060
2026-09-23,3510.0,3600.0,3255.0,3475.0,27107.0,367000
2026-09-23,2910.0,2985.0,2750.0,2870.0,24753.0,187270
2026-09-23,1311.0,1395.0,1271.0,1301.0,149683.0,290560
2026-09-23,3525.0,3605.0,3405.0,3505.0,40162.0,351330
2026-09-23,3090.0,3110.0,2920.0,3015.0,15660.0,452160
2026-09-23,1686.0,1720.0,1680.0,1720.0,14566.0,008470
2026-09-23,4120.0,4235.0,4040.0,4120.0,11817.0,288620
2026-09-23,1077.0,1080.0,1066.0,1077.0,40419.0,128540
2026-09-23,1038.0,1063.0,1014.0,1030.0,22845.0,160550
2026-09-23,5110.0,5320.0,5100.0,5320.0,994.0,239610
2026-09-23,2705.0,2745.0,2690.0,2710.0,14748.0,045300
2026-09-23,1206.0,1320.0,1199.0,1254.0,190293.0,069920
2026-09-23,2300.0,2745.0,2290.0,2550.0,2701358.0,0010F0
2026-09-23,1486.0,1550.0,1478.0,1542.0,19363.0,464580
2026-09-23,1900.0,1940.0,1870.0,1930.0,9647.0,450520
2026-09-23,2660.0,2720.0,2620.0,2685.0,5088.0,262840
2026-09-23,5790.0,5790.0,5620.0,5760.0,7718.0,333050
2026-09-23,3940.0,4095.0,3725.0,4095.0,8842.0,297570
2026-09-23,2570.0,2615.0,2455.0,2560.0,6688.0,080530
2026-09-23,0.0,0.0,0.0,1710.0,0.0,043220
2026-09-23,1782.0,1834.0,1745.0,1785.0,26282.0,057680
2026-09-23,1898.0,1949.0,1861.0,1935.0,8892.0,130500
2026-09-23,2930.0,2930.0,2835.0,2930.0,2992.0,348030
2026-09-23,2410.0,2420.0,2355.0,2375.0,24727.0,119500
2026-09-23,1785.0,1819.0,1700.0,1769.0,10172.0,096630
2026-09-23,2005.0,2005.0,1852.0,1854.0,1130.0,109960
2026-09-23,1867.0,1872.0,1761.0,1822.0,27485.0,066910
2026-09-23,0.0,0.0,0.0,910.0,0.0,254120
2026-09-23,1662.0,1665.0,1627.0,1629.0,28999.0,089150
2026-09-23,1584.0,1610.0,1568.0,1609.0,22202.0,114630
2026-09-23,3655.0,3700.0,3640.0,3680.0,5573.0,091970
2026-09-23,1682.0,1716.0,1633.0,1633.0,45824.0,236810
2026-09-23,2280.0,2375.0,2215.0,2285.0,4905.0,115480
2026-09-23,3350.0,3365.0,3305.0,3335.0,7972.0,364950
2026-09-23,1872.0,1872.0,1795.0,1842.0,15834.0,322780
2026-09-23,1576.0,1671.0,1511.0,1670.0,7706.0,053290
2026-09-23,2195.0,2265.0,2165.0,2265.0,4170.0,013720
2026-09-23,1959.0,1959.0,1864.0,1881.0,17770.0,407400
2026-09-23,1440.0,1519.0,1396.0,1434.0,21908.0,225220
2026-09-23,1833.0,1848.0,1717.0,1773.0,161269.0,191410
2026-09-23,2030.0,2050.0,1982.0,2020.0,33360.0,148250
2026-09-23,1707.0,1765.0,1655.0,1719.0,23020.0,195500
2026-09-23,2325.0,2370.0,2300.0,2300.0,4219.0,068100
2026-09-23,692.0,732.0,680.0,681.0,1226847.0,215790
2026-09-23,3850.0,4155.0,3730.0,3795.0,20364.0,079000
2026-09-23,3505.0,3535.0,3320.0,3445.0,20751.0,318010
2026-09-23,6650.0,8390.0,6590.0,6790.0,12235.0,096690
2026-09-23,487.0,497.0,480.0,481.0,246567.0,101670
2026-09-23,1996.0,2100.0,1940.0,2040.0,48696.0,193250
2026-09-23,1773.0,1848.0,1750.0,1750.0,9123.0,123840
2026-09-23,1838.0,1861.0,1782.0,1799.0,25043.0,373170
2026-09-23,2330.0,2355.0,2295.0,2325.0,17462.0,017000
2026-09-23,3555.0,3640.0,3535.0,3635.0,1800.0,131220
2026-09-23,2535.0,2770.0,2415.0,2535.0,259693.0,140430
2026-09-23,1077.0,1084.0,1051.0,1054.0,27942.0,016920
2026-09-23,2525.0,2585.0,2455.0,2485.0,52592.0,067010
2026-09-23,8230.0,8230.0,7700.0,7700.0,433.0,007770
2026-09-23,1330.0,1423.0,1316.0,1352.0,29754.0,198940
2026-09-23,2815.0,2885.0,2720.0,2800.0,13845.0,290270
2026-09-23,981.0,1000.0,955.0,1000.0,5656.0,900070
2026-09-23,2955.0,2980.0,2950.0,2975.0,365.0,032750
2026-09-23,2920.0,2980.0,2730.0,2775.0,11820.0,048470
2026-09-23,4375.0,4375.0,4050.0,4155.0,10594.0,363260
2026-09-23,2310.0,2545.0,2195.0,2320.0,10445.0,359090
2026-09-23,2540.0,2595.0,2515.0,2595.0,9965.0,069410
2026-09-23,5230.0,5720.0,5120.0,5560.0,1531.0,134060
2026-09-23,2290.0,2520.0,2210.0,2340.0,16259.0,238490
2026-09-23,1501.0,1533.0,1470.0,1508.0,6291.0,138070
2026-09-23,2020.0,2220.0,2020.0,2055.0,2744.0,900310
2026-09-23,1539.0,1569.0,1491.0,1510.0,19415.0,083660
2026-09-23,1436.0,1539.0,1350.0,1412.0,52433.0,376180
2026-09-23,1696.0,1724.0,1648.0,1673.0,44808.0,105550
2026-09-23,1059.0,1097.0,1029.0,1053.0,42291.0,047080
2026-09-23,1582.0,1650.0,1558.0,1596.0,49059.0,103840
2026-09-23,1727.0,1778.0,1697.0,1727.0,24239.0,069140
2026-09-23,2995.0,3140.0,2955.0,2995.0,25281.0,458350
2026-09-23,1100.0,1179.0,1082.0,1151.0,70669.0,076080
2026-09-23,2095.0,2240.0,2000.0,2155.0,46974.0,073570
2026-09-23,1240.0,1270.0,1216.0,1239.0,136309.0,043200
2026-09-23,2680.0,3000.0,2680.0,2710.0,14006.0,019570
2026-09-23,1621.0,1670.0,1556.0,1592.0,155750.0,052300
2026-09-23,2415.0,2555.0,2410.0,2530.0,19876.0,016670
2026-09-23,1165.0,1214.0,1148.0,1165.0,70758.0,001810
2026-09-23,2470.0,2640.0,2450.0,2580.0,19409.0,200350
2026-09-23,1735.0,2215.0,1735.0,1851.0,7056070.0,027040
2026-09-23,815.0,816.0,800.0,803.0,17944.0,033050
2026-09-23,1285.0,1305.0,1268.0,1296.0,7872.0,060380
2026-09-23,3795.0,3995.0,3610.0,3725.0,6139.0,328380
2026-09-23,1069.0,1079.0,1031.0,1061.0,23544.0,146060
2026-09-23,1576.0,1648.0,1552.0,1612.0,13946.0,290520
2026-09-23,1023.0,1033.0,990.0,1015.0,56910.0,054090
2026-09-23,1787.0,1838.0,1747.0,1827.0,7190.0,123750
2026-09-23,1376.0,1385.0,1349.0,1364.0,80055.0,044780
2026-09-23,1638.0,1687.0,1580.0,1663.0,279325.0,101400
2026-09-23,2960.0,3005.0,2930.0,2980.0,5899.0,101680
2026-09-23,3240.0,3240.0,3085.0,3155.0,4068.0,475660
2026-09-23,2795.0,3035.0,2680.0,3005.0,117456.0,389680
2026-09-23,5500.0,5500.0,5300.0,5420.0,6342.0,083640
2026-09-23,6040.0,6040.0,5870.0,5940.0,6292.0,090150
2026-09-23,2955.0,3300.0,2790.0,2890.0,151995.0,115530
2026-09-23,1185.0,1185.0,1162.0,1163.0,30419.0,021880
2026-09-23,0.0,0.0,0.0,956.0,0.0,368600
2026-09-23,2060.0,2095.0,2020.0,2075.0,25008.0,398120
2026-09-23,1392.0,1594.0,1311.0,1544.0,536785.0,355390
2026-09-23,5570.0,5900.0,5300.0,5680.0,5295.0,115160
2026-09-23,3105.0,3175.0,2955.0,3000.0,20819.0,223310
2026-09-23,650.0,687.0,634.0,650.0,41777.0,206400
2026-09-23,4180.0,4350.0,4140.0,4140.0,1772.0,131180
2026-09-23,3195.0,3195.0,3095.0,3160.0,1673.0,267790
2026-09-23,2235.0,2285.0,2120.0,2175.0,9725.0,351870
2026-09-23,3730.0,3770.0,3610.0,3655.0,63902.0,054940
2026-09-23,2800.0,2800.0,2710.0,2770.0,3036.0,318000
2026-09-23,3060.0,3085.0,3000.0,3015.0,9210.0,039740
2026-09-23,1490.0,1519.0,1455.0,1506.0,19627.0,058110
2026-09-23,2140.0,2270.0,1980.0,2110.0,12077.0,415380
2026-09-23,1970.0,2090.0,1951.0,2090.0,9192.0,187220
2026-09-23,2180.0,2180.0,2000.0,2125.0,106915.0,177830
2026-09-23,1911.0,1911.0,1851.0,1867.0,307.0,405920
2026-09-23,4240.0,4240.0,4000.0,4200.0,8117.0,417180
2026-09-23,1239.0,1291.0,1210.0,1256.0,14854.0,016100
2026-09-23,2660.0,2950.0,2595.0,2725.0,12136.0,462510
2026-09-23,1275.0,1590.0,1263.0,1299.0,66156.0,365590
2026-09-23,3860.0,4000.0,3700.0,3800.0,74410.0,148780
2026-09-23,1186.0,1280.0,1160.0,1220.0,82301.0,060230
2026-09-23,2140.0,2240.0,2135.0,2190.0,9050.0,352940
2026-09-23,2665.0,2665.0,2560.0,2650.0,12443.0,023770
2026-09-23,2955.0,3160.0,2925.0,2925.0,8718.0,208350
2026-09-23,2650.0,2675.0,2535.0,2570.0,59553.0,035200
2026-09-23,1697.0,1730.0,1665.0,1693.0,34266.0,464500
2026-09-23,2725.0,2725.0,2520.0,2610.0,15805.0,020400
2026-09-23,2170.0,2200.0,2120.0,2140.0,8191.0,222980
2026-09-23,1243.0,1499.0,1236.0,1302.0,19541.0,039310
2026-09-23,0.0,0.0,0.0,510.0,0.0,378800
2026-09-23,2625.0,3195.0,2565.0,2875.0,1255.0,238200
2026-09-23,2550.0,2550.0,2415.0,2440.0,6257.0,298060
2026-09-23,1625.0,1755.0,1620.0,1732.0,47485.0,043590
2026-09-23,3020.0,3255.0,3020.0,3120.0,7965.0,038880
2026-09-23,6170.0,6300.0,6010.0,6150.0,2781.0,036480
2026-09-23,5040.0,5040.0,4870.0,4985.0,4078.0,188040
2026-09-23,1519.0,1525.0,1480.0,1516.0,14688.0,051380
2026-09-23,918.0,946.0,898.0,914.0,123954.0,206560
2026-09-23,1860.0,2315.0,1763.0,1847.0,13708.0,257370
2026-09-23,2580.0,2580.0,2500.0,2500.0,2242.0,033200
2026-09-23,1949.0,1973.0,1927.0,1973.0,1483.0,018680
2026-09-23,1145.0,1172.0,1105.0,1140.0,25390.0,007720
2026-09-23,1537.0,1594.0,1521.0,1559.0,19405.0,013810
2026-09-23,3440.0,3615.0,3345.0,3430.0,10430.0,044480
2026-09-23,0.0,0.0,0.0,1055.0,0.0,154040
2026-09-23,3890.0,4650.0,3850.0,4395.0,737370.0,224060
2026-09-23,1896.0,1916.0,1800.0,1895.0,32489.0,192390
2026-09-23,2845.0,2895.0,2780.0,2835.0,5943.0,115570
2026-09-23,2595.0,2905.0,2570.0,2770.0,8410.0,377330
2026-09-23,996.0,1019.0,950.0,977.0,398208.0,032680
2026-09-23,964.0,1055.0,902.0,954.0,197201.0,276730
2026-09-23,1045.0,1110.0,1033.0,1065.0,42896.0,017250
2026-09-23,1857.0,1860.0,1804.0,1858.0,20526.0,065690
2026-09-23,1458.0,1527.0,1458.0,1471.0,10327.0,032800
2026-09-23,2370.0,2430.0,2365.0,2380.0,20809.0,063760
2026-09-23,1308.0,1329.0,1278.0,1327.0,9301.0,018700
2026-09-23,3150.0,3150.0,2980.0,3015.0,4868.0,303530
2026-09-23,1416.0,1453.0,1416.0,1448.0,47953.0,317120
2026-09-23,3050.0,3145.0,2980.0,3135.0,27113.0,372800
2026-09-23,3395.0,3450.0,3315.0,3390.0,705.0,237750
2026-09-23,2280.0,2280.0,2095.0,2240.0,45668.0,331520
2026-09-23,2600.0,2875.0,2550.0,2830.0,115905.0,002680
2026-09-23,2305.0,2415.0,2250.0,2300.0,7268.0,241840
2026-09-23,2790.0,2790.0,2685.0,2715.0,12109.0,032860
2026-09-23,1331.0,1349.0,1321.0,1344.0,10074.0,032280
2026-09-23,2915.0,3000.0,2890.0,2950.0,5108.0,065370
2026-09-23,1697.0,1750.0,1680.0,1729.0,51045.0,054220
2026-09-23,2615.0,2620.0,2440.0,2530.0,41046.0,432980
2026-09-23,0.0,0.0,0.0,1010.0,0.0,032080
2026-09-23,2185.0,2345.0,2125.0,2170.0,10155.0,440320
2026-09-23,1882.0,1893.0,1771.0,1822.0,72736.0,027580
2026-09-23,1326.0,1331.0,1282.0,1282.0,27898.0,362990
2026-09-23,4070.0,4200.0,4025.0,4115.0,32048.0,247660
2026-09-23,5630.0,5700.0,5570.0,5600.0,1262.0,277410
2026-09-23,0.0,0.0,0.0,756.0,0.0,340440
2026-09-23,4290.0,4805.0,4060.0,4130.0,6760.0,038530
2026-09-23,1219.0,1238.0,1205.0,1211.0,35879.0,053060
2026-09-23,2480.0,2480.0,2265.0,2375.0,10232.0,043360
2026-09-23,1985.0,2005.0,1960.0,1990.0,9731.0,215480
2026-09-23,1636.0,2100.0,1614.0,1669.0,29290.0,383930
2026-09-23,1676.0,1676.0,1605.0,1626.0,5215.0,219750
2026-09-23,2195.0,2300.0,2175.0,2195.0,4089.0,067730
2026-09-23,1960.0,1985.0,1860.0,1879.0,12637.0,130740
2026-09-23,1397.0,1542.0,1376.0,1408.0,11503.0,344860
2026-09-23,2030.0,2240.0,2015.0,2095.0,74548.0,424760
2026-09-23,3475.0,3475.0,3150.0,3275.0,58597.0,429270
2026-09-23,981.0,988.0,861.0,945.0,71865.0,289220
2026-09-23,1621.0,1662.0,1513.0,1599.0,59392.0,301300
2026-09-23,1509.0,1509.0,1464.0,1508.0,28859.0,019660
2026-09-23,1206.0,1241.0,1198.0,1240.0,8115.0,069330
2026-09-23,595.0,595.0,550.0,576.0,104826.0,095910
2026-09-23,3195.0,3240.0,3095.0,3190.0,51191.0,045520
2026-09-23,1822.0,1949.0,1767.0,1856.0,62866.0,438700
2026-09-23,2205.0,2750.0,1967.0,2170.0,11467.0,200230
2026-09-23,2965.0,2980.0,2130.0,2590.0,1677028.0,026910
2026-09-23,2635.0,2635.0,2460.0,2595.0,7123.0,353190
2026-09-23,3435.0,3600.0,3435.0,3600.0,8678.0,361670
2026-09-23,976.0,976.0,916.0,940.0,12319.0,021040
2026-09-23,1458.0,1548.0,1384.0,1441.0,24752.0,085810
2026-09-23,1650.0,1650.0,1610.0,1626.0,10152.0,098660
2026-09-23,3605.0,3760.0,3300.0,3760.0,127288.0,405000
2026-09-23,2225.0,2320.0,2065.0,2195.0,13092.0,403490
2026-09-23,4140.0,4140.0,3720.0,3835.0,13615.0,275630
2026-09-23,2535.0,3120.0,2535.0,3120.0,137268.0,131100
2026-09-23,2005.0,2045.0,1981.0,2010.0,33892.0,024940
2026-09-23,1032.0,1038.0,1010.0,1036.0,6729.0,227610
2026-09-23,5440.0,5570.0,5430.0,5440.0,2555.0,900110
2026-09-23,2735.0,2760.0,2685.0,2745.0,7831.0,080470
2026-09-23,2240.0,2240.0,2120.0,2200.0,13214.0,274400
2026-09-23,5160.0,5210.0,5000.0,5200.0,5448.0,084440
2026-09-23,1065.0,1065.0,1030.0,1060.0,120826.0,048830
2026-09-23,2980.0,3095.0,2975.0,3035.0,4428.0,113810
2026-09-23,1656.0,1660.0,1592.0,1629.0,23415.0,154030
2026-09-23,1220.0,1349.0,1211.0,1227.0,20287.0,065150
2026-09-23,890.0,920.0,870.0,916.0,47205.0,083470
2026-09-23,2310.0,2395.0,2260.0,2355.0,15017.0,252500
2026-09-23,2340.0,2435.0,2280.0,2340.0,14470.0,096870
2026-09-23,3550.0,3630.0,3315.0,3400.0,742.0,054410
2026-09-23,1575.0,1575.0,1408.0,1512.0,30726.0,353590
2026-09-23,0.0,0.0,0.0,1622.0,0.0,073190
2026-09-23,1273.0,1425.0,1240.0,1306.0,3411.0,056730
2026-09-23,858.0,899.0,840.0,850.0,47129.0,347770
2026-09-23,0.0,0.0,0.0,2290.0,0.0,214610
2026-09-23,3605.0,3870.0,3495.0,3510.0,11497.0,342870
2026-09-23,1315.0,1331.0,1305.0,1331.0,8069.0,196700
2026-09-23,1171.0,1184.0,1165.0,1169.0,31295.0,050760
2026-09-23,2880.0,2885.0,2715.0,2750.0,16244.0,018620
2026-09-23,1613.0,1620.0,1538.0,1610.0,51289.0,115610
2026-09-23,2030.0,2130.0,1910.0,2075.0,12626.0,110020
2026-09-23,0.0,0.0,0.0,6930.0,0.0,031860
2026-09-23,1463.0,1476.0,1401.0,1429.0,118760.0,023790
2026-09-23,2550.0,2645.0,2540.0,2550.0,10134.0,365900
2026-09-23,1149.0,1153.0,1130.0,1140.0,24497.0,195990
2026-09-23,2540.0,2545.0,2320.0,2440.0,21044.0,051780
2026-09-23,3120.0,3275.0,3000.0,3095.0,17290.0,065060
2026-09-23,1520.0,1621.0,1503.0,1567.0,12154.0,014100
2026-09-23,3885.0,4065.0,3825.0,3940.0,2621.0,279600
2026-09-23,1854.0,2010.0,1835.0,1869.0,13417.0,137940
2026-09-23,3130.0,3187.0,2850.0,3075.0,26823.0,419540
2026-09-23,1258.0,1290.0,1204.0,1242.0,102235.0,455180
2026-09-23,1848.0,1984.0,1815.0,1883.0,150302.0,210120
2026-09-23,3060.0,3070.0,2670.0,2710.0,172511.0,060900
2026-09-23,5030.0,5200.0,4930.0,5060.0,20187.0,009620
2026-09-23,3500.0,3515.0,3365.0,3365.0,4834.0,037400
2026-09-23,1592.0,1609.0,1500.0,1570.0,129844.0,060480
2026-09-23,0.0,0.0,0.0,1040.0,0.0,900120
2026-09-23,1000.0,1020.0,990.0,999.0,65723.0,373110
2026-09-23,1921.0,1921.0,1907.0,1909.0,433467.0,0197V0
2026-09-23,2095.0,2150.0,2000.0,2150.0,7649.0,088290
2026-09-23,0.0,0.0,0.0,2055.0,0.0,482680
2026-09-23,847.0,847.0,695.0,717.0,251358.0,050090
2026-09-23,0.0,0.0,0.0,6040.0,0.0,241820
2026-09-23,2075.0,2075.0,2065.0,2065.0,7985.0,477380
2026-09-23,3285.0,3290.0,2670.0,2700.0,165306.0,078860
2026-09-23,1187.0,1242.0,1091.0,1189.0,1018833.0,291810
2026-09-23,2695.0,2750.0,2660.0,2675.0,34984.0,034940
2026-09-23,1994.0,1995.0,1897.0,1900.0,6464570.0,0200G0
2026-09-23,3215.0,3285.0,3150.0,3215.0,30913.0,225590
2026-09-23,1161.0,1180.0,1161.0,1180.0,280530.0,289010
2026-09-23,4595.0,4780.0,4300.0,4530.0,88099.0,285800
2026-09-23,858.0,879.0,831.0,841.0,31258.0,309930
2026-09-23,1308.0,1350.0,1164.0,1164.0,135966.0,079950
2026-09-23,1420.0,1458.0,1400.0,1457.0,17043.0,065650
2026-09-23,1583.0,1606.0,1520.0,1551.0,34641.0,376930
2026-09-23,2020.0,2020.0,1950.0,1962.0,37470.0,009730
2026-09-23,1965.0,1975.0,1960.0,1963.0,33684.0,0072Z0
2026-09-23,2055.0,2060.0,2055.0,2060.0,46281.0,477340
2026-09-23,2245.0,2355.0,2090.0,2140.0,31052.0,103230
2026-09-23,1992.0,1992.0,1975.0,1991.0,3751.0,0130H0
2026-09-23,5120.0,5120.0,4225.0,4545.0,17350.0,335870
2026-09-23,1970.0,1982.0,1963.0,1964.0,2210.0,0101C0
2026-09-23,0.0,0.0,0.0,973.0,0.0,030350
2026-09-23,1540.0,1540.0,1469.0,1525.0,38543.0,177350
2026-09-23,1987.0,2000.0,1970.0,2000.0,5301.0,0044K0
2026-09-23,2765.0,2945.0,2680.0,2945.0,207017.0,092600
2026-09-23,2100.0,2105.0,2100.0,2100.0,145307.0,473050
2026-09-23,1995.0,2050.0,1973.0,1978.0,7094.0,0115H0
2026-09-23,0.0,0.0,0.0,2200.0,0.0,489480
2026-09-23,1582.0,1582.0,1554.0,1554.0,9068.0,306040
2026-09-23,2590.0,2620.0,2460.0,2545.0,16717.0,475460
2026-09-23,2060.0,2070.0,2055.0,2065.0,2168.0,478440
2026-09-23,2075.0,2075.0,2060.0,2065.0,9351.0,479880
2026-09-23,1933.0,1944.0,1925.0,1939.0,54725.0,0165X0
2026-09-23,2760.0,2800.0,2425.0,2460.0,74155.0,377220
2026-09-23,2295.0,2915.0,2250.0,2580.0,111036.0,239340
2026-09-23,1962.0,1979.0,1955.0,1955.0,17626.0,0099W0
2026-09-23,1915.0,1916.0,1895.0,1898.0,3330444.0,0209J0
2026-09-23,0.0,0.0,0.0,561.0,0.0,304840
2026-09-23,0.0,0.0,0.0,5250.0,0.0,352770
2026-09-23,0.0,0.0,0.0,1651.0,0.0,244460
2026-09-23,1967.0,1996.0,1966.0,1970.0,16151.0,0134X0
2026-09-23,1950.0,1957.0,1941.0,1957.0,52492.0,0164H0
2026-09-23,655.0,680.0,645.0,665.0,277027.0,418620
2026-09-23,1463.0,1463.0,1314.0,1440.0,85668.0,303030
2026-09-23,1398.0,1742.0,1252.0,1570.0,549714.0,067770
2026-09-23,2070.0,2070.0,2060.0,2070.0,12123.0,481890
2026-09-23,1280.0,1510.0,1100.0,1321.0,506178.0,101000
2026-09-23,0.0,0.0,0.0,2180.0,0.0,0099X0
2026-09-23,699.0,700.0,622.0,700.0,226707.0,035620
2026-09-23,1984.0,1987.0,1963.0,1975.0,4879.0,0096B0
2026-09-23,2075.0,2075.0,2060.0,2070.0,34573.0,478390
2026-09-23,2035.0,2035.0,2015.0,2030.0,21206.0,489730
2026-09-23,1961.0,1968.0,1961.0,1962.0,2950.0,0097F0
2026-09-23,1422.0,1422.0,1283.0,1329.0,65274.0,079190
2026-09-23,0.0,0.0,0.0,2295.0,0.0,054180
2026-09-23,5120.0,5560.0,5120.0,5210.0,7764.0,028080
2026-09-23,2040.0,2040.0,2020.0,2030.0,3461.0,492220
2026-09-23,0.0,0.0,0.0,2065.0,0.0,482520
2026-09-23,1998.0,2025.0,1990.0,2025.0,2529.0,0054V0
2026-09-23,1975.0,1975.0,1950.0,1960.0,23376.0,0093G0
2026-09-23,1965.0,1995.0,1950.0,1974.0,53692.0,0131D0
2026-09-23,1988.0,1988.0,1901.0,1962.0,15507.0,0037T0
2026-09-23,2035.0,2035.0,2020.0,2035.0,2042.0,0091W0
2026-09-23,0.0,0.0,0.0,764.0,0.0,065570
2026-09-23,3960.0,3960.0,3420.0,3500.0,151848.0,006050
2026-09-23,2070.0,2070.0,2060.0,2065.0,13608.0,477760
2026-09-23,1982.0,1983.0,1970.0,1977.0,5944.0,0041L0
2026-09-23,1993.0,1995.0,1981.0,1990.0,4684.0,0132G0
2026-09-23,2050.0,2070.0,2035.0,2050.0,12407.0,0088D0
2026-09-23,2095.0,2100.0,2090.0,2100.0,77942.0,469900
2026-09-23,1309.0,1325.0,1273.0,1310.0,127916.0,354200
2026-09-23,2065.0,2070.0,2055.0,2065.0,42259.0,482690
2026-09-23,867.0,894.0,867.0,867.0,14652.0,060260
2026-09-23,1970.0,1995.0,1970.0,1995.0,3247.0,0071M0
2026-09-23,2080.0,2085.0,2075.0,2080.0,11464.0,474660
2026-09-23,2075.0,2080.0,2075.0,2075.0,32304.0,474490
2026-09-23,2030.0,2030.0,2010.0,2025.0,6094.0,487360
2026-09-23,2080.0,2080.0,2045.0,2065.0,80082.0,477470
2026-09-23,1260.0,1470.0,1256.0,1302.0,600890.0,131760
2026-09-23,1987.0,1999.0,1986.0,1990.0,98.0,0105P0
2026-09-23,880.0,920.0,768.0,801.0,268403.0,208640
2026-09-23,2000.0,2005.0,1982.0,1984.0,5258.0,496070
2026-09-23,1964.0,1972.0,1964.0,1969.0,2446.0,0129K0
2026-09-23,2040.0,2050.0,2040.0,2050.0,15537.0,486630
2026-09-23,1984.0,1984.0,1962.0,1971.0,2226.0,0096D0
2026-09-23,1992.0,1993.0,1983.0,1983.0,7441.0,0098T0
2026-09-23,2015.0,2025.0,2010.0,2015.0,2039.0,493790
2026-09-23,2000.0,2000.0,1990.0,1999.0,15145.0,0004Y0
2026-09-23,2050.0,2050.0,2030.0,2035.0,922.0,489210
2026-09-23,0.0,0.0,0.0,520.0,0.0,043100
2026-09-23,1957.0,1966.0,1952.0,1953.0,2092.0,0130D0
2026-09-23,2055.0,2065.0,2050.0,2060.0,9079.0,478110
2026-09-23,2005.0,2010.0,1960.0,2010.0,5490.0,466690
2026-09-23,0.0,0.0,0.0,538.0,0.0,305090
2026-09-23,2015.0,2015.0,2000.0,2005.0,5115.0,0041B0
2026-09-23,0.0,0.0,0.0,2035.0,0.0,498390
2026-09-23,471.0,509.0,464.0,467.0,100069.0,142760
2026-09-23,2050.0,2050.0,2030.0,2040.0,6569.0,488060
2026-09-23,0.0,0.0,0.0,1650.0,0.0,106080
2026-09-23,900.0,931.0,868.0,900.0,75700.0,065770
2026-09-23,418.0,437.0,413.0,422.0,370093.0,012340
2026-09-23,2025.0,2030.0,2015.0,2020.0,3171.0,484130
2026-09-23,2055.0,2055.0,2050.0,2050.0,5146.0,473950
2026-09-23,2040.0,2075.0,2020.0,2075.0,2078.0,487830
2026-09-23,1125.0,1190.0,963.0,1087.0,156946.0,240600
2026-09-23,0.0,0.0,0.0,2130.0,0.0,469480
2026-09-23,253.0,262.0,240.0,246.0,1070945.0,288980
2026-09-23,0.0,0.0,0.0,2080.0,0.0,468760
2026-09-23,2105.0,2105.0,2100.0,2100.0,80792.0,472230
2026-09-23,2040.0,2040.0,2030.0,2035.0,28616.0,487720
2026-09-23,1977.0,1977.0,1960.0,1968.0,43231.0,0068Y0
2026-09-23,1709.0,1771.0,1677.0,1695.0,29464.0,001000
2026-09-23,1992.0,1992.0,1974.0,1976.0,81.0,0041J0
2026-09-23,5960.0,5960.0,5810.0,5860.0,276.0,03481K
2026-09-23,0.0,0.0,0.0,247.0,0.0,087260
2026-09-23,2085.0,2085.0,2070.0,2085.0,62035.0,475250
2026-09-23,0.0,0.0,0.0,596.0,0.0,079970
2026-09-23,2095.0,2095.0,2090.0,2090.0,65.0,474930
2026-09-23,277.0,340.0,277.0,292.0,2952412.0,308100
2026-09-23,0.0,0.0,0.0,940.0,0.0,065420
2026-09-23,0.0,0.0,0.0,327.0,0.0,276040
2026-09-23,2080.0,2080.0,2075.0,2075.0,15137.0,473000
2026-09-23,2085.0,2090.0,2080.0,2090.0,43609.0,475240
2026-09-23,886.0,999.0,850.0,855.0,101693.0,250930
2026-09-23,812.0,1041.0,810.0,1041.0,788659.0,900100
2026-09-23,0.0,0.0,0.0,205.0,0.0,044180
2026-09-23,0.0,0.0,0.0,468.0,0.0,313760
2026-09-23,910.0,910.0,830.0,865.0,45684.0,058450
2026-09-23,0.0,0.0,0.0,312.0,0.0,052770
2026-09-23,0.0,0.0,0.0,698.0,0.0,225430
2026-09-23,0.0,0.0,0.0,1059.0,0.0,025870
2026-09-23,250.0,250.0,206.0,217.0,2896107.0,084180
2026-09-23,795.0,1010.0,750.0,775.0,268821.0,199730
2026-09-23,501.0,635.0,500.0,500.0,3462782.0,011080
2026-09-23,450.0,473.0,202.0,202.0,3277513.0,196490
2026-09-23,145.0,145.0,93.0,106.0,5506283.0,312610
2026-09-23,0.0,0.0,0.0,384.0,0.0,035290
2026-09-23,2180.0,2180.0,2050.0,2100.0,3949.0,021045
2026-09-23,6530.0,6530.0,6000.0,6110.0,2366.0,032685
