date,open,high,low,close,volume,code
2026-10-07,269500.0,279500.0,268500.0,270500.0,13575345.0,005930
2026-10-07,1728000.0,1779000.0,1725000.0,1729000.0,2120793.0,000660
2026-10-07,195000.0,203000.0,194500.0,198200.0,2300670.0,005935
2026-10-07,1146000.0,1195000.0,1140000.0,1144000.0,480990.0,402340
2026-10-07,1675000.0,1699000.0,1601000.0,1604000.0,481601.0,009150
2026-10-07,385500.0,395000.0,378000.0,393500.0,295583.0,373220
2026-10-07,346500.0,346500.0,336000.0,337000.0,465408.0,005380
2026-10-07,166800.0,170000.0,166200.0,169400.0,416546.0,105560
2026-10-07,1303000.0,1313000.0,1273000.0,1274000.0,52501.0,207940
2026-10-07,281500.0,289500.0,277000.0,280500.0,140847.0,032830
2026-10-07,340000.0,351000.0,335000.0,337500.0,191976.0,028260
2026-10-07,83500.0,84300.0,80200.0,80500.0,1993038.0,034020
2026-10-07,1014000.0,1021000.0,975000.0,975000.0,136154.0,012450
2026-10-07,103200.0,105100.0,102200.0,103400.0,545224.0,055550
2026-10-07,571000.0,575000.0,560000.0,566000.0,282731.0,006400
2026-10-07,112700.0,112800.0,109300.0,109600.0,577989.0,000270
2026-10-07,182800.0,184000.0,181200.0,183900.0,204524.0,068270
2026-10-07,579000.0,597000.0,575000.0,581000.0,83198.0,034730
2026-10-07,420000.0,420000.0,400000.0,400500.0,280914.0,329180
2026-10-07,128700.0,129800.0,127500.0,129100.0,340200.0,086790
2026-10-07,231500.0,238000.0,207000.0,208500.0,1626564.0,066570
2026-10-07,380000.0,380500.0,373000.0,374000.0,136168.0,012330
2026-10-07,227000.0,229000.0,206000.0,207000.0,781778.0,010120
2026-10-07,191300.0,191400.0,189100.0,189150.0,395932.0,035420
2026-10-07,631000.0,636000.0,622000.0,629000.0,46501.0,000810
2026-10-07,156400.0,162700.0,153900.0,161100.0,862032.0,096770
2026-10-07,273500.0,275000.0,264000.0,264500.0,482136.0,042700
2026-10-07,33500.0,33750.0,33200.0,33400.0,1213414.0,316140
2026-10-07,315000.0,315500.0,308000.0,309500.0,166483.0,005490
2026-10-07,2883000.0,2888000.0,2586000.0,2586000.0,126393.0,298040
2026-10-07,77400.0,77400.0,74300.0,74350.0,672042.0,042660
2026-10-07,1463000.0,1471000.0,1397000.0,1404000.0,54017.0,000150
2026-10-07,700000.0,701000.0,627000.0,629000.0,202532.0,267260
2026-10-07,1096000.0,1096000.0,1061000.0,1063000.0,11567.0,010130
2026-10-07,129700.0,131600.0,129100.0,130900.0,94523.0,138040
2026-10-07,316500.0,316500.0,300500.0,302000.0,231986.0,009540
2026-10-07,21300.0,21500.0,21200.0,21400.0,449027.0,011200
2026-10-07,274500.0,280000.0,267000.0,279000.0,137368.0,051910
2026-10-07,30550.0,30550.0,29900.0,30100.0,764779.0,015760
2026-10-07,165200.0,173700.0,162900.0,170900.0,326204.0,010950
2026-10-07,87900.0,88300.0,87100.0,87500.0,203723.0,017670
2026-10-07,176100.0,179800.0,176100.0,179700.0,145384.0,033780
2026-10-07,19760.0,19770.0,19440.0,19580.0,2000908.0,010140
2026-10-07,203000.0,203000.0,188300.0,193100.0,713388.0,003670
2026-10-07,113500.0,114900.0,110800.0,111200.0,79880.0,003550
2026-10-07,31700.0,31700.0,30550.0,30600.0,893058.0,006800
2026-10-07,219000.0,219500.0,205000.0,207500.0,156417.0,018260
2026-10-07,20150.0,20250.0,20050.0,20100.0,341791.0,024110
2026-10-07,194200.0,194400.0,187800.0,189800.0,169467.0,267250
2026-10-07,80400.0,81400.0,77500.0,78200.0,616542.0,272210
2026-10-07,33550.0,33750.0,33100.0,33150.0,908000.0,035720
2026-10-07,699000.0,699000.0,661000.0,663000.0,151752.0,079550
2026-10-07,364000.0,384500.0,363000.0,379000.0,338196.0,278470
2026-10-07,200500.0,200500.0,188300.0,188400.0,154824.0,086280
2026-10-07,645000.0,657000.0,583000.0,587000.0,281519.0,011070
2026-10-07,51500.0,51800.0,51100.0,51400.0,158218.0,030200
2026-10-07,114600.0,114700.0,110700.0,111200.0,388080.0,000720
2026-10-07,183200.0,191800.0,183200.0,188700.0,128948.0,005830
2026-10-07,128600.0,128800.0,121600.0,122300.0,383195.0,047810
2026-10-07,112600.0,112600.0,107700.0,108000.0,279728.0,064350
2026-10-07,31000.0,31950.0,30600.0,31000.0,1087133.0,003490
2026-10-07,389500.0,389500.0,375500.0,377500.0,36651.0,307950
2026-10-07,105000.0,115800.0,104100.0,110500.0,393624.0,078930
2026-10-07,57100.0,58000.0,56200.0,57700.0,329783.0,047050
2026-10-07,224000.0,224000.0,216500.0,221000.0,68204.0,443060
2026-10-07,26650.0,27050.0,26300.0,26600.0,323676.0,005940
2026-10-07,177100.0,177200.0,173600.0,174600.0,114615.0,071050
2026-10-07,48050.0,49650.0,47350.0,48950.0,1633061.0,028050
2026-10-07,19990.0,20100.0,19830.0,19840.0,329747.0,323410
2026-10-07,351000.0,359500.0,310000.0,310500.0,458432.0,000500
2026-10-07,199800.0,203500.0,198500.0,201000.0,62280.0,259960
2026-10-07,375500.0,378000.0,368500.0,370000.0,21395.0,0126Z0
2026-10-07,1208000.0,1226000.0,1197000.0,1222000.0,21710.0,003230
2026-10-07,131100.0,131200.0,122100.0,122100.0,1174708.0,007660
2026-10-07,133900.0,134800.0,132100.0,134400.0,25054.0,180640
2026-10-07,307000.0,307000.0,280000.0,280500.0,291567.0,006260
2026-10-07,37000.0,37150.0,36000.0,36350.0,1717686.0,009830
2026-10-07,134000.0,142000.0,134000.0,138900.0,223481.0,090430
2026-10-07,88600.0,90500.0,87700.0,89600.0,204718.0,016360
2026-10-07,60400.0,60800.0,59600.0,60800.0,122633.0,161390
2026-10-07,154700.0,156200.0,148100.0,151200.0,762688.0,353200
2026-10-07,99900.0,103300.0,99900.0,102500.0,100814.0,021240
2026-10-07,157100.0,169200.0,155900.0,167000.0,405371.0,352820
2026-10-07,17970.0,18030.0,17420.0,17420.0,3148132.0,047040
2026-10-07,247500.0,247500.0,230500.0,232500.0,371337.0,062040
2026-10-07,538000.0,551000.0,516000.0,537000.0,124609.0,128940
2026-10-07,73200.0,73600.0,69300.0,69400.0,567660.0,064400
2026-10-07,252000.0,254500.0,248000.0,248500.0,47896.0,039490
2026-10-07,125100.0,126200.0,117600.0,118000.0,87065.0,000880
2026-10-07,14500.0,14650.0,14450.0,14540.0,445668.0,032640
2026-10-07,179500.0,179500.0,174000.0,174000.0,81264.0,005387
2026-10-07,77700.0,77800.0,75800.0,76100.0,52772.0,326030
2026-10-07,32600.0,32850.0,30000.0,30050.0,3366398.0,001440
2026-10-07,138500.0,141500.0,134000.0,134500.0,429967.0,000990
2026-10-07,76400.0,76800.0,74800.0,75100.0,141478.0,000100
2026-10-07,118200.0,118300.0,111900.0,115100.0,427424.0,267270
2026-10-07,111600.0,113700.0,108800.0,109000.0,214225.0,011790
2026-10-07,40250.0,40450.0,39500.0,39650.0,102850.0,377300
2026-10-07,55400.0,55700.0,54900.0,55300.0,107779.0,241560
2026-10-07,28400.0,28900.0,28100.0,28250.0,220494.0,175330
2026-10-07,225500.0,243500.0,224500.0,238500.0,189253.0,036570
2026-10-07,134500.0,134500.0,127300.0,128600.0,285819.0,052690
2026-10-07,122300.0,124000.0,118600.0,119100.0,358095.0,066970
2026-10-07,41750.0,42050.0,41550.0,41800.0,58151.0,029780
2026-10-07,15900.0,16110.0,15420.0,15520.0,699767.0,138930
2026-10-07,9740.0,9820.0,9730.0,9780.0,571451.0,088980
2026-10-07,5260.0,5390.0,5250.0,5350.0,1446862.0,088350
2026-10-07,74900.0,75000.0,71100.0,71200.0,279135.0,454910
2026-10-07,245500.0,248500.0,239500.0,241000.0,137979.0,010060
2026-10-07,91500.0,93000.0,87400.0,88400.0,639335.0,103590
2026-10-07,106500.0,107000.0,105100.0,106200.0,58190.0,271560
2026-10-07,8580.0,8580.0,8270.0,8280.0,2321926.0,034220
2026-10-07,46900.0,48750.0,46700.0,48250.0,240157.0,001450
2026-10-07,264500.0,275500.0,264500.0,274000.0,44697.0,051900
2026-10-07,474000.0,478500.0,468500.0,471000.0,10306.0,002380
2026-10-07,179300.0,179400.0,173500.0,173600.0,54274.0,005385
2026-10-07,3905.0,3945.0,3805.0,3860.0,4636784.0,018880
2026-10-07,57800.0,58800.0,56400.0,57900.0,95199.0,008930
2026-10-07,130000.0,133600.0,129100.0,131700.0,57640.0,001040
2026-10-07,47800.0,47800.0,45500.0,45550.0,395768.0,082740
2026-10-07,29800.0,29800.0,28400.0,28450.0,759364.0,004020
2026-10-07,311000.0,320000.0,296000.0,308000.0,185006.0,192820
2026-10-07,143600.0,150600.0,139800.0,146100.0,475824.0,161890
2026-10-07,6010.0,6300.0,5990.0,6250.0,3764982.0,028670
2026-10-07,35950.0,36300.0,35550.0,36200.0,79784.0,036460
2026-10-07,21850.0,21850.0,21100.0,21150.0,171691.0,022100
2026-10-07,85400.0,85800.0,83600.0,84300.0,43732.0,012750
2026-10-07,69600.0,72700.0,69200.0,70800.0,64081.0,111770
2026-10-07,14290.0,14370.0,14230.0,14330.0,126744.0,035250
2026-10-07,322500.0,330000.0,317500.0,321500.0,56977.0,004170
2026-10-07,20400.0,23400.0,20200.0,22450.0,549065.0,085620
2026-10-07,42100.0,43100.0,41950.0,42850.0,35915.0,031210
2026-10-07,48400.0,48400.0,45200.0,45600.0,415115.0,336260
2026-10-07,38250.0,38750.0,37500.0,38000.0,69852.0,302440
2026-10-07,118700.0,118700.0,114200.0,116300.0,49695.0,011780
2026-10-07,272500.0,278500.0,264500.0,269000.0,23582.0,014680
2026-10-07,49700.0,50600.0,48950.0,49250.0,85922.0,007340
2026-10-07,34500.0,35100.0,34250.0,34600.0,139660.0,251270
2026-10-07,18670.0,18770.0,17960.0,18030.0,358092.0,139130
2026-10-07,71600.0,74500.0,69300.0,74400.0,43949.0,383220
2026-10-07,53500.0,55500.0,52300.0,54300.0,286739.0,020150
2026-10-07,33250.0,33500.0,32600.0,33150.0,585287.0,006360
2026-10-07,73100.0,73200.0,72200.0,72300.0,53073.0,017800
2026-10-07,100100.0,101200.0,97000.0,99000.0,162080.0,023530
2026-10-07,74100.0,74400.0,72200.0,72200.0,162016.0,375500
2026-10-07,179700.0,183400.0,178000.0,182800.0,59845.0,097950
2026-10-07,39550.0,39600.0,38050.0,38600.0,298018.0,450080
2026-10-07,26700.0,26700.0,26050.0,26500.0,28107.0,026960
2026-10-07,60900.0,61800.0,59000.0,61000.0,85920.0,011170
2026-10-07,14500.0,14710.0,14440.0,14660.0,77282.0,003690
2026-10-07,159000.0,159200.0,153000.0,153400.0,21141.0,004800
2026-10-07,255000.0,275000.0,255000.0,271500.0,29501.0,018670
2026-10-07,51700.0,51700.0,49550.0,49650.0,100277.0,489790
2026-10-07,108500.0,134100.0,108400.0,123100.0,1034670.0,281820
2026-10-07,25450.0,25700.0,25150.0,25650.0,27864.0,000240
2026-10-07,395000.0,404000.0,393500.0,399500.0,13389.0,004370
2026-10-07,57100.0,58100.0,56500.0,57600.0,229384.0,112610
2026-10-07,82200.0,82500.0,79700.0,80100.0,172227.0,457190
2026-10-07,47400.0,47400.0,45750.0,45950.0,159704.0,009420
2026-10-07,51700.0,52000.0,50700.0,50900.0,30078.0,005850
2026-10-07,23250.0,23400.0,23100.0,23300.0,31480.0,004990
2026-10-07,144000.0,144000.0,138800.0,140300.0,4019.0,001720
2026-10-07,184700.0,190900.0,181100.0,183500.0,118565.0,483650
2026-10-07,12510.0,12520.0,12260.0,12340.0,326084.0,005440
2026-10-07,126800.0,130200.0,126600.0,130200.0,39558.0,282330
2026-10-07,162600.0,173000.0,162300.0,171800.0,13594.0,009970
2026-10-07,5510.0,5510.0,5410.0,5430.0,197432.0,279570
2026-10-07,18640.0,19050.0,18570.0,18990.0,313844.0,030000
2026-10-07,47800.0,47800.0,45350.0,45450.0,304538.0,204320
2026-10-07,85300.0,90000.0,83800.0,88700.0,628685.0,007810
2026-10-07,70800.0,71000.0,68000.0,69300.0,213351.0,229640
2026-10-07,39000.0,39650.0,38250.0,39550.0,145946.0,081660
2026-10-07,25400.0,26500.0,25300.0,26450.0,126315.0,002790
2026-10-07,46150.0,46150.0,44400.0,44550.0,83051.0,051600
2026-10-07,71900.0,72000.0,71100.0,71500.0,51987.0,139480
2026-10-07,6690.0,6770.0,6640.0,6700.0,557474.0,073240
2026-10-07,75500.0,75900.0,67400.0,67900.0,428997.0,103140
2026-10-07,22050.0,22500.0,21950.0,22450.0,49598.0,007070
2026-10-07,87700.0,88200.0,85200.0,87100.0,91590.0,069960
2026-10-07,51000.0,51600.0,50400.0,51000.0,52272.0,089860
2026-10-07,480000.0,482500.0,461500.0,462000.0,5972.0,000155
2026-10-07,58300.0,59400.0,56700.0,56900.0,64590.0,181710
2026-10-07,31000.0,31500.0,30600.0,31150.0,26797.0,462870
2026-10-07,48000.0,48000.0,46800.0,46900.0,28973.0,439260
2026-10-07,43300.0,44700.0,43000.0,44200.0,90752.0,001120
2026-10-07,8270.0,8520.0,8200.0,8240.0,61628.0,020560
2026-10-07,57600.0,58000.0,55700.0,56000.0,100458.0,120110
2026-10-07,50600.0,50900.0,49000.0,49150.0,401234.0,475150
2026-10-07,158800.0,166300.0,156400.0,160200.0,690152.0,001820
2026-10-07,151300.0,152500.0,145000.0,146100.0,209230.0,322000
2026-10-07,38250.0,38250.0,37600.0,37800.0,39031.0,023590
2026-10-07,16100.0,16200.0,15140.0,15260.0,2774920.0,093370
2026-10-07,70000.0,70900.0,69500.0,70450.0,33512.0,000120
2026-10-07,46600.0,46650.0,44300.0,44300.0,126722.0,001430
2026-10-07,5290.0,5320.0,5240.0,5260.0,106338.0,395400
2026-10-07,35000.0,35300.0,34750.0,35300.0,15047.0,006040
2026-10-07,39100.0,39600.0,38900.0,39350.0,131462.0,008770
2026-10-07,542000.0,547000.0,531000.0,532000.0,11935.0,009155
2026-10-07,47300.0,47300.0,46150.0,46700.0,110922.0,005070
2026-10-07,129200.0,131000.0,127700.0,131000.0,21829.0,006280
2026-10-07,47700.0,47700.0,44900.0,45000.0,194955.0,071970
2026-10-07,18100.0,18540.0,17720.0,18410.0,409447.0,361610
2026-10-07,21750.0,22350.0,21650.0,22200.0,58188.0,294870
2026-10-07,53800.0,53800.0,51900.0,52200.0,49026.0,011210
2026-10-07,22650.0,22950.0,22600.0,22750.0,28864.0,001800
2026-10-07,23100.0,23250.0,22550.0,22850.0,39108.0,012630
2026-10-07,15440.0,15470.0,14930.0,14970.0,164195.0,097230
2026-10-07,6560.0,6560.0,6350.0,6390.0,486878.0,001740
2026-10-07,110100.0,111100.0,109400.0,110700.0,8650.0,069620
2026-10-07,81400.0,81800.0,73600.0,73700.0,143324.0,066575
2026-10-07,10190.0,10200.0,9950.0,9960.0,274076.0,00680K
2026-10-07,314000.0,317000.0,312500.0,315000.0,2051.0,007310
2026-10-07,66300.0,72500.0,64700.0,71800.0,112562.0,006120
2026-10-07,10000.0,10060.0,9890.0,9970.0,64095.0,415640
2026-10-07,289000.0,289000.0,278000.0,282000.0,10632.0,298020
2026-10-07,56200.0,57500.0,56000.0,57500.0,54171.0,192080
2026-10-07,4160.0,4160.0,4055.0,4150.0,95145.0,330590
2026-10-07,16080.0,16290.0,15900.0,16250.0,31259.0,300720
2026-10-07,25500.0,25500.0,25000.0,25050.0,20839.0,003540
2026-10-07,396000.0,402000.0,391500.0,394500.0,4362.0,000815
2026-10-07,41400.0,41950.0,40400.0,41300.0,496166.0,003160
2026-10-07,119700.0,124000.0,119700.0,123500.0,8822.0,280360
2026-10-07,9920.0,9950.0,9750.0,9840.0,31206.0,030610
2026-10-07,67600.0,67700.0,63800.0,65000.0,242301.0,195870
2026-10-07,42450.0,43000.0,42200.0,42750.0,30253.0,004000
2026-10-07,20700.0,20750.0,20350.0,20400.0,107722.0,017960
2026-10-07,14680.0,14970.0,14680.0,14860.0,54473.0,000080
2026-10-07,49450.0,49900.0,48050.0,49450.0,33191.0,000210
2026-10-07,915000.0,931000.0,899000.0,930000.0,1045.0,003240
2026-10-07,13770.0,13830.0,13010.0,13030.0,2046906.0,006340
2026-10-07,31000.0,31550.0,30550.0,30650.0,51430.0,003570
2026-10-07,70600.0,70600.0,65400.0,66300.0,166022.0,006110
2026-10-07,16300.0,17050.0,16150.0,16910.0,75045.0,030190
2026-10-07,27050.0,27300.0,26650.0,27050.0,10963.0,192400
2026-10-07,4620.0,4620.0,4470.0,4475.0,700161.0,003530
2026-10-07,39650.0,40650.0,39650.0,40450.0,21484.0,009240
2026-10-07,5340.0,5430.0,5290.0,5300.0,30589.0,451800
2026-10-07,120800.0,122500.0,119000.0,122400.0,31113.0,051915
2026-10-07,9410.0,10040.0,9410.0,9880.0,632132.0,034230
2026-10-07,78300.0,79600.0,78300.0,78900.0,7355.0,071320
2026-10-07,65700.0,66700.0,65700.0,66100.0,12116.0,185750
2026-10-07,15400.0,15690.0,15330.0,15640.0,62766.0,003090
2026-10-07,10920.0,11490.0,10680.0,11340.0,498278.0,032350
2026-10-07,61400.0,62400.0,60900.0,62000.0,20017.0,009450
2026-10-07,23600.0,23800.0,22200.0,22200.0,104331.0,077970
2026-10-07,51700.0,52000.0,51100.0,51500.0,15159.0,285130
2026-10-07,94900.0,96300.0,94200.0,95500.0,7510.0,005300
2026-10-07,63900.0,64100.0,62500.0,62900.0,30696.0,004490
2026-10-07,7240.0,7450.0,7230.0,7320.0,239628.0,000370
2026-10-07,16800.0,18440.0,16780.0,17680.0,864642.0,248070
2026-10-07,4910.0,5100.0,4910.0,5060.0,166946.0,079160
2026-10-07,6880.0,6880.0,6600.0,6850.0,466693.0,137310
2026-10-07,4330.0,4330.0,4270.0,4270.0,129431.0,003470
2026-10-07,142800.0,142800.0,139900.0,140500.0,9173.0,071055
2026-10-07,84000.0,90000.0,83600.0,89000.0,59069.0,005180
2026-10-07,13260.0,13315.0,12930.0,13120.0,779786.0,005690
2026-10-07,12830.0,12970.0,12370.0,12480.0,440935.0,100090
2026-10-07,3145.0,3170.0,3090.0,3115.0,101259.0,365550
2026-10-07,8720.0,8830.0,8650.0,8790.0,123419.0,003850
2026-10-07,37750.0,38600.0,37500.0,38050.0,43328.0,499790
2026-10-07,22000.0,22700.0,21550.0,22400.0,521900.0,090460
2026-10-07,41350.0,41400.0,40100.0,40300.0,20160.0,000670
2026-10-07,44700.0,44950.0,44550.0,44700.0,8404.0,036530
2026-10-07,164800.0,165500.0,161700.0,162300.0,4359.0,298050
2026-10-07,17930.0,18150.0,17890.0,18040.0,34786.0,214320
2026-10-07,26800.0,26850.0,26550.0,26600.0,23067.0,064960
2026-10-07,525000.0,544000.0,523000.0,542000.0,1225.0,002960
2026-10-07,7600.0,7710.0,7500.0,7540.0,43976.0,094800
2026-10-07,2160.0,2295.0,2160.0,2237.0,594878.0,000400
2026-10-07,23950.0,23950.0,23600.0,23700.0,29380.0,093050
2026-10-07,48350.0,48750.0,46950.0,47550.0,31083.0,005090
2026-10-07,2040.0,2100.0,2030.0,2075.0,968126.0,005880
2026-10-07,5500.0,5530.0,5460.0,5500.0,45795.0,293940
2026-10-07,34800.0,34900.0,33300.0,33600.0,113114.0,100840
2026-10-07,73800.0,74500.0,73100.0,73300.0,11621.0,456040
2026-10-07,15910.0,15930.0,15730.0,15860.0,36362.0,069260
2026-10-07,27700.0,28100.0,27300.0,27650.0,45736.0,001060
2026-10-07,93700.0,95100.0,93100.0,95000.0,4537.0,000640
2026-10-07,43450.0,44300.0,43400.0,43450.0,4795.0,317450
2026-10-07,0.0,0.0,0.0,9900.0,0.0,001570
2026-10-07,123800.0,126400.0,122700.0,126300.0,759.0,268280
2026-10-07,21600.0,22000.0,21600.0,21700.0,10965.0,014820
2026-10-07,91300.0,92300.0,89600.0,91900.0,6756.0,017940
2026-10-07,9260.0,9320.0,8910.0,8910.0,104545.0,336370
2026-10-07,136400.0,139400.0,134600.0,138800.0,2169.0,002840
2026-10-07,11880.0,12050.0,11490.0,11750.0,680570.0,004710
2026-10-07,18900.0,19130.0,18840.0,19010.0,34543.0,453340
2026-10-07,8040.0,8090.0,7950.0,8070.0,55755.0,383800
2026-10-07,38100.0,38250.0,37200.0,37950.0,47154.0,108320
2026-10-07,17560.0,17770.0,17500.0,17650.0,29913.0,001680
2026-10-07,10470.0,10800.0,10050.0,10440.0,1920337.0,017900
2026-10-07,9480.0,9530.0,9110.0,9200.0,616232.0,192650
2026-10-07,20450.0,20600.0,20050.0,20350.0,43295.0,178920
2026-10-07,28250.0,28250.0,27250.0,27450.0,63628.0,033240
2026-10-07,89600.0,91200.0,86400.0,90800.0,35803.0,006650
2026-10-07,11020.0,11250.0,10300.0,11195.0,2779490.0,019170
2026-10-07,40200.0,40300.0,39300.0,39350.0,21737.0,079900
2026-10-07,5780.0,5820.0,5730.0,5780.0,54075.0,002350
2026-10-07,5720.0,5720.0,5600.0,5610.0,199048.0,016380
2026-10-07,10030.0,10060.0,9830.0,9830.0,70220.0,075580
2026-10-07,24650.0,25400.0,24550.0,25000.0,33859.0,284740
2026-10-07,56000.0,56000.0,54900.0,55000.0,10989.0,025540
2026-10-07,38750.0,39150.0,37550.0,37550.0,17469.0,00088K
2026-10-07,127000.0,128800.0,125800.0,127800.0,2388.0,00104K
2026-10-07,19500.0,20500.0,18860.0,19480.0,173793.0,484870
2026-10-07,17430.0,17430.0,17080.0,17270.0,6640.0,003300
2026-10-07,8450.0,8710.0,8320.0,8600.0,162186.0,114090
2026-10-07,25900.0,26300.0,25200.0,25550.0,13933.0,001530
2026-10-07,13400.0,13580.0,13380.0,13540.0,1658.0,007700
2026-10-07,2585.0,2640.0,2550.0,2610.0,421913.0,003620
2026-10-07,11120.0,11130.0,10840.0,10870.0,183324.0,161000
2026-10-07,44900.0,47900.0,44550.0,47700.0,55123.0,029460
2026-10-07,2330.0,2330.0,2270.0,2270.0,1485062.0,001510
2026-10-07,50700.0,51300.0,50200.0,50500.0,614.0,001270
2026-10-07,1628.0,1649.0,1620.0,1626.0,268383.0,009410
2026-10-07,36400.0,36500.0,35350.0,35500.0,21112.0,005810
2026-10-07,128800.0,128800.0,125700.0,126500.0,1080.0,058650
2026-10-07,16250.0,16480.0,16090.0,16360.0,64933.0,008060
2026-10-07,2640.0,2720.0,2595.0,2640.0,896586.0,452260
2026-10-07,5710.0,6060.0,5560.0,5990.0,1912686.0,0220W0
2026-10-07,20150.0,20150.0,19850.0,19910.0,30191.0,003545
2026-10-07,9800.0,9870.0,9680.0,9720.0,172726.0,460860
2026-10-07,4670.0,4715.0,4640.0,4700.0,58944.0,377740
2026-10-07,7800.0,7800.0,7690.0,7710.0,33291.0,001500
2026-10-07,15060.0,15130.0,14810.0,14940.0,174376.0,249420
2026-10-07,45800.0,46400.0,45550.0,45950.0,3988.0,145990
2026-10-07,9730.0,10150.0,9730.0,10010.0,227489.0,005250
2026-10-07,30400.0,30400.0,30050.0,30150.0,9400.0,039130
2026-10-07,21300.0,21800.0,21300.0,21650.0,77796.0,020000
2026-10-07,128400.0,129000.0,126400.0,127600.0,4032.0,004690
2026-10-07,5000.0,5060.0,5000.0,5050.0,21814.0,448730
2026-10-07,19400.0,20300.0,18880.0,18900.0,4432404.0,217590
2026-10-07,17120.0,17120.0,16760.0,16780.0,20641.0,002240
2026-10-07,8630.0,8670.0,8500.0,8560.0,94933.0,009900
2026-10-07,1816.0,1861.0,1812.0,1853.0,2938573.0,003280
2026-10-07,66900.0,67900.0,66500.0,67000.0,1697.0,004700
2026-10-07,11800.0,11820.0,11510.0,11570.0,85239.0,005420
2026-10-07,115100.0,115300.0,106500.0,106500.0,10721.0,003030
2026-10-07,56800.0,57300.0,56300.0,57000.0,11942.0,000070
2026-10-07,14890.0,14900.0,14730.0,14820.0,21657.0,010780
2026-10-07,11230.0,11620.0,11150.0,11570.0,18138.0,403550
2026-10-07,11790.0,11900.0,11620.0,11790.0,12809.0,034310
2026-10-07,10450.0,10450.0,10090.0,10180.0,27347.0,016610
2026-10-07,206500.0,209000.0,201500.0,207500.0,1212.0,002030
2026-10-07,11890.0,11900.0,11730.0,11740.0,19760.0,271940
2026-10-07,11820.0,11820.0,11420.0,11440.0,734443.0,002990
2026-10-07,39000.0,40750.0,39000.0,40200.0,24648.0,090435
2026-10-07,153300.0,155900.0,148500.0,148900.0,5316.0,306200
2026-10-07,4215.0,4785.0,4155.0,4265.0,2416896.0,003000
2026-10-07,22400.0,22400.0,22100.0,22100.0,28383.0,005945
2026-10-07,88800.0,89200.0,88300.0,89200.0,745.0,072710
2026-10-07,60900.0,61400.0,60500.0,60700.0,4429.0,014830
2026-10-07,2075.0,2075.0,2000.0,2025.0,370312.0,012030
2026-10-07,20000.0,20300.0,19420.0,19690.0,267790.0,011930
2026-10-07,21450.0,21700.0,21100.0,21600.0,13340.0,002810
2026-10-07,12590.0,12610.0,12190.0,12210.0,150740.0,130660
2026-10-07,174800.0,174800.0,170700.0,170700.0,7826.0,005389
2026-10-07,4095.0,4095.0,4020.0,4040.0,51505.0,357120
2026-10-07,4080.0,4100.0,4035.0,4040.0,149838.0,001200
2026-10-07,15950.0,16060.0,15430.0,15720.0,46836.0,008730
2026-10-07,10410.0,10450.0,9780.0,9900.0,311752.0,317400
2026-10-07,14680.0,14720.0,14560.0,14630.0,9044.0,015360
2026-10-07,15050.0,17910.0,15050.0,16810.0,5532767.0,003350
2026-10-07,10450.0,10920.0,10450.0,10900.0,73810.0,031430
2026-10-07,95200.0,96300.0,94400.0,96300.0,631.0,092230
2026-10-07,24150.0,24200.0,23600.0,23700.0,6122.0,344820
2026-10-07,15140.0,15150.0,14250.0,14420.0,356465.0,002710
2026-10-07,51000.0,51200.0,49300.0,50400.0,33846.0,0120G0
2026-10-07,3360.0,3400.0,3360.0,3390.0,23213.0,126560
2026-10-07,38800.0,38800.0,38000.0,38100.0,4020.0,029530
2026-10-07,4455.0,4635.0,4455.0,4595.0,215068.0,089590
2026-10-07,9150.0,9220.0,9000.0,9120.0,3968.0,016590
2026-10-07,9680.0,9720.0,9620.0,9650.0,33981.0,006220
2026-10-07,88000.0,90200.0,85000.0,89600.0,20537.0,010955
2026-10-07,10130.0,10130.0,9870.0,10010.0,31799.0,183190
2026-10-07,223500.0,224000.0,218000.0,222500.0,3979.0,006405
2026-10-07,26000.0,26100.0,25300.0,25300.0,3771.0,001940
2026-10-07,3720.0,3770.0,3690.0,3750.0,104634.0,027410
2026-10-07,5880.0,6030.0,5870.0,5940.0,24776.0,950210
2026-10-07,14240.0,14300.0,13700.0,13740.0,230318.0,092790
2026-10-07,38700.0,38700.0,37900.0,38550.0,3028.0,007690
2026-10-07,40950.0,41400.0,40550.0,41150.0,3126.0,005610
2026-10-07,8900.0,8910.0,8800.0,8800.0,17313.0,105630
2026-10-07,7330.0,7400.0,7120.0,7120.0,93643.0,015860
2026-10-07,12290.0,12340.0,12070.0,12080.0,28033.0,194370
2026-10-07,6840.0,7030.0,6810.0,6920.0,238254.0,009290
2026-10-07,35350.0,35900.0,35200.0,35400.0,5819.0,170900
2026-10-07,40100.0,40450.0,39700.0,39900.0,14964.0,145720
2026-10-07,9660.0,9670.0,9380.0,9390.0,9289.0,104700
2026-10-07,37800.0,38100.0,37400.0,37950.0,4786.0,060980
2026-10-07,8870.0,8920.0,8780.0,8780.0,10666.0,017810
2026-10-07,19510.0,19600.0,19100.0,19140.0,27439.0,097520
2026-10-07,382500.0,383000.0,370000.0,370000.0,314.0,000157
2026-10-07,6400.0,6400.0,6240.0,6280.0,95633.0,005720
2026-10-07,24550.0,24900.0,24550.0,24700.0,8330.0,011760
2026-10-07,4955.0,5000.0,4900.0,4900.0,32952.0,009160
2026-10-07,7810.0,8300.0,7810.0,8260.0,58681.0,026890
2026-10-07,9270.0,9450.0,9270.0,9330.0,8884.0,024720
2026-10-07,215000.0,221500.0,214000.0,216000.0,2072.0,02826K
2026-10-07,4225.0,4300.0,4225.0,4270.0,42403.0,096760
2026-10-07,2030.0,2040.0,2000.0,2010.0,329101.0,001230
2026-10-07,21900.0,22250.0,21600.0,21650.0,16293.0,126720
2026-10-07,9230.0,9230.0,8900.0,8950.0,73796.0,084010
2026-10-07,6320.0,6410.0,6250.0,6300.0,53145.0,381970
2026-10-07,5840.0,5930.0,5800.0,5860.0,30074.0,272450
2026-10-07,11830.0,11830.0,11500.0,11590.0,152635.0,005950
2026-10-07,96800.0,97600.0,94600.0,96100.0,2501.0,005430
2026-10-07,6040.0,6130.0,6010.0,6060.0,93303.0,025860
2026-10-07,11250.0,11270.0,11070.0,11100.0,15739.0,200880
2026-10-07,11170.0,11350.0,11160.0,11310.0,16500.0,018250
2026-10-07,7600.0,7610.0,7500.0,7590.0,34262.0,002310
2026-10-07,23900.0,23900.0,23050.0,23050.0,21242.0,002020
2026-10-07,2430.0,2440.0,2400.0,2425.0,57903.0,123890
2026-10-07,11130.0,11960.0,11000.0,11880.0,138583.0,078520
2026-10-07,22650.0,22650.0,21900.0,22200.0,4212.0,003120
2026-10-07,32950.0,33250.0,32550.0,32950.0,6329.0,108670
2026-10-07,6220.0,6240.0,5990.0,6000.0,327788.0,010820
2026-10-07,19280.0,19280.0,19010.0,19200.0,6611.0,001750
2026-10-07,13390.0,13390.0,12340.0,12800.0,10199.0,244920
2026-10-07,17720.0,18030.0,17720.0,18020.0,18760.0,033270
2026-10-07,7850.0,7980.0,7850.0,7900.0,27792.0,084690
2026-10-07,11550.0,11870.0,11390.0,11800.0,107415.0,004430
2026-10-07,1115.0,1125.0,1101.0,1116.0,276734.0,034830
2026-10-07,24550.0,24800.0,24300.0,24500.0,134.0,016800
2026-10-07,4220.0,4270.0,4195.0,4215.0,106298.0,001390
2026-10-07,11850.0,12270.0,11850.0,12220.0,33177.0,044450
2026-10-07,6600.0,6700.0,6560.0,6640.0,72364.0,002900
2026-10-07,4400.0,4545.0,4340.0,4420.0,54847.0,000430
2026-10-07,8160.0,8260.0,8120.0,8170.0,40070.0,122900
2026-10-07,4610.0,4640.0,4490.0,4495.0,177642.0,058430
2026-10-07,54900.0,54900.0,54000.0,54300.0,1523.0,017390
2026-10-07,2630.0,2660.0,2625.0,2630.0,45330.0,091810
2026-10-07,17470.0,17740.0,17360.0,17600.0,13050.0,286940
2026-10-07,7780.0,7780.0,7550.0,7570.0,79852.0,010690
2026-10-07,8340.0,8690.0,8220.0,8230.0,920283.0,004310
2026-10-07,19280.0,19830.0,19280.0,19770.0,35698.0,005500
2026-10-07,13600.0,13770.0,12950.0,13020.0,289161.0,105840
2026-10-07,16040.0,16950.0,15860.0,16730.0,67478.0,002320
2026-10-07,11360.0,11930.0,11310.0,11800.0,92331.0,226320
2026-10-07,138700.0,180300.0,138700.0,180300.0,25055.0,000650
2026-10-07,13330.0,13510.0,13300.0,13480.0,18508.0,004360
2026-10-07,33500.0,33800.0,33450.0,33650.0,9914.0,037710
2026-10-07,3145.0,3260.0,3105.0,3105.0,831912.0,001250
2026-10-07,10960.0,11200.0,10800.0,11080.0,40754.0,003200
2026-10-07,27550.0,27550.0,27250.0,27500.0,1618.0,003960
2026-10-07,12640.0,12740.0,12440.0,12500.0,13803.0,005680
2026-10-07,3595.0,3595.0,3565.0,3585.0,22905.0,334890
2026-10-07,7160.0,7160.0,6590.0,6650.0,912756.0,020120
2026-10-07,1500.0,1520.0,1495.0,1504.0,17563.0,298690
2026-10-07,24650.0,26000.0,24550.0,25450.0,86252.0,044820
2026-10-07,10060.0,10270.0,10030.0,10250.0,37988.0,136490
2026-10-07,1636.0,1636.0,1609.0,1611.0,167266.0,432320
2026-10-07,57600.0,59200.0,57100.0,58500.0,8627.0,025000
2026-10-07,2780.0,2820.0,2775.0,2810.0,62391.0,001790
2026-10-07,2225.0,2300.0,2145.0,2170.0,323678.0,010580
2026-10-07,3865.0,3980.0,3865.0,3970.0,103437.0,030210
2026-10-07,20300.0,20950.0,20100.0,20750.0,9771.0,008490
2026-10-07,47700.0,48750.0,47550.0,48050.0,2990.0,007160
2026-10-07,42250.0,42300.0,41750.0,41900.0,709.0,003920
2026-10-07,35550.0,38450.0,35550.0,37950.0,6307.0,001460
2026-10-07,3945.0,4025.0,3870.0,3940.0,8649.0,0030R0
2026-10-07,3860.0,3915.0,3795.0,3800.0,32742.0,404990
2026-10-07,2975.0,2995.0,2945.0,2965.0,30733.0,000680
2026-10-07,0.0,0.0,0.0,1182.0,0.0,348950
2026-10-07,9150.0,9250.0,8980.0,9160.0,5489.0,003070
2026-10-07,13000.0,13140.0,12750.0,13080.0,79456.0,017860
2026-10-07,15100.0,15110.0,14660.0,14730.0,57480.0,011500
2026-10-07,5260.0,5260.0,5090.0,5100.0,62601.0,001340
2026-10-07,0.0,0.0,0.0,5820.0,0.0,001470
2026-10-07,10320.0,10320.0,10260.0,10300.0,523.0,134380
2026-10-07,1187.0,1200.0,1169.0,1171.0,231303.0,900140
2026-10-07,5900.0,5900.0,5710.0,5720.0,140866.0,092200
2026-10-07,4060.0,4070.0,3955.0,3965.0,209273.0,005010
2026-10-07,19820.0,19950.0,19200.0,19800.0,9844.0,028100
2026-10-07,20750.0,20900.0,19970.0,20250.0,99094.0,053690
2026-10-07,3490.0,3565.0,3420.0,3445.0,18003.0,000540
2026-10-07,8000.0,8200.0,7910.0,8080.0,129040.0,000050
2026-10-07,8600.0,8700.0,7850.0,7960.0,600850.0,025560
2026-10-07,4245.0,5210.0,4200.0,4885.0,6255928.0,128820
2026-10-07,6610.0,6660.0,6410.0,6430.0,113826.0,003720
2026-10-07,7700.0,7700.0,7520.0,7540.0,89556.0,000490
2026-10-07,10070.0,10100.0,9960.0,10000.0,4673.0,009680
2026-10-07,11780.0,11780.0,11690.0,11690.0,758.0,034120
2026-10-07,15550.0,15740.0,15320.0,15330.0,54395.0,035510
2026-10-07,123700.0,123900.0,120800.0,123200.0,941.0,003650
2026-10-07,10010.0,10100.0,9500.0,9790.0,335446.0,077500
2026-10-07,14310.0,14410.0,14190.0,14250.0,9705.0,475560
2026-10-07,372500.0,377000.0,371500.0,372500.0,404.0,03473K
2026-10-07,7250.0,7400.0,7250.0,7330.0,4306.0,033920
2026-10-07,15880.0,15900.0,15580.0,15640.0,5946.0,000320
2026-10-07,10600.0,10600.0,10350.0,10380.0,13804.0,035150
2026-10-07,68300.0,68600.0,67900.0,68100.0,2130.0,003555
2026-10-07,3215.0,3240.0,3185.0,3215.0,14507.0,088260
2026-10-07,4280.0,4345.0,4280.0,4320.0,8621.0,000480
2026-10-07,3115.0,3220.0,3105.0,3165.0,208735.0,037270
2026-10-07,8050.0,8200.0,8020.0,8130.0,44543.0,004980
2026-10-07,93000.0,95600.0,93000.0,94800.0,2870.0,051905
2026-10-07,52700.0,53400.0,51900.0,52200.0,6115.0,298000
2026-10-07,7080.0,7310.0,7040.0,7220.0,101844.0,000390
2026-10-07,1041.0,1072.0,1039.0,1067.0,292478.0,003520
2026-10-07,3915.0,3930.0,3890.0,3900.0,14785.0,339770
2026-10-07,7080.0,7130.0,7060.0,7080.0,56638.0,117580
2026-10-07,3030.0,3160.0,3005.0,3035.0,186161.0,100250
2026-10-07,4260.0,4300.0,4250.0,4265.0,37939.0,095570
2026-10-07,7450.0,7470.0,7400.0,7410.0,4509.0,039570
2026-10-07,4015.0,4060.0,4005.0,4040.0,33638.0,053210
2026-10-07,8410.0,8500.0,8310.0,8350.0,13551.0,005960
2026-10-07,21500.0,21650.0,21150.0,21500.0,12957.0,013580
2026-10-07,10020.0,10290.0,9990.0,10220.0,41326.0,102460
2026-10-07,10190.0,10190.0,10120.0,10170.0,3834.0,016580
2026-10-07,37700.0,38600.0,37300.0,37700.0,4355.0,001630
2026-10-07,3700.0,3745.0,3670.0,3720.0,48936.0,102260
2026-10-07,11200.0,11220.0,10960.0,11150.0,15835.0,001130
2026-10-07,50100.0,50900.0,50000.0,50300.0,1248.0,487570
2026-10-07,8720.0,8800.0,8530.0,8560.0,37478.0,000520
2026-10-07,6890.0,6900.0,6770.0,6810.0,23661.0,033530
2026-10-07,8510.0,8880.0,8160.0,8210.0,315605.0,003220
2026-10-07,19250.0,19250.0,19140.0,19140.0,4344.0,003547
2026-10-07,12300.0,12330.0,12000.0,12030.0,19796.0,004560
2026-10-07,27900.0,27900.0,27150.0,27200.0,33817.0,009470
2026-10-07,7860.0,7860.0,7700.0,7740.0,668.0,000140
2026-10-07,5910.0,5910.0,5690.0,5700.0,8247.0,002420
2026-10-07,6520.0,6570.0,6420.0,6520.0,36040.0,015230
2026-10-07,9070.0,9080.0,9030.0,9050.0,6262.0,002100
2026-10-07,5490.0,5490.0,5430.0,5480.0,23481.0,003610
2026-10-07,1998.0,2005.0,1982.0,1989.0,71614.0,377190
2026-10-07,7690.0,7690.0,7460.0,7500.0,12906.0,007860
2026-10-07,0.0,0.0,0.0,4200.0,0.0,000300
2026-10-07,6430.0,6700.0,6430.0,6680.0,15862.0,000700
2026-10-07,11000.0,11080.0,10890.0,10930.0,17294.0,234080
2026-10-07,4295.0,4350.0,4260.0,4295.0,10922.0,016450
2026-10-07,9800.0,10080.0,9800.0,9950.0,4860.0,014710
2026-10-07,7200.0,7220.0,7150.0,7170.0,9359.0,213500
2026-10-07,2995.0,3000.0,2970.0,2975.0,26023.0,003460
2026-10-07,5020.0,5020.0,4960.0,4985.0,10282.0,002150
2026-10-07,8220.0,8380.0,8170.0,8350.0,150370.0,090350
2026-10-07,2655.0,2755.0,2655.0,2695.0,19577.0,241590
2026-10-07,1656.0,1705.0,1646.0,1670.0,341863.0,001780
2026-10-07,0.0,0.0,0.0,5530.0,0.0,101530
2026-10-07,5450.0,5450.0,5300.0,5330.0,26187.0,460850
2026-10-07,7900.0,7900.0,7680.0,7690.0,9876.0,004380
2026-10-07,12200.0,12300.0,12000.0,12230.0,4639.0,000860
2026-10-07,5430.0,5950.0,5360.0,5640.0,2271670.0,000020
2026-10-07,52300.0,52500.0,51600.0,52300.0,3388.0,002170
2026-10-07,8150.0,8390.0,8130.0,8200.0,16940.0,007570
2026-10-07,2815.0,2820.0,2795.0,2805.0,26478.0,400760
2026-10-07,13090.0,13090.0,12820.0,12910.0,33617.0,462520
2026-10-07,10100.0,11000.0,10050.0,10320.0,79981.0,271980
2026-10-07,21100.0,21550.0,20750.0,21350.0,7387.0,00279K
2026-10-07,8370.0,8560.0,8370.0,8510.0,9311.0,293480
2026-10-07,67300.0,67300.0,66300.0,66600.0,716.0,001045
2026-10-07,11840.0,11940.0,11690.0,11810.0,55585.0,004090
2026-10-07,11200.0,11300.0,11040.0,11040.0,22687.0,006805
2026-10-07,6920.0,6950.0,6700.0,6770.0,8914.0,013890
2026-10-07,6540.0,6540.0,6440.0,6480.0,28228.0,000970
2026-10-07,49500.0,49500.0,48800.0,48850.0,2645.0,011785
2026-10-07,1469.0,1471.0,1416.0,1422.0,2135881.0,008970
2026-10-07,9820.0,9840.0,9770.0,9790.0,6628.0,272550
2026-10-07,109500.0,110900.0,109300.0,110100.0,2472.0,097955
2026-10-07,3545.0,3560.0,3505.0,3545.0,29206.0,004150
2026-10-07,1824.0,1839.0,1813.0,1819.0,53023.0,016880
2026-10-07,109900.0,109900.0,108200.0,108800.0,6.0,003830
2026-10-07,9020.0,9020.0,8930.0,8940.0,4873.0,004970
2026-10-07,3440.0,3460.0,3385.0,3445.0,82068.0,012610
2026-10-07,4800.0,4920.0,4785.0,4840.0,19393.0,015890
2026-10-07,5900.0,6090.0,5900.0,5950.0,9263.0,071840
2026-10-07,4320.0,4320.0,4175.0,4185.0,103880.0,025820
2026-10-07,1074.0,1074.0,1060.0,1070.0,567748.0,008350
2026-10-07,59600.0,59600.0,59500.0,59500.0,24.0,107590
2026-10-07,4665.0,4675.0,4630.0,4660.0,15960.0,003480
2026-10-07,3850.0,3910.0,3710.0,3730.0,189493.0,011690
2026-10-07,11920.0,11920.0,11700.0,11840.0,15206.0,094280
2026-10-07,9690.0,9690.0,9570.0,9610.0,5410.0,081000
2026-10-07,4050.0,4050.0,3860.0,3880.0,29181.0,001080
2026-10-07,1520.0,1590.0,1425.0,1442.0,972243.0,001360
2026-10-07,4565.0,4690.0,4505.0,4595.0,154498.0,014280
2026-10-07,5340.0,5380.0,5250.0,5300.0,50515.0,018470
2026-10-07,14440.0,14440.0,14330.0,14330.0,670.0,004080
2026-10-07,5400.0,5570.0,5400.0,5500.0,22179.0,214390
2026-10-07,11420.0,11470.0,11320.0,11410.0,3565.0,024090
2026-10-07,2590.0,2590.0,2540.0,2560.0,51191.0,013520
2026-10-07,10960.0,11100.0,10820.0,10910.0,13553.0,004960
2026-10-07,1300.0,1307.0,1279.0,1301.0,41477.0,002210
2026-10-07,2255.0,2270.0,2250.0,2270.0,24296.0,006060
2026-10-07,4080.0,4345.0,4070.0,4180.0,409111.0,009070
2026-10-07,3260.0,3260.0,3110.0,3110.0,355091.0,092220
2026-10-07,13590.0,13590.0,13410.0,13520.0,175.0,078000
2026-10-07,4995.0,5200.0,4995.0,5120.0,63011.0,214420
2026-10-07,1096.0,1096.0,1071.0,1073.0,81404.0,009270
2026-10-07,3800.0,3860.0,3800.0,3855.0,31744.0,089470
2026-10-07,20950.0,20950.0,20600.0,20800.0,4079.0,267290
2026-10-07,11070.0,11100.0,11000.0,11030.0,16736.0,210540
2026-10-07,7680.0,7760.0,7450.0,7560.0,7914.0,002620
2026-10-07,13240.0,13510.0,13240.0,13390.0,6874.0,005800
2026-10-07,8840.0,9360.0,8680.0,8750.0,10239.0,002390
2026-10-07,1118.0,1132.0,1110.0,1123.0,240397.0,001520
2026-10-07,1566.0,1573.0,1545.0,1551.0,56721.0,037560
2026-10-07,3375.0,3430.0,3375.0,3390.0,28669.0,014530
2026-10-07,3235.0,3235.0,3205.0,3215.0,9016.0,350520
2026-10-07,3285.0,3290.0,3190.0,3210.0,234464.0,004100
2026-10-07,2310.0,2320.0,2195.0,2200.0,112112.0,015590
2026-10-07,12650.0,12750.0,12630.0,12670.0,2247.0,227840
2026-10-07,26050.0,26300.0,26050.0,26250.0,713.0,034590
2026-10-07,1854.0,1854.0,1825.0,1835.0,108846.0,017550
2026-10-07,4770.0,4790.0,4705.0,4770.0,18780.0,083420
2026-10-07,3945.0,4015.0,3945.0,3980.0,26692.0,016740
2026-10-07,44550.0,49200.0,44250.0,47700.0,30402.0,012320
2026-10-07,11030.0,11100.0,10900.0,11080.0,1835.0,002460
2026-10-07,5600.0,5650.0,5550.0,5600.0,8938.0,079430
2026-10-07,6870.0,6910.0,6870.0,6900.0,7839.0,016710
2026-10-07,7380.0,7880.0,7380.0,7850.0,30092.0,008040
2026-10-07,1795.0,1829.0,1757.0,1769.0,300318.0,009580
2026-10-07,31550.0,31600.0,31350.0,31500.0,88.0,023450
2026-10-07,9060.0,9090.0,8700.0,8720.0,651187.0,001210
2026-10-07,4210.0,4210.0,4150.0,4165.0,12348.0,013570
2026-10-07,0.0,0.0,0.0,3530.0,0.0,011810
2026-10-07,1519.0,1574.0,1481.0,1541.0,48321.0,011280
2026-10-07,3955.0,3975.0,3930.0,3950.0,41781.0,014580
2026-10-07,3180.0,3185.0,3050.0,3065.0,301848.0,012200
2026-10-07,59200.0,60300.0,58700.0,60000.0,2961.0,078935
2026-10-07,2850.0,2915.0,2850.0,2900.0,28230.0,004250
2026-10-07,8920.0,9000.0,8350.0,8350.0,396837.0,003010
2026-10-07,13510.0,13550.0,13020.0,13040.0,107855.0,006660
2026-10-07,6340.0,6840.0,6340.0,6580.0,365282.0,123690
2026-10-07,1200.0,1200.0,1156.0,1157.0,346446.0,012800
2026-10-07,10810.0,10810.0,10480.0,10530.0,4920.0,021820
2026-10-07,9340.0,9440.0,9330.0,9400.0,5666.0,267850
2026-10-07,3460.0,3490.0,3395.0,3420.0,42086.0,010100
2026-10-07,6180.0,6400.0,6150.0,6380.0,122523.0,035000
2026-10-07,1997.0,2160.0,1977.0,2035.0,912181.0,003580
2026-10-07,2710.0,2735.0,2685.0,2700.0,10764.0,027970
2026-10-07,82700.0,82800.0,81600.0,81600.0,177.0,120030
2026-10-07,5370.0,5650.0,5370.0,5560.0,4890.0,025620
2026-10-07,0.0,0.0,0.0,918.0,0.0,119650
2026-10-07,22000.0,22050.0,21850.0,21950.0,7363.0,248170
2026-10-07,1073.0,1100.0,1070.0,1079.0,205603.0,002450
2026-10-07,47050.0,47050.0,46050.0,46150.0,1053.0,37550L
2026-10-07,6630.0,6700.0,6520.0,6660.0,39796.0,002780
2026-10-07,2390.0,2420.0,2360.0,2360.0,14414.0,067830
2026-10-07,1232.0,1262.0,1232.0,1252.0,121123.0,008700
2026-10-07,2380.0,2385.0,2375.0,2380.0,69377.0,417310
2026-10-07,7640.0,7640.0,7610.0,7640.0,1595.0,264900
2026-10-07,1443.0,1463.0,1436.0,1455.0,86356.0,007210
2026-10-07,5560.0,5600.0,5510.0,5560.0,7466.0,032560
2026-10-07,46500.0,47450.0,46000.0,46700.0,8124.0,007540
2026-10-07,2480.0,2495.0,2465.0,2485.0,25221.0,014790
2026-10-07,73000.0,75700.0,71000.0,75200.0,8252.0,096775
2026-10-07,3605.0,4430.0,3605.0,4430.0,6096835.0,002720
2026-10-07,4650.0,4670.0,4620.0,4655.0,10572.0,014440
2026-10-07,1966.0,2075.0,1911.0,1926.0,48734.0,070960
2026-10-07,2760.0,2765.0,2710.0,2755.0,29503.0,002200
2026-10-07,3275.0,3285.0,3225.0,3225.0,37113.0,008260
2026-10-07,2050.0,2050.0,2015.0,2020.0,11334.0,363280
2026-10-07,2205.0,2230.0,2195.0,2215.0,40186.0,058850
2026-10-07,30400.0,30500.0,30400.0,30500.0,228.0,001275
2026-10-07,2610.0,2640.0,2600.0,2615.0,57734.0,058860
2026-10-07,6980.0,6980.0,6840.0,6850.0,2481.0,006840
2026-10-07,2450.0,2485.0,2420.0,2465.0,21497.0,036580
2026-10-07,4295.0,4295.0,4165.0,4175.0,31761.0,001290
2026-10-07,5020.0,5050.0,4985.0,4995.0,45356.0,019180
2026-10-07,1514.0,1535.0,1493.0,1499.0,107959.0,013700
2026-10-07,2295.0,2295.0,2260.0,2280.0,13508.0,139990
2026-10-07,2215.0,2220.0,2190.0,2202.0,11647.0,023000
2026-10-07,1820.0,1846.0,1802.0,1821.0,116904.0,004140
2026-10-07,22750.0,29250.0,22500.0,29250.0,99058.0,084670
2026-10-07,2595.0,2850.0,2575.0,2595.0,601519.0,011700
2026-10-07,8910.0,9040.0,8900.0,8910.0,2977.0,006090
2026-10-07,1797.0,1808.0,1779.0,1784.0,431933.0,007980
2026-10-07,34250.0,34700.0,34150.0,34300.0,199.0,004890
2026-10-07,138000.0,139000.0,138000.0,138500.0,20.0,002600
2026-10-07,6330.0,6330.0,6180.0,6190.0,4785.0,33626K
2026-10-07,13970.0,15980.0,13940.0,15050.0,487598.0,063160
2026-10-07,36400.0,37350.0,36300.0,36850.0,2391.0,000850
2026-10-07,16710.0,16800.0,16420.0,16790.0,6964.0,055490
2026-10-07,69100.0,70900.0,69100.0,69400.0,325.0,000590
2026-10-07,5120.0,5120.0,5010.0,5040.0,13680.0,023800
2026-10-07,8190.0,8200.0,8070.0,8080.0,15489.0,001260
2026-10-07,2815.0,2815.0,2785.0,2805.0,7815.0,009180
2026-10-07,12990.0,13050.0,12710.0,12760.0,1961.0,111380
2026-10-07,5490.0,5490.0,5380.0,5400.0,11481.0,069730
2026-10-07,2865.0,2950.0,2810.0,2905.0,79054.0,002220
2026-10-07,5270.0,5270.0,5140.0,5210.0,1076.0,005740
2026-10-07,5560.0,5570.0,5490.0,5530.0,7973.0,163560
2026-10-07,4000.0,4010.0,3960.0,3970.0,4959.0,004840
2026-10-07,4500.0,4580.0,4235.0,4260.0,344528.0,007610
2026-10-07,5540.0,5550.0,5540.0,5550.0,1430.0,007590
2026-10-07,64700.0,65400.0,62700.0,65200.0,286.0,000105
2026-10-07,7160.0,7290.0,7040.0,7050.0,12055.0,109070
2026-10-07,3050.0,3085.0,3050.0,3085.0,17556.0,010960
2026-10-07,1379.0,1379.0,1348.0,1352.0,129626.0,013360
2026-10-07,6860.0,6970.0,6830.0,6910.0,10141.0,214330
2026-10-07,6300.0,6380.0,6170.0,6260.0,10165.0,000230
2026-10-07,3840.0,3845.0,3780.0,3780.0,2152.0,013870
2026-10-07,1030.0,1056.0,1030.0,1050.0,796547.0,002700
2026-10-07,2225.0,2225.0,2165.0,2185.0,65400.0,024900
2026-10-07,11050.0,11210.0,11050.0,11200.0,3430.0,002795
2026-10-07,0.0,0.0,0.0,655.0,0.0,014160
2026-10-07,4280.0,4280.0,4210.0,4240.0,18974.0,005750
2026-10-07,3860.0,3860.0,3730.0,3770.0,128303.0,338100
2026-10-07,9270.0,9270.0,9010.0,9230.0,2851.0,001560
2026-10-07,5790.0,5930.0,5725.0,5770.0,49543.0,031820
2026-10-07,3485.0,3565.0,3450.0,3465.0,341118.0,071090
2026-10-07,25650.0,25700.0,25300.0,25400.0,1412.0,120115
2026-10-07,1901.0,2050.0,1900.0,1950.0,14882.0,001020
2026-10-07,1675.0,1697.0,1660.0,1685.0,51918.0,010040
2026-10-07,2225.0,2230.0,2095.0,2125.0,398263.0,480370
2026-10-07,27900.0,27900.0,27500.0,27550.0,483.0,009770
2026-10-07,5500.0,5550.0,5380.0,5400.0,16954.0,004440
2026-10-07,1872.0,1895.0,1870.0,1886.0,42009.0,011150
2026-10-07,4250.0,4260.0,4175.0,4230.0,25059.0,155660
2026-10-07,4820.0,4855.0,4795.0,4830.0,6997.0,000180
2026-10-07,1196.0,1200.0,1184.0,1184.0,20719.0,095720
2026-10-07,3090.0,3130.0,3040.0,3050.0,18931.0,010660
2026-10-07,3605.0,3695.0,3560.0,3650.0,6120.0,017370
2026-10-07,1940.0,1941.0,1913.0,1925.0,21569.0,079980
2026-10-07,2900.0,2960.0,2880.0,2920.0,30100.0,004720
2026-10-07,22150.0,22250.0,22100.0,22200.0,343.0,007815
2026-10-07,2450.0,2455.0,2265.0,2270.0,17893.0,007280
2026-10-07,5040.0,5040.0,4945.0,5000.0,13970.0,100220
2026-10-07,1619.0,1619.0,1590.0,1603.0,10318.0,019680
2026-10-07,8850.0,8860.0,8650.0,8680.0,12246.0,085310
2026-10-07,2265.0,2310.0,2220.0,2265.0,45975.0,084680
2026-10-07,3220.0,3230.0,3125.0,3145.0,130073.0,058730
2026-10-07,1504.0,1535.0,1504.0,1518.0,10617.0,009200
2026-10-07,1788.0,1828.0,1767.0,1777.0,466835.0,004770
2026-10-07,1407.0,1419.0,1404.0,1417.0,51102.0,016090
2026-10-07,4480.0,4530.0,4440.0,4445.0,32713.0,005870
2026-10-07,6290.0,6310.0,6180.0,6260.0,8811.0,068290
2026-10-07,1317.0,1365.0,1309.0,1313.0,152725.0,018500
2026-10-07,3785.0,3890.0,3775.0,3850.0,133385.0,000220
2026-10-07,28150.0,28150.0,27500.0,27800.0,569.0,004450
2026-10-07,4705.0,4750.0,4675.0,4685.0,29955.0,072130
2026-10-07,995.0,1001.0,994.0,995.0,46136.0,002760
2026-10-07,3970.0,4030.0,3885.0,3910.0,108043.0,014990
2026-10-07,2135.0,2150.0,2110.0,2125.0,79421.0,372910
2026-10-07,28900.0,28900.0,27700.0,27700.0,7451.0,35320K
2026-10-07,26750.0,27000.0,26350.0,27000.0,1782.0,001465
2026-10-07,3235.0,3260.0,3000.0,3080.0,161829.0,210980
2026-10-07,6400.0,6400.0,6310.0,6340.0,925.0,111110
2026-10-07,2370.0,2450.0,2365.0,2415.0,134464.0,0220WL
2026-10-07,30300.0,30300.0,29800.0,30050.0,594.0,003925
2026-10-07,4865.0,4895.0,4830.0,4880.0,12593.0,006890
2026-10-07,1902.0,1922.0,1884.0,1896.0,11292.0,129260
2026-10-07,2175.0,2335.0,2155.0,2190.0,605573.0,007460
2026-10-07,26700.0,26900.0,26400.0,26400.0,1756.0,37550K
2026-10-07,0.0,0.0,0.0,902.0,0.0,020760
2026-10-07,2980.0,2985.0,2890.0,2890.0,9133.0,075180
2026-10-07,3155.0,3155.0,3000.0,3155.0,36.0,003465
2026-10-07,3925.0,4550.0,3925.0,4185.0,1343698.0,003780
2026-10-07,1006.0,1007.0,970.0,995.0,86256.0,090080
2026-10-07,3640.0,3665.0,3640.0,3650.0,2609.0,025530
2026-10-07,43000.0,44550.0,42550.0,43950.0,4874.0,006125
2026-10-07,3400.0,3490.0,3390.0,3425.0,58084.0,004830
2026-10-07,51800.0,51900.0,51000.0,51200.0,1800.0,000725
2026-10-07,25600.0,25600.0,25400.0,25500.0,113.0,28513K
2026-10-07,1841.0,1855.0,1829.0,1831.0,9831.0,092440
2026-10-07,1495.0,1557.0,1447.0,1554.0,338901.0,005320
2026-10-07,2830.0,2855.0,2795.0,2815.0,7195.0,378850
2026-10-07,0.0,0.0,0.0,1935.0,0.0,002410
2026-10-07,5420.0,5420.0,5230.0,5310.0,7935.0,023810
2026-10-07,10280.0,10280.0,10120.0,10150.0,8664.0,001550
2026-10-07,1147.0,1149.0,1113.0,1113.0,89803.0,021050
2026-10-07,4200.0,4200.0,4120.0,4135.0,5199.0,003475
2026-10-07,1319.0,1355.0,1319.0,1329.0,38356.0,396690
2026-10-07,1403.0,1460.0,1403.0,1425.0,80733.0,012690
2026-10-07,3535.0,3550.0,3505.0,3535.0,8667.0,010770
2026-10-07,16940.0,16940.0,16640.0,16650.0,552.0,006980
2026-10-07,65900.0,66000.0,65700.0,65700.0,141.0,005305
2026-10-07,5190.0,5190.0,4960.0,5050.0,1939.0,101140
2026-10-07,3285.0,3305.0,3225.0,3240.0,15707.0,123700
2026-10-07,30650.0,30650.0,30000.0,30000.0,137.0,000950
2026-10-07,2690.0,2690.0,2625.0,2630.0,79915.0,011230
2026-10-07,4310.0,4310.0,4180.0,4240.0,10044.0,006880
2026-10-07,46400.0,48200.0,46400.0,47400.0,1234.0,011390
2026-10-07,1676.0,1699.0,1652.0,1660.0,21654.0,002630
2026-10-07,1210.0,1235.0,1205.0,1223.0,84550.0,004410
2026-10-07,19300.0,19300.0,18820.0,18820.0,5496.0,009835
2026-10-07,0.0,0.0,0.0,2670.0,0.0,011000
2026-10-07,2165.0,2195.0,2160.0,2175.0,9144.0,001620
2026-10-07,1918.0,1930.0,1912.0,1916.0,47402.0,002140
2026-10-07,960.0,1025.0,942.0,1002.0,225720.0,009320
2026-10-07,2900.0,2900.0,2695.0,2740.0,28735.0,011300
2026-10-07,1780.0,1845.0,1779.0,1808.0,52368.0,002920
2026-10-07,2215.0,2215.0,2165.0,2165.0,7352.0,041650
2026-10-07,0.0,0.0,0.0,2660.0,0.0,069460
2026-10-07,2960.0,2965.0,2920.0,2955.0,37753.0,000910
2026-10-07,1865.0,1865.0,1840.0,1843.0,14891.0,357250
2026-10-07,1235.0,1244.0,1226.0,1232.0,12284.0,004540
2026-10-07,1280.0,1327.0,1270.0,1320.0,217921.0,017180
2026-10-07,0.0,0.0,0.0,5110.0,0.0,074610
2026-10-07,2235.0,2235.0,2215.0,2225.0,1836.0,003080
2026-10-07,2085.0,2350.0,2050.0,2200.0,724206.0,004060
2026-10-07,2185.0,2185.0,2140.0,2160.0,3276.0,084870
2026-10-07,3385.0,3400.0,3340.0,3345.0,22258.0,092780
2026-10-07,3430.0,3450.0,3380.0,3430.0,8202.0,004910
2026-10-07,4250.0,4420.0,4125.0,4265.0,78073.0,011330
2026-10-07,2110.0,2110.0,2060.0,2075.0,37446.0,008420
2026-10-07,1983.0,1989.0,1938.0,1939.0,126230.0,014910
2026-10-07,983.0,984.0,965.0,968.0,8594.0,481850
2026-10-07,3970.0,3975.0,3900.0,3960.0,37600.0,446070
2026-10-07,2080.0,2090.0,2065.0,2070.0,94240.0,026940
2026-10-07,0.0,0.0,0.0,541.0,0.0,019490
2026-10-07,1142.0,1200.0,1104.0,1180.0,136935.0,002870
2026-10-07,24850.0,24850.0,24150.0,24300.0,969.0,000215
2026-10-07,0.0,0.0,0.0,932.0,0.0,017040
2026-10-07,3760.0,3770.0,3680.0,3685.0,21385.0,023350
2026-10-07,1994.0,2050.0,1970.0,1977.0,23571.0,049800
2026-10-07,2555.0,2640.0,2500.0,2535.0,72453.0,007110
2026-10-07,39050.0,39050.0,38800.0,38800.0,40.0,008870
2026-10-07,802.0,803.0,797.0,803.0,14143.0,145270
2026-10-07,1430.0,1434.0,1394.0,1409.0,23734.0,011420
2026-10-07,1878.0,1890.0,1878.0,1882.0,1751.0,009810
2026-10-07,1004.0,1013.0,987.0,1005.0,16119.0,023960
2026-10-07,1430.0,1815.0,1392.0,1768.0,1591258.0,051630
2026-10-07,3575.0,3575.0,3285.0,3340.0,59925.0,002360
2026-10-07,3625.0,3790.0,3625.0,3770.0,20609.0,012280
2026-10-07,7200.0,7410.0,6760.0,7190.0,7083.0,004920
2026-10-07,18670.0,18670.0,18400.0,18560.0,343.0,134790
2026-10-07,24050.0,24200.0,22000.0,23650.0,17730.0,009140
2026-10-07,1150.0,1152.0,1123.0,1149.0,26279.0,027740
2026-10-07,1315.0,1321.0,1300.0,1316.0,68975.0,000890
2026-10-07,898.0,898.0,857.0,861.0,167930.0,047400
2026-10-07,1002.0,1002.0,961.0,970.0,13876.0,133820
2026-10-07,3230.0,3295.0,3200.0,3260.0,53966.0,008250
2026-10-07,1252.0,1268.0,1203.0,1208.0,16929.0,013000
2026-10-07,12340.0,12590.0,12000.0,12380.0,671.0,000760
2026-10-07,1974.0,2190.0,1965.0,2100.0,206994.0,010640
2026-10-07,3715.0,3755.0,3670.0,3675.0,4145.0,002880
2026-10-07,9110.0,9230.0,9110.0,9170.0,1037.0,004365
2026-10-07,0.0,0.0,0.0,1199.0,0.0,143210
2026-10-07,2735.0,2745.0,2695.0,2705.0,6194.0,009460
2026-10-07,2805.0,2850.0,2760.0,2830.0,35944.0,014130
2026-10-07,14360.0,14540.0,14360.0,14380.0,1563.0,005820
2026-10-07,2175.0,2175.0,2085.0,2100.0,4250.0,012160
2026-10-07,3045.0,3145.0,2960.0,3015.0,48820.0,006370
2026-10-07,1172.0,1220.0,1145.0,1152.0,26164.0,090370
2026-10-07,6610.0,6610.0,6360.0,6510.0,6526.0,003535
2026-10-07,16500.0,16500.0,15020.0,15640.0,9846.0,019175
2026-10-07,1367.0,1419.0,1336.0,1418.0,22345.0,069640
2026-10-07,1899.0,1899.0,1832.0,1888.0,28927.0,025750
2026-10-07,4200.0,4300.0,3960.0,3975.0,31128.0,010400
2026-10-07,2015.0,2015.0,1967.0,1972.0,2640.0,024070
2026-10-07,585.0,752.0,585.0,669.0,12232327.0,009190
2026-10-07,5670.0,5730.0,5610.0,5635.0,2019.0,001070
2026-10-07,1564.0,1564.0,1520.0,1523.0,16603.0,036420
2026-10-07,2640.0,2640.0,2620.0,2625.0,5365.0,025890
2026-10-07,2365.0,2365.0,2265.0,2315.0,30434.0,088790
2026-10-07,3335.0,3395.0,3250.0,3330.0,2062.0,308170
2026-10-07,1868.0,1868.0,1834.0,1837.0,7056.0,006570
2026-10-07,4565.0,4570.0,4480.0,4485.0,9518.0,023150
2026-10-07,4430.0,4480.0,4405.0,4430.0,37867.0,003680
2026-10-07,4795.0,5100.0,4325.0,4455.0,35882.0,006740
2026-10-07,1000.0,1022.0,981.0,981.0,31298.0,007120
2026-10-07,1320.0,1335.0,1301.0,1308.0,37168.0,002690
2026-10-07,1210.0,1220.0,1175.0,1196.0,22685.0,118000
2026-10-07,1551.0,1600.0,1541.0,1541.0,2777.0,33637K
2026-10-07,9990.0,10100.0,9840.0,9850.0,27753.0,006345
2026-10-07,1499.0,1499.0,1425.0,1451.0,35557.0,006490
2026-10-07,3930.0,3970.0,3930.0,3940.0,86.0,002355
2026-10-07,4070.0,4175.0,3995.0,4000.0,30554.0,033250
2026-10-07,5730.0,5780.0,5480.0,5610.0,10279.0,004270
2026-10-07,1533.0,1599.0,1510.0,1547.0,125428.0,003060
2026-10-07,0.0,0.0,0.0,1105.0,0.0,001380
2026-10-07,21950.0,22000.0,21750.0,21950.0,1264.0,003495
2026-10-07,777.0,784.0,760.0,769.0,12352.0,357430
2026-10-07,0.0,0.0,0.0,5330.0,0.0,009310
2026-10-07,2955.0,3660.0,2945.0,3145.0,73398.0,012170
2026-10-07,7760.0,7760.0,7240.0,7410.0,1094.0,33626L
2026-10-07,960.0,988.0,947.0,983.0,56260.0,004870
2026-10-07,2910.0,2915.0,2815.0,2850.0,18873.0,001420
2026-10-07,1550.0,1559.0,1437.0,1443.0,120394.0,071950
2026-10-07,28300.0,28300.0,27500.0,27750.0,782.0,008775
2026-10-07,4610.0,4610.0,4305.0,4435.0,49705.0,030720
2026-10-07,14650.0,14700.0,14550.0,14700.0,233.0,001685
2026-10-07,0.0,0.0,0.0,928.0,0.0,015020
2026-10-07,1050.0,1082.0,1030.0,1050.0,279624.0,005360
2026-10-07,1025.0,1033.0,969.0,1007.0,23968.0,000040
2026-10-07,24850.0,24850.0,24450.0,24550.0,78.0,00499K
2026-10-07,18500.0,18500.0,17480.0,18320.0,1173.0,108675
2026-10-07,0.0,0.0,0.0,296.0,0.0,093240
2026-10-07,3705.0,3915.0,3690.0,3720.0,17739.0,002070
2026-10-07,1316.0,1589.0,1260.0,1521.0,258504.0,011090
2026-10-07,0.0,0.0,0.0,2620.0,0.0,008600
2026-10-07,0.0,0.0,0.0,756.0,0.0,009440
2026-10-07,4490.0,4490.0,4490.0,4490.0,10.0,005725
2026-10-07,2110.0,2580.0,2100.0,2190.0,541400.0,465770
2026-10-07,30300.0,30300.0,29500.0,29650.0,1196.0,18064K
2026-10-07,19500.0,19500.0,18200.0,18400.0,347.0,005257
2026-10-07,1685.0,1685.0,1593.0,1622.0,38241.0,006200
2026-10-07,20195.0,20225.0,20195.0,20225.0,2.0,0106J0
2026-10-07,4750.0,4750.0,4460.0,4580.0,61637.0,004105
2026-10-07,12990.0,13040.0,12890.0,12900.0,617.0,002025
2026-10-07,12450.0,12450.0,12310.0,12310.0,72.0,000087
2026-10-07,2145.0,2145.0,2110.0,2110.0,3074.0,001795
2026-10-07,11110.0,11130.0,10910.0,11060.0,1455.0,00806K
2026-10-07,4385.0,4415.0,4380.0,4415.0,5958.0,45226K
2026-10-07,14060.0,14060.0,13850.0,14020.0,2124.0,084695
2026-10-07,16190.0,16320.0,16020.0,16240.0,291.0,00781K
2026-10-07,1024.0,1049.0,970.0,992.0,64042.0,002820
2026-10-07,33000.0,33000.0,32000.0,32000.0,134.0,145995
2026-10-07,1378.0,1386.0,1347.0,1360.0,21934.0,024890
2026-10-07,7900.0,7900.0,7500.0,7650.0,202.0,38380K
2026-10-07,10115.0,10115.0,10115.0,10115.0,0.0,0120X0
2026-10-07,50100.0,50100.0,50000.0,50000.0,4.0,001067
2026-10-07,1894.0,1926.0,1860.0,1900.0,1475.0,004255
2026-10-07,1051.0,1051.0,982.0,984.0,9763.0,019685
2026-10-07,0.0,0.0,0.0,2240.0,0.0,145210
2026-10-07,168.0,213.0,163.0,199.0,10403007.0,015260
2026-10-07,12100.0,12390.0,11970.0,12150.0,105.0,003075
2026-10-07,19280.0,19300.0,19280.0,19290.0,100.0,001755
2026-10-07,2325.0,2325.0,2255.0,2270.0,611.0,33637L
2026-10-07,3625.0,3650.0,3585.0,3620.0,2268.0,000225
2026-10-07,4020.0,4020.0,4000.0,4020.0,3944.0,001515
2026-10-07,21800.0,21900.0,21700.0,21900.0,359.0,001065
2026-10-07,28100.0,28600.0,28100.0,28600.0,40.0,000325
2026-10-07,4505.0,4980.0,4505.0,4900.0,32802.0,004835
2026-10-07,9280.0,9280.0,8700.0,8880.0,864.0,004985
2026-10-07,0.0,0.0,0.0,436.0,0.0,044380
2026-10-07,7530.0,7550.0,7370.0,7380.0,75.0,26490K
2026-10-07,4980.0,5000.0,4930.0,4935.0,2040.0,012205
2026-10-07,12350.0,12350.0,12220.0,12220.0,4.0,090355
2026-10-07,0.0,0.0,0.0,3925.0,0.0,001770
2026-10-07,5770.0,5770.0,5650.0,5650.0,27.0,000545
2026-10-07,9140.0,9140.0,9100.0,9100.0,7.0,000145
2026-10-07,14080.0,14290.0,14000.0,14270.0,4791.0,002995
2026-10-07,6180.0,6180.0,6000.0,6100.0,2589.0,009415
2026-10-07,17060.0,17200.0,17060.0,17060.0,56.0,005965
2026-10-07,14130.0,14130.0,14130.0,14130.0,1.0,014825
2026-10-07,7810.0,7890.0,7800.0,7890.0,466.0,007575
2026-10-07,2955.0,2955.0,2830.0,2885.0,973.0,36328K
2026-10-07,5500.0,5700.0,5500.0,5530.0,771.0,014285
2026-10-07,4990.0,5000.0,4990.0,5000.0,2295.0,005745
2026-10-07,4965.0,4965.0,4965.0,4965.0,1.0,014915
2026-10-07,28.0,30.0,25.0,28.0,9138365.0,005030
2026-10-07,8200.0,8200.0,7920.0,7920.0,47.0,000227
2026-10-07,7160.0,7160.0,7150.0,7160.0,248.0,008355
2026-10-07,7860.0,7890.0,7680.0,7680.0,437.0,001525
2026-10-07,3550.0,3605.0,3545.0,3545.0,127.0,004545
2026-10-07,79.0,88.0,57.0,57.0,6239029.0,005110
2026-10-07,5320.0,5550.0,5320.0,5540.0,799.0,011155
2026-10-07,4750.0,4750.0,4650.0,4725.0,575.0,001527
2026-10-07,3905.0,4250.0,3905.0,3965.0,1308.0,004415
2026-10-07,6660.0,7280.0,6660.0,6840.0,751.0,002785
2026-10-07,8790.0,10300.0,8660.0,9940.0,953.0,002787
2026-10-07,265000.0,265500.0,257000.0,257000.0,188648.0,196170
2026-10-07,94700.0,95000.0,92000.0,92500.0,536052.0,086520
2026-10-07,129800.0,130600.0,124200.0,125500.0,347199.0,247540
2026-10-07,276500.0,284000.0,249000.0,249500.0,1957715.0,036930
2026-10-07,462000.0,470000.0,448000.0,449500.0,33881.0,277810
2026-10-07,86400.0,88700.0,84300.0,85900.0,927001.0,058470
2026-10-07,170900.0,172600.0,165600.0,170200.0,543819.0,222800
2026-10-07,140300.0,140400.0,131500.0,131600.0,1009101.0,240810
2026-10-07,526000.0,541000.0,517000.0,518000.0,120782.0,039030
2026-10-07,46350.0,47850.0,45450.0,46250.0,963976.0,028300
2026-10-07,253000.0,257000.0,233500.0,245000.0,421238.0,000250
2026-10-07,68100.0,70000.0,65600.0,65700.0,1819329.0,403870
2026-10-07,317500.0,324000.0,303500.0,307500.0,144254.0,108490
2026-10-07,193000.0,208500.0,187200.0,203500.0,210715.0,031980
2026-10-07,207500.0,208000.0,199900.0,202500.0,135166.0,095340
2026-10-07,85500.0,86100.0,82200.0,82500.0,340206.0,440110
2026-10-07,152100.0,152100.0,137200.0,137400.0,456887.0,319660
2026-10-07,180100.0,180100.0,167700.0,168400.0,224323.0,084370
2026-10-07,306500.0,336000.0,293500.0,310500.0,90792.0,131290
2026-10-07,51800.0,52500.0,49850.0,50700.0,1116641.0,067310
2026-10-07,419500.0,425500.0,409500.0,413500.0,27620.0,357780
2026-10-07,308000.0,313500.0,307000.0,309500.0,77366.0,214450
2026-10-07,291500.0,294500.0,283000.0,285000.0,62189.0,064760
2026-10-07,172300.0,172300.0,162700.0,162800.0,357349.0,095610
2026-10-07,130800.0,136500.0,125550.0,131400.0,201380.0,087010
2026-10-07,86200.0,86200.0,80700.0,80900.0,234089.0,141080
2026-10-07,90500.0,91900.0,84700.0,85000.0,1695935.0,080220
2026-10-07,53700.0,54200.0,51400.0,51600.0,240765.0,298380
2026-10-07,124700.0,126900.0,121300.0,123100.0,192235.0,226950
2026-10-07,18950.0,19870.0,17850.0,17870.0,15315888.0,010170
2026-10-07,156900.0,158900.0,146200.0,146900.0,46537.0,310210
2026-10-07,43100.0,43200.0,40850.0,41650.0,724145.0,178320
2026-10-07,51800.0,52400.0,51000.0,51100.0,387183.0,005290
2026-10-07,32850.0,36100.0,32000.0,32900.0,4974457.0,043260
2026-10-07,37250.0,38300.0,36800.0,37800.0,658783.0,257720
2026-10-07,35850.0,37000.0,35700.0,36300.0,1114683.0,098460
2026-10-07,43400.0,44850.0,43400.0,44350.0,57188.0,214370
2026-10-07,182400.0,186100.0,182200.0,184800.0,28268.0,145020
2026-10-07,21000.0,21150.0,20150.0,20200.0,493945.0,319400
2026-10-07,30350.0,30900.0,29100.0,29200.0,665283.0,030530
2026-10-07,105200.0,107200.0,100500.0,100750.0,160081.0,058610
2026-10-07,301000.0,313500.0,301000.0,308000.0,39689.0,140860
2026-10-07,48000.0,48350.0,45000.0,46750.0,666704.0,347850
2026-10-07,13200.0,13420.0,12360.0,12430.0,2848965.0,032820
2026-10-07,117500.0,117900.0,107900.0,109300.0,382487.0,131970
2026-10-07,70500.0,72000.0,68000.0,68100.0,62481.0,140410
2026-10-07,33150.0,33800.0,33150.0,33300.0,93709.0,263750
2026-10-07,97600.0,98900.0,95400.0,97000.0,81632.0,237690
2026-10-07,31400.0,31800.0,30750.0,30800.0,96982.0,214150
2026-10-07,56500.0,57300.0,53600.0,53700.0,506509.0,089030
2026-10-07,11620.0,11650.0,11100.0,11330.0,3610070.0,036540
2026-10-07,37950.0,40450.0,37600.0,39350.0,732225.0,096530
2026-10-07,62800.0,62900.0,60000.0,60200.0,286891.0,323280
2026-10-07,77400.0,81400.0,77400.0,79100.0,71656.0,041510
2026-10-07,39950.0,40600.0,39700.0,40050.0,36403.0,068760
2026-10-07,60100.0,60300.0,57000.0,57100.0,226046.0,083650
2026-10-07,111400.0,113500.0,108800.0,112600.0,171090.0,078600
2026-10-07,35150.0,35150.0,33400.0,33600.0,157333.0,060370
2026-10-07,68500.0,69200.0,64700.0,64800.0,602097.0,089970
2026-10-07,34050.0,35150.0,33200.0,33250.0,303438.0,183300
2026-10-07,137400.0,141000.0,129900.0,134500.0,124331.0,420770
2026-10-07,26150.0,26450.0,25550.0,26100.0,88907.0,0009K0
2026-10-07,51400.0,54200.0,50800.0,51300.0,317521.0,437730
2026-10-07,24850.0,25200.0,24500.0,24700.0,90293.0,007390
2026-10-07,53200.0,59800.0,53200.0,58800.0,374198.0,290650
2026-10-07,63100.0,63400.0,59000.0,59200.0,370935.0,218410
2026-10-07,39200.0,40850.0,39200.0,39800.0,130849.0,039200
2026-10-07,26200.0,27600.0,25550.0,25650.0,3908838.0,204270
2026-10-07,17320.0,17540.0,16770.0,16910.0,511503.0,950160
2026-10-07,18120.0,18120.0,16800.0,17220.0,2104466.0,232140
2026-10-07,29100.0,29900.0,27900.0,28050.0,316998.0,950260
2026-10-07,38250.0,39100.0,38200.0,38700.0,177553.0,035900
2026-10-07,26350.0,26850.0,24400.0,25950.0,2371544.0,347700
2026-10-07,30150.0,30200.0,29250.0,29800.0,161689.0,082920
2026-10-07,11600.0,11890.0,11530.0,11580.0,631484.0,003380
2026-10-07,111800.0,118900.0,111200.0,117800.0,173688.0,241710
2026-10-07,64300.0,64300.0,61700.0,61700.0,96531.0,166090
2026-10-07,49200.0,51400.0,47700.0,50700.0,610394.0,356860
2026-10-07,41400.0,41850.0,40150.0,40850.0,81041.0,195940
2026-10-07,53100.0,54300.0,52000.0,53600.0,360129.0,101490
2026-10-07,19660.0,19890.0,18620.0,18890.0,689005.0,252990
2026-10-07,31400.0,31700.0,30750.0,31000.0,132040.0,056190
2026-10-07,9910.0,10250.0,9910.0,10090.0,244166.0,293490
2026-10-07,29850.0,29850.0,28300.0,28400.0,129515.0,127120
2026-10-07,15860.0,16080.0,15400.0,15590.0,1021878.0,417200
2026-10-07,34150.0,34950.0,32800.0,33900.0,222554.0,160190
2026-10-07,22200.0,23650.0,22050.0,22750.0,581645.0,086450
2026-10-07,55100.0,56800.0,54500.0,55700.0,123685.0,083450
2026-10-07,63400.0,63900.0,58900.0,59300.0,60570.0,445680
2026-10-07,27100.0,27100.0,25900.0,26150.0,85584.0,458870
2026-10-07,43100.0,43100.0,41550.0,42050.0,296685.0,161580
2026-10-07,48300.0,49000.0,47800.0,47800.0,39277.0,036830
2026-10-07,38700.0,39050.0,37350.0,38450.0,141048.0,491000
2026-10-07,58600.0,59900.0,53400.0,53800.0,750882.0,327260
2026-10-07,24600.0,25500.0,23850.0,24100.0,65238.0,115180
2026-10-07,75000.0,77000.0,71400.0,71800.0,201005.0,295310
2026-10-07,33450.0,33600.0,32700.0,32750.0,52332.0,065350
2026-10-07,18240.0,18250.0,16830.0,16930.0,508491.0,100790
2026-10-07,85500.0,85900.0,77500.0,78100.0,218455.0,053800
2026-10-07,92300.0,92300.0,89300.0,89500.0,63198.0,388210
2026-10-07,8890.0,8890.0,8500.0,8580.0,313965.0,031330
2026-10-07,53800.0,54700.0,51800.0,51800.0,348172.0,119850
2026-10-07,21350.0,21400.0,20000.0,20250.0,156842.0,032500
2026-10-07,10110.0,10270.0,9610.0,9910.0,1343660.0,033790
2026-10-07,63100.0,69800.0,63000.0,68100.0,173438.0,251970
2026-10-07,11090.0,11390.0,10990.0,11220.0,487489.0,328130
2026-10-07,6710.0,8450.0,6690.0,7790.0,17563370.0,038500
2026-10-07,13010.0,13070.0,12620.0,12700.0,354289.0,281740
2026-10-07,32200.0,32600.0,31500.0,31500.0,136415.0,074600
2026-10-07,71600.0,72500.0,70100.0,70300.0,14072.0,388720
2026-10-07,81500.0,83200.0,75200.0,75200.0,124030.0,099320
2026-10-07,10500.0,11420.0,10440.0,10910.0,688148.0,041960
2026-10-07,67000.0,67100.0,65000.0,65100.0,172441.0,425420
2026-10-07,8750.0,8800.0,8510.0,8560.0,124163.0,085660
2026-10-07,30950.0,31150.0,28050.0,28400.0,346287.0,476830
2026-10-07,51400.0,51800.0,49300.0,49375.0,139464.0,033100
2026-10-07,29900.0,30150.0,29425.0,29550.0,98356.0,014620
2026-10-07,34500.0,35650.0,34450.0,35550.0,44420.0,035760
2026-10-07,40800.0,42500.0,40700.0,41550.0,69269.0,122870
2026-10-07,63200.0,64000.0,62400.0,63300.0,40710.0,121600
2026-10-07,60000.0,61900.0,56800.0,59900.0,247086.0,064290
2026-10-07,33250.0,33250.0,32300.0,32500.0,87511.0,137400
2026-10-07,21550.0,23350.0,20700.0,22650.0,1781913.0,490470
2026-10-07,81300.0,82500.0,78600.0,78700.0,45299.0,090360
2026-10-07,24000.0,24050.0,22900.0,22900.0,205834.0,059090
2026-10-07,11550.0,12070.0,11460.0,11860.0,626210.0,006730
2026-10-07,6540.0,6660.0,6300.0,6310.0,816280.0,090710
2026-10-07,35000.0,35400.0,34150.0,34650.0,105883.0,036810
2026-10-07,74500.0,74500.0,69700.0,69800.0,99571.0,189300
2026-10-07,30600.0,30600.0,29800.0,29800.0,61500.0,213420
2026-10-07,74800.0,75300.0,71800.0,72900.0,37533.0,171090
2026-10-07,38650.0,38800.0,36700.0,36750.0,88134.0,044490
2026-10-07,44550.0,45150.0,42700.0,44250.0,208690.0,456160
2026-10-07,19350.0,19350.0,18970.0,19000.0,30786.0,032190
2026-10-07,83500.0,84200.0,80600.0,80900.0,69474.0,053610
2026-10-07,52800.0,53900.0,51000.0,53200.0,64552.0,041830
2026-10-07,23950.0,24050.0,23150.0,23200.0,123455.0,466100
2026-10-07,32000.0,32400.0,30800.0,31150.0,232187.0,033640
2026-10-07,49400.0,51500.0,49000.0,50100.0,78798.0,102710
2026-10-07,7150.0,7420.0,7080.0,7400.0,1062907.0,048410
2026-10-07,15890.0,15940.0,15380.0,15600.0,124136.0,476060
2026-10-07,16130.0,16430.0,15830.0,16050.0,689644.0,253590
2026-10-07,53900.0,54400.0,50600.0,53000.0,307237.0,092870
2026-10-07,27050.0,27600.0,26450.0,26800.0,134056.0,023160
2026-10-07,33700.0,33700.0,31650.0,31800.0,314828.0,122640
2026-10-07,10690.0,11060.0,10400.0,10440.0,269269.0,225570
2026-10-07,97600.0,97600.0,93500.0,94500.0,91121.0,126340
2026-10-07,8740.0,8770.0,8430.0,8500.0,546512.0,222080
2026-10-07,29950.0,29950.0,27900.0,28100.0,190633.0,124500
2026-10-07,132000.0,132800.0,128600.0,130500.0,5703.0,093320
2026-10-07,14490.0,14490.0,13600.0,13840.0,731918.0,077360
2026-10-07,20450.0,21100.0,20450.0,20850.0,22797.0,253450
2026-10-07,17110.0,18130.0,16900.0,18110.0,297075.0,024850
2026-10-07,10690.0,10760.0,10110.0,10170.0,1026638.0,050890
2026-10-07,92200.0,100300.0,89900.0,97900.0,116723.0,219130
2026-10-07,10880.0,10880.0,10510.0,10520.0,121253.0,046890
2026-10-07,27900.0,28600.0,27650.0,28350.0,338713.0,080580
2026-10-07,33900.0,34200.0,33550.0,33700.0,53456.0,045100
2026-10-07,5120.0,5990.0,4950.0,5220.0,44247751.0,069540
2026-10-07,80000.0,81600.0,78000.0,79800.0,20708.0,214430
2026-10-07,13800.0,13800.0,12830.0,13270.0,1175069.0,144960
2026-10-07,9100.0,9340.0,8810.0,8990.0,165870.0,358570
2026-10-07,36000.0,38200.0,33600.0,37200.0,351498.0,078350
2026-10-07,12330.0,13560.0,12220.0,12670.0,3843303.0,047920
2026-10-07,47700.0,48000.0,46350.0,46700.0,56569.0,399720
2026-10-07,13410.0,13490.0,13140.0,13330.0,114292.0,009520
2026-10-07,22750.0,23400.0,21750.0,22750.0,358008.0,042000
2026-10-07,35000.0,35250.0,33000.0,33250.0,230788.0,089890
2026-10-07,20100.0,20750.0,18980.0,19110.0,2000814.0,356680
2026-10-07,13570.0,13700.0,13410.0,13530.0,136622.0,060250
2026-10-07,15650.0,16070.0,15580.0,15960.0,153787.0,112040
2026-10-07,28700.0,28700.0,26800.0,26900.0,151319.0,174900
2026-10-07,26500.0,26500.0,25250.0,25550.0,115713.0,383310
2026-10-07,32600.0,32750.0,32100.0,32500.0,31156.0,101160
2026-10-07,25700.0,26400.0,25350.0,25450.0,63942.0,094170
2026-10-07,36800.0,36800.0,35950.0,35950.0,29824.0,052400
2026-10-07,38550.0,39250.0,38250.0,38950.0,11622.0,079940
2026-10-07,7960.0,7960.0,7670.0,7680.0,71767.0,052020
2026-10-07,41100.0,42000.0,40500.0,41200.0,97042.0,104830
2026-10-07,32750.0,32850.0,31500.0,31550.0,30517.0,037460
2026-10-07,24050.0,24350.0,23050.0,23450.0,133320.0,348370
2026-10-07,11300.0,11460.0,10890.0,11190.0,83531.0,082270
2026-10-07,4120.0,4210.0,4120.0,4150.0,457430.0,067630
2026-10-07,16780.0,17040.0,16660.0,16860.0,22411.0,099190
2026-10-07,60200.0,63000.0,58600.0,59900.0,121470.0,098120
2026-10-07,19680.0,20800.0,19300.0,20200.0,1586944.0,033160
2026-10-07,68300.0,68500.0,67100.0,68100.0,7879.0,086900
2026-10-07,22550.0,22950.0,21100.0,21150.0,306329.0,348340
2026-10-07,9630.0,9970.0,9630.0,9960.0,33148.0,211050
2026-10-07,48700.0,48750.0,43600.0,44050.0,273125.0,468530
2026-10-07,39100.0,39300.0,37600.0,37700.0,22209.0,365340
2026-10-07,28850.0,30150.0,27850.0,27950.0,99911.0,376900
2026-10-07,6210.0,6260.0,6010.0,6110.0,1291742.0,041190
2026-10-07,5030.0,5110.0,4970.0,4980.0,541546.0,025980
2026-10-07,28900.0,29900.0,28150.0,28900.0,205995.0,089010
2026-10-07,12900.0,13960.0,12900.0,13770.0,463563.0,018290
2026-10-07,24300.0,24300.0,22050.0,23850.0,256148.0,290550
2026-10-07,6030.0,6040.0,5930.0,5940.0,91204.0,015750
2026-10-07,13740.0,13900.0,12940.0,12940.0,931215.0,125490
2026-10-07,39000.0,39350.0,38150.0,38600.0,14289.0,278280
2026-10-07,16230.0,16250.0,15680.0,15720.0,85393.0,033500
2026-10-07,103600.0,103600.0,102500.0,103400.0,1107.0,034950
2026-10-07,12890.0,13200.0,12210.0,12260.0,324626.0,056080
2026-10-07,36450.0,36450.0,33850.0,34650.0,61776.0,475960
2026-10-07,14560.0,14740.0,14110.0,14240.0,160127.0,368770
2026-10-07,12760.0,12770.0,12330.0,12520.0,374295.0,019210
2026-10-07,28750.0,29150.0,28250.0,28750.0,44118.0,340570
2026-10-07,13150.0,13180.0,12860.0,12880.0,53357.0,460930
2026-10-07,5180.0,5230.0,5090.0,5090.0,329540.0,336570
2026-10-07,20700.0,20900.0,20200.0,20700.0,183539.0,475830
2026-10-07,18690.0,19120.0,18620.0,18890.0,70519.0,376300
2026-10-07,4020.0,4030.0,3650.0,3670.0,2270663.0,027360
2026-10-07,2200.0,2200.0,2145.0,2150.0,154496.0,035890
2026-10-07,37350.0,37600.0,36750.0,36850.0,34279.0,078340
2026-10-07,4535.0,5430.0,4535.0,5380.0,3197714.0,101730
2026-10-07,10020.0,10130.0,9760.0,10090.0,665279.0,200470
2026-10-07,22700.0,22750.0,22100.0,22100.0,61244.0,272290
2026-10-07,32150.0,34000.0,31600.0,32750.0,110557.0,159010
2026-10-07,43750.0,43750.0,41300.0,41450.0,200459.0,170920
2026-10-07,14200.0,14450.0,14060.0,14080.0,258726.0,079370
2026-10-07,20950.0,20950.0,20300.0,20400.0,130064.0,486990
2026-10-07,7000.0,7020.0,6730.0,6810.0,483086.0,187660
2026-10-07,16170.0,16290.0,15780.0,15840.0,178382.0,397030
2026-10-07,19430.0,19590.0,18430.0,18840.0,651083.0,417840
2026-10-07,45650.0,48300.0,45050.0,47350.0,260599.0,107640
2026-10-07,18150.0,18340.0,17620.0,17620.0,119850.0,030520
2026-10-07,3880.0,3890.0,3720.0,3745.0,83159.0,078130
2026-10-07,15050.0,15060.0,14510.0,14660.0,166433.0,114810
2026-10-07,35700.0,35750.0,34850.0,35000.0,11054.0,013030
2026-10-07,36650.0,37150.0,36350.0,36550.0,17401.0,067160
2026-10-07,5420.0,5850.0,5410.0,5790.0,825591.0,204620
2026-10-07,22650.0,23150.0,21600.0,21675.0,596161.0,052710
2026-10-07,27900.0,34000.0,27600.0,30500.0,384883.0,389470
2026-10-07,9300.0,9380.0,8800.0,8820.0,1053514.0,332570
2026-10-07,40400.0,41100.0,39300.0,39400.0,10566.0,241770
2026-10-07,24000.0,26500.0,23350.0,26150.0,175565.0,372320
2026-10-07,9330.0,9790.0,9210.0,9440.0,347871.0,441270
2026-10-07,40050.0,40100.0,38000.0,38100.0,67017.0,348210
2026-10-07,10570.0,10640.0,10000.0,10100.0,48977.0,078160
2026-10-07,37550.0,38550.0,37550.0,37950.0,23331.0,215200
2026-10-07,18110.0,18370.0,17970.0,18150.0,25887.0,095660
2026-10-07,33550.0,34300.0,31300.0,31500.0,251619.0,138080
2026-10-07,22650.0,24350.0,22400.0,24300.0,63240.0,092730
2026-10-07,29400.0,29400.0,28650.0,28700.0,71493.0,200710
2026-10-07,58600.0,58700.0,55000.0,55300.0,40695.0,236200
2026-10-07,33550.0,33800.0,31350.0,31600.0,322682.0,330860
2026-10-07,22950.0,23100.0,21550.0,21550.0,314280.0,477850
2026-10-07,11920.0,12250.0,11850.0,12230.0,101087.0,069080
2026-10-07,25600.0,25650.0,24200.0,24200.0,174785.0,039440
2026-10-07,8280.0,8410.0,8180.0,8230.0,75589.0,036800
2026-10-07,7640.0,7640.0,7320.0,7390.0,51545.0,025900
2026-10-07,4025.0,4025.0,3975.0,4005.0,148005.0,025320
2026-10-07,27300.0,27700.0,25350.0,25350.0,866713.0,456010
2026-10-07,8500.0,8510.0,7790.0,7920.0,195809.0,092190
2026-10-07,8700.0,8840.0,8230.0,8230.0,2631802.0,046970
2026-10-07,8980.0,9170.0,8610.0,8710.0,217035.0,060280
2026-10-07,6490.0,6490.0,6420.0,6440.0,17932.0,078020
2026-10-07,19220.0,19240.0,18850.0,18870.0,55093.0,110990
2026-10-07,16470.0,16600.0,15840.0,15840.0,154684.0,168360
2026-10-07,7720.0,7720.0,7220.0,7230.0,759555.0,006910
2026-10-07,32050.0,32100.0,31950.0,31950.0,2012.0,003800
2026-10-07,10820.0,11000.0,10310.0,10350.0,275886.0,393890
2026-10-07,1202.0,1206.0,1170.0,1184.0,719799.0,018000
2026-10-07,22300.0,22700.0,22050.0,22450.0,32349.0,455900
2026-10-07,3765.0,3850.0,3750.0,3830.0,168161.0,036620
2026-10-07,4665.0,4670.0,4535.0,4540.0,418834.0,064260
2026-10-07,29500.0,29600.0,28750.0,28800.0,13390.0,093520
2026-10-07,57200.0,57900.0,54600.0,55400.0,31444.0,448900
2026-10-07,15810.0,16290.0,15400.0,16170.0,74980.0,017890
2026-10-07,15600.0,15600.0,15180.0,15260.0,134666.0,482630
2026-10-07,15040.0,15100.0,14780.0,14780.0,58652.0,117730
2026-10-07,15300.0,15850.0,15120.0,15170.0,741301.0,425040
2026-10-07,10850.0,11050.0,10520.0,10780.0,146026.0,036200
2026-10-07,25000.0,25500.0,24350.0,24750.0,318267.0,091580
2026-10-07,2340.0,2410.0,2330.0,2385.0,520929.0,215600
2026-10-07,4845.0,4850.0,4675.0,4700.0,245739.0,061970
2026-10-07,7700.0,7780.0,7650.0,7670.0,4298.0,121440
2026-10-07,22500.0,23050.0,22100.0,22500.0,104464.0,042520
2026-10-07,23600.0,23600.0,22900.0,23000.0,166488.0,234340
2026-10-07,11560.0,11560.0,10900.0,11040.0,396196.0,446540
2026-10-07,3500.0,3525.0,3440.0,3470.0,432302.0,424870
2026-10-07,3365.0,3410.0,3275.0,3400.0,106941.0,900290
2026-10-07,11760.0,12620.0,10780.0,10860.0,461800.0,488900
2026-10-07,12580.0,14260.0,12300.0,13640.0,16297775.0,012210
2026-10-07,50400.0,53600.0,48400.0,48800.0,197564.0,354320
2026-10-07,8590.0,8730.0,8450.0,8470.0,70324.0,206650
2026-10-07,15230.0,15390.0,14550.0,14665.0,266017.0,086390
2026-10-07,28850.0,28850.0,27600.0,27750.0,125897.0,160980
2026-10-07,29700.0,30850.0,26350.0,26700.0,2194802.0,468670
2026-10-07,20750.0,20800.0,20050.0,20100.0,26643.0,265520
2026-10-07,23250.0,23950.0,23050.0,23900.0,23563.0,084110
2026-10-07,35450.0,35550.0,33300.0,33300.0,33118.0,199800
2026-10-07,3060.0,3110.0,2910.0,2940.0,3904296.0,203650
2026-10-07,7330.0,7330.0,7190.0,7190.0,76241.0,484590
2026-10-07,19370.0,19430.0,18720.0,18810.0,31352.0,049070
2026-10-07,12100.0,12350.0,11830.0,11880.0,58675.0,228760
2026-10-07,36000.0,36000.0,35100.0,35600.0,23331.0,452430
2026-10-07,24300.0,24550.0,24200.0,24350.0,10777.0,054950
2026-10-07,7800.0,7900.0,7790.0,7840.0,8312.0,025770
2026-10-07,23200.0,23900.0,22750.0,23450.0,31482.0,304360
2026-10-07,26150.0,26400.0,25800.0,26050.0,14623.0,200670
2026-10-07,16810.0,17150.0,16810.0,17140.0,10722.0,092460
2026-10-07,4470.0,4525.0,4440.0,4480.0,121563.0,035810
2026-10-07,30150.0,32050.0,27150.0,27750.0,1447998.0,0035S0
2026-10-07,20750.0,21100.0,20350.0,21050.0,15841.0,352480
2026-10-07,9500.0,9690.0,9300.0,9680.0,11524.0,448280
2026-10-07,44850.0,46100.0,42725.0,42725.0,49550.0,389500
2026-10-07,14020.0,14150.0,13420.0,13870.0,111474.0,317330
2026-10-07,2665.0,2675.0,2650.0,2670.0,211085.0,136480
2026-10-07,11920.0,11920.0,10670.0,10800.0,1163326.0,042370
2026-10-07,6270.0,6280.0,6080.0,6160.0,28629.0,101930
2026-10-07,19250.0,19880.0,18700.0,18970.0,169054.0,493280
2026-10-07,11910.0,12170.0,11350.0,11490.0,95034.0,071200
2026-10-07,15070.0,15290.0,14300.0,14500.0,497838.0,452280
2026-10-07,13340.0,13370.0,12860.0,12880.0,28291.0,378340
2026-10-07,2750.0,3130.0,2730.0,2900.0,1615546.0,115450
2026-10-07,11690.0,11730.0,11530.0,11640.0,44323.0,060720
2026-10-07,13120.0,13160.0,12820.0,12880.0,104090.0,094360
2026-10-07,18560.0,18960.0,18170.0,18310.0,17014.0,287840
2026-10-07,5870.0,5870.0,5190.0,5240.0,767084.0,314130
2026-10-07,10540.0,10560.0,10240.0,10260.0,46324.0,394280
2026-10-07,5090.0,5170.0,4950.0,5120.0,184335.0,036710
2026-10-07,15860.0,16000.0,14170.0,14190.0,2000963.0,266690
2026-10-07,29600.0,30200.0,29350.0,29950.0,17079.0,100120
2026-10-07,0.0,0.0,0.0,21000.0,0.0,309710
2026-10-07,6610.0,6820.0,6120.0,6130.0,2418635.0,024840
2026-10-07,27300.0,27400.0,26450.0,26500.0,31705.0,294570
2026-10-07,24100.0,24350.0,23800.0,24000.0,70299.0,098070
2026-10-07,9700.0,9730.0,9650.0,9700.0,11656.0,035600
2026-10-07,4695.0,4700.0,4530.0,4625.0,44899.0,472850
2026-10-07,35300.0,35650.0,34700.0,34750.0,3858.0,267980
2026-10-07,32250.0,33950.0,31500.0,32850.0,193297.0,272110
2026-10-07,0.0,0.0,0.0,3670.0,0.0,182400
2026-10-07,18830.0,18950.0,18240.0,18250.0,77086.0,254490
2026-10-07,17000.0,17000.0,16510.0,16540.0,22418.0,089980
2026-10-07,15750.0,16130.0,15700.0,16060.0,146476.0,439090
2026-10-07,3870.0,3890.0,3815.0,3840.0,100046.0,099440
2026-10-07,31600.0,32050.0,31200.0,31450.0,5130.0,389650
2026-10-07,7800.0,8000.0,7480.0,7800.0,529962.0,032580
2026-10-07,17690.0,17720.0,17410.0,17480.0,17427.0,043150
2026-10-07,5280.0,5280.0,5170.0,5190.0,39922.0,091700
2026-10-07,19520.0,19890.0,18620.0,18720.0,179728.0,085910
2026-10-07,21650.0,21900.0,21500.0,21650.0,3119.0,051500
2026-10-07,0.0,0.0,0.0,3320.0,0.0,121800
2026-10-07,5370.0,5430.0,5350.0,5380.0,21712.0,151860
2026-10-07,35000.0,35500.0,33550.0,33600.0,42954.0,073490
2026-10-07,23050.0,24300.0,22450.0,23350.0,33133.0,484120
2026-10-07,14310.0,14960.0,12920.0,13000.0,1645412.0,486510
2026-10-07,9080.0,9270.0,9080.0,9190.0,24597.0,068930
2026-10-07,0.0,0.0,0.0,4080.0,0.0,377460
2026-10-07,27350.0,28600.0,26950.0,27850.0,52588.0,416180
2026-10-07,23300.0,23350.0,22700.0,22950.0,26682.0,445090
2026-10-07,5510.0,5540.0,5295.0,5300.0,97240.0,0011T0
2026-10-07,12580.0,12640.0,12250.0,12370.0,167212.0,112290
2026-10-07,3260.0,3260.0,3225.0,3235.0,150433.0,023410
2026-10-07,11360.0,11430.0,11200.0,11280.0,33107.0,036890
2026-10-07,4960.0,5030.0,4955.0,5030.0,25832.0,036030
2026-10-07,14040.0,14220.0,14040.0,14130.0,6174.0,377450
2026-10-07,13950.0,13950.0,13620.0,13620.0,52982.0,389260
2026-10-07,9310.0,9390.0,9020.0,9050.0,183401.0,108860
2026-10-07,7920.0,7990.0,7800.0,7820.0,16324.0,064820
2026-10-07,9890.0,10380.0,9010.0,10160.0,966999.0,340450
2026-10-07,9600.0,9600.0,9200.0,9260.0,94988.0,114190
2026-10-07,15040.0,15480.0,14890.0,15180.0,54993.0,144510
2026-10-07,3760.0,3900.0,3705.0,3875.0,141726.0,099430
2026-10-07,41250.0,44400.0,41150.0,43850.0,37391.0,061090
2026-10-07,18000.0,18000.0,17580.0,17830.0,11929.0,461300
2026-10-07,20250.0,21050.0,19760.0,20700.0,47760.0,064850
2026-10-07,5820.0,5820.0,5610.0,5630.0,27326.0,067390
2026-10-07,18150.0,23300.0,18090.0,23150.0,760711.0,419530
2026-10-07,24350.0,24350.0,23250.0,23350.0,52867.0,011560
2026-10-07,8110.0,8230.0,8100.0,8160.0,27863.0,200130
2026-10-07,6200.0,6200.0,5970.0,6060.0,246995.0,243840
2026-10-07,35750.0,35900.0,31800.0,32300.0,11080.0,376270
2026-10-07,19610.0,19610.0,19340.0,19440.0,10670.0,243070
2026-10-07,11250.0,11250.0,10900.0,11040.0,27115.0,043370
2026-10-07,13300.0,13450.0,12900.0,12970.0,85404.0,083310
2026-10-07,6550.0,6550.0,6110.0,6110.0,65743.0,450950
2026-10-07,4500.0,4510.0,4290.0,4315.0,157352.0,298830
2026-10-07,7710.0,7740.0,7020.0,7060.0,1469457.0,439960
2026-10-07,12230.0,12330.0,12000.0,12210.0,47430.0,067080
2026-10-07,6590.0,7300.0,6300.0,6710.0,3048338.0,462350
2026-10-07,9030.0,9050.0,8760.0,8770.0,192967.0,064550
2026-10-07,2340.0,2360.0,2270.0,2310.0,15911.0,180400
2026-10-07,12130.0,12600.0,12100.0,12440.0,83096.0,237880
2026-10-07,35900.0,36050.0,35550.0,35900.0,6774.0,215000
2026-10-07,6150.0,6160.0,5980.0,6030.0,47545.0,216080
2026-10-07,10370.0,10370.0,9930.0,10080.0,24818.0,365270
2026-10-07,3180.0,3405.0,3165.0,3280.0,9105342.0,256840
2026-10-07,5870.0,5870.0,5650.0,5700.0,212960.0,094480
2026-10-07,23800.0,24300.0,23550.0,23700.0,20210.0,0008Z0
2026-10-07,2410.0,2445.0,2345.0,2355.0,1220210.0,078150
2026-10-07,43150.0,43850.0,42800.0,43250.0,2676.0,065710
2026-10-07,26450.0,26450.0,25200.0,25300.0,121427.0,382900
2026-10-07,17400.0,18310.0,17110.0,17910.0,83971.0,405100
2026-10-07,1412.0,1412.0,1400.0,1401.0,38260.0,023760
2026-10-07,8770.0,8810.0,8630.0,8660.0,37732.0,0001A0
2026-10-07,7690.0,7910.0,7630.0,7730.0,162207.0,176750
2026-10-07,6600.0,7080.0,6570.0,6930.0,2201983.0,382800
2026-10-07,8190.0,8190.0,7690.0,7860.0,39725.0,293780
2026-10-07,25500.0,26000.0,25050.0,25100.0,262665.0,126730
2026-10-07,16000.0,16010.0,15600.0,15610.0,52358.0,190510
2026-10-07,8470.0,8510.0,8210.0,8230.0,73971.0,241520
2026-10-07,7150.0,7180.0,7010.0,7080.0,71363.0,095500
2026-10-07,14980.0,15200.0,14880.0,14900.0,14734.0,018310
2026-10-07,9810.0,10190.0,9720.0,10000.0,56670.0,206640
2026-10-07,19200.0,19220.0,18400.0,18400.0,28778.0,475400
2026-10-07,24600.0,24750.0,23700.0,23750.0,7759.0,065680
2026-10-07,6340.0,6630.0,6150.0,6160.0,1421090.0,125020
2026-10-07,6630.0,6750.0,6510.0,6550.0,28787.0,053030
2026-10-07,5580.0,5590.0,5350.0,5390.0,261728.0,053300
2026-10-07,5890.0,6460.0,5820.0,5900.0,1301699.0,452450
2026-10-07,3060.0,3070.0,3000.0,3010.0,323830.0,045390
2026-10-07,4150.0,4150.0,3875.0,3875.0,529384.0,005160
2026-10-07,24150.0,25100.0,22750.0,23100.0,646043.0,263860
2026-10-07,5860.0,5990.0,5680.0,5680.0,260447.0,307180
2026-10-07,10340.0,10450.0,10260.0,10400.0,18399.0,005710
2026-10-07,2330.0,2350.0,2215.0,2220.0,210024.0,217730
2026-10-07,4255.0,4295.0,4240.0,4250.0,1760.0,950170
2026-10-07,4390.0,4430.0,4300.0,4305.0,40261.0,019010
2026-10-07,13970.0,14880.0,13880.0,14420.0,8044.0,481070
2026-10-07,0.0,0.0,0.0,8450.0,0.0,380540
2026-10-07,16150.0,16150.0,15810.0,15820.0,24708.0,459510
2026-10-07,4575.0,4625.0,4480.0,4485.0,86232.0,014940
2026-10-07,2940.0,2940.0,2830.0,2835.0,384989.0,462860
2026-10-07,3205.0,3320.0,3180.0,3260.0,98853.0,126600
2026-10-07,17100.0,17250.0,16400.0,16430.0,16290.0,058970
2026-10-07,33500.0,33800.0,33250.0,33500.0,4089.0,036190
2026-10-07,6770.0,6920.0,6630.0,6690.0,9012.0,314930
2026-10-07,22400.0,22650.0,21650.0,21700.0,22387.0,049430
2026-10-07,3100.0,3250.0,3040.0,3185.0,175629.0,036170
2026-10-07,16600.0,17250.0,16030.0,17160.0,66455.0,119610
2026-10-07,10740.0,11300.0,10680.0,10910.0,322106.0,234690
2026-10-07,5890.0,6000.0,5860.0,5860.0,80623.0,353810
2026-10-07,14830.0,14940.0,14650.0,14770.0,60951.0,102940
2026-10-07,10690.0,10720.0,10510.0,10600.0,39503.0,194700
2026-10-07,18200.0,18210.0,17270.0,17270.0,54490.0,199430
2026-10-07,10920.0,11510.0,10300.0,10330.0,928705.0,388050
2026-10-07,0.0,0.0,0.0,2410.0,0.0,080720
2026-10-07,10270.0,10420.0,10090.0,10350.0,61747.0,041920
2026-10-07,10940.0,10960.0,10250.0,10620.0,87922.0,464080
2026-10-07,25000.0,25900.0,23450.0,24350.0,190879.0,355150
2026-10-07,14830.0,15270.0,14000.0,14980.0,152154.0,163730
2026-10-07,2070.0,2125.0,2060.0,2105.0,33683.0,013120
2026-10-07,17440.0,17690.0,17260.0,17560.0,5302.0,143240
2026-10-07,22750.0,26500.0,22400.0,23550.0,81677.0,372170
2026-10-07,15290.0,15560.0,14940.0,14940.0,54509.0,304100
2026-10-07,19520.0,19600.0,18920.0,18940.0,32702.0,086670
2026-10-07,6240.0,6320.0,5880.0,5890.0,469399.0,394800
2026-10-07,0.0,0.0,0.0,994.0,0.0,016790
2026-10-07,13660.0,14280.0,13420.0,13720.0,208024.0,051160
2026-10-07,12050.0,12050.0,11870.0,11890.0,3518.0,036560
2026-10-07,14280.0,14760.0,14020.0,14070.0,104881.0,230240
2026-10-07,12740.0,12770.0,12560.0,12670.0,26864.0,083930
2026-10-07,15480.0,17590.0,14600.0,16730.0,17577444.0,042510
2026-10-07,24550.0,25150.0,24550.0,24800.0,16106.0,066620
2026-10-07,13050.0,13870.0,12830.0,13390.0,158553.0,187870
2026-10-07,10540.0,10600.0,10380.0,10430.0,9062.0,052330
2026-10-07,14370.0,14520.0,14200.0,14260.0,28482.0,214180
2026-10-07,5900.0,5900.0,5820.0,5860.0,5301.0,034810
2026-10-07,9620.0,10410.0,9430.0,10260.0,263171.0,251370
2026-10-07,12280.0,12740.0,12200.0,12380.0,88717.0,126700
2026-10-07,12390.0,12410.0,11970.0,11990.0,53062.0,484810
2026-10-07,16520.0,16520.0,16200.0,16220.0,17203.0,138610
2026-10-07,3020.0,3105.0,2965.0,3015.0,165671.0,082800
2026-10-07,7380.0,7380.0,7040.0,7110.0,58716.0,220100
2026-10-07,12230.0,12320.0,12120.0,12190.0,418176.0,024060
2026-10-07,12510.0,13950.0,12460.0,12770.0,272142.0,403850
2026-10-07,61000.0,64400.0,60500.0,63500.0,25447.0,260970
2026-10-07,15950.0,16580.0,15870.0,16210.0,67018.0,318060
2026-10-07,12750.0,12830.0,12080.0,12140.0,97952.0,094820
2026-10-07,8250.0,8360.0,8100.0,8210.0,65459.0,068790
2026-10-07,14260.0,14480.0,13810.0,14050.0,19163.0,308430
2026-10-07,7150.0,7230.0,6980.0,7180.0,101102.0,054210
2026-10-07,3730.0,4100.0,3730.0,3930.0,398825.0,084990
2026-10-07,16420.0,16420.0,15590.0,15590.0,330843.0,478340
2026-10-07,16100.0,16190.0,15260.0,15340.0,71030.0,0015G0
2026-10-07,2560.0,2585.0,2455.0,2460.0,813441.0,012860
2026-10-07,17490.0,17660.0,16510.0,16510.0,958635.0,488280
2026-10-07,6040.0,6150.0,5850.0,5850.0,296476.0,264850
2026-10-07,2520.0,2520.0,2320.0,2340.0,289638.0,088800
2026-10-07,22000.0,22750.0,21650.0,22200.0,219209.0,123330
2026-10-07,5690.0,5690.0,5160.0,5200.0,530200.0,046120
2026-10-07,28500.0,28750.0,28100.0,28400.0,5225.0,192440
2026-10-07,6860.0,6860.0,6680.0,6770.0,20821.0,086820
2026-10-07,4610.0,4780.0,4605.0,4610.0,287653.0,039860
2026-10-07,33750.0,33750.0,32100.0,32200.0,1021.0,357550
2026-10-07,13000.0,13400.0,12930.0,13170.0,38421.0,0082N0
2026-10-07,12550.0,13120.0,12400.0,12750.0,114347.0,149950
2026-10-07,6480.0,6650.0,6370.0,6570.0,106500.0,119830
2026-10-07,18530.0,18850.0,18160.0,18180.0,15006.0,108380
2026-10-07,11470.0,11960.0,11440.0,11790.0,82817.0,489460
2026-10-07,8120.0,8220.0,7780.0,7800.0,178586.0,199820
2026-10-07,13910.0,14030.0,13650.0,13690.0,14066.0,270660
2026-10-07,13650.0,14650.0,12500.0,12550.0,4389424.0,274090
2026-10-07,7990.0,7990.0,7520.0,7630.0,26478.0,084850
2026-10-07,5240.0,5350.0,5240.0,5270.0,181217.0,013990
2026-10-07,11720.0,11900.0,11610.0,11740.0,28494.0,264450
2026-10-07,22000.0,22000.0,21050.0,21150.0,12091.0,042420
2026-10-07,1843.0,1901.0,1842.0,1883.0,211976.0,104480
2026-10-07,5260.0,5480.0,5180.0,5330.0,85439.0,418550
2026-10-07,14200.0,14230.0,14150.0,14160.0,3116.0,092130
2026-10-07,14030.0,14090.0,13860.0,13990.0,19690.0,194480
2026-10-07,3095.0,3240.0,3085.0,3200.0,553747.0,290690
2026-10-07,7000.0,7240.0,6580.0,6975.0,10248499.0,158430
2026-10-07,15950.0,16020.0,15830.0,15850.0,2265.0,143160
2026-10-07,3265.0,3265.0,3220.0,3245.0,27770.0,032620
2026-10-07,15000.0,15000.0,14520.0,14590.0,31360.0,092070
2026-10-07,9980.0,10050.0,9800.0,9830.0,31001.0,445180
2026-10-07,12500.0,12500.0,11800.0,11810.0,142134.0,432720
2026-10-07,0.0,0.0,0.0,741.0,0.0,245620
2026-10-07,7440.0,7470.0,7150.0,7170.0,174781.0,051370
2026-10-07,7480.0,7480.0,7100.0,7130.0,147824.0,049630
2026-10-07,10050.0,10050.0,9940.0,9940.0,3217.0,038390
2026-10-07,3955.0,4105.0,3940.0,4050.0,58507.0,086890
2026-10-07,14930.0,17800.0,14800.0,16420.0,81689.0,065660
2026-10-07,1093.0,1148.0,1086.0,1092.0,1591105.0,255220
2026-10-07,5770.0,6050.0,5220.0,5360.0,849015.0,388790
2026-10-07,15160.0,15300.0,14820.0,15190.0,32522.0,039830
2026-10-07,13770.0,15230.0,12830.0,13340.0,4969811.0,0161M0
2026-10-07,6440.0,6500.0,6380.0,6400.0,22043.0,122990
2026-10-07,8130.0,8310.0,8130.0,8210.0,11284.0,950140
2026-10-07,2980.0,3230.0,2865.0,2875.0,6997071.0,067290
2026-10-07,2755.0,2755.0,2685.0,2690.0,396305.0,289080
2026-10-07,12960.0,13090.0,12800.0,12840.0,9366.0,402030
2026-10-07,27200.0,28600.0,26400.0,27800.0,217023.0,417030
2026-10-07,0.0,0.0,0.0,1153.0,0.0,066410
2026-10-07,9300.0,9350.0,8760.0,8770.0,171475.0,032940
2026-10-07,10770.0,10770.0,10280.0,10410.0,44940.0,494120
2026-10-07,16890.0,17750.0,15770.0,15800.0,537066.0,0010S0
2026-10-07,5820.0,5850.0,5690.0,5700.0,38530.0,123410
2026-10-07,2880.0,2890.0,2830.0,2845.0,41555.0,204610
2026-10-07,15000.0,15110.0,14650.0,14650.0,30261.0,226590
2026-10-07,28450.0,29300.0,27200.0,27350.0,22154.0,474650
2026-10-07,3250.0,3260.0,3020.0,3160.0,150920.0,041020
2026-10-07,8170.0,8210.0,7930.0,8160.0,14005.0,093190
2026-10-07,3005.0,3020.0,2910.0,2910.0,234726.0,475040
2026-10-07,9240.0,9440.0,9150.0,9160.0,14608.0,078070
2026-10-07,13100.0,13190.0,13090.0,13110.0,5967.0,072870
2026-10-07,5050.0,5110.0,5030.0,5070.0,47422.0,011040
2026-10-07,2865.0,2895.0,2700.0,2720.0,876301.0,267320
2026-10-07,4370.0,4450.0,4255.0,4265.0,544415.0,413630
2026-10-07,25950.0,26150.0,25800.0,25900.0,4996.0,023910
2026-10-07,9690.0,10370.0,9690.0,10230.0,58914.0,054450
2026-10-07,13050.0,13200.0,12720.0,12720.0,15645.0,041520
2026-10-07,4790.0,4830.0,4700.0,4720.0,10513.0,093640
2026-10-07,26250.0,26300.0,25950.0,26150.0,3718.0,067280
2026-10-07,12890.0,12890.0,12700.0,12760.0,5655.0,123860
2026-10-07,4625.0,4870.0,4600.0,4690.0,426087.0,417500
2026-10-07,6320.0,6450.0,6120.0,6190.0,44585.0,118990
2026-10-07,8990.0,8990.0,8570.0,8600.0,54278.0,101360
2026-10-07,8890.0,8890.0,8590.0,8590.0,162537.0,102120
2026-10-07,6020.0,6140.0,5670.0,5750.0,1223658.0,396300
2026-10-07,8100.0,8320.0,7940.0,8090.0,547570.0,0039P0
2026-10-07,4690.0,4725.0,4620.0,4705.0,10486.0,179290
2026-10-07,8160.0,8190.0,8030.0,8040.0,22680.0,080160
2026-10-07,16610.0,16730.0,16170.0,16200.0,76420.0,322310
2026-10-07,4770.0,4830.0,4690.0,4705.0,140947.0,220260
2026-10-07,6380.0,6900.0,6300.0,6760.0,243941.0,156100
2026-10-07,4315.0,4395.0,4130.0,4240.0,538478.0,950250
2026-10-07,10090.0,10090.0,9940.0,9950.0,4956.0,007330
2026-10-07,5490.0,5580.0,5220.0,5280.0,1657363.0,054920
2026-10-07,4290.0,4310.0,4220.0,4240.0,10580.0,024800
2026-10-07,12040.0,12280.0,11550.0,11580.0,25084.0,146320
2026-10-07,24000.0,24250.0,23200.0,23300.0,12948.0,489500
2026-10-07,7420.0,7430.0,7250.0,7400.0,24294.0,256940
2026-10-07,2410.0,3020.0,2405.0,2750.0,14357867.0,307750
2026-10-07,5010.0,5100.0,4840.0,4935.0,501420.0,052260
2026-10-07,14620.0,14620.0,14170.0,14250.0,6004.0,054800
2026-10-07,15010.0,15900.0,14830.0,14890.0,156947.0,0088M0
2026-10-07,19470.0,19480.0,18300.0,18330.0,69430.0,0007C0
2026-10-07,11710.0,12150.0,11520.0,12130.0,146210.0,141000
2026-10-07,1808.0,1808.0,1715.0,1756.0,97280.0,205500
2026-10-07,10000.0,10130.0,9890.0,9980.0,2675.0,101970
2026-10-07,6450.0,6470.0,6070.0,6070.0,1168384.0,452190
2026-10-07,11970.0,12100.0,11520.0,11730.0,19700.0,042600
2026-10-07,13300.0,13520.0,13260.0,13520.0,3158.0,069510
2026-10-07,12630.0,12660.0,11920.0,12080.0,487191.0,115500
2026-10-07,4000.0,4030.0,3985.0,3995.0,16931.0,046440
2026-10-07,7520.0,7520.0,7220.0,7220.0,175060.0,147830
2026-10-07,9030.0,9080.0,8970.0,9010.0,2052.0,023600
2026-10-07,7110.0,7110.0,6880.0,6940.0,362352.0,142210
2026-10-07,11270.0,11270.0,10510.0,10860.0,95107.0,232680
2026-10-07,15250.0,15450.0,15200.0,15290.0,5033.0,049960
2026-10-07,15330.0,15330.0,14650.0,14745.0,25468.0,264660
2026-10-07,16540.0,16550.0,15940.0,16010.0,41728.0,469610
2026-10-07,10960.0,11100.0,10570.0,10570.0,70996.0,212560
2026-10-07,4655.0,4865.0,4655.0,4760.0,89937.0,321550
2026-10-07,19360.0,20100.0,18520.0,18720.0,653163.0,387690
2026-10-07,1604.0,1617.0,1581.0,1610.0,99798.0,048870
2026-10-07,8850.0,9290.0,8700.0,8920.0,40311.0,105330
2026-10-07,12550.0,12570.0,12220.0,12390.0,4861.0,089600
2026-10-07,10560.0,10670.0,10470.0,10610.0,131.0,005990
2026-10-07,8420.0,8570.0,8380.0,8440.0,16832.0,114840
2026-10-07,9000.0,9330.0,8890.0,9150.0,117861.0,071280
2026-10-07,9560.0,9610.0,9390.0,9460.0,1313.0,115310
2026-10-07,3995.0,4005.0,3875.0,3900.0,78699.0,148150
2026-10-07,8000.0,8130.0,7560.0,7580.0,382559.0,059120
2026-10-07,2985.0,3625.0,2980.0,3040.0,2038165.0,095700
2026-10-07,7420.0,7800.0,7380.0,7760.0,411248.0,265740
2026-10-07,8330.0,8360.0,8150.0,8280.0,19177.0,228850
2026-10-07,5380.0,5440.0,5220.0,5360.0,62314.0,322510
2026-10-07,5000.0,5090.0,4930.0,5020.0,30502.0,297090
2026-10-07,10780.0,10850.0,10600.0,10630.0,27605.0,140670
2026-10-07,2995.0,3030.0,2965.0,2980.0,10672.0,060150
2026-10-07,4700.0,4700.0,3905.0,4390.0,317106.0,351320
2026-10-07,6730.0,6830.0,6620.0,6830.0,50732.0,037070
2026-10-07,12450.0,12600.0,12380.0,12410.0,25797.0,038290
2026-10-07,11160.0,11270.0,10940.0,11000.0,29028.0,136540
2026-10-07,10070.0,11080.0,9960.0,10740.0,714528.0,0015N0
2026-10-07,2130.0,2130.0,1901.0,1910.0,4147884.0,321370
2026-10-07,8300.0,8430.0,8060.0,8110.0,99739.0,300080
2026-10-07,20350.0,20550.0,20200.0,20350.0,9521.0,003100
2026-10-07,6430.0,6570.0,6400.0,6420.0,85485.0,240550
2026-10-07,8730.0,8780.0,8060.0,8100.0,210225.0,451760
2026-10-07,4900.0,4995.0,4880.0,4895.0,5453.0,035610
2026-10-07,15190.0,15340.0,14860.0,14860.0,46119.0,172670
2026-10-07,10040.0,10100.0,9870.0,9950.0,31999.0,039840
2026-10-07,3905.0,3945.0,3795.0,3800.0,371209.0,126640
2026-10-07,6950.0,6950.0,6550.0,6580.0,118659.0,417010
2026-10-07,12640.0,12830.0,12560.0,12580.0,14277.0,285490
2026-10-07,9990.0,10350.0,9870.0,10190.0,41297.0,001540
2026-10-07,7680.0,7680.0,7410.0,7410.0,34594.0,052860
2026-10-07,3525.0,3615.0,3495.0,3500.0,257745.0,047770
2026-10-07,0.0,0.0,0.0,14130.0,0.0,457550
2026-10-07,6380.0,6470.0,6250.0,6360.0,87918.0,222040
2026-10-07,11470.0,11470.0,11210.0,11220.0,22206.0,282880
2026-10-07,17330.0,18100.0,16190.0,16250.0,1737163.0,072950
2026-10-07,7670.0,7670.0,7270.0,7420.0,12974.0,009780
2026-10-07,3040.0,3040.0,2985.0,3000.0,2209.0,408920
2026-10-07,9760.0,9980.0,8600.0,8620.0,489166.0,211270
2026-10-07,9050.0,9160.0,9050.0,9110.0,9561.0,049720
2026-10-07,8090.0,8090.0,7620.0,7680.0,142901.0,402490
2026-10-07,13240.0,13530.0,13010.0,13180.0,17300.0,094840
2026-10-07,3270.0,3370.0,3200.0,3370.0,75122.0,290720
2026-10-07,7120.0,7180.0,6840.0,6870.0,255198.0,053260
2026-10-07,9050.0,9660.0,8240.0,8380.0,7706192.0,411080
2026-10-07,8500.0,8740.0,8320.0,8420.0,222807.0,037350
2026-10-07,1604.0,1604.0,1577.0,1600.0,220.0,080420
2026-10-07,9740.0,9790.0,9690.0,9750.0,5187.0,950190
2026-10-07,11420.0,11680.0,11180.0,11320.0,49651.0,035080
2026-10-07,8680.0,8680.0,8160.0,8220.0,18716.0,338840
2026-10-07,5420.0,5510.0,5250.0,5260.0,1141142.0,443670
2026-10-07,10600.0,10790.0,10260.0,10320.0,172199.0,259630
2026-10-07,17100.0,17100.0,16620.0,16660.0,21320.0,079960
2026-10-07,5990.0,6245.0,5990.0,6060.0,134948.0,056090
2026-10-07,0.0,0.0,0.0,2885.0,0.0,036690
2026-10-07,4230.0,4280.0,4020.0,4040.0,117025.0,418420
2026-10-07,13600.0,13790.0,12700.0,12860.0,39410.0,361390
2026-10-07,2327.0,2420.0,2310.0,2360.0,106110.0,166480
2026-10-07,3230.0,3240.0,3060.0,3095.0,141940.0,073010
2026-10-07,16100.0,16160.0,15180.0,15540.0,37745.0,299030
2026-10-07,12370.0,12640.0,11440.0,11455.0,531592.0,115440
2026-10-07,3300.0,3330.0,3245.0,3245.0,93880.0,108230
2026-10-07,3005.0,3050.0,2865.0,2880.0,330914.0,039560
2026-10-07,1098.0,1112.0,1090.0,1105.0,137112.0,027710
2026-10-07,6540.0,6590.0,6380.0,6400.0,168666.0,008830
2026-10-07,8290.0,9450.0,8000.0,9270.0,510457.0,217190
2026-10-07,1283.0,1327.0,1268.0,1295.0,249916.0,293580
2026-10-07,7400.0,7550.0,6840.0,6870.0,142337.0,474170
2026-10-07,7890.0,8640.0,7890.0,8130.0,27481.0,458650
2026-10-07,9660.0,9700.0,9350.0,9370.0,44309.0,053080
2026-10-07,9550.0,9560.0,8980.0,9000.0,74089.0,101170
2026-10-07,14420.0,14840.0,14140.0,14660.0,54668.0,083500
2026-10-07,1869.0,1874.0,1841.0,1852.0,25662.0,095190
2026-10-07,5810.0,5990.0,5780.0,5890.0,58176.0,308080
2026-10-07,3320.0,3325.0,3255.0,3285.0,57192.0,047310
2026-10-07,8600.0,8610.0,8270.0,8320.0,89524.0,474610
2026-10-07,5690.0,5690.0,5560.0,5560.0,6264.0,021320
2026-10-07,3085.0,3085.0,3000.0,3035.0,23755.0,336680
2026-10-07,1669.0,1680.0,1609.0,1618.0,148239.0,297890
2026-10-07,8070.0,8120.0,7710.0,7720.0,157368.0,017510
2026-10-07,3970.0,4030.0,3970.0,3985.0,48900.0,067990
2026-10-07,1353.0,1363.0,1290.0,1325.0,1257084.0,138360
2026-10-07,7270.0,7400.0,6950.0,7150.0,144114.0,129920
2026-10-07,10110.0,11000.0,9970.0,10390.0,161324.0,331920
2026-10-07,2530.0,2530.0,2320.0,2355.0,585710.0,134580
2026-10-07,8400.0,8400.0,8200.0,8290.0,145512.0,338220
2026-10-07,0.0,0.0,0.0,2370.0,0.0,041590
2026-10-07,3865.0,3895.0,3765.0,3765.0,88921.0,333430
2026-10-07,2580.0,2580.0,2395.0,2425.0,257013.0,217820
2026-10-07,11980.0,12000.0,11120.0,11320.0,643266.0,105740
2026-10-07,7350.0,7360.0,7120.0,7150.0,69951.0,396470
2026-10-07,10250.0,10590.0,10250.0,10520.0,16180.0,473980
2026-10-07,11680.0,12390.0,11270.0,11360.0,45104.0,290740
2026-10-07,6720.0,6740.0,6380.0,6460.0,97195.0,131030
2026-10-07,3745.0,3745.0,3695.0,3695.0,35075.0,049520
2026-10-07,7110.0,7120.0,7080.0,7090.0,6176.0,054050
2026-10-07,6520.0,6580.0,6310.0,6360.0,70615.0,041440
2026-10-07,4245.0,4245.0,3950.0,3970.0,585255.0,209640
2026-10-07,17490.0,17490.0,16270.0,16280.0,46711.0,389020
2026-10-07,9030.0,9120.0,8870.0,8930.0,31297.0,311320
2026-10-07,8560.0,8780.0,8430.0,8580.0,39420.0,255440
2026-10-07,3305.0,3320.0,3280.0,3285.0,3600.0,063570
2026-10-07,2500.0,2600.0,2445.0,2445.0,30997.0,217270
2026-10-07,2500.0,2500.0,2475.0,2490.0,9899.0,122450
2026-10-07,3515.0,3535.0,3365.0,3395.0,619945.0,201490
2026-10-07,16780.0,16850.0,16630.0,16730.0,417.0,018120
2026-10-07,9990.0,10190.0,9900.0,9920.0,52242.0,051980
2026-10-07,4915.0,4935.0,4890.0,4900.0,12223.0,090850
2026-10-07,1711.0,1762.0,1711.0,1757.0,32876.0,086980
2026-10-07,3400.0,3400.0,3160.0,3160.0,228529.0,242040
2026-10-07,2230.0,2245.0,2095.0,2105.0,212628.0,310200
2026-10-07,1398.0,1412.0,1379.0,1407.0,15541.0,334970
2026-10-07,7740.0,7880.0,7740.0,7790.0,706.0,036630
2026-10-07,2040.0,2040.0,1949.0,1970.0,26425.0,038540
2026-10-07,13530.0,13560.0,12980.0,13000.0,93491.0,136150
2026-10-07,2265.0,2305.0,2260.0,2275.0,62980.0,040300
2026-10-07,11710.0,11750.0,11520.0,11590.0,3966.0,051360
2026-10-07,8370.0,8380.0,8070.0,8110.0,65898.0,036010
2026-10-07,2995.0,3100.0,2880.0,2910.0,123996.0,317770
2026-10-07,3740.0,3795.0,3560.0,3715.0,400688.0,261780
2026-10-07,1692.0,1739.0,1667.0,1718.0,71211.0,123040
2026-10-07,5640.0,5650.0,5330.0,5350.0,488814.0,079650
2026-10-07,10000.0,10480.0,9960.0,10080.0,35681.0,106190
2026-10-07,5940.0,5940.0,5810.0,5860.0,11122.0,067900
2026-10-07,2290.0,2290.0,2225.0,2235.0,36802.0,246710
2026-10-07,4800.0,4925.0,4740.0,4830.0,88998.0,053350
2026-10-07,2350.0,2380.0,2350.0,2365.0,15205.0,339950
2026-10-07,9150.0,9150.0,8800.0,8820.0,126497.0,153890
2026-10-07,4835.0,4850.0,4780.0,4815.0,479.0,039340
2026-10-07,14880.0,14880.0,14650.0,14710.0,2440.0,120240
2026-10-07,6760.0,6760.0,6360.0,6380.0,122414.0,125210
2026-10-07,4040.0,4050.0,3950.0,3955.0,62459.0,053700
2026-10-07,2950.0,3105.0,2945.0,3075.0,119896.0,235980
2026-10-07,8440.0,8500.0,8010.0,8010.0,78674.0,289930
2026-10-07,9840.0,10080.0,9550.0,9630.0,52398.0,475230
2026-10-07,13100.0,13400.0,12850.0,12980.0,26347.0,493330
2026-10-07,6950.0,6950.0,6770.0,6810.0,10702.0,130580
2026-10-07,13600.0,13600.0,13060.0,13060.0,7228.0,453450
2026-10-07,12100.0,12200.0,11090.0,11130.0,153980.0,0011A0
2026-10-07,1514.0,1517.0,1505.0,1508.0,21464.0,073560
2026-10-07,3065.0,3460.0,2995.0,3085.0,3796218.0,439580
2026-10-07,4625.0,4660.0,4535.0,4590.0,20219.0,366030
2026-10-07,2320.0,2395.0,2315.0,2355.0,71550.0,100700
2026-10-07,8120.0,8120.0,7800.0,7910.0,60691.0,173130
2026-10-07,6500.0,6510.0,5910.0,5990.0,1108434.0,100590
2026-10-07,2245.0,2245.0,2140.0,2155.0,207857.0,306620
2026-10-07,3925.0,4145.0,3810.0,3955.0,16699.0,109740
2026-10-07,3600.0,3650.0,3565.0,3575.0,63219.0,006620
2026-10-07,1821.0,1829.0,1777.0,1783.0,581858.0,419050
2026-10-07,4435.0,4490.0,4350.0,4390.0,76299.0,323990
2026-10-07,1749.0,1749.0,1629.0,1651.0,144750.0,175250
2026-10-07,3785.0,3790.0,3705.0,3750.0,25820.0,059210
2026-10-07,4165.0,4215.0,3945.0,3970.0,583086.0,037030
2026-10-07,2770.0,2775.0,2695.0,2765.0,87360.0,091440
2026-10-07,6500.0,6560.0,6420.0,6510.0,38761.0,307930
2026-10-07,3395.0,3477.0,3220.0,3355.0,1061100.0,0017J0
2026-10-07,3250.0,3250.0,3120.0,3150.0,152172.0,250060
2026-10-07,2450.0,2470.0,2350.0,2365.0,529018.0,086960
2026-10-07,4345.0,4385.0,4300.0,4320.0,26199.0,309960
2026-10-07,7430.0,7540.0,7300.0,7310.0,22926.0,475580
2026-10-07,0.0,0.0,0.0,6070.0,0.0,246720
2026-10-07,5720.0,5860.0,5620.0,5800.0,11494.0,091120
2026-10-07,8680.0,9930.0,8410.0,9030.0,1342065.0,032300
2026-10-07,1778.0,1839.0,1764.0,1785.0,590509.0,357880
2026-10-07,3895.0,3895.0,3740.0,3750.0,46734.0,045970
2026-10-07,8320.0,8530.0,8110.0,8370.0,184965.0,357580
2026-10-07,7350.0,7420.0,7170.0,7170.0,43692.0,099750
2026-10-07,3390.0,4250.0,3360.0,4170.0,18598088.0,142280
2026-10-07,5570.0,5650.0,5510.0,5550.0,7641.0,063170
2026-10-07,3890.0,3890.0,3605.0,3615.0,762584.0,097800
2026-10-07,6340.0,6400.0,5960.0,6320.0,16956.0,182360
2026-10-07,3675.0,3675.0,3615.0,3650.0,19329.0,352090
2026-10-07,10840.0,10930.0,10300.0,10380.0,76009.0,189330
2026-10-07,11470.0,11570.0,11090.0,11100.0,13888.0,049950
2026-10-07,2050.0,2050.0,2015.0,2035.0,69964.0,021080
2026-10-07,6850.0,6970.0,6570.0,6660.0,324078.0,412350
2026-10-07,0.0,0.0,0.0,2205.0,0.0,066790
2026-10-07,3210.0,3275.0,3135.0,3150.0,63539.0,187790
2026-10-07,5680.0,5720.0,5550.0,5680.0,18872.0,033560
2026-10-07,4355.0,4365.0,4320.0,4355.0,33019.0,042500
2026-10-07,5750.0,5750.0,5510.0,5550.0,54049.0,088130
2026-10-07,2840.0,2940.0,2810.0,2850.0,175707.0,246960
2026-10-07,4660.0,4660.0,4490.0,4500.0,34482.0,322180
2026-10-07,0.0,0.0,0.0,2530.0,0.0,068240
2026-10-07,3360.0,3680.0,3105.0,3205.0,6163373.0,062970
2026-10-07,8170.0,8210.0,7830.0,7840.0,58920.0,380550
2026-10-07,6450.0,7330.0,6450.0,6740.0,315223.0,036220
2026-10-07,1030.0,1043.0,977.0,988.0,1597161.0,048550
2026-10-07,1231.0,1249.0,1203.0,1239.0,492810.0,052900
2026-10-07,3690.0,4085.0,3690.0,3865.0,726677.0,223250
2026-10-07,5250.0,5340.0,5150.0,5180.0,22453.0,002230
2026-10-07,0.0,0.0,0.0,10800.0,0.0,017650
2026-10-07,9580.0,9800.0,9560.0,9750.0,10977.0,348350
2026-10-07,7830.0,7890.0,7750.0,7800.0,12093.0,282720
2026-10-07,6680.0,6690.0,6450.0,6510.0,10096.0,298540
2026-10-07,9700.0,9720.0,9560.0,9680.0,12738.0,052420
2026-10-07,8880.0,9140.0,8500.0,8580.0,110886.0,394420
2026-10-07,1356.0,1414.0,1320.0,1392.0,409593.0,205100
2026-10-07,4295.0,4690.0,4215.0,4650.0,444017.0,123010
2026-10-07,7120.0,7370.0,7120.0,7130.0,51455.0,330350
2026-10-07,15930.0,17400.0,15590.0,16030.0,190323.0,109670
2026-10-07,8390.0,8390.0,7950.0,7990.0,31275.0,047560
2026-10-07,1064.0,1064.0,1007.0,1041.0,95137.0,074430
2026-10-07,4080.0,4140.0,3975.0,4000.0,109087.0,101330
2026-10-07,7300.0,7450.0,7200.0,7360.0,44866.0,048910
2026-10-07,7200.0,7280.0,7100.0,7130.0,8195.0,053580
2026-10-07,1631.0,1636.0,1608.0,1610.0,215590.0,100130
2026-10-07,1297.0,1297.0,1237.0,1238.0,239720.0,307870
2026-10-07,3820.0,3820.0,3675.0,3750.0,167809.0,085670
2026-10-07,1870.0,1902.0,1865.0,1865.0,77423.0,109610
2026-10-07,5830.0,5860.0,5810.0,5810.0,7153.0,040420
2026-10-07,12080.0,12400.0,11800.0,11850.0,10574.0,044990
2026-10-07,2305.0,2350.0,2300.0,2325.0,206088.0,005860
2026-10-07,7150.0,7270.0,6940.0,6980.0,92965.0,054540
2026-10-07,4830.0,4900.0,4755.0,4850.0,8068.0,093920
2026-10-07,2340.0,2365.0,2310.0,2315.0,49039.0,013310
2026-10-07,7150.0,7180.0,7000.0,7130.0,6129.0,023900
2026-10-07,10590.0,10600.0,10120.0,10160.0,32001.0,432470
2026-10-07,10230.0,13400.0,10180.0,13400.0,598651.0,117670
2026-10-07,14100.0,14100.0,13800.0,13990.0,485.0,009300
2026-10-07,2870.0,2995.0,2815.0,2880.0,252106.0,048530
2026-10-07,2810.0,2880.0,2745.0,2765.0,896739.0,303810
2026-10-07,1920.0,1950.0,1881.0,1928.0,9683.0,900260
2026-10-07,11400.0,11560.0,10880.0,10940.0,268697.0,457370
2026-10-07,3900.0,3910.0,3740.0,3750.0,178208.0,234030
2026-10-07,4160.0,4290.0,4160.0,4235.0,35386.0,362320
2026-10-07,4200.0,4285.0,4185.0,4240.0,46500.0,226400
2026-10-07,3010.0,3025.0,2955.0,2975.0,320003.0,065450
2026-10-07,2130.0,2140.0,2120.0,2125.0,10204.0,357230
2026-10-07,2285.0,2290.0,2245.0,2250.0,52490.0,066590
2026-10-07,3390.0,3650.0,3360.0,3470.0,23298.0,192410
2026-10-07,9380.0,9480.0,9340.0,9450.0,26667.0,004650
2026-10-07,1450.0,1499.0,1414.0,1427.0,568822.0,198440
2026-10-07,8460.0,8470.0,8390.0,8460.0,1892.0,096240
2026-10-07,6250.0,6250.0,5880.0,5900.0,153835.0,052460
2026-10-07,7050.0,7100.0,7000.0,7050.0,7245.0,086710
2026-10-07,3340.0,3415.0,3300.0,3330.0,24842.0,478560
2026-10-07,1525.0,1539.0,1518.0,1531.0,16163.0,033290
2026-10-07,9920.0,10050.0,9850.0,9880.0,7260.0,251120
2026-10-07,4700.0,4715.0,4665.0,4700.0,23331.0,330730
2026-10-07,6230.0,6650.0,6000.0,6600.0,110785.0,388870
2026-10-07,5960.0,6010.0,5600.0,5740.0,437127.0,006140
2026-10-07,9190.0,9250.0,9150.0,9190.0,8518.0,072020
2026-10-07,3080.0,3170.0,3080.0,3120.0,32805.0,234300
2026-10-07,4290.0,4305.0,4160.0,4160.0,50925.0,215100
2026-10-07,10600.0,10600.0,9890.0,10330.0,8887.0,360070
2026-10-07,7700.0,7770.0,7610.0,7630.0,10754.0,078140
2026-10-07,2500.0,2505.0,2495.0,2495.0,9183.0,037760
2026-10-07,2055.0,2080.0,2030.0,2050.0,105221.0,038110
2026-10-07,2510.0,2875.0,2510.0,2740.0,132695.0,291650
2026-10-07,2045.0,2065.0,2020.0,2030.0,216146.0,162300
2026-10-07,9900.0,10180.0,9900.0,10000.0,10255.0,025950
2026-10-07,1632.0,1632.0,1560.0,1563.0,429738.0,066980
2026-10-07,0.0,0.0,0.0,1009.0,0.0,049180
2026-10-07,2230.0,2300.0,2230.0,2260.0,33249.0,066700
2026-10-07,0.0,0.0,0.0,990.0,0.0,183490
2026-10-07,4685.0,4700.0,4525.0,4540.0,50210.0,078890
2026-10-07,1193.0,1211.0,1177.0,1194.0,245002.0,067000
2026-10-07,6910.0,6990.0,6810.0,6820.0,9925.0,263720
2026-10-07,3050.0,3145.0,3030.0,3110.0,38585.0,104040
2026-10-07,0.0,0.0,0.0,562.0,0.0,058820
2026-10-07,1682.0,1718.0,1643.0,1647.0,327500.0,365330
2026-10-07,5010.0,5080.0,5000.0,5070.0,56200.0,036640
2026-10-07,3140.0,3145.0,3080.0,3125.0,105856.0,294630
2026-10-07,2090.0,2175.0,2085.0,2095.0,119125.0,389030
2026-10-07,8500.0,9080.0,8140.0,8180.0,771717.0,014950
2026-10-07,2255.0,2480.0,2220.0,2345.0,477181.0,950130
2026-10-07,4810.0,5290.0,4810.0,4950.0,3739682.0,253840
2026-10-07,2300.0,2300.0,2150.0,2215.0,46597.0,140070
2026-10-07,5480.0,5500.0,5300.0,5340.0,44354.0,382840
2026-10-07,1593.0,1619.0,1535.0,1535.0,76062.0,094860
2026-10-07,4000.0,4070.0,3860.0,4060.0,134155.0,147760
2026-10-07,14780.0,14780.0,14210.0,14390.0,25171.0,107600
2026-10-07,2005.0,2235.0,1999.0,2060.0,1208601.0,089230
2026-10-07,0.0,0.0,0.0,3935.0,0.0,412540
2026-10-07,3565.0,3565.0,3470.0,3470.0,37130.0,007820
2026-10-07,5400.0,5570.0,5080.0,5080.0,669737.0,263600
2026-10-07,1897.0,1905.0,1866.0,1871.0,37338.0,185490
2026-10-07,8530.0,8590.0,8170.0,8170.0,47614.0,0015S0
2026-10-07,1383.0,1383.0,1340.0,1351.0,72141.0,029480
2026-10-07,5450.0,5640.0,5450.0,5620.0,12718.0,054670
2026-10-07,1508.0,1525.0,1500.0,1510.0,65450.0,131370
2026-10-07,9960.0,10360.0,9420.0,9440.0,276486.0,049080
2026-10-07,3500.0,4855.0,3390.0,4630.0,6315882.0,278650
2026-10-07,12520.0,12670.0,12130.0,12190.0,13202.0,063080
2026-10-07,5240.0,5360.0,5240.0,5350.0,18177.0,004590
2026-10-07,9150.0,9150.0,8590.0,8620.0,84872.0,066310
2026-10-07,2100.0,2250.0,2095.0,2160.0,100129.0,331380
2026-10-07,6330.0,6350.0,6070.0,6100.0,35096.0,381620
2026-10-07,9350.0,9400.0,9280.0,9290.0,4948.0,418470
2026-10-07,3760.0,3840.0,3665.0,3710.0,41505.0,079810
2026-10-07,2540.0,2670.0,2540.0,2615.0,29814.0,302550
2026-10-07,3580.0,3590.0,3525.0,3540.0,14252.0,137950
2026-10-07,5700.0,5700.0,5490.0,5560.0,18052.0,389140
2026-10-07,2060.0,2070.0,2005.0,2020.0,167830.0,066430
2026-10-07,3710.0,3780.0,3685.0,3770.0,1642.0,032540
2026-10-07,5540.0,5610.0,5500.0,5560.0,32809.0,0117P0
2026-10-07,7060.0,7280.0,7010.0,7240.0,142695.0,065510
2026-10-07,5700.0,5950.0,5600.0,5950.0,62118.0,041910
2026-10-07,4425.0,4465.0,4370.0,4370.0,70550.0,475430
2026-10-07,5940.0,6140.0,5710.0,5830.0,187934.0,104540
2026-10-07,3185.0,3225.0,3180.0,3190.0,2614.0,047820
2026-10-07,6350.0,6600.0,6350.0,6500.0,25315.0,012790
2026-10-07,5990.0,5990.0,5830.0,5870.0,2377.0,058400
2026-10-07,3960.0,3960.0,3885.0,3900.0,60270.0,038680
2026-10-07,4505.0,4645.0,4450.0,4515.0,11866.0,149980
2026-10-07,12330.0,12550.0,12270.0,12420.0,10586.0,000440
2026-10-07,8180.0,8200.0,7890.0,7910.0,60657.0,302430
2026-10-07,4160.0,4160.0,3870.0,3905.0,109753.0,277880
2026-10-07,8470.0,8470.0,8220.0,8220.0,3728.0,088390
2026-10-07,6910.0,6970.0,6830.0,6970.0,9155.0,084730
2026-10-07,2510.0,2900.0,2505.0,2625.0,5636118.0,299660
2026-10-07,2425.0,2440.0,2325.0,2335.0,148027.0,396270
2026-10-07,10130.0,10330.0,9760.0,9790.0,56952.0,0007J0
2026-10-07,10100.0,10100.0,9490.0,9580.0,45886.0,323350
2026-10-07,2660.0,3385.0,2660.0,3155.0,2430969.0,205470
2026-10-07,2075.0,2125.0,2075.0,2115.0,12297.0,225530
2026-10-07,2400.0,2440.0,2380.0,2395.0,3258.0,168330
2026-10-07,3995.0,4060.0,3890.0,3960.0,17869.0,011320
2026-10-07,1970.0,1982.0,1964.0,1975.0,6841.0,124560
2026-10-07,3920.0,3920.0,3795.0,3825.0,42676.0,024880
2026-10-07,5910.0,6010.0,5850.0,5940.0,25128.0,303360
2026-10-07,0.0,0.0,0.0,654.0,0.0,073640
2026-10-07,3785.0,3785.0,3730.0,3755.0,25111.0,011370
2026-10-07,4245.0,4245.0,4120.0,4160.0,5412.0,040910
2026-10-07,5730.0,6150.0,5700.0,5870.0,115544.0,010280
2026-10-07,4960.0,5040.0,4820.0,4915.0,17136.0,170030
2026-10-07,4760.0,4795.0,4640.0,4640.0,106622.0,263800
2026-10-07,5050.0,5050.0,4940.0,4955.0,9983.0,041930
2026-10-07,7160.0,7500.0,7160.0,7370.0,16929.0,451250
2026-10-07,2865.0,2930.0,2800.0,2905.0,22748.0,102370
2026-10-07,6820.0,6820.0,6630.0,6660.0,9641.0,413390
2026-10-07,2915.0,2925.0,2880.0,2885.0,12705.0,012700
2026-10-07,3950.0,4025.0,3950.0,3985.0,9083.0,058630
2026-10-07,2270.0,2275.0,2255.0,2265.0,8696.0,208140
2026-10-07,6620.0,6620.0,6210.0,6210.0,9569.0,040160
2026-10-07,6980.0,7090.0,6860.0,7020.0,17654.0,417790
2026-10-07,4440.0,4470.0,4330.0,4350.0,7241.0,347890
2026-10-07,2860.0,2885.0,2655.0,2660.0,451493.0,067170
2026-10-07,915.0,925.0,908.0,912.0,79362.0,019550
2026-10-07,5030.0,5090.0,4930.0,4950.0,914.0,060570
2026-10-07,7400.0,7900.0,7220.0,7400.0,105954.0,212710
2026-10-07,3050.0,3085.0,3000.0,3035.0,20790.0,060590
2026-10-07,3950.0,4050.0,3930.0,3970.0,19108.0,054620
2026-10-07,4640.0,4640.0,4495.0,4565.0,22846.0,030960
2026-10-07,2045.0,2045.0,2025.0,2030.0,13334.0,171120
2026-10-07,9650.0,9780.0,9160.0,9250.0,45409.0,451220
2026-10-07,3595.0,3650.0,3570.0,3625.0,24878.0,020710
2026-10-07,5220.0,5290.0,5040.0,5040.0,37369.0,039980
2026-10-07,10500.0,10500.0,10210.0,10250.0,22128.0,377480
2026-10-07,7420.0,7430.0,7300.0,7330.0,602.0,080010
2026-10-07,2860.0,2900.0,2845.0,2860.0,63946.0,038460
2026-10-07,0.0,0.0,0.0,5310.0,0.0,234920
2026-10-07,6690.0,7060.0,6600.0,6920.0,148052.0,089790
2026-10-07,4675.0,4685.0,4640.0,4640.0,31529.0,017480
2026-10-07,3150.0,3195.0,3080.0,3080.0,35951.0,217330
2026-10-07,8660.0,8670.0,8510.0,8660.0,20648.0,045660
2026-10-07,3040.0,3040.0,2935.0,3030.0,42269.0,371950
2026-10-07,11260.0,11330.0,10900.0,11140.0,6127.0,417970
2026-10-07,1721.0,1758.0,1674.0,1686.0,296005.0,347860
2026-10-07,3810.0,3810.0,3700.0,3750.0,33264.0,155650
2026-10-07,1898.0,1910.0,1860.0,1877.0,63735.0,347000
2026-10-07,2090.0,2225.0,2035.0,2180.0,419744.0,187420
2026-10-07,4480.0,4480.0,4385.0,4415.0,4198.0,054040
2026-10-07,2175.0,2190.0,2145.0,2155.0,65920.0,024740
2026-10-07,6710.0,6980.0,6710.0,6730.0,14128.0,104460
2026-10-07,1519.0,1557.0,1463.0,1484.0,684355.0,065530
2026-10-07,947.0,947.0,910.0,921.0,56776.0,083790
2026-10-07,2900.0,2900.0,2825.0,2830.0,60028.0,128660
2026-10-07,8120.0,8410.0,8120.0,8200.0,38069.0,039010
2026-10-07,2785.0,2890.0,2785.0,2840.0,7543.0,294140
2026-10-07,1190.0,1190.0,1150.0,1155.0,523568.0,076610
2026-10-07,4095.0,4095.0,4010.0,4030.0,12475.0,090470
2026-10-07,4470.0,4655.0,4465.0,4620.0,78142.0,002800
2026-10-07,2950.0,3005.0,2945.0,2990.0,7032.0,110790
2026-10-07,2800.0,2820.0,2790.0,2805.0,11666.0,053280
2026-10-07,1675.0,1675.0,1644.0,1655.0,44614.0,067570
2026-10-07,5380.0,5380.0,5160.0,5180.0,23811.0,460940
2026-10-07,2825.0,2875.0,2695.0,2755.0,288003.0,487580
2026-10-07,10400.0,10750.0,10020.0,10020.0,108036.0,320000
2026-10-07,1920.0,1928.0,1882.0,1882.0,100755.0,096350
2026-10-07,3845.0,3990.0,3845.0,3945.0,19808.0,026150
2026-10-07,1009.0,1009.0,969.0,979.0,174502.0,092040
2026-10-07,2735.0,2800.0,2675.0,2680.0,189049.0,208370
2026-10-07,6420.0,6520.0,6200.0,6290.0,157517.0,067920
2026-10-07,2395.0,2395.0,2340.0,2360.0,43657.0,337930
2026-10-07,7380.0,7380.0,7000.0,7040.0,16071.0,331740
2026-10-07,5120.0,5180.0,5120.0,5160.0,395.0,332370
2026-10-07,3425.0,3550.0,3330.0,3445.0,58395.0,040350
2026-10-07,6360.0,6380.0,6150.0,6210.0,103703.0,0004V0
2026-10-07,4295.0,4400.0,4255.0,4370.0,25430.0,228670
2026-10-07,7600.0,7600.0,7410.0,7510.0,5157.0,109860
2026-10-07,6770.0,6770.0,6500.0,6550.0,117734.0,039610
2026-10-07,6270.0,6490.0,5990.0,6170.0,40397.0,900110
2026-10-07,5140.0,5200.0,5030.0,5040.0,11014.0,019540
2026-10-07,3405.0,3520.0,3405.0,3450.0,13317.0,049550
2026-10-07,5820.0,5890.0,5820.0,5830.0,13875.0,048430
2026-10-07,2145.0,2250.0,2055.0,2170.0,108723.0,179530
2026-10-07,5500.0,5520.0,5450.0,5520.0,2405.0,067370
2026-10-07,8180.0,8180.0,8020.0,8060.0,8554.0,024830
2026-10-07,2250.0,2590.0,2245.0,2405.0,1326374.0,065170
2026-10-07,4140.0,4265.0,4140.0,4205.0,6021.0,004780
2026-10-07,7480.0,7700.0,7470.0,7500.0,5842.0,214260
2026-10-07,4085.0,4130.0,4000.0,4025.0,58153.0,032850
2026-10-07,1975.0,2040.0,1935.0,1941.0,285974.0,950220
2026-10-07,6250.0,6630.0,6250.0,6470.0,86573.0,123420
2026-10-07,5650.0,5820.0,5610.0,5630.0,26388.0,096250
2026-10-07,11390.0,11470.0,11330.0,11350.0,29507.0,282620
2026-10-07,6220.0,6280.0,6000.0,6030.0,56463.0,456070
2026-10-07,6270.0,6290.0,6190.0,6210.0,6410.0,265560
2026-10-07,7440.0,7440.0,7170.0,7290.0,3429.0,061040
2026-10-07,4455.0,4565.0,4400.0,4485.0,2312.0,153710
2026-10-07,5800.0,5810.0,5600.0,5630.0,80582.0,091590
2026-10-07,9530.0,9780.0,9060.0,9320.0,252778.0,192250
2026-10-07,5010.0,5050.0,4625.0,4700.0,289071.0,225190
2026-10-07,12600.0,13350.0,12270.0,12440.0,8553.0,0218L0
2026-10-07,4560.0,4560.0,4320.0,4320.0,38998.0,262260
2026-10-07,3135.0,3210.0,3135.0,3165.0,16438.0,111710
2026-10-07,2700.0,2735.0,2675.0,2735.0,20576.0,291230
2026-10-07,6260.0,6260.0,6060.0,6100.0,3507.0,137080
2026-10-07,6530.0,6690.0,6440.0,6490.0,71335.0,241790
2026-10-07,13100.0,13100.0,11630.0,11940.0,37103.0,360350
2026-10-07,8300.0,8460.0,8200.0,8310.0,39621.0,0156T0
2026-10-07,2210.0,2240.0,2165.0,2190.0,72468.0,315640
2026-10-07,3890.0,3900.0,3845.0,3860.0,19173.0,214680
2026-10-07,3200.0,3260.0,3115.0,3195.0,194935.0,228340
2026-10-07,4420.0,4420.0,4335.0,4340.0,10242.0,014970
2026-10-07,6680.0,6960.0,6630.0,6810.0,8102.0,318160
2026-10-07,4150.0,4195.0,4035.0,4140.0,19630.0,204840
2026-10-07,3920.0,3980.0,3850.0,3890.0,13721.0,424960
2026-10-07,4740.0,4745.0,4700.0,4740.0,3128.0,222110
2026-10-07,6000.0,6020.0,5820.0,5840.0,12598.0,273640
2026-10-07,6960.0,7040.0,6440.0,6510.0,161115.0,056360
2026-10-07,4695.0,4695.0,4420.0,4435.0,25391.0,095270
2026-10-07,2785.0,2790.0,2720.0,2750.0,15133.0,126880
2026-10-07,2650.0,2650.0,2555.0,2580.0,8562.0,241690
2026-10-07,1644.0,1644.0,1609.0,1616.0,29915.0,382480
2026-10-07,4220.0,4300.0,4040.0,4070.0,120915.0,321820
2026-10-07,1813.0,1820.0,1768.0,1813.0,44554.0,082210
2026-10-07,5160.0,5300.0,5160.0,5270.0,16620.0,008370
2026-10-07,4095.0,4095.0,3870.0,3960.0,53670.0,251630
2026-10-07,11990.0,11990.0,11470.0,11480.0,116527.0,0155E0
2026-10-07,4165.0,4190.0,4000.0,4010.0,260317.0,048770
2026-10-07,2025.0,2050.0,1990.0,1990.0,198164.0,049480
2026-10-07,6250.0,6310.0,6050.0,6150.0,89648.0,487400
2026-10-07,3870.0,3990.0,3820.0,3830.0,23222.0,221800
2026-10-07,4325.0,4380.0,4210.0,4305.0,2848.0,089850
2026-10-07,3020.0,3135.0,2990.0,3105.0,38790.0,460870
2026-10-07,1704.0,1721.0,1683.0,1687.0,14232.0,033130
2026-10-07,0.0,0.0,0.0,2215.0,0.0,001840
2026-10-07,2730.0,2750.0,2660.0,2705.0,11396.0,036000
2026-10-07,3480.0,3505.0,3480.0,3490.0,18534.0,043650
2026-10-07,1185.0,1210.0,1175.0,1178.0,83777.0,060310
2026-10-07,2635.0,2635.0,2570.0,2570.0,38043.0,081150
2026-10-07,18630.0,19100.0,18130.0,18980.0,8648.0,100030
2026-10-07,0.0,0.0,0.0,1490.0,0.0,294090
2026-10-07,1399.0,1465.0,1399.0,1410.0,108039.0,127710
2026-10-07,3445.0,3445.0,3350.0,3360.0,33917.0,041460
2026-10-07,1350.0,1410.0,1325.0,1357.0,337926.0,046210
2026-10-07,1395.0,1396.0,1355.0,1367.0,23534.0,214270
2026-10-07,3310.0,3310.0,3230.0,3300.0,15942.0,066670
2026-10-07,1630.0,1630.0,1580.0,1604.0,263165.0,122350
2026-10-07,2640.0,2745.0,2570.0,2605.0,19375.0,049470
2026-10-07,0.0,0.0,0.0,1055.0,0.0,043610
2026-10-07,6190.0,6190.0,6110.0,6130.0,2309.0,005670
2026-10-07,1508.0,1516.0,1465.0,1471.0,687753.0,299170
2026-10-07,4990.0,5010.0,4985.0,5000.0,4713.0,216050
2026-10-07,0.0,0.0,0.0,676.0,0.0,203400
2026-10-07,1075.0,1080.0,1035.0,1066.0,80933.0,014470
2026-10-07,5100.0,5150.0,5040.0,5050.0,2553.0,010470
2026-10-07,5230.0,5230.0,5150.0,5170.0,19800.0,010240
2026-10-07,1697.0,1733.0,1686.0,1711.0,161756.0,003310
2026-10-07,12000.0,12030.0,11880.0,11950.0,1263.0,016250
2026-10-07,2675.0,2680.0,2595.0,2615.0,24608.0,039420
2026-10-07,6500.0,6660.0,6480.0,6560.0,10044.0,215360
2026-10-07,3120.0,3120.0,2905.0,2915.0,66795.0,900300
2026-10-07,6810.0,6890.0,6660.0,6670.0,41495.0,463020
2026-10-07,5560.0,6040.0,5560.0,5810.0,97345.0,261520
2026-10-07,11500.0,11590.0,11310.0,11330.0,21553.0,448710
2026-10-07,3210.0,3225.0,3120.0,3130.0,27194.0,033320
2026-10-07,5220.0,5340.0,5160.0,5270.0,20903.0,263690
2026-10-07,8990.0,8990.0,8800.0,8850.0,1494.0,050960
2026-10-07,2365.0,2410.0,2330.0,2330.0,56715.0,025550
2026-10-07,1780.0,1780.0,1699.0,1715.0,61169.0,064240
2026-10-07,2750.0,2750.0,2650.0,2655.0,177688.0,483350
2026-10-07,9920.0,10410.0,9830.0,10010.0,29049.0,424980
2026-10-07,5500.0,5520.0,5250.0,5280.0,20620.0,059270
2026-10-07,1445.0,1445.0,1371.0,1392.0,147714.0,036090
2026-10-07,4820.0,4820.0,4675.0,4685.0,3535.0,352910
2026-10-07,2615.0,2650.0,2605.0,2615.0,77266.0,039020
2026-10-07,2325.0,2415.0,2300.0,2390.0,13495.0,175140
2026-10-07,6780.0,6810.0,6730.0,6780.0,7259.0,045340
2026-10-07,0.0,0.0,0.0,1284.0,0.0,099520
2026-10-07,7480.0,7480.0,7110.0,7160.0,822.0,191420
2026-10-07,7100.0,7100.0,6530.0,6550.0,89648.0,081180
2026-10-07,4215.0,4215.0,4115.0,4125.0,13028.0,094850
2026-10-07,3350.0,3575.0,3130.0,3365.0,157390.0,033170
2026-10-07,5200.0,5290.0,5150.0,5240.0,17121.0,333620
2026-10-07,1414.0,1448.0,1414.0,1438.0,16998.0,033310
2026-10-07,3000.0,3010.0,2970.0,2985.0,29935.0,950200
2026-10-07,9160.0,9920.0,9150.0,9890.0,54895.0,420570
2026-10-07,6550.0,6720.0,6510.0,6640.0,39344.0,053620
2026-10-07,5290.0,5290.0,4950.0,4975.0,23736.0,464490
2026-10-07,1019.0,1019.0,950.0,976.0,273125.0,054300
2026-10-07,3960.0,4040.0,3960.0,4020.0,20113.0,007370
2026-10-07,1152.0,1160.0,1108.0,1121.0,100832.0,033230
2026-10-07,1891.0,1892.0,1876.0,1885.0,33288.0,053050
2026-10-07,4085.0,4115.0,4055.0,4070.0,57712.0,037440
2026-10-07,3180.0,3250.0,3100.0,3235.0,7164.0,317530
2026-10-07,3350.0,3470.0,3275.0,3300.0,141509.0,145170
2026-10-07,2980.0,2980.0,2875.0,2885.0,17606.0,348150
2026-10-07,4160.0,4225.0,3950.0,4075.0,45805.0,457600
2026-10-07,2190.0,2230.0,2080.0,2175.0,50208.0,064800
2026-10-07,5030.0,5500.0,5030.0,5150.0,7393.0,443250
2026-10-07,1281.0,1305.0,1261.0,1295.0,302578.0,290660
2026-10-07,9900.0,10100.0,9810.0,9850.0,19968.0,109080
2026-10-07,0.0,0.0,0.0,806.0,0.0,340930
2026-10-07,5470.0,6210.0,5430.0,5590.0,476672.0,019990
2026-10-07,3300.0,3350.0,3100.0,3195.0,95850.0,088280
2026-10-07,7710.0,7960.0,7390.0,7440.0,16670.0,288180
2026-10-07,5500.0,5920.0,5490.0,5760.0,193203.0,355690
2026-10-07,3505.0,3640.0,3480.0,3560.0,351988.0,393210
2026-10-07,2815.0,2835.0,2675.0,2730.0,125115.0,092300
2026-10-07,5480.0,5540.0,5390.0,5500.0,14034.0,071670
2026-10-07,3225.0,3235.0,3190.0,3225.0,12648.0,040610
2026-10-07,4070.0,4190.0,4055.0,4075.0,8450.0,459100
2026-10-07,6470.0,6550.0,6400.0,6520.0,8672.0,061250
2026-10-07,0.0,0.0,0.0,499.0,0.0,217480
2026-10-07,5350.0,5680.0,5350.0,5520.0,91471.0,0013V0
2026-10-07,6360.0,6890.0,6220.0,6490.0,407774.0,226340
2026-10-07,8810.0,8820.0,8430.0,8560.0,28837.0,170790
2026-10-07,5030.0,5060.0,5000.0,5060.0,24220.0,036670
2026-10-07,7000.0,7220.0,6980.0,7090.0,2244.0,435570
2026-10-07,4990.0,4990.0,4740.0,4745.0,6568.0,900120
2026-10-07,1529.0,1529.0,1487.0,1498.0,24569.0,024910
2026-10-07,6100.0,6330.0,6100.0,6250.0,12246.0,370090
2026-10-07,1550.0,1551.0,1524.0,1524.0,47643.0,036120
2026-10-07,5100.0,5100.0,4870.0,4915.0,13549.0,419080
2026-10-07,3035.0,3145.0,2990.0,3080.0,2599.0,043710
2026-10-07,1795.0,1823.0,1714.0,1735.0,25140.0,238090
2026-10-07,1293.0,1299.0,1234.0,1234.0,105425.0,391710
2026-10-07,3895.0,3905.0,3855.0,3880.0,32188.0,163280
2026-10-07,5080.0,5080.0,4885.0,4890.0,21898.0,317830
2026-10-07,2590.0,2590.0,2375.0,2450.0,209066.0,179900
2026-10-07,1983.0,1983.0,1924.0,1926.0,9194.0,053270
2026-10-07,5160.0,5190.0,5130.0,5170.0,7299.0,105760
2026-10-07,1980.0,1984.0,1925.0,1945.0,13696.0,039240
2026-10-07,1297.0,1324.0,1282.0,1312.0,101843.0,027050
2026-10-07,17990.0,17990.0,17230.0,17410.0,4822.0,054930
2026-10-07,3170.0,3170.0,3100.0,3110.0,33047.0,104620
2026-10-07,4195.0,4230.0,4150.0,4180.0,11085.0,024950
2026-10-07,1029.0,1088.0,1029.0,1075.0,251106.0,042110
2026-10-07,2900.0,2970.0,2900.0,2955.0,8229.0,015710
2026-10-07,8780.0,8990.0,8540.0,8610.0,8033.0,053160
2026-10-07,3605.0,3730.0,3600.0,3645.0,86494.0,340810
2026-10-07,4750.0,4910.0,4705.0,4745.0,27305.0,052790
2026-10-07,6280.0,6280.0,6150.0,6150.0,20093.0,094940
2026-10-07,5770.0,5950.0,5770.0,5850.0,1685.0,314140
2026-10-07,4490.0,4490.0,4200.0,4315.0,209136.0,150900
2026-10-07,2130.0,2150.0,2080.0,2125.0,48736.0,246690
2026-10-07,6250.0,6250.0,6030.0,6050.0,51441.0,317850
2026-10-07,0.0,0.0,0.0,2825.0,0.0,393970
2026-10-07,2045.0,2065.0,1995.0,1999.0,245211.0,459550
2026-10-07,4305.0,4345.0,4265.0,4345.0,16451.0,256630
2026-10-07,2335.0,2890.0,2320.0,2520.0,5572305.0,114450
2026-10-07,3890.0,4250.0,3710.0,3925.0,119767.0,348080
2026-10-07,1677.0,1690.0,1664.0,1674.0,5198.0,347740
2026-10-07,1643.0,1643.0,1573.0,1577.0,78515.0,217500
2026-10-07,3135.0,3400.0,3020.0,3030.0,309922.0,232830
2026-10-07,1970.0,1971.0,1937.0,1944.0,147941.0,088910
2026-10-07,3715.0,3835.0,3695.0,3820.0,5027.0,311690
2026-10-07,2775.0,2775.0,2720.0,2745.0,30852.0,046940
2026-10-07,3935.0,4140.0,3930.0,4005.0,23471.0,463480
2026-10-07,5460.0,5500.0,5420.0,5480.0,4938.0,038010
2026-10-07,3870.0,3880.0,3660.0,3670.0,321501.0,365660
2026-10-07,1202.0,1220.0,1190.0,1195.0,10458.0,219550
2026-10-07,1101.0,1101.0,1084.0,1087.0,38107.0,063440
2026-10-07,2735.0,2785.0,2715.0,2745.0,41583.0,044340
2026-10-07,3395.0,3405.0,3300.0,3310.0,36771.0,053450
2026-10-07,1953.0,1953.0,1902.0,1927.0,6105.0,060560
2026-10-07,1793.0,1829.0,1730.0,1730.0,72606.0,321260
2026-10-07,3145.0,3180.0,3040.0,3050.0,57873.0,065130
2026-10-07,5410.0,5420.0,5340.0,5380.0,2722.0,452400
2026-10-07,5340.0,5340.0,5020.0,5030.0,128125.0,189860
2026-10-07,4615.0,4735.0,4585.0,4610.0,19470.0,408470
2026-10-07,2780.0,2850.0,2735.0,2745.0,4081.0,376290
2026-10-07,3300.0,3415.0,3270.0,3310.0,21063.0,122310
2026-10-07,1452.0,1457.0,1345.0,1350.0,59822.0,900340
2026-10-07,3705.0,3790.0,3670.0,3675.0,24936.0,382150
2026-10-07,7460.0,7460.0,7100.0,7240.0,15999.0,476040
2026-10-07,2355.0,2440.0,2330.0,2385.0,66650.0,317690
2026-10-07,8500.0,9330.0,7850.0,8005.0,193466.0,131400
2026-10-07,0.0,0.0,0.0,6550.0,0.0,418250
2026-10-07,3160.0,3180.0,3100.0,3150.0,13200.0,460470
2026-10-07,3360.0,3360.0,3160.0,3190.0,8143.0,199550
2026-10-07,5010.0,5380.0,4900.0,4950.0,39849.0,196300
2026-10-07,2665.0,2735.0,2620.0,2670.0,26751.0,032960
2026-10-07,0.0,0.0,0.0,521.0,0.0,023440
2026-10-07,1734.0,1734.0,1701.0,1706.0,8667.0,440290
2026-10-07,1950.0,1980.0,1853.0,1873.0,42445.0,373200
2026-10-07,3450.0,3500.0,3385.0,3425.0,956.0,277070
2026-10-07,2645.0,2650.0,2570.0,2610.0,24983.0,384470
2026-10-07,5460.0,5460.0,5170.0,5290.0,8424.0,317870
2026-10-07,1043.0,1076.0,1040.0,1041.0,176165.0,143540
2026-10-07,6390.0,6680.0,6330.0,6540.0,16992.0,479960
2026-10-07,2420.0,2525.0,2420.0,2450.0,53600.0,053980
2026-10-07,4065.0,4100.0,4065.0,4095.0,986.0,471820
2026-10-07,6640.0,6740.0,6450.0,6540.0,20300.0,059100
2026-10-07,2360.0,2400.0,2265.0,2390.0,15331.0,260930
2026-10-07,2830.0,2830.0,2745.0,2755.0,37022.0,094970
2026-10-07,1160.0,1160.0,1147.0,1150.0,7840.0,189980
2026-10-07,1620.0,1620.0,1600.0,1604.0,997.0,361570
2026-10-07,7110.0,7230.0,7040.0,7180.0,19302.0,453860
2026-10-07,5320.0,5320.0,5160.0,5170.0,662.0,073110
2026-10-07,0.0,0.0,0.0,1957.0,0.0,229000
2026-10-07,2720.0,2795.0,2705.0,2710.0,11738.0,037950
2026-10-07,8740.0,9200.0,8740.0,8950.0,8129.0,0010V0
2026-10-07,973.0,979.0,931.0,945.0,74469.0,222420
2026-10-07,860.0,881.0,827.0,847.0,117548.0,340360
2026-10-07,3120.0,3170.0,3120.0,3140.0,11322.0,072990
2026-10-07,4020.0,4065.0,3980.0,4015.0,22719.0,051390
2026-10-07,3350.0,3350.0,3230.0,3335.0,3122.0,373160
2026-10-07,1021.0,1042.0,1021.0,1024.0,25349.0,068330
2026-10-07,3330.0,3380.0,3235.0,3335.0,1089.0,050120
2026-10-07,2100.0,2110.0,2075.0,2100.0,75495.0,198080
2026-10-07,3530.0,3530.0,3455.0,3500.0,10384.0,066130
2026-10-07,1288.0,1304.0,1269.0,1272.0,61615.0,014190
2026-10-07,2405.0,2417.0,2360.0,2410.0,5382.0,178780
2026-10-07,2350.0,2375.0,2345.0,2365.0,2250.0,072470
2026-10-07,4635.0,4655.0,4575.0,4605.0,13422.0,082850
2026-10-07,0.0,0.0,0.0,460.0,0.0,033340
2026-10-07,2110.0,2425.0,2110.0,2220.0,263744.0,159580
2026-10-07,1302.0,1302.0,1260.0,1287.0,44262.0,227950
2026-10-07,3345.0,3490.0,3190.0,3265.0,55383.0,083550
2026-10-07,5030.0,5120.0,5010.0,5090.0,6389.0,042040
2026-10-07,0.0,0.0,0.0,416.0,0.0,288330
2026-10-07,1237.0,1246.0,1229.0,1235.0,31892.0,900250
2026-10-07,8890.0,8910.0,8680.0,8750.0,3709.0,466410
2026-10-07,1220.0,1220.0,1187.0,1196.0,18368.0,258610
2026-10-07,5690.0,5760.0,5320.0,5550.0,6824.0,290670
2026-10-07,940.0,966.0,940.0,955.0,65736.0,129890
2026-10-07,1649.0,1666.0,1570.0,1591.0,377367.0,065440
2026-10-07,2740.0,3190.0,2725.0,2910.0,534691.0,084650
2026-10-07,2160.0,2260.0,2130.0,2190.0,86971.0,054780
2026-10-07,3165.0,3165.0,3090.0,3090.0,33749.0,263020
2026-10-07,4140.0,4290.0,4110.0,4205.0,31715.0,199480
2026-10-07,4960.0,5030.0,4960.0,4975.0,6340.0,086060
2026-10-07,3060.0,3060.0,2975.0,2980.0,11150.0,461030
2026-10-07,820.0,826.0,820.0,823.0,7682.0,022220
2026-10-07,4610.0,4610.0,4050.0,4275.0,514265.0,200350
2026-10-07,2585.0,2585.0,2240.0,2250.0,375148.0,184230
2026-10-07,5850.0,5930.0,5790.0,5830.0,6618.0,413640
2026-10-07,6100.0,6100.0,5880.0,5940.0,5503.0,307280
2026-10-07,2010.0,2010.0,1995.0,1996.0,3070.0,140520
2026-10-07,2205.0,2205.0,2150.0,2165.0,8713.0,263700
2026-10-07,2660.0,2675.0,2610.0,2655.0,28036.0,261200
2026-10-07,5020.0,5020.0,4995.0,4995.0,676.0,256150
2026-10-07,6510.0,6530.0,6470.0,6500.0,1507.0,190650
2026-10-07,1512.0,1550.0,1512.0,1519.0,57922.0,189690
2026-10-07,3085.0,3085.0,2955.0,2955.0,63237.0,099410
2026-10-07,3340.0,3350.0,3315.0,3340.0,3857.0,002290
2026-10-07,5160.0,5160.0,5030.0,5050.0,5827.0,450330
2026-10-07,3320.0,3320.0,3265.0,3265.0,19936.0,100660
2026-10-07,1419.0,1419.0,1401.0,1412.0,24787.0,056700
2026-10-07,2075.0,2200.0,2045.0,2095.0,235520.0,053950
2026-10-07,1780.0,1867.0,1750.0,1836.0,13763.0,007530
2026-10-07,2550.0,2585.0,2520.0,2550.0,4167.0,286750
2026-10-07,2590.0,2590.0,2530.0,2560.0,28670.0,263810
2026-10-07,1711.0,1799.0,1711.0,1788.0,3016.0,066900
2026-10-07,1690.0,1699.0,1601.0,1669.0,50329.0,452200
2026-10-07,3770.0,3770.0,3660.0,3670.0,7645.0,136410
2026-10-07,2550.0,2855.0,2370.0,2420.0,983663.0,215380
2026-10-07,2660.0,2795.0,2555.0,2680.0,53908.0,104200
2026-10-07,1677.0,1698.0,1659.0,1693.0,4065.0,263770
2026-10-07,740.0,750.0,735.0,739.0,70102.0,027830
2026-10-07,3200.0,3395.0,3125.0,3165.0,369013.0,044960
2026-10-07,6020.0,6020.0,5580.0,5830.0,99353.0,469750
2026-10-07,0.0,0.0,0.0,798.0,0.0,064090
2026-10-07,2925.0,2975.0,2835.0,2900.0,16902.0,223310
2026-10-07,3070.0,3070.0,2995.0,3000.0,19476.0,007680
2026-10-07,1323.0,1370.0,1315.0,1329.0,17919.0,037230
2026-10-07,2780.0,2780.0,2720.0,2755.0,28629.0,171010
2026-10-07,2945.0,2945.0,2765.0,2795.0,158677.0,203450
2026-10-07,2310.0,2345.0,2310.0,2320.0,9038.0,025880
2026-10-07,6470.0,6560.0,6370.0,6370.0,76.0,049830
2026-10-07,2675.0,2675.0,2590.0,2615.0,86275.0,035460
2026-10-07,1249.0,1249.0,1189.0,1236.0,65674.0,045510
2026-10-07,3710.0,3710.0,3465.0,3530.0,8244.0,446840
2026-10-07,1895.0,1919.0,1891.0,1902.0,56119.0,218150
2026-10-07,2700.0,2840.0,2670.0,2730.0,25828.0,238120
2026-10-07,7760.0,7760.0,7610.0,7640.0,1215.0,224110
2026-10-07,2355.0,2360.0,2330.0,2360.0,8633.0,046310
2026-10-07,3920.0,3970.0,3860.0,3925.0,3792.0,273060
2026-10-07,4095.0,4190.0,4080.0,4120.0,11841.0,038070
2026-10-07,4005.0,4005.0,3705.0,3820.0,12967.0,465480
2026-10-07,2855.0,2910.0,2845.0,2875.0,78039.0,121890
2026-10-07,1465.0,1475.0,1450.0,1451.0,9950.0,352700
2026-10-07,1706.0,1708.0,1686.0,1692.0,3687.0,050860
2026-10-07,1645.0,2000.0,1629.0,1850.0,3129996.0,109820
2026-10-07,9200.0,9430.0,9190.0,9420.0,721.0,221980
2026-10-07,3295.0,3295.0,3250.0,3255.0,3674.0,019770
2026-10-07,2075.0,2100.0,2010.0,2025.0,54574.0,221840
2026-10-07,3790.0,3870.0,3775.0,3780.0,10280.0,239890
2026-10-07,1631.0,1670.0,1628.0,1638.0,15638.0,052220
2026-10-07,3760.0,3950.0,3705.0,3885.0,21188.0,177900
2026-10-07,2650.0,2670.0,2630.0,2635.0,8668.0,051490
2026-10-07,2450.0,2485.0,2405.0,2405.0,73373.0,081580
2026-10-07,2865.0,2900.0,2805.0,2835.0,46724.0,208710
2026-10-07,3325.0,3445.0,3255.0,3285.0,15949.0,101240
2026-10-07,2635.0,2635.0,2525.0,2550.0,6111.0,234100
2026-10-07,3220.0,3235.0,2985.0,3000.0,455607.0,434480
2026-10-07,5410.0,5490.0,5380.0,5480.0,2523.0,250000
2026-10-07,4265.0,4320.0,4215.0,4275.0,7504.0,037370
2026-10-07,2780.0,2950.0,2780.0,2900.0,8588.0,049120
2026-10-07,7450.0,7640.0,7300.0,7370.0,49562.0,258790
2026-10-07,2170.0,2170.0,2020.0,2135.0,9667.0,046390
2026-10-07,1619.0,1619.0,1581.0,1593.0,16803.0,122690
2026-10-07,4340.0,4415.0,4325.0,4335.0,2868.0,097870
2026-10-07,1015.0,1068.0,1010.0,1025.0,180763.0,065500
2026-10-07,3170.0,3250.0,3140.0,3195.0,19953.0,219420
2026-10-07,5280.0,5350.0,5180.0,5320.0,19580.0,042940
2026-10-07,2285.0,2300.0,2255.0,2280.0,4361.0,086040
2026-10-07,2290.0,2385.0,2280.0,2355.0,34317.0,260660
2026-10-07,1629.0,1629.0,1611.0,1627.0,1629.0,123570
2026-10-07,3185.0,3255.0,3165.0,3200.0,14015.0,043910
2026-10-07,3290.0,3335.0,3180.0,3290.0,19668.0,014570
2026-10-07,4125.0,4190.0,4065.0,4150.0,1422.0,039290
2026-10-07,2255.0,2255.0,2105.0,2185.0,42496.0,026040
2026-10-07,0.0,0.0,0.0,1087.0,0.0,284620
2026-10-07,3420.0,3560.0,3140.0,3275.0,499876.0,430690
2026-10-07,2310.0,2385.0,2300.0,2340.0,131796.0,089140
2026-10-07,2425.0,2625.0,2415.0,2540.0,905275.0,406820
2026-10-07,2170.0,2230.0,2110.0,2155.0,8719.0,207760
2026-10-07,0.0,0.0,0.0,602.0,0.0,057540
2026-10-07,0.0,0.0,0.0,778.0,0.0,068940
2026-10-07,2095.0,2140.0,2090.0,2100.0,60012.0,045060
2026-10-07,5350.0,5500.0,5350.0,5440.0,1571.0,153460
2026-10-07,4420.0,4550.0,4420.0,4455.0,3055.0,332290
2026-10-07,0.0,0.0,0.0,959.0,0.0,263050
2026-10-07,3055.0,3075.0,3045.0,3065.0,3354.0,024120
2026-10-07,1845.0,1845.0,1767.0,1789.0,11437.0,204020
2026-10-07,4070.0,4145.0,3950.0,4140.0,3613.0,363250
2026-10-07,873.0,887.0,860.0,877.0,651058.0,270520
2026-10-07,4385.0,4410.0,4285.0,4325.0,10318.0,060850
2026-10-07,2535.0,2560.0,2460.0,2480.0,24061.0,452300
2026-10-07,1490.0,1490.0,1430.0,1458.0,19148.0,066360
2026-10-07,3285.0,3285.0,3170.0,3195.0,3890.0,186230
2026-10-07,2810.0,3025.0,2810.0,2945.0,13763.0,127980
2026-10-07,1715.0,1745.0,1559.0,1724.0,100481.0,079190
2026-10-07,1345.0,1345.0,1321.0,1331.0,8543.0,060540
2026-10-07,6250.0,6250.0,6180.0,6250.0,1643.0,318410
2026-10-07,4590.0,4790.0,4575.0,4665.0,3837.0,290090
2026-10-07,1379.0,1379.0,1269.0,1302.0,21536.0,106240
2026-10-07,2175.0,2215.0,2145.0,2180.0,2872.0,290120
2026-10-07,2370.0,2540.0,2325.0,2415.0,61114.0,377030
2026-10-07,2140.0,2145.0,2110.0,2120.0,9071.0,075130
2026-10-07,7340.0,7440.0,7250.0,7260.0,6786.0,417860
2026-10-07,6190.0,6290.0,6020.0,6100.0,9028.0,387570
2026-10-07,3540.0,3850.0,3310.0,3555.0,494146.0,348030
2026-10-07,1372.0,1470.0,1350.0,1401.0,271708.0,069920
2026-10-07,1137.0,1360.0,1135.0,1199.0,438391.0,065950
2026-10-07,2115.0,2115.0,2060.0,2080.0,6052.0,057030
2026-10-07,1490.0,1502.0,1434.0,1501.0,8854.0,064520
2026-10-07,1573.0,1580.0,1520.0,1537.0,93046.0,310870
2026-10-07,6770.0,6770.0,6340.0,6490.0,677.0,397810
2026-10-07,4055.0,4155.0,4055.0,4140.0,12034.0,476080
2026-10-07,5270.0,5360.0,5180.0,5280.0,9760.0,099220
2026-10-07,4375.0,4390.0,4270.0,4355.0,18995.0,131090
2026-10-07,2055.0,2055.0,2010.0,2020.0,35136.0,432430
2026-10-07,3740.0,3740.0,3680.0,3700.0,630.0,270870
2026-10-07,3900.0,3900.0,3660.0,3670.0,7712.0,196450
2026-10-07,2910.0,2910.0,2830.0,2860.0,6589.0,052600
2026-10-07,6500.0,6600.0,6200.0,6420.0,14352.0,296640
2026-10-07,0.0,0.0,0.0,689.0,0.0,038060
2026-10-07,1500.0,1523.0,1479.0,1504.0,5466.0,335810
2026-10-07,3010.0,3050.0,3000.0,3000.0,11970.0,006920
2026-10-07,2955.0,3010.0,2665.0,2715.0,78994.0,073570
2026-10-07,2350.0,2355.0,2265.0,2290.0,16552.0,419120
2026-10-07,1842.0,1844.0,1762.0,1780.0,23244.0,169330
2026-10-07,3055.0,3065.0,3030.0,3055.0,4245.0,200780
2026-10-07,1101.0,1137.0,1096.0,1100.0,60939.0,271830
2026-10-07,1002.0,1012.0,972.0,990.0,24796.0,408900
2026-10-07,1358.0,1358.0,1332.0,1352.0,5932.0,220180
2026-10-07,1409.0,1450.0,1385.0,1397.0,146079.0,215090
2026-10-07,3100.0,3300.0,3050.0,3095.0,17281.0,153490
2026-10-07,4505.0,4505.0,4275.0,4310.0,24705.0,431190
2026-10-07,1700.0,1716.0,1676.0,1705.0,2546.0,033830
2026-10-07,2920.0,2940.0,2825.0,2845.0,13898.0,080520
2026-10-07,2125.0,2150.0,2085.0,2125.0,8337.0,038620
2026-10-07,1351.0,1445.0,1348.0,1362.0,14153.0,133750
2026-10-07,3980.0,3980.0,3885.0,3935.0,235.0,087600
2026-10-07,1700.0,1764.0,1692.0,1746.0,35781.0,462980
2026-10-07,2780.0,2805.0,2645.0,2675.0,84895.0,356890
2026-10-07,2630.0,2765.0,2540.0,2565.0,39515.0,900270
2026-10-07,3130.0,3185.0,3080.0,3140.0,7728.0,148930
2026-10-07,3835.0,3895.0,3720.0,3850.0,31400.0,364950
2026-10-07,3045.0,3090.0,2980.0,3025.0,37906.0,045300
2026-10-07,2730.0,2770.0,2700.0,2715.0,19073.0,091340
2026-10-07,9660.0,9660.0,9350.0,9350.0,824.0,208860
2026-10-07,1932.0,1946.0,1922.0,1939.0,1160.0,021650
2026-10-07,1123.0,1140.0,1115.0,1125.0,46306.0,031510
2026-10-07,2755.0,2795.0,2720.0,2780.0,21212.0,073540
2026-10-07,725.0,728.0,707.0,724.0,29013.0,037330
2026-10-07,3495.0,4100.0,3290.0,4055.0,207612.0,002680
2026-10-07,3250.0,3250.0,3120.0,3210.0,4007.0,263920
2026-10-07,3070.0,3090.0,2975.0,3000.0,17512.0,159910
2026-10-07,7200.0,7200.0,7040.0,7130.0,1868.0,012620
2026-10-07,2465.0,2540.0,2460.0,2475.0,38973.0,311390
2026-10-07,2265.0,2305.0,2160.0,2240.0,43088.0,016600
2026-10-07,3195.0,3290.0,3155.0,3205.0,704.0,025440
2026-10-07,0.0,0.0,0.0,412.0,0.0,258830
2026-10-07,2580.0,2595.0,2525.0,2530.0,3969.0,318020
2026-10-07,1250.0,1250.0,1195.0,1208.0,130415.0,032790
2026-10-07,3185.0,3220.0,3150.0,3175.0,2721.0,376980
2026-10-07,5410.0,5690.0,5400.0,5590.0,14842.0,464280
2026-10-07,2935.0,2935.0,2750.0,2760.0,243680.0,0010F0
2026-10-07,2380.0,2380.0,2320.0,2370.0,12576.0,197140
2026-10-07,3490.0,3490.0,3325.0,3335.0,1974.0,090410
2026-10-07,2045.0,2140.0,2005.0,2100.0,30292.0,407400
2026-10-07,2575.0,2605.0,2565.0,2570.0,15394.0,064480
2026-10-07,1672.0,1676.0,1666.0,1668.0,3088.0,075970
2026-10-07,3095.0,3190.0,3095.0,3175.0,5539.0,452160
2026-10-07,1990.0,1993.0,1970.0,1980.0,6550.0,173940
2026-10-07,3570.0,3735.0,3415.0,3460.0,47066.0,462510
2026-10-07,0.0,0.0,0.0,1969.0,0.0,246250
2026-10-07,1297.0,1364.0,1231.0,1242.0,105988.0,226330
2026-10-07,1632.0,1639.0,1600.0,1636.0,3551.0,464580
2026-10-07,4865.0,4865.0,4605.0,4680.0,4778.0,444530
2026-10-07,3550.0,3585.0,3435.0,3540.0,1815.0,367000
2026-10-07,3835.0,3890.0,3795.0,3800.0,12187.0,462310
2026-10-07,3735.0,3735.0,3640.0,3650.0,1594.0,099390
2026-10-07,2335.0,2335.0,2290.0,2335.0,24803.0,237820
2026-10-07,3080.0,3080.0,3000.0,3040.0,12363.0,300120
2026-10-07,546.0,582.0,526.0,526.0,666613.0,101670
2026-10-07,3120.0,3120.0,3085.0,3110.0,4457.0,336060
2026-10-07,3870.0,3930.0,3845.0,3870.0,6373.0,020180
2026-10-07,2930.0,2935.0,2800.0,2900.0,24124.0,262840
2026-10-07,1089.0,1114.0,1080.0,1108.0,30956.0,128540
2026-10-07,5520.0,5790.0,5500.0,5550.0,12032.0,388610
2026-10-07,2990.0,3005.0,2900.0,2960.0,13599.0,369370
2026-10-07,2765.0,2830.0,2710.0,2825.0,19159.0,033540
2026-10-07,2845.0,2925.0,2835.0,2890.0,617.0,038950
2026-10-07,1002.0,1008.0,984.0,992.0,46697.0,031310
2026-10-07,1119.0,1134.0,1095.0,1098.0,91839.0,900070
2026-10-07,2110.0,2155.0,2110.0,2125.0,6954.0,070590
2026-10-07,1230.0,1230.0,1205.0,1215.0,423.0,071850
2026-10-07,999.0,1021.0,970.0,1005.0,177295.0,317240
2026-10-07,1456.0,1492.0,1439.0,1443.0,8679.0,097780
2026-10-07,5750.0,5750.0,4950.0,4980.0,98264.0,050110
2026-10-07,2190.0,2190.0,2025.0,2075.0,5901.0,038870
2026-10-07,2155.0,2155.0,2085.0,2120.0,1222.0,188260
2026-10-07,3585.0,3625.0,3475.0,3495.0,10745.0,351330
2026-10-07,5510.0,5590.0,5460.0,5590.0,1330.0,079170
2026-10-07,5840.0,5840.0,5690.0,5830.0,4196.0,333050
2026-10-07,3445.0,3660.0,3445.0,3610.0,2664.0,318010
2026-10-07,2895.0,2900.0,2610.0,2805.0,31312.0,187270
2026-10-07,2855.0,3045.0,2820.0,2975.0,15062.0,019570
2026-10-07,1875.0,1876.0,1845.0,1875.0,554.0,109960
2026-10-07,1999.0,1999.0,1855.0,1866.0,20673.0,373170
2026-10-07,1907.0,1981.0,1907.0,1939.0,31322.0,130500
2026-10-07,2015.0,2150.0,1964.0,2020.0,285369.0,027040
2026-10-07,0.0,0.0,0.0,1710.0,0.0,043220
2026-10-07,2830.0,2975.0,2830.0,2850.0,1071.0,093380
2026-10-07,6470.0,6470.0,6270.0,6430.0,5938.0,088340
2026-10-07,5200.0,5230.0,5100.0,5200.0,1269.0,239610
2026-10-07,2375.0,2375.0,2335.0,2370.0,31117.0,119500
2026-10-07,1030.0,1056.0,970.0,1011.0,77208.0,068050
2026-10-07,0.0,0.0,0.0,910.0,0.0,254120
2026-10-07,1638.0,1644.0,1627.0,1629.0,13969.0,089150
2026-10-07,1561.0,1825.0,1561.0,1746.0,581094.0,355390
2026-10-07,2360.0,2365.0,2315.0,2340.0,439.0,068100
2026-10-07,1000.0,1007.0,990.0,999.0,29156.0,160550
2026-10-07,1329.0,1329.0,1232.0,1239.0,201331.0,290560
2026-10-07,1942.0,2350.0,1910.0,2185.0,374154.0,383930
2026-10-07,618.0,618.0,582.0,584.0,28305.0,043340
2026-10-07,2510.0,2555.0,2490.0,2545.0,27936.0,067010
2026-10-07,3725.0,3790.0,3700.0,3710.0,3789.0,131220
2026-10-07,4080.0,4095.0,3950.0,3965.0,9164.0,288620
2026-10-07,2930.0,2970.0,2850.0,2880.0,24623.0,290270
2026-10-07,1513.0,1518.0,1471.0,1485.0,22436.0,376180
2026-10-07,1677.0,1680.0,1620.0,1640.0,8128.0,008470
2026-10-07,2280.0,2345.0,2260.0,2325.0,29892.0,398120
2026-10-07,1742.0,1742.0,1705.0,1719.0,8931.0,195500
2026-10-07,3910.0,4085.0,3850.0,3945.0,2525.0,297570
2026-10-07,1980.0,2045.0,1963.0,2015.0,22007.0,148250
2026-10-07,2720.0,2805.0,2680.0,2760.0,21884.0,078590
2026-10-07,2905.0,2905.0,2820.0,2835.0,19123.0,048470
2026-10-07,1903.0,1903.0,1825.0,1859.0,18439.0,450520
2026-10-07,2430.0,2620.0,2245.0,2450.0,36321.0,351870
2026-10-07,1630.0,1630.0,1569.0,1586.0,2825.0,114630
2026-10-07,3575.0,3680.0,3455.0,3620.0,9804.0,091970
2026-10-07,7950.0,7950.0,7750.0,7760.0,256.0,007770
2026-10-07,1469.0,1469.0,1410.0,1437.0,27266.0,225220
2026-10-07,2655.0,2695.0,2645.0,2665.0,8704.0,016670
2026-10-07,1919.0,1930.0,1890.0,1922.0,1560.0,139670
2026-10-07,3505.0,3740.0,3450.0,3610.0,16195.0,038880
2026-10-07,1669.0,1830.0,1640.0,1759.0,40693.0,101400
2026-10-07,1538.0,1539.0,1385.0,1472.0,110500.0,365590
2026-10-07,2485.0,2485.0,2390.0,2445.0,7529.0,080530
2026-10-07,1642.0,1642.0,1561.0,1596.0,15703.0,236810
2026-10-07,1428.0,1428.0,1350.0,1356.0,25164.0,198940
2026-10-07,2390.0,2390.0,2210.0,2350.0,11729.0,359090
2026-10-07,3000.0,3525.0,3000.0,3370.0,22872.0,475660
2026-10-07,1573.0,1849.0,1565.0,1670.0,706278.0,058110
2026-10-07,2660.0,2790.0,2500.0,2510.0,147386.0,140430
2026-10-07,1100.0,1110.0,1078.0,1080.0,21352.0,047080
2026-10-07,640.0,738.0,640.0,662.0,3099889.0,215790
2026-10-07,2370.0,2370.0,2150.0,2210.0,21805.0,115480
2026-10-07,1749.0,1749.0,1701.0,1719.0,74439.0,191410
2026-10-07,1780.0,1791.0,1740.0,1754.0,7230.0,069140
2026-10-07,2430.0,2430.0,2340.0,2365.0,11963.0,368970
2026-10-07,1750.0,1773.0,1712.0,1719.0,31375.0,066910
2026-10-07,2280.0,2325.0,2250.0,2255.0,21971.0,017000
2026-10-07,2915.0,2915.0,2900.0,2910.0,1087.0,032750
2026-10-07,2510.0,2595.0,2510.0,2565.0,13982.0,069410
2026-10-07,3100.0,3100.0,2985.0,3005.0,10418.0,458350
2026-10-07,1250.0,1275.0,1200.0,1257.0,89942.0,043200
2026-10-07,2080.0,2145.0,2080.0,2145.0,16191.0,013720
2026-10-07,5570.0,5570.0,5270.0,5470.0,3089.0,134060
2026-10-07,4030.0,4150.0,4000.0,4055.0,2028.0,363260
2026-10-07,2345.0,2350.0,2295.0,2300.0,5153.0,238490
2026-10-07,1020.0,1020.0,993.0,1014.0,92139.0,016920
2026-10-07,1591.0,1689.0,1591.0,1647.0,7397.0,290520
2026-10-07,1652.0,1664.0,1642.0,1654.0,9804.0,105550
2026-10-07,1300.0,1358.0,1270.0,1325.0,47132.0,060230
2026-10-07,1966.0,1966.0,1654.0,1783.0,4383.0,123840
2026-10-07,1333.0,1333.0,1300.0,1305.0,3471.0,060380
2026-10-07,1085.0,1085.0,1055.0,1070.0,16390.0,146060
2026-10-07,1661.0,1661.0,1616.0,1618.0,14545.0,096630
2026-10-07,812.0,812.0,803.0,804.0,6051.0,033050
2026-10-07,1680.0,1729.0,1618.0,1622.0,28095.0,057680
2026-10-07,2005.0,2035.0,1980.0,1999.0,1785.0,900310
2026-10-07,1573.0,1586.0,1559.0,1567.0,24673.0,052300
2026-10-07,1590.0,1599.0,1548.0,1555.0,28699.0,103840
2026-10-07,0.0,0.0,0.0,612.0,0.0,072770
2026-10-07,4075.0,4075.0,3915.0,4015.0,27364.0,148780
2026-10-07,1455.0,1484.0,1430.0,1446.0,3163.0,138070
2026-10-07,3570.0,3585.0,3510.0,3515.0,4977.0,079000
2026-10-07,2875.0,3000.0,2780.0,2940.0,22268.0,115530
2026-10-07,3045.0,3195.0,3045.0,3115.0,25322.0,032860
2026-10-07,711.0,742.0,670.0,675.0,148382.0,206400
2026-10-07,2140.0,2200.0,2130.0,2190.0,13884.0,415380
2026-10-07,3700.0,3875.0,3620.0,3650.0,10567.0,328380
2026-10-07,6010.0,6010.0,5910.0,5970.0,667.0,090150
2026-10-07,1016.0,1016.0,981.0,1001.0,50918.0,054090
2026-10-07,2685.0,2780.0,2675.0,2695.0,29427.0,378800
2026-10-07,6600.0,6600.0,6120.0,6170.0,2191.0,096690
2026-10-07,1100.0,1127.0,1099.0,1117.0,18454.0,001810
2026-10-07,0.0,0.0,0.0,956.0,0.0,368600
2026-10-07,1493.0,1530.0,1449.0,1488.0,12354.0,053290
2026-10-07,1270.0,1325.0,1261.0,1289.0,4205.0,016100
2026-10-07,1425.0,1429.0,1390.0,1414.0,21003.0,083660
2026-10-07,1166.0,1178.0,1153.0,1155.0,6549.0,021880
2026-10-07,1617.0,1682.0,1586.0,1609.0,16325.0,322780
2026-10-07,1350.0,1350.0,1309.0,1318.0,9892.0,044780
2026-10-07,1544.0,1621.0,1495.0,1585.0,101413.0,317120
2026-10-07,1997.0,1997.0,1795.0,1812.0,37910.0,193250
2026-10-07,5440.0,5910.0,5440.0,5600.0,6281.0,115160
2026-10-07,2695.0,2800.0,2695.0,2755.0,7087.0,318000
2026-10-07,598.0,747.0,587.0,668.0,9087314.0,070300
2026-10-07,2180.0,2180.0,2080.0,2120.0,12016.0,177830
2026-10-07,1730.0,1750.0,1726.0,1737.0,6448.0,123750
2026-10-07,1770.0,1798.0,1703.0,1710.0,23309.0,464500
2026-10-07,4165.0,4205.0,4055.0,4080.0,4716.0,131180
2026-10-07,2700.0,2730.0,2615.0,2675.0,10906.0,023770
2026-10-07,1944.0,1944.0,1804.0,1857.0,15258.0,405920
2026-10-07,5240.0,5240.0,5130.0,5200.0,3106.0,083640
2026-10-07,3110.0,3110.0,3000.0,3100.0,2603.0,267790
2026-10-07,1750.0,1840.0,1750.0,1801.0,13223.0,219750
2026-10-07,2900.0,2960.0,2820.0,2855.0,52627.0,389680
2026-10-07,3000.0,3020.0,2865.0,2920.0,12901.0,208350
2026-10-07,2935.0,2935.0,2770.0,2800.0,5032.0,101680
2026-10-07,1735.0,1890.0,1689.0,1765.0,51121.0,301300
2026-10-07,2530.0,2550.0,2515.0,2535.0,7507.0,035200
2026-10-07,1900.0,1940.0,1900.0,1929.0,16551.0,065690
2026-10-07,2960.0,2965.0,2860.0,2910.0,10311.0,039740
2026-10-07,2605.0,2605.0,2550.0,2560.0,6522.0,020400
2026-10-07,3565.0,3565.0,3210.0,3235.0,247043.0,429270
2026-10-07,894.0,929.0,889.0,912.0,33911.0,206560
2026-10-07,4085.0,4085.0,3985.0,4000.0,1580.0,417180
2026-10-07,1490.0,1513.0,1490.0,1503.0,6074.0,051380
2026-10-07,2005.0,2040.0,1971.0,1999.0,17480.0,187220
2026-10-07,995.0,1015.0,989.0,996.0,23706.0,032680
2026-10-07,1039.0,1052.0,1000.0,1017.0,37188.0,076080
2026-10-07,4865.0,5000.0,4785.0,4890.0,5140.0,188040
2026-10-07,1979.0,1979.0,1918.0,1924.0,9543.0,027580
2026-10-07,5900.0,6090.0,5880.0,6020.0,3743.0,036480
2026-10-07,2850.0,2850.0,2745.0,2790.0,478.0,377330
2026-10-07,1967.0,1969.0,1800.0,1812.0,21550.0,257370
2026-10-07,3495.0,3570.0,3455.0,3485.0,6878.0,237750
2026-10-07,1928.0,1951.0,1928.0,1940.0,5412.0,018680
2026-10-07,1519.0,1519.0,1482.0,1496.0,1887.0,032800
2026-10-07,2610.0,2700.0,2610.0,2630.0,5530.0,432980
2026-10-07,3040.0,3090.0,3020.0,3070.0,8824.0,065370
2026-10-07,3405.0,3560.0,3355.0,3520.0,32415.0,131100
2026-10-07,2380.0,2385.0,2310.0,2340.0,2733.0,298060
2026-10-07,3505.0,3505.0,3375.0,3395.0,18159.0,054940
2026-10-07,1929.0,2095.0,1862.0,1896.0,277425.0,115610
2026-10-07,2435.0,2470.0,2400.0,2430.0,1235.0,033200
2026-10-07,1927.0,1927.0,1828.0,1866.0,8619.0,192390
2026-10-07,2285.0,2400.0,2285.0,2355.0,18757.0,200230
2026-10-07,2120.0,2120.0,1981.0,2050.0,4764.0,352940
2026-10-07,2335.0,2350.0,2200.0,2205.0,24302.0,424760
2026-10-07,2075.0,2085.0,1992.0,2070.0,24320.0,215480
2026-10-07,1074.0,1074.0,1050.0,1056.0,8716.0,017250
2026-10-07,1123.0,1123.0,1085.0,1102.0,17116.0,007720
2026-10-07,3055.0,3100.0,2955.0,3025.0,5541.0,303530
2026-10-07,1540.0,1560.0,1512.0,1515.0,15132.0,013810
2026-10-07,3920.0,3960.0,3845.0,3895.0,3535.0,361670
2026-10-07,10080.0,10390.0,10010.0,10380.0,1891.0,154040
2026-10-07,2095.0,2095.0,1993.0,1994.0,7711.0,222980
2026-10-07,2630.0,2750.0,2625.0,2690.0,1889.0,238200
2026-10-07,1234.0,1238.0,1229.0,1230.0,36892.0,053060
2026-10-07,0.0,0.0,0.0,1010.0,0.0,032080
2026-10-07,2215.0,2290.0,2185.0,2205.0,8909.0,331520
2026-10-07,1711.0,1711.0,1488.0,1590.0,53525.0,043590
2026-10-07,1165.0,1234.0,1150.0,1192.0,34921.0,039310
2026-10-07,1334.0,1334.0,1306.0,1320.0,2772.0,032280
2026-10-07,1723.0,1723.0,1670.0,1682.0,31187.0,054220
2026-10-07,2665.0,2725.0,2660.0,2675.0,2769.0,115570
2026-10-07,5700.0,5700.0,5500.0,5560.0,4179.0,277410
2026-10-07,1291.0,1291.0,1266.0,1277.0,7095.0,018700
2026-10-07,2225.0,2225.0,2155.0,2205.0,6348.0,067730
2026-10-07,1705.0,1750.0,1700.0,1700.0,5194.0,098660
2026-10-07,4095.0,4100.0,3595.0,3725.0,64865.0,340440
2026-10-07,3695.0,4090.0,3695.0,3800.0,8020.0,342870
2026-10-07,0.0,0.0,0.0,583.0,0.0,095910
2026-10-07,901.0,969.0,891.0,931.0,63575.0,347770
2026-10-07,2165.0,2230.0,2165.0,2190.0,12755.0,241840
2026-10-07,3335.0,3335.0,3210.0,3220.0,6636.0,045520
2026-10-07,3135.0,3325.0,3110.0,3135.0,8900.0,044480
2026-10-07,3420.0,3420.0,3130.0,3145.0,32527.0,113810
2026-10-07,2075.0,2160.0,2005.0,2065.0,30764.0,440320
2026-10-07,2610.0,2612.0,2570.0,2610.0,3807.0,353190
2026-10-07,1500.0,1500.0,1448.0,1488.0,28672.0,079950
2026-10-07,2910.0,3060.0,2900.0,2905.0,28613.0,372800
2026-10-07,2105.0,2110.0,2040.0,2050.0,24026.0,024940
2026-10-07,2220.0,2475.0,2220.0,2250.0,47069.0,274400
2026-10-07,3830.0,4095.0,3700.0,3930.0,204862.0,247660
2026-10-07,1203.0,1230.0,1185.0,1216.0,27390.0,362990
2026-10-07,943.0,978.0,913.0,916.0,126119.0,289220
2026-10-07,2350.0,2350.0,2230.0,2265.0,3551.0,043360
2026-10-07,1844.0,1852.0,1805.0,1806.0,5794.0,130740
2026-10-07,2485.0,2485.0,2400.0,2430.0,50799.0,096870
2026-10-07,1171.0,1228.0,1149.0,1192.0,24867.0,069330
2026-10-07,1614.0,1626.0,1542.0,1548.0,197782.0,023790
2026-10-07,1839.0,1857.0,1813.0,1815.0,15717.0,438700
2026-10-07,3850.0,3880.0,3715.0,3765.0,8740.0,405000
2026-10-07,3995.0,3995.0,3765.0,3845.0,1554.0,275630
2026-10-07,947.0,947.0,917.0,929.0,17821.0,021040
2026-10-07,978.0,978.0,918.0,936.0,70245.0,083470
2026-10-07,2170.0,2190.0,2145.0,2155.0,49342.0,063760
2026-10-07,2670.0,2887.0,2670.0,2730.0,20974.0,080470
2026-10-07,3390.0,3450.0,3160.0,3205.0,31104.0,065060
2026-10-07,2515.0,2580.0,2500.0,2510.0,3269.0,088290
2026-10-07,865.0,865.0,829.0,856.0,25125.0,276730
2026-10-07,1276.0,1286.0,1240.0,1246.0,86800.0,065150
2026-10-07,1557.0,1568.0,1521.0,1524.0,7592.0,353590
2026-10-07,3930.0,3930.0,3745.0,3847.0,4694.0,038530
2026-10-07,1412.0,1420.0,1391.0,1391.0,6152.0,085810
2026-10-07,1436.0,1479.0,1393.0,1410.0,18203.0,019660
2026-10-07,1224.0,1231.0,1188.0,1203.0,83526.0,050760
2026-10-07,1609.0,1650.0,1609.0,1609.0,6356.0,154030
2026-10-07,1284.0,1301.0,1283.0,1291.0,18643.0,344860
2026-10-07,1224.0,1344.0,1212.0,1344.0,54675.0,056730
2026-10-07,2285.0,2370.0,2240.0,2315.0,14766.0,252500
2026-10-07,0.0,0.0,0.0,1622.0,0.0,073190
2026-10-07,1030.0,1030.0,975.0,997.0,16962.0,227610
2026-10-07,4985.0,5220.0,4985.0,5020.0,6310.0,084440
2026-10-07,0.0,0.0,0.0,2290.0,0.0,214610
2026-10-07,1290.0,1299.0,1273.0,1289.0,13939.0,455180
2026-10-07,2095.0,2095.0,2035.0,2060.0,12227.0,403490
2026-10-07,1045.0,1045.0,1005.0,1005.0,47819.0,048830
2026-10-07,2665.0,2765.0,2655.0,2695.0,7404.0,018620
2026-10-07,0.0,0.0,0.0,6930.0,0.0,031860
2026-10-07,2395.0,2440.0,2225.0,2355.0,176354.0,026910
2026-10-07,2010.0,2100.0,2005.0,2050.0,7480.0,110020
2026-10-07,3975.0,3975.0,3700.0,3915.0,1169.0,279600
2026-10-07,1273.0,1287.0,1266.0,1277.0,15766.0,196700
2026-10-07,1126.0,1126.0,1110.0,1120.0,4096.0,195990
2026-10-07,2490.0,2490.0,2385.0,2405.0,31125.0,051780
2026-10-07,2495.0,2530.0,2475.0,2475.0,5420.0,365900
2026-10-07,1535.0,1575.0,1514.0,1536.0,55341.0,014100
2026-10-07,944.0,954.0,924.0,925.0,53135.0,309930
2026-10-07,2840.0,3000.0,2805.0,2920.0,13231.0,078860
2026-10-07,1854.0,1924.0,1834.0,1835.0,57601.0,137940
2026-10-07,1047.0,1068.0,1035.0,1045.0,57546.0,373110
2026-10-07,1769.0,1872.0,1725.0,1842.0,102474.0,210120
2026-10-07,3320.0,3700.0,3190.0,3395.0,764872.0,224060
2026-10-07,3330.0,3365.0,3285.0,3330.0,9539.0,037400
2026-10-07,1917.0,1919.0,1911.0,1917.0,61379.0,0197V0
2026-10-07,0.0,0.0,0.0,2055.0,0.0,482680
2026-10-07,2805.0,2885.0,2775.0,2795.0,26555.0,419540
2026-10-07,2080.0,2080.0,2075.0,2075.0,9522.0,477380
2026-10-07,0.0,0.0,0.0,6040.0,0.0,241820
2026-10-07,1909.0,1918.0,1905.0,1915.0,129939.0,0200G0
2026-10-07,2540.0,2785.0,2540.0,2685.0,98815.0,034940
2026-10-07,1816.0,1878.0,1740.0,1770.0,150802.0,306040
2026-10-07,0.0,0.0,0.0,696.0,0.0,050090
2026-10-07,4740.0,4850.0,4600.0,4650.0,24282.0,009620
2026-10-07,2955.0,2990.0,2870.0,2875.0,31195.0,475460
2026-10-07,3610.0,3840.0,3565.0,3835.0,230592.0,469480
2026-10-07,1518.0,1646.0,1420.0,1584.0,81845.0,101000
2026-10-07,1373.0,1466.0,1361.0,1403.0,33290.0,065650
2026-10-07,1975.0,2000.0,1942.0,1962.0,42672.0,009730
2026-10-07,1982.0,1985.0,1980.0,1980.0,5128.0,0072Z0
2026-10-07,2065.0,2070.0,2065.0,2065.0,1310.0,477340
2026-10-07,4360.0,4400.0,4240.0,4280.0,14851.0,285800
2026-10-07,1996.0,1996.0,1977.0,1987.0,11203.0,0101C0
2026-10-07,1995.0,1995.0,1989.0,1995.0,1115.0,0130H0
2026-10-07,1429.0,1497.0,1424.0,1483.0,29891.0,376930
2026-10-07,0.0,0.0,0.0,973.0,0.0,030350
2026-10-07,1997.0,1997.0,1990.0,1993.0,1018.0,0044K0
2026-10-07,2885.0,2935.0,2860.0,2890.0,5397.0,225590
2026-10-07,2105.0,2105.0,2105.0,2105.0,4641.0,473050
2026-10-07,450.0,510.0,439.0,470.0,1333013.0,418620
2026-10-07,1995.0,1999.0,1993.0,1998.0,4656.0,0115H0
2026-10-07,0.0,0.0,0.0,2200.0,0.0,489480
2026-10-07,2065.0,2070.0,2065.0,2070.0,242.0,478440
2026-10-07,2625.0,2625.0,2370.0,2495.0,51140.0,054410
2026-10-07,2065.0,2070.0,2065.0,2070.0,3236.0,479880
2026-10-07,1934.0,1943.0,1933.0,1940.0,10123.0,0165X0
2026-10-07,1984.0,1984.0,1980.0,1982.0,545.0,0099W0
2026-10-07,2775.0,2820.0,2735.0,2775.0,131651.0,498390
2026-10-07,1905.0,1908.0,1903.0,1906.0,95817.0,0209J0
2026-10-07,0.0,0.0,0.0,561.0,0.0,304840
2026-10-07,0.0,0.0,0.0,5250.0,0.0,352770
2026-10-07,0.0,0.0,0.0,1651.0,0.0,244460
2026-10-07,1341.0,1405.0,1328.0,1350.0,43123.0,177350
2026-10-07,1981.0,1985.0,1980.0,1985.0,8701.0,0134X0
2026-10-07,2225.0,2240.0,2190.0,2210.0,48155.0,0099X0
2026-10-07,1952.0,1955.0,1945.0,1954.0,5931.0,0164H0
2026-10-07,2070.0,2070.0,2060.0,2065.0,2001.0,481890
2026-10-07,4085.0,4085.0,3900.0,3900.0,4114.0,335870
2026-10-07,1989.0,1989.0,1981.0,1982.0,3288.0,0096B0
2026-10-07,1985.0,1991.0,1979.0,1990.0,3422.0,0097F0
2026-10-07,2040.0,2040.0,2035.0,2040.0,6488.0,489730
2026-10-07,2070.0,2075.0,2065.0,2065.0,11406.0,478390
2026-10-07,1104.0,1243.0,955.0,1147.0,399593.0,060480
2026-10-07,1987.0,1993.0,1987.0,1988.0,10171.0,0093G0
2026-10-07,0.0,0.0,0.0,2295.0,0.0,054180
2026-10-07,2375.0,2495.0,2335.0,2345.0,9347.0,239340
2026-10-07,2035.0,2035.0,2025.0,2030.0,6603.0,492220
2026-10-07,0.0,0.0,0.0,2065.0,0.0,482520
2026-10-07,1997.0,1997.0,1987.0,1990.0,5495.0,0037T0
2026-10-07,0.0,0.0,0.0,5170.0,0.0,028080
2026-10-07,2775.0,2775.0,2465.0,2470.0,41921.0,092600
2026-10-07,2040.0,2050.0,2040.0,2050.0,185.0,0091W0
2026-10-07,1962.0,1976.0,1962.0,1970.0,11160.0,0131D0
2026-10-07,1999.0,2005.0,1997.0,1997.0,4634.0,0054V0
2026-10-07,0.0,0.0,0.0,764.0,0.0,065570
2026-10-07,2085.0,2085.0,2067.0,2067.0,1658.0,477760
2026-10-07,1999.0,2000.0,1999.0,1999.0,49536.0,0041L0
2026-10-07,2080.0,2080.0,2055.0,2075.0,174.0,0088D0
2026-10-07,1997.0,1997.0,1991.0,1991.0,56.0,0132G0
2026-10-07,2100.0,2100.0,2095.0,2095.0,280303.0,469900
2026-10-07,2085.0,2085.0,2085.0,2085.0,60.0,482690
2026-10-07,1730.0,1870.0,1639.0,1769.0,304775.0,060900
2026-10-07,2090.0,2095.0,2090.0,2092.0,85296.0,474660
2026-10-07,1998.0,2000.0,1997.0,1997.0,7544.0,0071M0
2026-10-07,2080.0,2085.0,2080.0,2080.0,4225.0,474490
2026-10-07,2020.0,2035.0,2020.0,2025.0,304.0,487360
2026-10-07,2060.0,2065.0,2060.0,2065.0,2202.0,477470
2026-10-07,1998.0,1999.0,1997.0,1999.0,225.0,0105P0
2026-10-07,708.0,777.0,698.0,704.0,531390.0,354200
2026-10-07,1284.0,1322.0,1259.0,1299.0,64079.0,131760
2026-10-07,2010.0,2010.0,1998.0,2005.0,11710.0,496070
2026-10-07,1473.0,1580.0,1440.0,1536.0,50024.0,103230
2026-10-07,1987.0,1987.0,1970.0,1979.0,823.0,0129K0
2026-10-07,1910.0,2050.0,1909.0,1943.0,32782.0,377220
2026-10-07,792.0,855.0,777.0,824.0,118381.0,060260
2026-10-07,603.0,622.0,564.0,588.0,154867.0,035620
2026-10-07,1984.0,1993.0,1981.0,1983.0,762.0,0096D0
2026-10-07,2050.0,2055.0,2045.0,2050.0,36144.0,486630
2026-10-07,2010.0,2010.0,2000.0,2000.0,10373.0,0098T0
2026-10-07,2025.0,2025.0,2020.0,2020.0,1916.0,493790
2026-10-07,2045.0,2060.0,2040.0,2060.0,5286.0,489210
2026-10-07,2000.0,2010.0,2000.0,2000.0,17952.0,0004Y0
2026-10-07,1970.0,1977.0,1963.0,1975.0,3346.0,0130D0
2026-10-07,0.0,0.0,0.0,520.0,0.0,043100
2026-10-07,1091.0,1210.0,1089.0,1131.0,23678.0,303030
2026-10-07,2060.0,2065.0,2060.0,2062.0,683.0,478110
2026-10-07,2015.0,2020.0,2005.0,2005.0,11427.0,466690
2026-10-07,0.0,0.0,0.0,538.0,0.0,305090
2026-10-07,789.0,800.0,727.0,733.0,129661.0,289010
2026-10-07,2015.0,2015.0,2005.0,2007.0,737.0,0041B0
2026-10-07,477.0,487.0,467.0,478.0,124843.0,142760
2026-10-07,2950.0,2950.0,2750.0,2815.0,28576.0,006050
2026-10-07,2045.0,2050.0,2045.0,2050.0,1698.0,488060
2026-10-07,0.0,0.0,0.0,1650.0,0.0,106080
2026-10-07,944.0,944.0,850.0,899.0,152777.0,065770
2026-10-07,2035.0,2045.0,2035.0,2040.0,191.0,484130
2026-10-07,735.0,735.0,650.0,663.0,178045.0,208640
2026-10-07,2055.0,2060.0,2055.0,2060.0,148.0,473950
2026-10-07,2070.0,2160.0,2070.0,2100.0,26954.0,487720
2026-10-07,2040.0,2040.0,2035.0,2040.0,3083.0,487830
2026-10-07,0.0,0.0,0.0,2080.0,0.0,468760
2026-10-07,2105.0,2105.0,2105.0,2105.0,412.0,472230
2026-10-07,0.0,0.0,0.0,1031.0,0.0,067770
2026-10-07,1990.0,1992.0,1990.0,1992.0,2005.0,0068Y0
2026-10-07,1784.0,1784.0,1680.0,1725.0,14731.0,001000
2026-10-07,393.0,400.0,370.0,377.0,496679.0,012340
2026-10-07,1991.0,1998.0,1991.0,1993.0,1689.0,0041J0
2026-10-07,5800.0,5860.0,5790.0,5860.0,11.0,03481K
2026-10-07,0.0,0.0,0.0,247.0,0.0,087260
2026-10-07,2090.0,2095.0,2090.0,2090.0,1008.0,475250
2026-10-07,0.0,0.0,0.0,596.0,0.0,079970
2026-10-07,882.0,948.0,882.0,911.0,58619.0,240600
2026-10-07,2090.0,2090.0,2085.0,2090.0,11911.0,474930
2026-10-07,211.0,212.0,202.0,205.0,577742.0,288980
2026-10-07,0.0,0.0,0.0,940.0,0.0,065420
2026-10-07,0.0,0.0,0.0,327.0,0.0,276040
2026-10-07,2080.0,2085.0,2080.0,2085.0,305.0,473000
2026-10-07,2090.0,2095.0,2090.0,2090.0,36885.0,475240
2026-10-07,260.0,261.0,247.0,256.0,277656.0,308100
2026-10-07,893.0,893.0,893.0,893.0,161466.0,250930
2026-10-07,0.0,0.0,0.0,1096.0,0.0,900100
2026-10-07,0.0,0.0,0.0,409.0,0.0,291810
2026-10-07,0.0,0.0,0.0,205.0,0.0,044180
2026-10-07,0.0,0.0,0.0,468.0,0.0,313760
2026-10-07,0.0,0.0,0.0,312.0,0.0,052770
2026-10-07,0.0,0.0,0.0,698.0,0.0,225430
2026-10-07,0.0,0.0,0.0,1059.0,0.0,025870
2026-10-07,608.0,798.0,608.0,711.0,486093.0,199730
2026-10-07,570.0,670.0,561.0,587.0,235068.0,058450
2026-10-07,404.0,447.0,404.0,433.0,174031.0,011080
2026-10-07,0.0,0.0,0.0,384.0,0.0,035290
2026-10-07,2005.0,2005.0,1959.0,1959.0,1429.0,021045
2026-10-07,0.0,0.0,0.0,37.0,0.0,312610
2026-10-07,6440.0,6890.0,6440.0,6800.0,7401.0,032685
