date,open,high,low,close,volume,code
2026-09-30,274500.0,276000.0,267500.0,270000.0,11796569.0,005930
2026-09-30,1789000.0,1824000.0,1773000.0,1788000.0,2379625.0,000660
2026-09-30,204000.0,205000.0,195000.0,196400.0,3669283.0,005935
2026-09-30,1148000.0,1163000.0,1119000.0,1136000.0,346653.0,402340
2026-09-30,1560000.0,1579000.0,1508000.0,1518000.0,403185.0,009150
2026-09-30,354000.0,357500.0,351500.0,357000.0,153806.0,373220
2026-09-30,350000.0,353500.0,345000.0,345500.0,314786.0,005380
2026-09-30,1389000.0,1405000.0,1366000.0,1394000.0,34893.0,207940
2026-09-30,173600.0,173600.0,167800.0,168900.0,715583.0,105560
2026-09-30,293000.0,293500.0,279000.0,282500.0,208703.0,032830
2026-09-30,348000.0,353500.0,340000.0,341500.0,184797.0,028260
2026-09-30,80600.0,82200.0,80300.0,81400.0,1160993.0,034020
2026-09-30,1021000.0,1028000.0,1001000.0,1003000.0,61994.0,012450
2026-09-30,110500.0,110800.0,105500.0,106200.0,951444.0,055550
2026-09-30,434000.0,444500.0,430500.0,431500.0,133569.0,329180
2026-09-30,116100.0,116900.0,113100.0,113300.0,491192.0,000270
2026-09-30,590000.0,599000.0,582000.0,587000.0,119655.0,034730
2026-09-30,179800.0,179900.0,177700.0,178200.0,249535.0,068270
2026-09-30,519000.0,525000.0,510000.0,515000.0,190187.0,006400
2026-09-30,135600.0,135700.0,128600.0,130000.0,700405.0,086790
2026-09-30,215000.0,221000.0,212000.0,214000.0,520256.0,066570
2026-09-30,369000.0,373500.0,364000.0,364000.0,176808.0,012330
2026-09-30,207000.0,209500.0,203500.0,205000.0,180489.0,010120
2026-09-30,194900.0,196500.0,192800.0,193100.0,355332.0,035420
2026-09-30,655000.0,660000.0,626000.0,631000.0,50444.0,000810
2026-09-30,2805000.0,2840000.0,2770000.0,2776000.0,21441.0,298040
2026-09-30,36150.0,36200.0,34500.0,34750.0,2267389.0,316140
2026-09-30,148300.0,151500.0,146000.0,149400.0,413277.0,096770
2026-09-30,250000.0,256500.0,247000.0,256500.0,352092.0,042700
2026-09-30,306500.0,310000.0,304500.0,306000.0,114100.0,005490
2026-09-30,79700.0,80800.0,78400.0,78600.0,573377.0,042660
2026-09-30,680000.0,693000.0,658000.0,662000.0,295700.0,267260
2026-09-30,325000.0,331000.0,322000.0,324500.0,125708.0,009540
2026-09-30,1388000.0,1404000.0,1364000.0,1367000.0,37303.0,000150
2026-09-30,1077000.0,1083000.0,1058000.0,1059000.0,11782.0,010130
2026-09-30,133800.0,133800.0,126000.0,126100.0,132725.0,138040
2026-09-30,21050.0,21100.0,20750.0,20900.0,582865.0,011200
2026-09-30,30150.0,30450.0,29950.0,30000.0,596310.0,015760
2026-09-30,87000.0,87500.0,85500.0,85600.0,359730.0,017670
2026-09-30,177400.0,179700.0,175700.0,176400.0,184977.0,033780
2026-09-30,159700.0,163800.0,157500.0,161700.0,219214.0,010950
2026-09-30,251500.0,256000.0,247000.0,251000.0,132492.0,051910
2026-09-30,19750.0,20200.0,19650.0,19730.0,2800265.0,010140
2026-09-30,218500.0,222000.0,217000.0,218000.0,85266.0,018260
2026-09-30,31250.0,31550.0,30950.0,30950.0,586572.0,006800
2026-09-30,112400.0,113400.0,109900.0,110200.0,140149.0,003550
2026-09-30,20550.0,20600.0,20150.0,20250.0,761349.0,024110
2026-09-30,203500.0,207500.0,200500.0,203500.0,83599.0,267250
2026-09-30,177200.0,182400.0,177200.0,179100.0,163492.0,003670
2026-09-30,684000.0,695000.0,674000.0,679000.0,32755.0,079550
2026-09-30,33850.0,34100.0,33450.0,33500.0,642768.0,035720
2026-09-30,197600.0,199200.0,196000.0,196400.0,98357.0,086280
2026-09-30,73300.0,76800.0,73200.0,75200.0,616254.0,272210
2026-09-30,363500.0,373000.0,359000.0,364500.0,146059.0,278470
2026-09-30,589000.0,603000.0,552000.0,566000.0,245134.0,011070
2026-09-30,118300.0,120200.0,117000.0,117500.0,250956.0,000720
2026-09-30,52500.0,52900.0,51800.0,51900.0,224952.0,030200
2026-09-30,128300.0,129400.0,125700.0,126400.0,126310.0,047810
2026-09-30,112500.0,116400.0,111300.0,112000.0,431959.0,064350
2026-09-30,191000.0,191400.0,184300.0,185800.0,140655.0,005830
2026-09-30,31800.0,32500.0,31400.0,31950.0,2135282.0,003490
2026-09-30,239000.0,246000.0,235000.0,236500.0,41711.0,443060
2026-09-30,370000.0,378000.0,368000.0,368500.0,19618.0,307950
2026-09-30,56100.0,57900.0,55600.0,56900.0,454420.0,047050
2026-09-30,107900.0,108700.0,105700.0,106600.0,267129.0,078930
2026-09-30,178700.0,180200.0,176300.0,177300.0,183708.0,071050
2026-09-30,321000.0,326000.0,306500.0,309500.0,75928.0,006260
2026-09-30,26400.0,26550.0,25950.0,26050.0,396193.0,005940
2026-09-30,20250.0,20250.0,19810.0,19830.0,741512.0,323410
2026-09-30,323000.0,327000.0,310000.0,316000.0,93286.0,000500
2026-09-30,47800.0,48850.0,47550.0,47750.0,787951.0,028050
2026-09-30,1221000.0,1234000.0,1207000.0,1209000.0,19583.0,003230
2026-09-30,199900.0,200500.0,194600.0,195200.0,82186.0,259960
2026-09-30,137700.0,140500.0,131700.0,131900.0,65013.0,180640
2026-09-30,336500.0,355500.0,336500.0,345500.0,42015.0,0126Z0
2026-09-30,118200.0,118900.0,114100.0,115100.0,488342.0,007660
2026-09-30,142100.0,143700.0,135700.0,138800.0,233057.0,090430
2026-09-30,88900.0,90500.0,88200.0,88700.0,273122.0,016360
2026-09-30,32600.0,34900.0,32150.0,34150.0,5353212.0,009830
2026-09-30,17750.0,18260.0,17480.0,17730.0,5427096.0,047040
2026-09-30,59800.0,60500.0,58200.0,58700.0,258052.0,161390
2026-09-30,101600.0,101900.0,99000.0,99500.0,118133.0,021240
2026-09-30,159200.0,160400.0,155800.0,156000.0,105931.0,352820
2026-09-30,128300.0,128700.0,125100.0,125200.0,76439.0,000880
2026-09-30,69700.0,70200.0,68600.0,68700.0,273845.0,064400
2026-09-30,255500.0,257500.0,251500.0,251500.0,42730.0,039490
2026-09-30,130300.0,133550.0,128000.0,132400.0,749523.0,353200
2026-09-30,211500.0,215000.0,208000.0,213000.0,224598.0,062040
2026-09-30,500000.0,517000.0,486000.0,499500.0,66037.0,128940
2026-09-30,14760.0,14790.0,14480.0,14540.0,586540.0,032640
2026-09-30,177300.0,178000.0,175900.0,176100.0,57831.0,005387
2026-09-30,138900.0,141100.0,134200.0,137500.0,425011.0,000990
2026-09-30,126600.0,128900.0,122400.0,124000.0,127520.0,267270
2026-09-30,75400.0,75600.0,74400.0,74600.0,63638.0,326030
2026-09-30,30250.0,31400.0,29600.0,29750.0,1983728.0,001440
2026-09-30,30950.0,31000.0,28500.0,28950.0,617488.0,175330
2026-09-30,40300.0,40500.0,39850.0,39850.0,71109.0,377300
2026-09-30,73000.0,73700.0,72000.0,72750.0,142049.0,000100
2026-09-30,55600.0,56100.0,54000.0,54200.0,146964.0,241560
2026-09-30,93900.0,99300.0,93500.0,99200.0,332267.0,011790
2026-09-30,42800.0,42850.0,42100.0,42250.0,81748.0,029780
2026-09-30,16420.0,16500.0,15560.0,15940.0,990350.0,138930
2026-09-30,9840.0,9890.0,9780.0,9790.0,485346.0,088980
2026-09-30,122800.0,124900.0,122000.0,122800.0,151499.0,052690
2026-09-30,5830.0,5830.0,5330.0,5360.0,5125332.0,088350
2026-09-30,110600.0,114600.0,109100.0,112200.0,262474.0,066970
2026-09-30,213000.0,215000.0,207000.0,207500.0,64703.0,036570
2026-09-30,69100.0,69600.0,68200.0,68600.0,128682.0,454910
2026-09-30,110300.0,111600.0,106700.0,106900.0,96926.0,271560
2026-09-30,8320.0,8490.0,8290.0,8320.0,1760762.0,034220
2026-09-30,216000.0,231000.0,214500.0,223000.0,206721.0,010060
2026-09-30,47600.0,50300.0,47400.0,49000.0,838166.0,082740
2026-09-30,49900.0,50000.0,47400.0,47800.0,422821.0,001450
2026-09-30,475000.0,479000.0,468000.0,471000.0,16685.0,002380
2026-09-30,281000.0,281000.0,268000.0,269500.0,73095.0,051900
2026-09-30,177200.0,177400.0,175200.0,175500.0,28599.0,005385
2026-09-30,30400.0,30600.0,29750.0,30100.0,397803.0,004020
2026-09-30,82000.0,84600.0,81200.0,83100.0,281888.0,103590
2026-09-30,137100.0,138600.0,133300.0,133700.0,62930.0,001040
2026-09-30,52500.0,53700.0,51100.0,53000.0,113843.0,008930
2026-09-30,3255.0,3635.0,3250.0,3500.0,21762870.0,018880
2026-09-30,150100.0,154500.0,145400.0,145600.0,235776.0,161890
2026-09-30,35450.0,35500.0,34650.0,34800.0,93035.0,036460
2026-09-30,340500.0,341000.0,334000.0,335500.0,30719.0,004170
2026-09-30,83700.0,84700.0,81700.0,82600.0,39775.0,012750
2026-09-30,5700.0,5840.0,5660.0,5760.0,1257509.0,028670
2026-09-30,14490.0,14490.0,14230.0,14250.0,226063.0,035250
2026-09-30,71300.0,71400.0,68400.0,68400.0,56070.0,111770
2026-09-30,279500.0,292500.0,265500.0,266500.0,80837.0,192820
2026-09-30,79100.0,80000.0,76800.0,77800.0,213511.0,375500
2026-09-30,19920.0,20200.0,19790.0,19840.0,155296.0,022100
2026-09-30,45800.0,46750.0,44450.0,45700.0,650709.0,336260
2026-09-30,43050.0,43300.0,42050.0,42250.0,40033.0,031210
2026-09-30,34450.0,35000.0,33900.0,34050.0,645627.0,006360
2026-09-30,18830.0,18890.0,18050.0,18230.0,496793.0,139130
2026-09-30,116100.0,117000.0,113300.0,114700.0,50478.0,011780
2026-09-30,103400.0,103400.0,99300.0,101600.0,100348.0,023530
2026-09-30,34850.0,35000.0,34350.0,34450.0,93581.0,251270
2026-09-30,73800.0,74100.0,72900.0,73000.0,41794.0,017800
2026-09-30,50500.0,52900.0,48300.0,48600.0,126871.0,007340
2026-09-30,36100.0,36450.0,35550.0,36000.0,43020.0,302440
2026-09-30,251000.0,267000.0,251000.0,260500.0,77310.0,014680
2026-09-30,179300.0,179700.0,177800.0,179000.0,31999.0,097950
2026-09-30,69600.0,69800.0,68700.0,68700.0,28106.0,383220
2026-09-30,159800.0,159800.0,156000.0,157400.0,10594.0,004800
2026-09-30,15160.0,15170.0,14470.0,14570.0,274378.0,003690
2026-09-30,19240.0,19240.0,18630.0,19090.0,47901.0,085620
2026-09-30,49200.0,50800.0,48850.0,50600.0,181952.0,489790
2026-09-30,60400.0,61200.0,59300.0,59800.0,48508.0,011170
2026-09-30,25950.0,25950.0,25250.0,25300.0,35974.0,026960
2026-09-30,34750.0,35800.0,34500.0,34850.0,300476.0,450080
2026-09-30,409500.0,410000.0,401000.0,403500.0,12164.0,004370
2026-09-30,24100.0,24200.0,23900.0,24050.0,68180.0,004990
2026-09-30,73300.0,80800.0,71500.0,79200.0,1083980.0,457190
2026-09-30,25150.0,25300.0,24600.0,24900.0,44179.0,000240
2026-09-30,12670.0,12990.0,12670.0,12850.0,382820.0,005440
2026-09-30,189200.0,191100.0,185500.0,187000.0,64534.0,483650
2026-09-30,43250.0,44700.0,42150.0,44100.0,202800.0,009420
2026-09-30,141200.0,141200.0,138600.0,139100.0,8878.0,001720
2026-09-30,50000.0,50100.0,49100.0,49200.0,37762.0,005850
2026-09-30,132400.0,132700.0,128200.0,129200.0,29835.0,282330
2026-09-30,242500.0,242500.0,237500.0,241500.0,3048.0,018670
2026-09-30,42800.0,43200.0,41300.0,42100.0,143301.0,020150
2026-09-30,5460.0,5460.0,5380.0,5400.0,344704.0,279570
2026-09-30,78400.0,79700.0,77500.0,78000.0,48819.0,103140
2026-09-30,18510.0,18930.0,18250.0,18820.0,1054879.0,030000
2026-09-30,50800.0,52300.0,50700.0,51000.0,244334.0,112610
2026-09-30,46100.0,46550.0,45500.0,45650.0,125674.0,204320
2026-09-30,166900.0,167000.0,160200.0,162300.0,9002.0,009970
2026-09-30,38500.0,38700.0,37400.0,37500.0,100385.0,081660
2026-09-30,26800.0,26850.0,25400.0,25850.0,113928.0,002790
2026-09-30,71800.0,72400.0,71200.0,71300.0,72103.0,139480
2026-09-30,45200.0,45450.0,43500.0,43700.0,187365.0,051600
2026-09-30,6850.0,7010.0,6740.0,6760.0,688561.0,073240
2026-09-30,89200.0,89800.0,88000.0,89100.0,59262.0,069960
2026-09-30,64100.0,64600.0,61700.0,62600.0,157906.0,229640
2026-09-30,23050.0,23100.0,22300.0,22400.0,101299.0,007070
2026-09-30,476000.0,477500.0,463000.0,468500.0,5870.0,000155
2026-09-30,49850.0,50800.0,49600.0,50250.0,71562.0,089860
2026-09-30,31100.0,31450.0,30700.0,30750.0,29960.0,462870
2026-09-30,74600.0,75300.0,72300.0,74100.0,356846.0,007810
2026-09-30,55400.0,55400.0,54000.0,54500.0,134860.0,181710
2026-09-30,8370.0,8620.0,8370.0,8550.0,143680.0,020560
2026-09-30,88700.0,92600.0,86600.0,88200.0,131274.0,281820
2026-09-30,45250.0,46200.0,44900.0,45050.0,12971.0,439260
2026-09-30,50500.0,50700.0,49500.0,49550.0,442435.0,475150
2026-09-30,41250.0,43500.0,40600.0,43250.0,143865.0,001120
2026-09-30,48000.0,50100.0,48000.0,48650.0,193201.0,071970
2026-09-30,55200.0,56000.0,54400.0,54800.0,61085.0,120110
2026-09-30,38250.0,38300.0,37500.0,37700.0,28926.0,023590
2026-09-30,45850.0,46100.0,44650.0,44900.0,90742.0,001430
2026-09-30,14140.0,15500.0,14140.0,15000.0,8835004.0,093370
2026-09-30,70600.0,71000.0,69900.0,70000.0,16507.0,000120
2026-09-30,5230.0,5290.0,5170.0,5250.0,120965.0,395400
2026-09-30,35650.0,35700.0,35250.0,35300.0,14052.0,006040
2026-09-30,157500.0,163300.0,148500.0,149300.0,816727.0,001820
2026-09-30,40200.0,40350.0,39300.0,39450.0,260178.0,008770
2026-09-30,23100.0,23650.0,23100.0,23300.0,95824.0,294870
2026-09-30,539000.0,540000.0,517000.0,522000.0,9056.0,009155
2026-09-30,25600.0,25800.0,25100.0,25250.0,36875.0,012630
2026-09-30,43600.0,44650.0,42700.0,43400.0,116058.0,005070
2026-09-30,122700.0,132200.0,121400.0,128900.0,313020.0,322000
2026-09-30,123800.0,124700.0,121300.0,123050.0,16971.0,006280
2026-09-30,53500.0,53900.0,51900.0,52000.0,43376.0,011210
2026-09-30,17110.0,17460.0,17010.0,17280.0,130851.0,361610
2026-09-30,24150.0,24250.0,22950.0,23250.0,117081.0,001800
2026-09-30,14690.0,15130.0,14640.0,14670.0,191128.0,097230
2026-09-30,10250.0,10330.0,10160.0,10290.0,203544.0,00680K
2026-09-30,317000.0,319000.0,314000.0,315500.0,1842.0,007310
2026-09-30,73600.0,75500.0,72900.0,73100.0,36465.0,066575
2026-09-30,6250.0,6350.0,6130.0,6200.0,653864.0,001740
2026-09-30,59100.0,59200.0,57600.0,58400.0,38820.0,192080
2026-09-30,107400.0,107900.0,105800.0,106300.0,10921.0,069620
2026-09-30,10120.0,10120.0,9970.0,10020.0,87532.0,415640
2026-09-30,25800.0,25900.0,25100.0,25200.0,52165.0,003540
2026-09-30,290500.0,291000.0,277500.0,277500.0,18044.0,298020
2026-09-30,16210.0,16310.0,16040.0,16220.0,49110.0,300720
2026-09-30,4115.0,4155.0,4090.0,4105.0,79398.0,330590
2026-09-30,405000.0,405000.0,394000.0,394500.0,8180.0,000815
2026-09-30,63500.0,66400.0,63400.0,65700.0,29241.0,006120
2026-09-30,10000.0,10000.0,9820.0,9870.0,15361.0,030610
2026-09-30,124700.0,125500.0,120800.0,122000.0,12919.0,280360
2026-09-30,43400.0,43850.0,43050.0,43200.0,25979.0,004000
2026-09-30,63400.0,63900.0,61200.0,61700.0,119791.0,195870
2026-09-30,36850.0,37450.0,36200.0,36750.0,268148.0,003160
2026-09-30,51100.0,51500.0,49200.0,49650.0,43869.0,000210
2026-09-30,30500.0,31750.0,29500.0,31050.0,174114.0,003570
2026-09-30,15160.0,15170.0,14670.0,14770.0,112944.0,000080
2026-09-30,20450.0,20800.0,19890.0,19980.0,143100.0,017960
2026-09-30,13240.0,13490.0,12930.0,13000.0,1216913.0,006340
2026-09-30,900000.0,917000.0,897000.0,913000.0,1340.0,003240
2026-09-30,27450.0,27450.0,26850.0,26950.0,9692.0,192400
2026-09-30,4555.0,4585.0,4450.0,4460.0,593129.0,003530
2026-09-30,5260.0,5320.0,5220.0,5290.0,55206.0,451800
2026-09-30,16290.0,16360.0,15900.0,16010.0,79801.0,030190
2026-09-30,11710.0,11710.0,11400.0,11590.0,196522.0,032350
2026-09-30,60000.0,62300.0,59400.0,61100.0,115791.0,006110
2026-09-30,40150.0,40300.0,38700.0,38900.0,25861.0,009240
2026-09-30,79100.0,80400.0,77900.0,78200.0,15984.0,071320
2026-09-30,60900.0,62600.0,60900.0,61100.0,22093.0,009450
2026-09-30,21750.0,22350.0,21700.0,22150.0,90434.0,077970
2026-09-30,64800.0,64800.0,64100.0,64100.0,17640.0,185750
2026-09-30,51700.0,52300.0,51000.0,51400.0,20899.0,285130
2026-09-30,96300.0,96700.0,94600.0,94700.0,11142.0,005300
2026-09-30,15700.0,15750.0,15040.0,15100.0,84256.0,003090
2026-09-30,112800.0,114800.0,112800.0,113200.0,7088.0,051915
2026-09-30,9530.0,9540.0,9240.0,9330.0,281570.0,034230
2026-09-30,7880.0,7890.0,7280.0,7360.0,655324.0,000370
2026-09-30,5150.0,5170.0,5020.0,5080.0,196867.0,079160
2026-09-30,4370.0,4375.0,4340.0,4345.0,144503.0,003470
2026-09-30,142500.0,144100.0,142000.0,142000.0,4088.0,071055
2026-09-30,60200.0,60500.0,59100.0,59400.0,20293.0,004490
2026-09-30,37950.0,38450.0,36800.0,37200.0,103835.0,100840
2026-09-30,39350.0,39450.0,38250.0,38550.0,26750.0,499790
2026-09-30,3085.0,3120.0,3080.0,3100.0,182200.0,365550
2026-09-30,46500.0,47200.0,46300.0,46750.0,5859.0,036530
2026-09-30,87000.0,87100.0,84600.0,86300.0,49062.0,005180
2026-09-30,42050.0,42500.0,41250.0,41300.0,25320.0,000670
2026-09-30,6120.0,6140.0,6050.0,6110.0,65306.0,137310
2026-09-30,11550.0,11940.0,11550.0,11730.0,252653.0,100090
2026-09-30,18200.0,18360.0,18110.0,18310.0,41226.0,214320
2026-09-30,7990.0,7990.0,7800.0,7860.0,30730.0,094800
2026-09-30,12140.0,12360.0,12060.0,12180.0,391636.0,005690
2026-09-30,163600.0,164600.0,160500.0,161400.0,5051.0,298050
2026-09-30,8220.0,8380.0,8220.0,8300.0,25657.0,003850
2026-09-30,27000.0,27050.0,26200.0,26350.0,51501.0,064960
2026-09-30,48800.0,50000.0,47750.0,48000.0,35213.0,005090
2026-09-30,20650.0,20900.0,20150.0,20400.0,412077.0,090460
2026-09-30,75800.0,77000.0,75000.0,75800.0,14164.0,456040
2026-09-30,5590.0,5590.0,5460.0,5580.0,55941.0,293940
2026-09-30,520000.0,523000.0,515000.0,518000.0,584.0,002960
2026-09-30,2035.0,2075.0,2030.0,2045.0,583250.0,005880
2026-09-30,132400.0,132900.0,129200.0,129200.0,508.0,268280
2026-09-30,16250.0,16340.0,15720.0,15780.0,77462.0,069260
2026-09-30,12980.0,13610.0,12910.0,13310.0,164062.0,248070
2026-09-30,0.0,0.0,0.0,9900.0,0.0,001570
2026-09-30,22050.0,22050.0,21500.0,21550.0,14062.0,093050
2026-09-30,92500.0,92500.0,90600.0,92000.0,4638.0,017940
2026-09-30,2040.0,2045.0,2000.0,2010.0,245701.0,000400
2026-09-30,18980.0,19360.0,18600.0,19280.0,42392.0,453340
2026-09-30,18150.0,18200.0,17860.0,17940.0,35652.0,001680
2026-09-30,94800.0,94800.0,91800.0,92000.0,8064.0,000640
2026-09-30,8150.0,8170.0,8040.0,8080.0,40139.0,383800
2026-09-30,26500.0,26650.0,26200.0,26450.0,22338.0,001060
2026-09-30,42200.0,42550.0,42000.0,42050.0,4442.0,317450
2026-09-30,21100.0,21350.0,20900.0,21050.0,15123.0,014820
2026-09-30,136900.0,137700.0,132300.0,135400.0,2612.0,002840
2026-09-30,37400.0,38400.0,36100.0,36450.0,105819.0,108320
2026-09-30,40600.0,40900.0,39900.0,39950.0,27592.0,079900
2026-09-30,11380.0,11600.0,10900.0,11030.0,736853.0,004710
2026-09-30,39600.0,39600.0,38300.0,39350.0,20036.0,00088K
2026-09-30,89700.0,90300.0,87600.0,88500.0,20576.0,006650
2026-09-30,2885.0,2965.0,2830.0,2925.0,1391558.0,452260
2026-09-30,26700.0,26950.0,26150.0,26150.0,33606.0,033240
2026-09-30,18750.0,19370.0,18740.0,19200.0,49400.0,178920
2026-09-30,5610.0,5680.0,5570.0,5640.0,108577.0,016380
2026-09-30,56300.0,56300.0,54900.0,55300.0,19097.0,025540
2026-09-30,7690.0,7980.0,7680.0,7950.0,87535.0,336370
2026-09-30,134000.0,134000.0,131000.0,131200.0,1429.0,00104K
2026-09-30,9610.0,9820.0,9350.0,9520.0,1063037.0,017900
2026-09-30,9690.0,9940.0,9660.0,9720.0,85577.0,075580
2026-09-30,8970.0,8970.0,8780.0,8800.0,101220.0,114090
2026-09-30,5670.0,5670.0,5550.0,5580.0,89735.0,002350
2026-09-30,17620.0,18000.0,17390.0,17640.0,13914.0,003300
2026-09-30,23800.0,24100.0,23750.0,24050.0,4824.0,284740
2026-09-30,37850.0,37850.0,36700.0,36800.0,3476.0,005810
2026-09-30,8250.0,8370.0,7790.0,7930.0,598258.0,192650
2026-09-30,126200.0,129300.0,124600.0,129100.0,562.0,058650
2026-09-30,2280.0,2305.0,2255.0,2260.0,1091292.0,001510
2026-09-30,25600.0,26250.0,25250.0,25300.0,8000.0,001530
2026-09-30,13440.0,13600.0,13320.0,13340.0,1605.0,007700
2026-09-30,51000.0,51300.0,49950.0,50300.0,1821.0,001270
2026-09-30,1622.0,1637.0,1600.0,1603.0,140800.0,009410
2026-09-30,10260.0,10500.0,10200.0,10300.0,118471.0,161000
2026-09-30,2510.0,2535.0,2480.0,2485.0,178369.0,003620
2026-09-30,20300.0,20300.0,19990.0,20000.0,42098.0,003545
2026-09-30,120000.0,120800.0,117100.0,117700.0,40297.0,003030
2026-09-30,18110.0,18740.0,17110.0,17670.0,105744.0,484870
2026-09-30,46500.0,46800.0,43900.0,44000.0,35415.0,029460
2026-09-30,5860.0,5880.0,5570.0,5700.0,1906349.0,0220W0
2026-09-30,7840.0,7850.0,7740.0,7770.0,26713.0,001500
2026-09-30,4655.0,4710.0,4605.0,4690.0,35160.0,377740
2026-09-30,9030.0,9140.0,8960.0,9050.0,85638.0,019170
2026-09-30,45850.0,46200.0,45500.0,45850.0,2041.0,145990
2026-09-30,15400.0,15400.0,14990.0,15090.0,60796.0,008060
2026-09-30,9590.0,9680.0,9000.0,9440.0,76262.0,460860
2026-09-30,131200.0,131200.0,128200.0,128900.0,3508.0,004690
2026-09-30,30400.0,30400.0,30000.0,30000.0,8686.0,039130
2026-09-30,12840.0,13030.0,12280.0,12310.0,794192.0,002990
2026-09-30,20550.0,22050.0,20300.0,21100.0,197589.0,020000
2026-09-30,58100.0,58200.0,57600.0,58100.0,3502.0,000070
2026-09-30,9510.0,9610.0,9430.0,9580.0,20708.0,005250
2026-09-30,4890.0,4980.0,4890.0,4930.0,26844.0,448730
2026-09-30,16810.0,16810.0,16510.0,16540.0,9170.0,002240
2026-09-30,13780.0,14160.0,13710.0,13920.0,82631.0,249420
2026-09-30,43100.0,43450.0,41350.0,41650.0,21580.0,090435
2026-09-30,10260.0,10410.0,10190.0,10330.0,79898.0,016610
2026-09-30,66900.0,67100.0,65500.0,65800.0,392.0,004700
2026-09-30,1785.0,1826.0,1785.0,1819.0,1172551.0,003280
2026-09-30,14720.0,14830.0,14580.0,14680.0,31506.0,010780
2026-09-30,11810.0,12000.0,11800.0,11910.0,14978.0,034310
2026-09-30,8160.0,8350.0,8130.0,8280.0,91838.0,009900
2026-09-30,157000.0,158100.0,150400.0,153200.0,34980.0,306200
2026-09-30,22700.0,22750.0,22250.0,22350.0,36239.0,005945
2026-09-30,206000.0,208500.0,198900.0,201500.0,1469.0,002030
2026-09-30,89700.0,89900.0,89100.0,89400.0,715.0,072710
2026-09-30,11460.0,11460.0,11120.0,11220.0,49578.0,271940
2026-09-30,60600.0,60800.0,59800.0,59900.0,5976.0,014830
2026-09-30,10720.0,10890.0,10680.0,10690.0,2204.0,403550
2026-09-30,4250.0,4250.0,4065.0,4135.0,76386.0,357120
2026-09-30,174200.0,174200.0,172300.0,172700.0,4952.0,005389
2026-09-30,12190.0,12430.0,12190.0,12220.0,101099.0,130660
2026-09-30,21700.0,21750.0,21400.0,21550.0,3559.0,002810
2026-09-30,4025.0,4070.0,3975.0,4005.0,131330.0,003000
2026-09-30,10240.0,10520.0,10240.0,10330.0,72063.0,005420
2026-09-30,4100.0,4115.0,4025.0,4050.0,252454.0,001200
2026-09-30,14800.0,14800.0,14650.0,14760.0,4221.0,015360
2026-09-30,9750.0,10010.0,9620.0,9830.0,476859.0,317400
2026-09-30,23700.0,23850.0,23600.0,23700.0,3171.0,344820
2026-09-30,97200.0,97200.0,95300.0,95400.0,841.0,092230
2026-09-30,4695.0,4730.0,4605.0,4680.0,146816.0,089590
2026-09-30,1745.0,1909.0,1731.0,1864.0,1619512.0,012030
2026-09-30,39150.0,39150.0,38200.0,38350.0,2025.0,029530
2026-09-30,14220.0,14770.0,13960.0,14280.0,1955389.0,092790
2026-09-30,10330.0,10540.0,10270.0,10300.0,12460.0,183190
2026-09-30,10570.0,10630.0,10490.0,10560.0,29595.0,031430
2026-09-30,9590.0,9590.0,9070.0,9160.0,11926.0,016590
2026-09-30,3405.0,3420.0,3370.0,3370.0,67348.0,126560
2026-09-30,12700.0,12790.0,12480.0,12530.0,19331.0,194370
2026-09-30,17810.0,18220.0,17610.0,17850.0,151606.0,011930
2026-09-30,25850.0,25850.0,25500.0,25550.0,2326.0,001940
2026-09-30,14550.0,14820.0,14390.0,14610.0,35834.0,008730
2026-09-30,12610.0,13870.0,12130.0,13760.0,2414449.0,002710
2026-09-30,9630.0,9680.0,9470.0,9530.0,60536.0,006220
2026-09-30,3715.0,3755.0,3695.0,3715.0,23671.0,027410
2026-09-30,87200.0,89300.0,86100.0,87900.0,19426.0,010955
2026-09-30,6050.0,6070.0,5830.0,5970.0,21918.0,950210
2026-09-30,37900.0,38350.0,37700.0,38000.0,5138.0,007690
2026-09-30,39550.0,40700.0,39150.0,40450.0,5168.0,005610
2026-09-30,6950.0,7110.0,6880.0,7070.0,96489.0,015860
2026-09-30,45650.0,47700.0,45650.0,46650.0,19759.0,0120G0
2026-09-30,39200.0,39200.0,38200.0,38300.0,13768.0,060980
2026-09-30,15280.0,15570.0,15010.0,15010.0,250206.0,003350
2026-09-30,8610.0,8670.0,8530.0,8540.0,17039.0,105630
2026-09-30,9590.0,9590.0,9250.0,9320.0,14578.0,104700
2026-09-30,19370.0,19430.0,19110.0,19210.0,20116.0,097520
2026-09-30,34450.0,34800.0,34350.0,34350.0,3918.0,170900
2026-09-30,234000.0,237000.0,225500.0,227000.0,1905.0,02826K
2026-09-30,207000.0,210000.0,204000.0,205500.0,3080.0,006405
2026-09-30,8800.0,8800.0,8650.0,8660.0,14375.0,017810
2026-09-30,371500.0,378250.0,366000.0,367500.0,155.0,000157
2026-09-30,14060.0,14200.0,13550.0,13590.0,338582.0,217590
2026-09-30,24750.0,25050.0,24500.0,24550.0,12706.0,011760
2026-09-30,4810.0,4915.0,4750.0,4895.0,69961.0,009160
2026-09-30,6340.0,6440.0,6290.0,6420.0,76716.0,009290
2026-09-30,9460.0,9460.0,9210.0,9230.0,8989.0,024720
2026-09-30,2040.0,2070.0,2020.0,2030.0,180318.0,001230
2026-09-30,4315.0,4320.0,4230.0,4265.0,44757.0,096760
2026-09-30,36700.0,36950.0,36400.0,36550.0,6406.0,145720
2026-09-30,5450.0,6090.0,5380.0,5990.0,157566.0,005720
2026-09-30,6000.0,6080.0,5960.0,5970.0,41666.0,272450
2026-09-30,6300.0,6400.0,6280.0,6400.0,27971.0,381970
2026-09-30,7960.0,7990.0,7820.0,7880.0,127986.0,002310
2026-09-30,8130.0,8940.0,7990.0,8350.0,583150.0,020120
2026-09-30,8030.0,8130.0,7920.0,7930.0,23543.0,026890
2026-09-30,6170.0,6490.0,6170.0,6320.0,442579.0,010820
2026-09-30,21400.0,21550.0,21100.0,21200.0,6538.0,126720
2026-09-30,6100.0,6170.0,6060.0,6070.0,164812.0,025860
2026-09-30,33450.0,34000.0,33100.0,33500.0,11755.0,108670
2026-09-30,23500.0,23800.0,23200.0,23300.0,11353.0,002020
2026-09-30,11250.0,11250.0,11070.0,11150.0,7901.0,018250
2026-09-30,2440.0,2440.0,2405.0,2407.0,73017.0,123890
2026-09-30,10730.0,11450.0,10720.0,11180.0,504810.0,005950
2026-09-30,10860.0,10950.0,10790.0,10790.0,17327.0,200880
2026-09-30,19220.0,19320.0,19200.0,19210.0,1465.0,001750
2026-09-30,21750.0,21850.0,21500.0,21600.0,2012.0,003120
2026-09-30,89200.0,91000.0,87300.0,90100.0,8649.0,005430
2026-09-30,12320.0,12650.0,12320.0,12640.0,66119.0,044450
2026-09-30,4580.0,4700.0,4560.0,4570.0,44658.0,000430
2026-09-30,1137.0,1140.0,1118.0,1120.0,242145.0,034830
2026-09-30,17690.0,17740.0,17530.0,17740.0,23609.0,033270
2026-09-30,7870.0,7870.0,7710.0,7770.0,6818.0,084690
2026-09-30,4220.0,4270.0,4190.0,4205.0,93451.0,001390
2026-09-30,4560.0,4750.0,4550.0,4645.0,337419.0,058430
2026-09-30,13180.0,13180.0,12300.0,12300.0,14890.0,244920
2026-09-30,23950.0,24450.0,23900.0,24100.0,243.0,016800
2026-09-30,8320.0,8320.0,8150.0,8180.0,44626.0,122900
2026-09-30,13420.0,13940.0,13410.0,13520.0,166616.0,105840
2026-09-30,11280.0,11360.0,11130.0,11280.0,39153.0,004430
2026-09-30,7940.0,8040.0,7830.0,7860.0,11623.0,084010
2026-09-30,8570.0,8680.0,8340.0,8420.0,684177.0,004310
2026-09-30,54500.0,55100.0,54400.0,54400.0,419.0,017390
2026-09-30,10880.0,10920.0,10440.0,10640.0,58118.0,078520
2026-09-30,2440.0,2470.0,2365.0,2380.0,520662.0,010580
2026-09-30,2605.0,2650.0,2580.0,2590.0,39982.0,091810
2026-09-30,6450.0,6520.0,6340.0,6380.0,213082.0,002900
2026-09-30,34300.0,34400.0,34000.0,34000.0,8269.0,037710
2026-09-30,17200.0,17360.0,17060.0,17130.0,6129.0,286940
2026-09-30,7400.0,7470.0,7350.0,7380.0,49599.0,010690
2026-09-30,13380.0,13380.0,13230.0,13230.0,20552.0,004360
2026-09-30,3640.0,3655.0,3620.0,3635.0,23576.0,334890
2026-09-30,27150.0,27950.0,26750.0,27400.0,3984.0,003960
2026-09-30,12830.0,12830.0,12510.0,12530.0,16381.0,005680
2026-09-30,18650.0,18830.0,18620.0,18750.0,12204.0,005500
2026-09-30,1508.0,1515.0,1507.0,1511.0,33112.0,298690
2026-09-30,1644.0,1644.0,1621.0,1625.0,130822.0,432320
2026-09-30,10790.0,10900.0,10560.0,10560.0,37370.0,003200
2026-09-30,2855.0,2855.0,2785.0,2795.0,122544.0,001790
2026-09-30,26000.0,26000.0,24700.0,24850.0,16045.0,044820
2026-09-30,42850.0,42850.0,41800.0,41900.0,897.0,003920
2026-09-30,10050.0,10200.0,9890.0,10010.0,77623.0,136490
2026-09-30,15260.0,15470.0,15210.0,15300.0,18160.0,002320
2026-09-30,3945.0,3980.0,3835.0,3845.0,43617.0,404990
2026-09-30,57700.0,57700.0,56700.0,57100.0,3223.0,025000
2026-09-30,48150.0,48150.0,46600.0,46950.0,2229.0,007160
2026-09-30,4050.0,4490.0,4050.0,4160.0,4524191.0,005010
2026-09-30,3900.0,3935.0,3770.0,3835.0,104667.0,030210
2026-09-30,0.0,0.0,0.0,1182.0,0.0,348950
2026-09-30,9140.0,9270.0,9100.0,9130.0,2959.0,003070
2026-09-30,2690.0,2955.0,2660.0,2800.0,1536835.0,001250
2026-09-30,1202.0,1219.0,1189.0,1199.0,248829.0,900140
2026-09-30,2930.0,2945.0,2910.0,2935.0,18742.0,000680
2026-09-30,21100.0,21400.0,20850.0,21000.0,58536.0,053690
2026-09-30,10500.0,10600.0,10430.0,10480.0,15070.0,226320
2026-09-30,20000.0,20250.0,19800.0,19800.0,10320.0,008490
2026-09-30,4990.0,5110.0,4950.0,5080.0,47764.0,001340
2026-09-30,0.0,0.0,0.0,5820.0,0.0,001470
2026-09-30,13840.0,14850.0,13660.0,14440.0,321751.0,011500
2026-09-30,7650.0,8360.0,7560.0,8110.0,784142.0,025560
2026-09-30,3745.0,3765.0,3680.0,3740.0,7911.0,0030R0
2026-09-30,10480.0,10480.0,10160.0,10160.0,677.0,134380
2026-09-30,19710.0,19850.0,19610.0,19720.0,15876.0,028100
2026-09-30,12700.0,12880.0,12500.0,12570.0,57311.0,017860
2026-09-30,36600.0,36650.0,34850.0,35250.0,1559.0,001460
2026-09-30,10120.0,10200.0,10060.0,10140.0,9555.0,009680
2026-09-30,125900.0,127500.0,124200.0,125800.0,1362.0,003650
2026-09-30,3560.0,3560.0,3370.0,3390.0,33850.0,000540
2026-09-30,10000.0,10310.0,9280.0,10050.0,292555.0,077500
2026-09-30,11690.0,11700.0,11600.0,11630.0,2406.0,034120
2026-09-30,7850.0,7950.0,7810.0,7850.0,20958.0,000050
2026-09-30,7630.0,7690.0,7440.0,7450.0,75444.0,000490
2026-09-30,6290.0,6490.0,6230.0,6290.0,121706.0,003720
2026-09-30,15270.0,15460.0,15180.0,15300.0,48469.0,035510
2026-09-30,14260.0,14640.0,14260.0,14300.0,9804.0,475560
2026-09-30,5440.0,5590.0,5350.0,5450.0,155503.0,092200
2026-09-30,7330.0,7440.0,7330.0,7360.0,14218.0,033920
2026-09-30,374000.0,376000.0,370500.0,370500.0,265.0,03473K
2026-09-30,15750.0,15770.0,15580.0,15640.0,1375.0,000320
2026-09-30,10480.0,10560.0,10260.0,10420.0,13225.0,035150
2026-09-30,54500.0,55700.0,53900.0,54100.0,12092.0,298000
2026-09-30,3295.0,3295.0,3185.0,3240.0,84678.0,088260
2026-09-30,68200.0,68900.0,67300.0,67400.0,4503.0,003555
2026-09-30,142900.0,144500.0,141600.0,142000.0,720.0,000650
2026-09-30,8300.0,8380.0,8190.0,8240.0,22401.0,004980
2026-09-30,4295.0,4295.0,4255.0,4260.0,25166.0,000480
2026-09-30,3070.0,3100.0,3070.0,3090.0,6188.0,100250
2026-09-30,21950.0,22400.0,21700.0,21950.0,25501.0,013580
2026-09-30,3125.0,3140.0,3070.0,3075.0,64962.0,037270
2026-09-30,7480.0,7580.0,7480.0,7490.0,1198.0,039570
2026-09-30,4315.0,4340.0,4270.0,4280.0,43053.0,095570
2026-09-30,7090.0,7140.0,7010.0,7040.0,75898.0,117580
2026-09-30,95200.0,95600.0,92000.0,92300.0,13157.0,051905
2026-09-30,52000.0,52500.0,50700.0,51600.0,4050.0,487570
2026-09-30,7160.0,7190.0,7010.0,7030.0,64346.0,000390
2026-09-30,3825.0,3830.0,3790.0,3810.0,16091.0,339770
2026-09-30,6070.0,6310.0,5950.0,6070.0,7196.0,002420
2026-09-30,4000.0,4010.0,3970.0,3980.0,10330.0,053210
2026-09-30,12420.0,12710.0,12340.0,12500.0,20342.0,004560
2026-09-30,8340.0,8360.0,8180.0,8200.0,19800.0,005960
2026-09-30,37250.0,37550.0,37250.0,37500.0,969.0,001630
2026-09-30,1030.0,1040.0,1024.0,1027.0,173738.0,003520
2026-09-30,9970.0,10010.0,9930.0,10000.0,15741.0,102460
2026-09-30,10090.0,10090.0,9960.0,9990.0,13918.0,016580
2026-09-30,3645.0,3705.0,3645.0,3650.0,32649.0,102260
2026-09-30,19590.0,19600.0,19240.0,19240.0,15700.0,003547
2026-09-30,10940.0,10980.0,10920.0,10920.0,2677.0,001130
2026-09-30,4035.0,4110.0,4030.0,4055.0,44734.0,128820
2026-09-30,6780.0,6850.0,6680.0,6720.0,19185.0,033530
2026-09-30,7900.0,7910.0,7800.0,7820.0,3225.0,000140
2026-09-30,7590.0,7710.0,7570.0,7700.0,23204.0,007860
2026-09-30,5430.0,5630.0,5410.0,5480.0,16840.0,003610
2026-09-30,9000.0,9060.0,9000.0,9000.0,6206.0,002100
2026-09-30,2015.0,2020.0,1971.0,1985.0,174844.0,377190
2026-09-30,6330.0,6470.0,6330.0,6420.0,40333.0,015230
2026-09-30,11000.0,11060.0,10950.0,10980.0,5559.0,234080
2026-09-30,0.0,0.0,0.0,4200.0,0.0,000300
2026-09-30,6630.0,6700.0,6630.0,6670.0,6646.0,000700
2026-09-30,26900.0,27050.0,26150.0,26200.0,29916.0,009470
2026-09-30,4340.0,4345.0,4290.0,4325.0,1821.0,016450
2026-09-30,7750.0,7780.0,7630.0,7690.0,14835.0,003220
2026-09-30,8230.0,8230.0,7930.0,8000.0,43519.0,000520
2026-09-30,7350.0,7380.0,7240.0,7250.0,29980.0,213500
2026-09-30,10000.0,10070.0,9750.0,9840.0,3538.0,014710
2026-09-30,5050.0,5090.0,5000.0,5020.0,19903.0,002150
2026-09-30,2955.0,3000.0,2955.0,2965.0,29703.0,003460
2026-09-30,2690.0,2720.0,2645.0,2660.0,29548.0,241590
2026-09-30,0.0,0.0,0.0,5530.0,0.0,101530
2026-09-30,5330.0,5360.0,5290.0,5310.0,14959.0,460850
2026-09-30,7930.0,8010.0,7850.0,7880.0,24732.0,090350
2026-09-30,12200.0,12230.0,12040.0,12070.0,4607.0,000860
2026-09-30,53100.0,53100.0,51600.0,51800.0,977.0,002170
2026-09-30,7430.0,7570.0,7260.0,7470.0,13081.0,004380
2026-09-30,1274.0,1483.0,1221.0,1483.0,17575726.0,008970
2026-09-30,2800.0,2810.0,2775.0,2800.0,90744.0,400760
2026-09-30,7960.0,8110.0,7960.0,8050.0,9778.0,007570
2026-09-30,1550.0,1580.0,1550.0,1571.0,169783.0,001780
2026-09-30,7000.0,7040.0,6880.0,6900.0,7336.0,013890
2026-09-30,11260.0,11370.0,11200.0,11260.0,4948.0,006805
2026-09-30,67400.0,67400.0,66500.0,66600.0,1302.0,001045
2026-09-30,21500.0,21600.0,21200.0,21200.0,1343.0,00279K
2026-09-30,12780.0,12800.0,12630.0,12670.0,2147.0,462520
2026-09-30,6550.0,6610.0,6540.0,6580.0,14288.0,000970
2026-09-30,50200.0,50200.0,49350.0,49550.0,1976.0,011785
2026-09-30,9780.0,9850.0,9730.0,9800.0,9784.0,272550
2026-09-30,11400.0,11690.0,11310.0,11580.0,44703.0,004090
2026-09-30,8240.0,8270.0,8190.0,8240.0,4295.0,293480
2026-09-30,3590.0,3615.0,3535.0,3550.0,45613.0,004150
2026-09-30,111200.0,111200.0,109600.0,109800.0,5296.0,097955
2026-09-30,9980.0,10000.0,9870.0,9960.0,6548.0,271980
2026-09-30,9000.0,9130.0,8950.0,8990.0,621.0,004970
2026-09-30,109700.0,109700.0,106900.0,107800.0,124.0,003830
2026-09-30,6050.0,6050.0,5950.0,5980.0,5865.0,071840
2026-09-30,5100.0,5300.0,4780.0,4800.0,2165707.0,014280
2026-09-30,5070.0,5090.0,5000.0,5050.0,25562.0,000020
2026-09-30,60500.0,60600.0,60500.0,60600.0,20.0,107590
2026-09-30,1819.0,1821.0,1750.0,1753.0,98638.0,016880
2026-09-30,4240.0,4270.0,4160.0,4160.0,63459.0,025820
2026-09-30,4750.0,4775.0,4695.0,4750.0,17163.0,015890
2026-09-30,4025.0,4130.0,3760.0,3950.0,69831.0,001080
2026-09-30,4725.0,4745.0,4670.0,4695.0,31191.0,003480
2026-09-30,11950.0,11950.0,11890.0,11920.0,7662.0,094280
2026-09-30,1071.0,1072.0,1054.0,1054.0,196228.0,008350
2026-09-30,3210.0,3295.0,3210.0,3255.0,114881.0,012610
2026-09-30,14690.0,14690.0,14420.0,14480.0,5210.0,004080
2026-09-30,9220.0,9430.0,9200.0,9280.0,11638.0,081000
2026-09-30,5180.0,5260.0,5120.0,5140.0,55493.0,018470
2026-09-30,11380.0,11500.0,11380.0,11400.0,1691.0,024090
2026-09-30,5470.0,5470.0,5330.0,5370.0,13774.0,214390
2026-09-30,3150.0,3235.0,3100.0,3115.0,398359.0,092220
2026-09-30,21550.0,21600.0,21100.0,21200.0,2239.0,267290
2026-09-30,2520.0,2525.0,2480.0,2490.0,81881.0,013520
2026-09-30,1072.0,1090.0,1065.0,1076.0,71529.0,009270
2026-09-30,10930.0,10940.0,10640.0,10730.0,22306.0,004960
2026-09-30,13340.0,13470.0,13290.0,13420.0,1348.0,078000
2026-09-30,9430.0,10370.0,9250.0,9700.0,642045.0,003010
2026-09-30,3380.0,3500.0,3340.0,3360.0,82896.0,011690
2026-09-30,11100.0,11200.0,11080.0,11110.0,11944.0,210540
2026-09-30,1250.0,1278.0,1240.0,1266.0,44203.0,002210
2026-09-30,2235.0,2235.0,2190.0,2210.0,34683.0,006060
2026-09-30,1300.0,1305.0,1279.0,1300.0,144749.0,001360
2026-09-30,13500.0,13570.0,13260.0,13500.0,1298.0,005800
2026-09-30,1130.0,1146.0,1126.0,1127.0,232017.0,001520
2026-09-30,3310.0,3315.0,3265.0,3265.0,23947.0,350520
2026-09-30,4995.0,5070.0,4990.0,5000.0,22577.0,214420
2026-09-30,4000.0,4035.0,3970.0,4000.0,38853.0,009070
2026-09-30,7600.0,7600.0,7400.0,7480.0,1704.0,002620
2026-09-30,2140.0,2265.0,2140.0,2230.0,57912.0,015590
2026-09-30,3810.0,3830.0,3710.0,3730.0,65368.0,089470
2026-09-30,1544.0,1555.0,1522.0,1530.0,57567.0,037560
2026-09-30,9700.0,9910.0,9300.0,9310.0,697977.0,001210
2026-09-30,8500.0,8540.0,8410.0,8470.0,1706.0,002390
2026-09-30,3350.0,3365.0,3300.0,3340.0,35380.0,014530
2026-09-30,12950.0,12950.0,12700.0,12700.0,5083.0,227840
2026-09-30,26550.0,26550.0,26250.0,26350.0,163.0,034590
2026-09-30,1810.0,1854.0,1810.0,1837.0,123953.0,017550
2026-09-30,3995.0,4000.0,3920.0,3925.0,21123.0,016740
2026-09-30,32250.0,32450.0,32000.0,32200.0,485.0,023450
2026-09-30,11090.0,11090.0,10910.0,10990.0,1943.0,002460
2026-09-30,4640.0,4690.0,4625.0,4640.0,15888.0,083420
2026-09-30,3070.0,3095.0,3015.0,3035.0,255520.0,004100
2026-09-30,5690.0,5690.0,5490.0,5520.0,21763.0,079430
2026-09-30,6990.0,6990.0,6870.0,6870.0,3264.0,016710
2026-09-30,7820.0,8000.0,7680.0,7800.0,4735.0,008040
2026-09-30,0.0,0.0,0.0,3530.0,0.0,011810
2026-09-30,4190.0,4190.0,4115.0,4140.0,15208.0,013570
2026-09-30,1712.0,1757.0,1701.0,1719.0,232681.0,009580
2026-09-30,1180.0,1189.0,1171.0,1174.0,150146.0,012800
2026-09-30,3065.0,3105.0,2985.0,3010.0,398803.0,012200
2026-09-30,11100.0,11100.0,10490.0,10540.0,2059.0,021820
2026-09-30,59000.0,59300.0,58500.0,58700.0,2958.0,078935
2026-09-30,2835.0,2855.0,2835.0,2850.0,6568.0,004250
2026-09-30,3400.0,3445.0,3360.0,3425.0,33539.0,010100
2026-09-30,3765.0,3790.0,3740.0,3760.0,29206.0,014580
2026-09-30,82600.0,83200.0,81800.0,82000.0,239.0,120030
2026-09-30,51700.0,51700.0,48750.0,48800.0,406.0,37550L
2026-09-30,2725.0,2735.0,2690.0,2700.0,6296.0,027970
2026-09-30,43500.0,43800.0,42850.0,43250.0,3890.0,012320
2026-09-30,12820.0,12920.0,12500.0,12580.0,70875.0,006660
2026-09-30,9010.0,9160.0,9010.0,9160.0,3837.0,267850
2026-09-30,0.0,0.0,0.0,918.0,0.0,119650
2026-09-30,22100.0,22250.0,21850.0,21950.0,25056.0,248170
2026-09-30,6280.0,6320.0,6230.0,6250.0,23969.0,123690
2026-09-30,1951.0,2140.0,1801.0,1946.0,1259627.0,003580
2026-09-30,6030.0,6060.0,6000.0,6050.0,181687.0,035000
2026-09-30,1380.0,1396.0,1368.0,1377.0,25639.0,011280
2026-09-30,2020.0,2080.0,1994.0,2025.0,25378.0,070960
2026-09-30,1075.0,1093.0,1069.0,1071.0,63051.0,002450
2026-09-30,1285.0,1290.0,1245.0,1246.0,244426.0,008700
2026-09-30,7770.0,7770.0,7650.0,7660.0,2326.0,264900
2026-09-30,2365.0,2380.0,2360.0,2367.0,157031.0,417310
2026-09-30,3355.0,3405.0,3330.0,3345.0,70701.0,008260
2026-09-30,6510.0,6690.0,6510.0,6510.0,25105.0,002780
2026-09-30,2515.0,2530.0,2495.0,2500.0,32889.0,014790
2026-09-30,5510.0,5550.0,5460.0,5510.0,16340.0,032560
2026-09-30,1611.0,1611.0,1568.0,1568.0,79250.0,013700
2026-09-30,2290.0,2325.0,2260.0,2280.0,7174.0,067830
2026-09-30,4700.0,4700.0,4640.0,4670.0,6295.0,014440
2026-09-30,46550.0,46750.0,46000.0,46300.0,9788.0,007540
2026-09-30,2840.0,2840.0,2755.0,2775.0,8160.0,002200
2026-09-30,1431.0,1441.0,1421.0,1421.0,28025.0,007210
2026-09-30,5120.0,5120.0,4980.0,5020.0,2407.0,025620
2026-09-30,2170.0,2230.0,2170.0,2205.0,82726.0,058850
2026-09-30,1995.0,2025.0,1995.0,2000.0,2926.0,363280
2026-09-30,2525.0,2525.0,2470.0,2480.0,13728.0,036580
2026-09-30,30150.0,30350.0,30150.0,30200.0,516.0,001275
2026-09-30,5000.0,5050.0,4970.0,4980.0,30576.0,019180
2026-09-30,2580.0,2625.0,2570.0,2580.0,83197.0,058860
2026-09-30,71600.0,72800.0,71000.0,71600.0,2595.0,096775
2026-09-30,6730.0,6810.0,6670.0,6730.0,1463.0,006840
2026-09-30,2255.0,2300.0,2225.0,2295.0,29545.0,139990
2026-09-30,4150.0,4180.0,4070.0,4085.0,32117.0,001290
2026-09-30,2240.0,2240.0,2200.0,2210.0,13584.0,023000
2026-09-30,1762.0,1800.0,1762.0,1785.0,105177.0,004140
2026-09-30,1789.0,1814.0,1785.0,1793.0,213928.0,007980
2026-09-30,35600.0,35600.0,34450.0,34550.0,894.0,004890
2026-09-30,9090.0,9090.0,8870.0,8870.0,1430.0,006090
2026-09-30,6210.0,6310.0,6150.0,6170.0,5079.0,33626K
2026-09-30,137500.0,137500.0,135600.0,137000.0,20.0,002600
2026-09-30,38100.0,38100.0,36650.0,37300.0,4142.0,000850
2026-09-30,70200.0,70200.0,69100.0,69100.0,109.0,000590
2026-09-30,13030.0,13030.0,12770.0,12920.0,2260.0,111380
2026-09-30,2460.0,2480.0,2425.0,2440.0,108157.0,011700
2026-09-30,5000.0,5070.0,4990.0,5000.0,19806.0,023800
2026-09-30,8250.0,8250.0,7910.0,8030.0,86109.0,001260
2026-09-30,2790.0,2805.0,2770.0,2790.0,25162.0,009180
2026-09-30,5400.0,5450.0,5370.0,5420.0,22534.0,069730
2026-09-30,3600.0,3995.0,3450.0,3850.0,7958091.0,071090
2026-09-30,4410.0,4455.0,4255.0,4290.0,152775.0,007610
2026-09-30,5140.0,5220.0,5120.0,5160.0,9991.0,005740
2026-09-30,3940.0,3995.0,3935.0,3955.0,4074.0,004840
2026-09-30,5630.0,5630.0,5540.0,5580.0,5031.0,007590
2026-09-30,5560.0,5560.0,5460.0,5490.0,6853.0,163560
2026-09-30,0.0,0.0,0.0,532.0,0.0,084680
2026-09-30,2760.0,2815.0,2700.0,2795.0,86896.0,002220
2026-09-30,3085.0,3120.0,3040.0,3055.0,57986.0,010960
2026-09-30,1353.0,1382.0,1351.0,1359.0,101866.0,013360
2026-09-30,64600.0,64800.0,63800.0,63900.0,282.0,000105
2026-09-30,3850.0,3850.0,3780.0,3805.0,7412.0,013870
2026-09-30,6770.0,7170.0,6770.0,6960.0,59718.0,214330
2026-09-30,2180.0,2245.0,2180.0,2225.0,73367.0,024900
2026-09-30,15270.0,15390.0,15020.0,15100.0,6126.0,055490
2026-09-30,6800.0,6940.0,6650.0,6810.0,26160.0,109070
2026-09-30,11380.0,11390.0,11190.0,11200.0,2552.0,002795
2026-09-30,3785.0,3830.0,3785.0,3810.0,36262.0,338100
2026-09-30,0.0,0.0,0.0,655.0,0.0,014160
2026-09-30,1921.0,1989.0,1916.0,1987.0,3537.0,001020
2026-09-30,25350.0,25350.0,25150.0,25250.0,735.0,120115
2026-09-30,2040.0,2045.0,1958.0,1971.0,354674.0,004770
2026-09-30,4300.0,4300.0,4175.0,4215.0,23311.0,005750
2026-09-30,12840.0,12950.0,12630.0,12640.0,4701.0,063160
2026-09-30,28250.0,28250.0,27250.0,27600.0,1220.0,009770
2026-09-30,1250.0,1250.0,1200.0,1225.0,16493.0,095720
2026-09-30,9080.0,9120.0,8960.0,9070.0,56.0,001560
2026-09-30,5420.0,5530.0,5330.0,5410.0,34532.0,004440
2026-09-30,1679.0,1720.0,1667.0,1675.0,4850.0,010040
2026-09-30,986.0,1006.0,985.0,998.0,798135.0,002700
2026-09-30,1923.0,1923.0,1887.0,1901.0,18851.0,011150
2026-09-30,6040.0,6040.0,5870.0,5920.0,3860.0,000230
2026-09-30,5680.0,5720.0,5600.0,5640.0,10997.0,031820
2026-09-30,4265.0,4275.0,4240.0,4255.0,2949.0,155660
2026-09-30,3250.0,3250.0,3190.0,3210.0,9160.0,002720
2026-09-30,23850.0,24050.0,23400.0,23450.0,4344.0,084670
2026-09-30,5000.0,5000.0,4845.0,4850.0,2500.0,000180
2026-09-30,8790.0,8970.0,8660.0,8920.0,9409.0,085310
2026-09-30,1927.0,1939.0,1918.0,1920.0,10942.0,079980
2026-09-30,3045.0,3100.0,3000.0,3015.0,36930.0,010660
2026-09-30,2850.0,2905.0,2820.0,2900.0,2606.0,004720
2026-09-30,1601.0,1653.0,1600.0,1624.0,15158.0,019680
2026-09-30,5000.0,5020.0,4925.0,4985.0,3233.0,100220
2026-09-30,3635.0,3695.0,3395.0,3450.0,57146.0,210980
2026-09-30,2330.0,2330.0,2190.0,2235.0,17514.0,007280
2026-09-30,3150.0,3195.0,3130.0,3145.0,169760.0,058730
2026-09-30,4495.0,4600.0,4420.0,4460.0,49721.0,005870
2026-09-30,3550.0,3550.0,3435.0,3460.0,7227.0,017370
2026-09-30,1505.0,1529.0,1499.0,1511.0,14023.0,009200
2026-09-30,1338.0,1359.0,1320.0,1328.0,16588.0,018500
2026-09-30,1404.0,1404.0,1392.0,1394.0,5696.0,016090
2026-09-30,4820.0,4880.0,4755.0,4860.0,8181.0,072130
2026-09-30,6190.0,6190.0,6110.0,6110.0,3252.0,068290
2026-09-30,28450.0,28450.0,27000.0,28050.0,842.0,004450
2026-09-30,19910.0,20400.0,19800.0,20300.0,312.0,007815
2026-09-30,1004.0,1004.0,993.0,1000.0,53535.0,002760
2026-09-30,2110.0,2140.0,2075.0,2125.0,91375.0,372910
2026-09-30,1771.0,1838.0,1754.0,1809.0,90160.0,480370
2026-09-30,3700.0,3735.0,3675.0,3700.0,23896.0,000220
2026-09-30,30900.0,30900.0,30050.0,30500.0,394.0,003925
2026-09-30,6400.0,6400.0,6310.0,6330.0,1244.0,111110
2026-09-30,4420.0,4465.0,4340.0,4400.0,32462.0,003780
2026-09-30,1015.0,1040.0,1015.0,1032.0,82046.0,090080
2026-09-30,1912.0,1912.0,1885.0,1902.0,9071.0,129260
2026-09-30,3420.0,3960.0,3415.0,3725.0,453559.0,014990
2026-09-30,27000.0,27000.0,26400.0,26700.0,2870.0,37550K
2026-09-30,2950.0,3000.0,2915.0,2925.0,28378.0,075180
2026-09-30,2360.0,2405.0,2295.0,2375.0,586309.0,0220WL
2026-09-30,26100.0,26200.0,25750.0,26050.0,1487.0,001465
2026-09-30,53000.0,53200.0,52100.0,52800.0,1196.0,000725
2026-09-30,4805.0,4865.0,4795.0,4810.0,7632.0,006890
2026-09-30,0.0,0.0,0.0,902.0,0.0,020760
2026-09-30,3000.0,3125.0,2950.0,2950.0,359.0,003465
2026-09-30,25300.0,25800.0,25300.0,25650.0,3379.0,28513K
2026-09-30,1870.0,1870.0,1841.0,1847.0,98076.0,092440
2026-09-30,10220.0,10450.0,10220.0,10310.0,10726.0,001550
2026-09-30,3615.0,3630.0,3580.0,3585.0,1294.0,025530
2026-09-30,1348.0,1367.0,1342.0,1345.0,18720.0,396690
2026-09-30,4195.0,4200.0,4140.0,4155.0,7820.0,003475
2026-09-30,0.0,0.0,0.0,1935.0,0.0,002410
2026-09-30,25800.0,25800.0,25100.0,25350.0,4540.0,35320K
2026-09-30,17280.0,17350.0,17140.0,17160.0,593.0,006980
2026-09-30,2830.0,2880.0,2780.0,2790.0,17981.0,378850
2026-09-30,43250.0,43250.0,42450.0,42550.0,1016.0,006125
2026-09-30,1411.0,1415.0,1402.0,1408.0,53583.0,012690
2026-09-30,3540.0,3550.0,3495.0,3500.0,17080.0,010770
2026-09-30,1070.0,1095.0,1064.0,1074.0,113562.0,021050
2026-09-30,2705.0,2720.0,2635.0,2660.0,111973.0,011230
2026-09-30,3215.0,3295.0,3215.0,3245.0,10060.0,004830
2026-09-30,3320.0,3320.0,3250.0,3250.0,6519.0,123700
2026-09-30,66000.0,66000.0,65100.0,65200.0,216.0,005305
2026-09-30,4965.0,5110.0,4965.0,5000.0,6719.0,023810
2026-09-30,30100.0,30100.0,29200.0,29700.0,32.0,000950
2026-09-30,4255.0,4265.0,4180.0,4220.0,10671.0,006880
2026-09-30,1952.0,2000.0,1927.0,1936.0,93504.0,007460
2026-09-30,1710.0,1710.0,1642.0,1667.0,105182.0,002630
2026-09-30,0.0,0.0,0.0,2670.0,0.0,011000
2026-09-30,1950.0,1960.0,1930.0,1953.0,54066.0,002140
2026-09-30,45200.0,46700.0,44950.0,46000.0,2707.0,011390
2026-09-30,2965.0,2965.0,2795.0,2795.0,48208.0,011300
2026-09-30,2160.0,2180.0,2140.0,2165.0,13255.0,001620
2026-09-30,18440.0,18880.0,18000.0,18640.0,16411.0,009835
2026-09-30,1244.0,1244.0,1201.0,1203.0,46299.0,004410
2026-09-30,969.0,969.0,952.0,960.0,54332.0,009320
2026-09-30,0.0,0.0,0.0,907.0,0.0,004920
2026-09-30,0.0,0.0,0.0,603.0,0.0,007110
2026-09-30,1234.0,1256.0,1234.0,1247.0,12751.0,004540
2026-09-30,0.0,0.0,0.0,2660.0,0.0,069460
2026-09-30,2175.0,2185.0,2155.0,2155.0,6776.0,041650
2026-09-30,1839.0,1870.0,1827.0,1850.0,59283.0,357250
2026-09-30,4445.0,4750.0,4420.0,4600.0,1939.0,101140
2026-09-30,1776.0,1803.0,1733.0,1780.0,59368.0,002920
2026-09-30,2925.0,3000.0,2920.0,2935.0,11987.0,000910
2026-09-30,0.0,0.0,0.0,5110.0,0.0,074610
2026-09-30,2195.0,2220.0,2170.0,2210.0,16412.0,003080
2026-09-30,3445.0,3470.0,3345.0,3360.0,57515.0,092780
2026-09-30,2175.0,2290.0,2140.0,2150.0,4639.0,084870
2026-09-30,3430.0,3460.0,3360.0,3370.0,8207.0,004910
2026-09-30,2135.0,2315.0,2125.0,2150.0,590515.0,026940
2026-09-30,2170.0,2175.0,2070.0,2085.0,205721.0,008420
2026-09-30,1994.0,1994.0,1935.0,1954.0,199812.0,014910
2026-09-30,965.0,985.0,963.0,979.0,14336.0,481850
2026-09-30,1280.0,1280.0,1230.0,1242.0,54141.0,005320
2026-09-30,1235.0,1245.0,1222.0,1235.0,46891.0,017180
2026-09-30,2095.0,2105.0,2055.0,2060.0,31331.0,004060
2026-09-30,0.0,0.0,0.0,541.0,0.0,019490
2026-09-30,3870.0,3900.0,3830.0,3890.0,27011.0,446070
2026-09-30,3900.0,4155.0,3730.0,3770.0,71010.0,023350
2026-09-30,25000.0,25000.0,24100.0,24250.0,2268.0,000215
2026-09-30,0.0,0.0,0.0,932.0,0.0,017040
2026-09-30,39500.0,40950.0,39000.0,40250.0,108.0,008870
2026-09-30,1995.0,1995.0,1912.0,1948.0,3932.0,009810
2026-09-30,4055.0,4055.0,3905.0,3930.0,51972.0,011330
2026-09-30,1445.0,1445.0,1422.0,1427.0,16057.0,011420
2026-09-30,3300.0,3600.0,3095.0,3520.0,196299.0,002360
2026-09-30,951.0,951.0,890.0,916.0,234622.0,047400
2026-09-30,1000.0,1012.0,994.0,1009.0,23003.0,023960
2026-09-30,1104.0,1104.0,1068.0,1088.0,49018.0,002870
2026-09-30,787.0,794.0,786.0,789.0,4150.0,145270
2026-09-30,1805.0,1805.0,1740.0,1772.0,41700.0,051630
2026-09-30,1895.0,1968.0,1860.0,1884.0,33369.0,049800
2026-09-30,18550.0,18790.0,18480.0,18480.0,263.0,134790
2026-09-30,984.0,1005.0,955.0,987.0,40468.0,133820
2026-09-30,2200.0,2225.0,2150.0,2190.0,41210.0,010640
2026-09-30,1150.0,1171.0,1132.0,1136.0,11493.0,027740
2026-09-30,1292.0,1324.0,1291.0,1305.0,125993.0,000890
2026-09-30,718.0,810.0,678.0,773.0,1397027.0,009190
2026-09-30,1186.0,1202.0,1176.0,1201.0,17263.0,013000
2026-09-30,3100.0,3155.0,3040.0,3125.0,14984.0,008250
2026-09-30,3550.0,3550.0,3405.0,3425.0,26321.0,012280
2026-09-30,9160.0,9240.0,9130.0,9170.0,4576.0,004365
2026-09-30,2740.0,2740.0,2690.0,2735.0,5105.0,009460
2026-09-30,12050.0,12630.0,11850.0,12000.0,108.0,000760
2026-09-30,0.0,0.0,0.0,1199.0,0.0,143210
2026-09-30,14560.0,14830.0,14270.0,14550.0,1905.0,005820
2026-09-30,3370.0,3640.0,3370.0,3510.0,29792.0,002880
2026-09-30,2010.0,2110.0,2000.0,2045.0,6430.0,012160
2026-09-30,1171.0,1198.0,1158.0,1166.0,22653.0,090370
2026-09-30,2470.0,2595.0,2445.0,2535.0,85734.0,088790
2026-09-30,2910.0,2935.0,2855.0,2905.0,30504.0,006370
2026-09-30,4060.0,4130.0,4025.0,4070.0,8286.0,010400
2026-09-30,6550.0,6550.0,6330.0,6410.0,6351.0,003535
2026-09-30,19830.0,19990.0,18860.0,19670.0,8044.0,009140
2026-09-30,2600.0,2630.0,2600.0,2610.0,271.0,014130
2026-09-30,5700.0,5830.0,5640.0,5790.0,3376.0,001070
2026-09-30,1951.0,2000.0,1951.0,2000.0,5160.0,024070
2026-09-30,1878.0,1909.0,1873.0,1882.0,6879.0,025750
2026-09-30,1547.0,1551.0,1500.0,1540.0,25312.0,036420
2026-09-30,1409.0,1409.0,1333.0,1359.0,2016.0,069640
2026-09-30,2625.0,2790.0,2610.0,2630.0,70182.0,025890
2026-09-30,3360.0,3450.0,3325.0,3365.0,1012.0,308170
2026-09-30,4610.0,4645.0,4575.0,4590.0,29117.0,003680
2026-09-30,1904.0,1929.0,1871.0,1871.0,3395.0,006570
2026-09-30,1398.0,1439.0,1383.0,1391.0,27986.0,002690
2026-09-30,1039.0,1039.0,995.0,1030.0,56279.0,007120
2026-09-30,4710.0,4785.0,4655.0,4725.0,6278.0,006740
2026-09-30,14190.0,14190.0,13740.0,13930.0,1429.0,019175
2026-09-30,1279.0,1279.0,1190.0,1220.0,21846.0,118000
2026-09-30,0.0,0.0,0.0,1254.0,0.0,005110
2026-09-30,4250.0,4250.0,4105.0,4120.0,12867.0,033250
2026-09-30,9910.0,10030.0,9760.0,9770.0,8711.0,006345
2026-09-30,3930.0,3960.0,3930.0,3930.0,3285.0,002355
2026-09-30,1500.0,1500.0,1490.0,1500.0,421.0,33637K
2026-09-30,5570.0,5570.0,5500.0,5530.0,1203.0,004270
2026-09-30,832.0,857.0,826.0,826.0,35076.0,357430
2026-09-30,4020.0,4095.0,3995.0,4000.0,2807.0,023150
2026-09-30,22100.0,22300.0,22000.0,22100.0,614.0,003495
2026-09-30,1306.0,1360.0,1245.0,1351.0,64952.0,006490
2026-09-30,1520.0,1520.0,1446.0,1464.0,155802.0,003060
2026-09-30,1921.0,1921.0,1599.0,1660.0,607485.0,071950
2026-09-30,1040.0,1049.0,1025.0,1041.0,63850.0,001380
2026-09-30,0.0,0.0,0.0,5330.0,0.0,009310
2026-09-30,7610.0,7780.0,7400.0,7610.0,1324.0,33626L
2026-09-30,1000.0,1040.0,982.0,998.0,46813.0,004870
2026-09-30,3005.0,3005.0,2895.0,2930.0,29108.0,001420
2026-09-30,4630.0,4850.0,4470.0,4730.0,32248.0,030720
2026-09-30,1170.0,1177.0,1140.0,1142.0,226226.0,005360
2026-09-30,2960.0,3265.0,2910.0,2920.0,39036.0,012170
2026-09-30,28000.0,28000.0,27750.0,27800.0,344.0,008775
2026-09-30,1025.0,1042.0,1001.0,1037.0,21211.0,000040
2026-09-30,14630.0,14650.0,14500.0,14580.0,217.0,001685
2026-09-30,0.0,0.0,0.0,928.0,0.0,015020
2026-09-30,24500.0,24650.0,24050.0,24400.0,102.0,00499K
2026-09-30,18230.0,18700.0,18220.0,18410.0,995.0,108675
2026-09-30,3860.0,4360.0,3795.0,3970.0,138237.0,002070
2026-09-30,0.0,0.0,0.0,296.0,0.0,093240
2026-09-30,0.0,0.0,0.0,2620.0,0.0,008600
2026-09-30,0.0,0.0,0.0,756.0,0.0,009440
2026-09-30,1500.0,1585.0,1356.0,1421.0,71665.0,011090
2026-09-30,1987.0,1987.0,1750.0,1761.0,12192.0,006200
2026-09-30,2375.0,2500.0,2265.0,2290.0,119888.0,465770
2026-09-30,30000.0,30850.0,29600.0,29650.0,1463.0,18064K
2026-09-30,4275.0,4360.0,4100.0,4360.0,3467.0,005725
2026-09-30,18190.0,18530.0,17840.0,17870.0,67.0,005257
2026-09-30,20295.0,20295.0,20010.0,20010.0,16.0,0106J0
2026-09-30,12850.0,12990.0,12690.0,12800.0,427.0,002025
2026-09-30,12100.0,12310.0,12100.0,12280.0,497.0,000087
2026-09-30,2100.0,2170.0,2095.0,2120.0,2649.0,001795
2026-09-30,4065.0,4200.0,4000.0,4150.0,56240.0,004105
2026-09-30,4495.0,4600.0,4495.0,4560.0,6971.0,45226K
2026-09-30,1818.0,1818.0,1618.0,1622.0,95076.0,024890
2026-09-30,1204.0,1245.0,1046.0,1103.0,174395.0,002820
2026-09-30,10600.0,10660.0,10570.0,10600.0,1267.0,00806K
2026-09-30,13970.0,13970.0,13750.0,13760.0,1285.0,084695
2026-09-30,33350.0,33350.0,32750.0,32850.0,41.0,145995
2026-09-30,243.0,254.0,240.0,250.0,311377.0,015260
2026-09-30,14500.0,14690.0,14500.0,14690.0,324.0,00781K
2026-09-30,7540.0,7540.0,7430.0,7530.0,18.0,38380K
2026-09-30,10100.0,10100.0,10100.0,10100.0,1.0,0120X0
2026-09-30,48950.0,48950.0,48950.0,48950.0,0.0,001067
2026-09-30,1922.0,1922.0,1870.0,1900.0,33.0,004255
2026-09-30,13000.0,13240.0,12820.0,13130.0,210.0,003075
2026-09-30,0.0,0.0,0.0,2240.0,0.0,145210
2026-09-30,958.0,970.0,950.0,970.0,5995.0,019685
2026-09-30,19430.0,19430.0,19220.0,19300.0,379.0,001755
2026-09-30,2220.0,2275.0,2220.0,2260.0,2997.0,33637L
2026-09-30,3650.0,3655.0,3570.0,3635.0,2665.0,000225
2026-09-30,3995.0,3995.0,3970.0,3985.0,1406.0,001515
2026-09-30,22200.0,22200.0,22200.0,22200.0,2.0,001065
2026-09-30,28200.0,28200.0,27200.0,27200.0,337.0,000325
2026-09-30,9260.0,9260.0,8860.0,8950.0,1331.0,004985
2026-09-30,4445.0,4445.0,4285.0,4420.0,3574.0,004835
2026-09-30,0.0,0.0,0.0,436.0,0.0,044380
2026-09-30,7590.0,7590.0,7300.0,7410.0,64.0,26490K
2026-09-30,4920.0,4920.0,4890.0,4890.0,4822.0,012205
2026-09-30,11800.0,11800.0,11400.0,11410.0,84.0,090355
2026-09-30,0.0,0.0,0.0,4275.0,0.0,001770
2026-09-30,46.0,62.0,45.0,48.0,23366833.0,005030
2026-09-30,15920.0,15920.0,15010.0,15010.0,10388.0,002995
2026-09-30,9290.0,9290.0,9080.0,9080.0,12.0,000145
2026-09-30,5600.0,5600.0,5480.0,5520.0,589.0,000545
2026-09-30,6070.0,6190.0,6020.0,6020.0,622.0,009415
2026-09-30,17290.0,17300.0,17100.0,17100.0,96.0,005965
2026-09-30,13410.0,13500.0,13410.0,13500.0,50.0,014825
2026-09-30,7950.0,7950.0,7750.0,7750.0,171.0,007575
2026-09-30,2730.0,2965.0,2730.0,2900.0,750.0,36328K
2026-09-30,5570.0,5740.0,5470.0,5690.0,1441.0,014285
2026-09-30,5280.0,5280.0,5200.0,5200.0,29.0,005745
2026-09-30,4850.0,4850.0,4805.0,4805.0,550.0,014915
2026-09-30,7900.0,7900.0,7760.0,7780.0,49.0,000227
2026-09-30,7230.0,7230.0,7010.0,7010.0,430.0,008355
2026-09-30,7670.0,8860.0,7640.0,8860.0,686.0,001525
2026-09-30,3350.0,3500.0,3350.0,3500.0,1624.0,004545
2026-09-30,5900.0,6090.0,5830.0,5900.0,156.0,011155
2026-09-30,5080.0,5080.0,5000.0,5010.0,461.0,001527
2026-09-30,4100.0,4100.0,3860.0,3940.0,1828.0,004415
2026-09-30,8550.0,8550.0,7370.0,7370.0,2977.0,002785
2026-09-30,11840.0,11920.0,11500.0,11520.0,1302.0,002787
2026-09-30,253500.0,259500.0,252500.0,254500.0,194785.0,196170
2026-09-30,79700.0,81600.0,79600.0,80500.0,397768.0,086520
2026-09-30,222000.0,234500.0,216500.0,232500.0,1095981.0,036930
2026-09-30,107800.0,109900.0,107500.0,108800.0,205214.0,247540
2026-09-30,418500.0,429000.0,418000.0,418500.0,31220.0,277810
2026-09-30,130500.0,136500.0,129900.0,131500.0,837339.0,240810
2026-09-30,505000.0,526000.0,504000.0,523000.0,86918.0,039030
2026-09-30,151800.0,152600.0,148000.0,149700.0,325319.0,222800
2026-09-30,74500.0,75500.0,72600.0,73500.0,457337.0,058470
2026-09-30,39850.0,43800.0,37800.0,41150.0,1904240.0,028300
2026-09-30,61100.0,66000.0,60100.0,63900.0,3152806.0,403870
2026-09-30,211500.0,214500.0,207500.0,214000.0,112902.0,095340
2026-09-30,153100.0,153300.0,146000.0,149100.0,218066.0,319660
2026-09-30,283500.0,292000.0,283000.0,286000.0,110361.0,108490
2026-09-30,83600.0,87400.0,81500.0,82700.0,351215.0,440110
2026-09-30,166200.0,174800.0,165700.0,173500.0,93818.0,000250
2026-09-30,183100.0,186000.0,176500.0,180100.0,107026.0,031980
2026-09-30,167200.0,172000.0,165200.0,168300.0,147894.0,084370
2026-09-30,301000.0,311000.0,297500.0,303000.0,45806.0,064760
2026-09-30,171500.0,174000.0,164300.0,167200.0,254709.0,095610
2026-09-30,319000.0,319000.0,306500.0,307500.0,92023.0,214450
2026-09-30,301500.0,301500.0,282000.0,288500.0,50236.0,131290
2026-09-30,391500.0,418500.0,391500.0,408500.0,72815.0,357780
2026-09-30,46750.0,47750.0,46100.0,47550.0,1228459.0,067310
2026-09-30,130000.0,135900.0,127400.0,131700.0,101576.0,087010
2026-09-30,79500.0,81600.0,78900.0,79600.0,109686.0,141080
2026-09-30,49050.0,50200.0,48250.0,48350.0,225894.0,298380
2026-09-30,77700.0,80800.0,76500.0,78050.0,1006751.0,080220
2026-09-30,17240.0,17370.0,16580.0,16690.0,5219654.0,010170
2026-09-30,38900.0,39500.0,38050.0,38150.0,426380.0,257720
2026-09-30,132500.0,137200.0,130800.0,132400.0,57847.0,310210
2026-09-30,37450.0,40400.0,37400.0,38450.0,2299971.0,178320
2026-09-30,47000.0,49850.0,46650.0,47750.0,703546.0,005290
2026-09-30,102900.0,105900.0,101800.0,102700.0,110124.0,226950
2026-09-30,20450.0,21300.0,20150.0,20350.0,716609.0,319400
2026-09-30,184400.0,185500.0,178700.0,179800.0,38613.0,145020
2026-09-30,74000.0,75400.0,72300.0,72300.0,69881.0,140410
2026-09-30,41850.0,42700.0,40700.0,40750.0,65077.0,214370
2026-09-30,97000.0,98600.0,96400.0,96850.0,79557.0,058610
2026-09-30,12370.0,12550.0,12170.0,12280.0,1407904.0,032820
2026-09-30,30400.0,31300.0,29850.0,30850.0,808013.0,098460
2026-09-30,32850.0,33500.0,32800.0,33200.0,219117.0,263750
2026-09-30,26750.0,27000.0,26100.0,26450.0,567309.0,030530
2026-09-30,24950.0,26800.0,24600.0,26250.0,5048017.0,043260
2026-09-30,30850.0,30950.0,30150.0,30150.0,57727.0,214150
2026-09-30,276000.0,287000.0,274500.0,275000.0,26784.0,140860
2026-09-30,42200.0,43000.0,41350.0,41750.0,260072.0,347850
2026-09-30,92900.0,93700.0,91800.0,91800.0,38292.0,237690
2026-09-30,51100.0,53300.0,50700.0,51900.0,593343.0,089030
2026-09-30,98000.0,98400.0,95300.0,97800.0,181299.0,131970
2026-09-30,83800.0,84400.0,81600.0,81600.0,71928.0,041510
2026-09-30,59100.0,61000.0,58700.0,59800.0,164281.0,083650
2026-09-30,53900.0,58700.0,53400.0,58700.0,647143.0,323280
2026-09-30,10680.0,10970.0,10470.0,10750.0,4642195.0,036540
2026-09-30,33450.0,34500.0,32800.0,33450.0,272071.0,183300
2026-09-30,38500.0,38650.0,37950.0,38000.0,81786.0,068760
2026-09-30,32500.0,33150.0,31550.0,31850.0,127262.0,060370
2026-09-30,63000.0,67000.0,62400.0,62900.0,657351.0,089970
2026-09-30,33900.0,35450.0,33550.0,35250.0,442748.0,096530
2026-09-30,131000.0,134700.0,122300.0,126500.0,102774.0,420770
2026-09-30,48050.0,49750.0,47750.0,49450.0,167367.0,437730
2026-09-30,59300.0,59700.0,58200.0,58700.0,223791.0,218410
2026-09-30,24250.0,24650.0,24050.0,24100.0,115862.0,007390
2026-09-30,90700.0,95100.0,90200.0,95000.0,145456.0,078600
2026-09-30,21500.0,22600.0,21150.0,22150.0,93817.0,0009K0
2026-09-30,47750.0,52400.0,47550.0,51800.0,349374.0,290650
2026-09-30,35900.0,36150.0,35300.0,35700.0,65555.0,039200
2026-09-30,38350.0,38400.0,37550.0,37650.0,83739.0,035900
2026-09-30,15200.0,15690.0,15130.0,15350.0,370002.0,950160
2026-09-30,23200.0,23200.0,21600.0,22450.0,1006755.0,204270
2026-09-30,28750.0,29500.0,28000.0,28200.0,109596.0,082920
2026-09-30,24250.0,27000.0,24150.0,25450.0,1270428.0,950260
2026-09-30,130800.0,131900.0,112900.0,113000.0,196366.0,241710
2026-09-30,10960.0,10960.0,10720.0,10770.0,183908.0,003380
2026-09-30,14450.0,15450.0,14230.0,14610.0,2580420.0,232140
2026-09-30,20000.0,20350.0,19370.0,19790.0,466861.0,252990
2026-09-30,59900.0,61000.0,59300.0,59900.0,73050.0,166090
2026-09-30,30250.0,31100.0,29200.0,30850.0,114256.0,127120
2026-09-30,21500.0,22300.0,21200.0,22100.0,544716.0,347700
2026-09-30,39550.0,39850.0,39000.0,39000.0,53661.0,195940
2026-09-30,45200.0,45750.0,44700.0,45650.0,366622.0,356860
2026-09-30,28600.0,29050.0,28150.0,28450.0,97075.0,056190
2026-09-30,9520.0,9560.0,9150.0,9270.0,327699.0,293490
2026-09-30,25850.0,25850.0,25200.0,25800.0,105443.0,458870
2026-09-30,53600.0,59900.0,53500.0,57300.0,115446.0,445680
2026-09-30,21500.0,22250.0,21300.0,21600.0,384031.0,086450
2026-09-30,45200.0,46400.0,44700.0,45250.0,159179.0,101490
2026-09-30,13380.0,14680.0,13380.0,13930.0,3685608.0,417200
2026-09-30,52600.0,53400.0,50600.0,50900.0,156835.0,083450
2026-09-30,56600.0,59000.0,56600.0,57000.0,386415.0,119850
2026-09-30,40450.0,40450.0,38250.0,39100.0,527011.0,161580
2026-09-30,17420.0,17800.0,16810.0,16950.0,283245.0,100790
2026-09-30,50500.0,53500.0,49450.0,49750.0,905823.0,327260
2026-09-30,28000.0,28750.0,27850.0,28100.0,66723.0,160190
2026-09-30,41850.0,44300.0,41550.0,42150.0,60540.0,036830
2026-09-30,89200.0,89500.0,86600.0,88300.0,50503.0,388210
2026-09-30,30950.0,31450.0,30450.0,30500.0,46567.0,065350
2026-09-30,76600.0,78800.0,74700.0,75400.0,85937.0,053800
2026-09-30,8450.0,8610.0,8260.0,8320.0,300543.0,031330
2026-09-30,21500.0,22600.0,21300.0,22000.0,36150.0,115180
2026-09-30,79600.0,80700.0,75200.0,75300.0,56855.0,099320
2026-09-30,32250.0,32600.0,30650.0,30750.0,207376.0,014620
2026-09-30,39450.0,39450.0,36850.0,36875.0,64460.0,035760
2026-09-30,43000.0,43750.0,42550.0,43050.0,64841.0,122870
2026-09-30,11610.0,11610.0,10760.0,10780.0,1026046.0,328130
2026-09-30,29900.0,31300.0,29700.0,30400.0,288332.0,074600
2026-09-30,19140.0,19280.0,18670.0,18750.0,82180.0,032500
2026-09-30,66700.0,67700.0,66400.0,67100.0,15800.0,388720
2026-09-30,63900.0,64400.0,60900.0,63000.0,95888.0,425420
2026-09-30,22200.0,23250.0,21800.0,23150.0,505634.0,059090
2026-09-30,30200.0,31150.0,29850.0,30400.0,78778.0,491000
2026-09-30,47950.0,48600.0,47350.0,47550.0,43219.0,033100
2026-09-30,8260.0,8300.0,8120.0,8180.0,115604.0,085660
2026-09-30,62800.0,63600.0,61000.0,61300.0,43723.0,251970
2026-09-30,38350.0,38500.0,37650.0,37850.0,72958.0,044490
2026-09-30,11400.0,11870.0,11240.0,11470.0,936360.0,281740
2026-09-30,8370.0,9000.0,8160.0,8990.0,2160382.0,033790
2026-09-30,58600.0,60700.0,58000.0,59700.0,74480.0,295310
2026-09-30,75700.0,77000.0,75200.0,75200.0,34035.0,090360
2026-09-30,9750.0,9920.0,9650.0,9800.0,99912.0,041960
2026-09-30,78800.0,81600.0,77400.0,80900.0,58433.0,053610
2026-09-30,19370.0,19390.0,18840.0,18930.0,33076.0,032190
2026-09-30,29650.0,30300.0,29050.0,29200.0,113719.0,213420
2026-09-30,32850.0,34400.0,32400.0,33450.0,373202.0,122640
2026-09-30,6050.0,6145.0,6010.0,6045.0,524051.0,090710
2026-09-30,29450.0,29650.0,27600.0,27750.0,281846.0,023160
2026-09-30,67600.0,68200.0,65900.0,66200.0,23723.0,189300
2026-09-30,53800.0,53900.0,51800.0,52500.0,51202.0,041830
2026-09-30,6500.0,6650.0,6460.0,6510.0,174434.0,038500
2026-09-30,54100.0,54900.0,51500.0,54200.0,310074.0,064290
2026-09-30,71100.0,71600.0,69100.0,69300.0,27105.0,171090
2026-09-30,29250.0,30050.0,29250.0,29450.0,120872.0,137400
2026-09-30,15570.0,15720.0,15300.0,15360.0,128444.0,476060
2026-09-30,22300.0,22550.0,22200.0,22250.0,75040.0,466100
2026-09-30,55400.0,56600.0,55000.0,55900.0,56444.0,121600
2026-09-30,10860.0,10950.0,10570.0,10630.0,158701.0,006730
2026-09-30,10950.0,10990.0,10240.0,10330.0,178646.0,225570
2026-09-30,29250.0,29500.0,28500.0,29350.0,164653.0,033640
2026-09-30,47400.0,49200.0,47050.0,47250.0,69687.0,102710
2026-09-30,23850.0,24750.0,23450.0,24050.0,174296.0,476830
2026-09-30,32250.0,32550.0,30950.0,31175.0,81104.0,036810
2026-09-30,92900.0,96700.0,91500.0,93100.0,274079.0,126340
2026-09-30,28600.0,28950.0,28300.0,28550.0,71215.0,124500
2026-09-30,6930.0,7040.0,6830.0,6860.0,717963.0,048410
2026-09-30,48550.0,49900.0,47500.0,48550.0,245520.0,092870
2026-09-30,133800.0,135300.0,126600.0,126700.0,7502.0,093320
2026-09-30,18900.0,19350.0,17920.0,18130.0,2674054.0,490470
2026-09-30,7650.0,7960.0,7650.0,7890.0,822288.0,222080
2026-09-30,14240.0,14240.0,12800.0,13470.0,1605608.0,077360
2026-09-30,10480.0,10700.0,10210.0,10410.0,171258.0,046890
2026-09-30,20700.0,20950.0,20100.0,20150.0,32118.0,253450
2026-09-30,34450.0,35950.0,33350.0,35400.0,112475.0,456160
2026-09-30,13420.0,13740.0,13240.0,13340.0,397348.0,253590
2026-09-30,92800.0,95900.0,88000.0,91900.0,28559.0,219130
2026-09-30,9650.0,9730.0,9450.0,9505.0,644413.0,050890
2026-09-30,52200.0,53100.0,47800.0,51700.0,189630.0,468530
2026-09-30,32550.0,33200.0,31650.0,32450.0,65270.0,045100
2026-09-30,13050.0,13400.0,12740.0,12840.0,738497.0,144960
2026-09-30,26500.0,27000.0,26150.0,26600.0,55183.0,094170
2026-09-30,38750.0,38750.0,37650.0,37800.0,21697.0,052400
2026-09-30,34750.0,35150.0,32650.0,33000.0,207189.0,089890
2026-09-30,18530.0,20850.0,18320.0,19860.0,417173.0,397030
2026-09-30,46200.0,46750.0,45400.0,45700.0,64542.0,399720
2026-09-30,40000.0,40500.0,39200.0,39750.0,10935.0,079940
2026-09-30,13440.0,13590.0,13210.0,13210.0,74910.0,060250
2026-09-30,32250.0,33000.0,31650.0,31950.0,49680.0,101160
2026-09-30,18270.0,18700.0,17980.0,18270.0,1540917.0,356680
2026-09-30,12540.0,12700.0,12420.0,12500.0,75643.0,009520
2026-09-30,25250.0,25300.0,23800.0,24550.0,303891.0,080580
2026-09-30,16240.0,17340.0,15230.0,16250.0,394378.0,024850
2026-09-30,7970.0,8150.0,7740.0,7930.0,168252.0,358570
2026-09-30,39350.0,41250.0,39200.0,40300.0,185298.0,104830
2026-09-30,15180.0,15330.0,14900.0,14930.0,112081.0,112040
2026-09-30,31300.0,31500.0,30750.0,30900.0,22285.0,037460
2026-09-30,69000.0,69100.0,66800.0,68300.0,11268.0,214430
2026-09-30,7450.0,7480.0,7210.0,7270.0,94448.0,052020
2026-09-30,7410.0,7730.0,7220.0,7650.0,794018.0,187660
2026-09-30,28700.0,32000.0,28700.0,31900.0,574998.0,078350
2026-09-30,67200.0,68200.0,66400.0,66600.0,11000.0,086900
2026-09-30,22300.0,23150.0,21650.0,22150.0,337186.0,475830
2026-09-30,3590.0,4390.0,3315.0,3890.0,4375842.0,067630
2026-09-30,15890.0,16090.0,15670.0,15760.0,77566.0,033500
2026-09-30,12360.0,12820.0,11890.0,12680.0,339232.0,019210
2026-09-30,4705.0,4875.0,4705.0,4845.0,1035584.0,025980
2026-09-30,10200.0,10370.0,10150.0,10330.0,69808.0,082270
2026-09-30,105000.0,105000.0,103000.0,103300.0,645.0,034950
2026-09-30,15910.0,16200.0,15800.0,15900.0,7132.0,099190
2026-09-30,20150.0,20400.0,19850.0,19970.0,122668.0,348340
2026-09-30,32000.0,36450.0,32000.0,35000.0,109532.0,475960
2026-09-30,58300.0,58400.0,54500.0,55800.0,121322.0,098120
2026-09-30,35200.0,36100.0,34850.0,36050.0,21601.0,365340
2026-09-30,27450.0,27600.0,26550.0,26650.0,72283.0,376900
2026-09-30,4150.0,4150.0,4000.0,4105.0,3693052.0,069540
2026-09-30,21900.0,22650.0,21900.0,22000.0,60940.0,383310
2026-09-30,9900.0,9940.0,9350.0,9360.0,55353.0,211050
2026-09-30,5840.0,5880.0,5720.0,5740.0,110280.0,015750
2026-09-30,12800.0,13060.0,12780.0,12840.0,72496.0,460930
2026-09-30,5720.0,5830.0,5670.0,5730.0,601374.0,041190
2026-09-30,3820.0,3900.0,3720.0,3745.0,850367.0,027360
2026-09-30,20450.0,20900.0,20200.0,20650.0,82357.0,348370
2026-09-30,2230.0,2230.0,2165.0,2170.0,151698.0,035890
2026-09-30,18700.0,18880.0,18250.0,18460.0,156225.0,042000
2026-09-30,37750.0,38450.0,36850.0,36900.0,93130.0,078340
2026-09-30,21550.0,23200.0,21150.0,22250.0,210267.0,174900
2026-09-30,27850.0,27850.0,27300.0,27650.0,34171.0,340570
2026-09-30,11600.0,11830.0,11520.0,11560.0,180018.0,056080
2026-09-30,27050.0,27050.0,25650.0,26000.0,171459.0,089010
2026-09-30,18600.0,18940.0,17990.0,18310.0,111488.0,376300
2026-09-30,4810.0,5030.0,4790.0,4850.0,403703.0,336570
2026-09-30,35350.0,36300.0,35200.0,35400.0,16176.0,278280
2026-09-30,42050.0,43150.0,40450.0,40950.0,177059.0,170920
2026-09-30,14320.0,22200.0,12760.0,21050.0,31910409.0,486510
2026-09-30,37250.0,38000.0,36300.0,36600.0,21048.0,013030
2026-09-30,22600.0,22650.0,21150.0,21450.0,343187.0,290550
2026-09-30,21650.0,21850.0,21250.0,21350.0,55606.0,272290
2026-09-30,12220.0,12630.0,12110.0,12160.0,195918.0,018290
2026-09-30,11500.0,11880.0,11490.0,11640.0,359362.0,125490
2026-09-30,17670.0,19500.0,17350.0,18490.0,1685193.0,417840
2026-09-30,12810.0,13270.0,12680.0,12850.0,105914.0,368770
2026-09-30,19880.0,20350.0,19660.0,19780.0,199399.0,486990
2026-09-30,15140.0,15350.0,14790.0,14970.0,184210.0,114810
2026-09-30,17050.0,17590.0,16790.0,17120.0,712775.0,033160
2026-09-30,17640.0,17650.0,17030.0,17080.0,57002.0,030520
2026-09-30,8960.0,9190.0,8810.0,8950.0,1309966.0,332570
2026-09-30,41250.0,41250.0,39300.0,40000.0,9464.0,241770
2026-09-30,36900.0,36950.0,36250.0,36300.0,21697.0,067160
2026-09-30,6040.0,6040.0,5750.0,5780.0,332854.0,204620
2026-09-30,8200.0,9390.0,8050.0,9260.0,2628480.0,200470
2026-09-30,13210.0,13505.0,12850.0,12920.0,422105.0,079370
2026-09-30,27250.0,38850.0,22500.0,38850.0,14636097.0,0035S0
2026-09-30,56400.0,56900.0,55400.0,56700.0,17057.0,236200
2026-09-30,9250.0,9850.0,9190.0,9275.0,1832696.0,441270
2026-09-30,3475.0,3520.0,3445.0,3480.0,43553.0,078130
2026-09-30,29500.0,29800.0,28600.0,29350.0,134281.0,159010
2026-09-30,8430.0,8830.0,8140.0,8400.0,85578.0,092190
2026-09-30,18130.0,18160.0,17700.0,17740.0,33222.0,095660
2026-09-30,11470.0,13100.0,10560.0,11660.0,4023022.0,047920
2026-09-30,37000.0,37050.0,36150.0,36750.0,35635.0,215200
2026-09-30,21700.0,22250.0,21150.0,21400.0,186191.0,477850
2026-09-30,27850.0,28350.0,27500.0,28125.0,74817.0,200710
2026-09-30,35000.0,37200.0,34750.0,35950.0,65472.0,348210
2026-09-30,41550.0,42100.0,40650.0,41450.0,46436.0,107640
2026-09-30,4460.0,4495.0,4410.0,4435.0,83459.0,101730
2026-09-30,24150.0,25000.0,22900.0,23200.0,60438.0,092730
2026-09-30,31450.0,31800.0,30000.0,30500.0,155530.0,330860
2026-09-30,6610.0,6620.0,6510.0,6520.0,19249.0,078020
2026-09-30,11770.0,11770.0,11560.0,11610.0,88091.0,069080
2026-09-30,22900.0,23750.0,22450.0,23150.0,131507.0,039440
2026-09-30,32800.0,32800.0,32300.0,32350.0,1813.0,003800
2026-09-30,6940.0,7150.0,6920.0,7070.0,43262.0,025900
2026-09-30,7110.0,7310.0,7110.0,7200.0,389907.0,006910
2026-09-30,28750.0,29250.0,28250.0,28350.0,178803.0,138080
2026-09-30,9130.0,9150.0,8930.0,9000.0,18588.0,078160
2026-09-30,7700.0,7940.0,7680.0,7740.0,109537.0,036800
2026-09-30,3830.0,3890.0,3795.0,3810.0,334059.0,025320
2026-09-30,17700.0,21100.0,17700.0,18590.0,3947147.0,386380
2026-09-30,27100.0,28700.0,16810.0,18300.0,40279961.0,266690
2026-09-30,28850.0,29600.0,28850.0,29250.0,16741.0,093520
2026-09-30,19200.0,19640.0,18290.0,18550.0,503394.0,052710
2026-09-30,23700.0,26450.0,23500.0,25850.0,140475.0,389470
2026-09-30,10040.0,10310.0,9880.0,10040.0,104416.0,393890
2026-09-30,8140.0,8270.0,8050.0,8160.0,111839.0,060280
2026-09-30,3715.0,3800.0,3690.0,3720.0,143505.0,036620
2026-09-30,24000.0,24200.0,22850.0,23100.0,683328.0,456010
2026-09-30,14740.0,15000.0,14500.0,14780.0,107460.0,117730
2026-09-30,17590.0,18200.0,17400.0,17610.0,68801.0,110990
2026-09-30,7620.0,7820.0,7600.0,7760.0,28467.0,121440
2026-09-30,22000.0,22150.0,21400.0,21800.0,9821.0,372320
2026-09-30,33900.0,38350.0,33900.0,36550.0,54152.0,199800
2026-09-30,1137.0,1143.0,1086.0,1126.0,1128086.0,018000
2026-09-30,4350.0,4435.0,4335.0,4345.0,321959.0,064260
2026-09-30,15540.0,15930.0,15540.0,15790.0,76417.0,017890
2026-09-30,2340.0,2425.0,2285.0,2350.0,931364.0,215600
2026-09-30,21250.0,21400.0,21050.0,21150.0,14631.0,455900
2026-09-30,7480.0,7700.0,7250.0,7410.0,1313811.0,046970
2026-09-30,10490.0,11320.0,10490.0,11030.0,585070.0,446540
2026-09-30,51400.0,53300.0,51400.0,52000.0,14385.0,448900
2026-09-30,4600.0,4705.0,4450.0,4475.0,291374.0,061970
2026-09-30,40500.0,40500.0,37700.0,38700.0,28396.0,452430
2026-09-30,10360.0,10590.0,10070.0,10160.0,249619.0,036200
2026-09-30,13700.0,15170.0,13420.0,14160.0,2620491.0,425040
2026-09-30,14000.0,14300.0,13690.0,13840.0,63854.0,168360
2026-09-30,22200.0,22600.0,22050.0,22300.0,82642.0,234340
2026-09-30,3290.0,3400.0,3215.0,3320.0,53745.0,900290
2026-09-30,14050.0,15000.0,13870.0,13910.0,311641.0,482630
2026-09-30,3255.0,3370.0,3220.0,3335.0,583032.0,424870
2026-09-30,8310.0,8380.0,8200.0,8250.0,43223.0,206650
2026-09-30,10600.0,10610.0,10200.0,10480.0,26081.0,488900
2026-09-30,10910.0,12160.0,10830.0,12070.0,129126.0,228760
2026-09-30,21100.0,21850.0,20750.0,20850.0,91074.0,042520
2026-09-30,27000.0,28200.0,26600.0,27000.0,83062.0,160980
2026-09-30,13450.0,14120.0,13250.0,13980.0,350258.0,086390
2026-09-30,7270.0,7330.0,6960.0,7090.0,212892.0,484590
2026-09-30,16650.0,16980.0,16540.0,16850.0,10451.0,092460
2026-09-30,19230.0,19490.0,19100.0,19160.0,49522.0,265520
2026-09-30,24000.0,24150.0,23750.0,23800.0,6536.0,054950
2026-09-30,9350.0,9700.0,9320.0,9690.0,7502.0,448280
2026-09-30,4495.0,4530.0,4440.0,4440.0,152883.0,035810
2026-09-30,7800.0,7800.0,7630.0,7630.0,11543.0,025770
2026-09-30,11950.0,12040.0,11310.0,11640.0,54210.0,071200
2026-09-30,2660.0,2675.0,2655.0,2655.0,65885.0,136480
2026-09-30,18300.0,18390.0,17940.0,17960.0,38370.0,049070
2026-09-30,21250.0,21400.0,20750.0,20800.0,9901.0,352480
2026-09-30,12000.0,12770.0,11790.0,12230.0,4444144.0,012210
2026-09-30,6150.0,6350.0,6110.0,6150.0,10601.0,101930
2026-09-30,24800.0,25350.0,24800.0,24900.0,12741.0,200670
2026-09-30,10600.0,10770.0,10480.0,10640.0,400986.0,042370
2026-09-30,22150.0,22150.0,21700.0,21750.0,8900.0,084110
2026-09-30,2725.0,2805.0,2690.0,2710.0,1615918.0,203650
2026-09-30,41500.0,42350.0,40900.0,41200.0,33176.0,389500
2026-09-30,4925.0,4925.0,4725.0,4750.0,33463.0,472850
2026-09-30,20750.0,20900.0,20100.0,20400.0,158379.0,091580
2026-09-30,9910.0,9920.0,9750.0,9780.0,32332.0,035600
2026-09-30,6130.0,6440.0,6090.0,6200.0,1862554.0,024840
2026-09-30,12380.0,12500.0,12110.0,12420.0,43450.0,378340
2026-09-30,0.0,0.0,0.0,21000.0,0.0,309710
2026-09-30,30750.0,32950.0,30600.0,32400.0,34035.0,389650
2026-09-30,23800.0,24150.0,23650.0,24050.0,58350.0,098070
2026-09-30,4550.0,5310.0,4500.0,5120.0,1041715.0,314130
2026-09-30,0.0,0.0,0.0,3670.0,0.0,182400
2026-09-30,12600.0,12650.0,12300.0,12470.0,158221.0,094360
2026-09-30,3980.0,4020.0,3855.0,3865.0,206645.0,099440
2026-09-30,24150.0,24900.0,23900.0,24000.0,34055.0,484120
2026-09-30,26200.0,26400.0,25900.0,26100.0,19493.0,294570
2026-09-30,9890.0,10230.0,9860.0,9970.0,116274.0,394280
2026-09-30,17000.0,17790.0,16700.0,17430.0,23405.0,287840
2026-09-30,17410.0,17650.0,17390.0,17550.0,17920.0,043150
2026-09-30,9770.0,9770.0,9240.0,9400.0,60011.0,068930
2026-09-30,7850.0,8290.0,7690.0,7840.0,944484.0,032580
2026-09-30,20650.0,21000.0,20250.0,20750.0,9428.0,304360
2026-09-30,39300.0,40950.0,38800.0,40600.0,72895.0,354320
2026-09-30,11170.0,11250.0,10930.0,10930.0,51787.0,060720
2026-09-30,21900.0,21900.0,21500.0,21750.0,2444.0,051500
2026-09-30,16110.0,16270.0,15850.0,16100.0,25213.0,089980
2026-09-30,13310.0,14200.0,13240.0,13380.0,2460686.0,452280
2026-09-30,5230.0,5250.0,5110.0,5130.0,138971.0,091700
2026-09-30,0.0,0.0,0.0,3320.0,0.0,121800
2026-09-30,11570.0,11700.0,11500.0,11540.0,35811.0,036890
2026-09-30,12520.0,12790.0,12240.0,12360.0,75540.0,317330
2026-09-30,0.0,0.0,0.0,4080.0,0.0,377460
2026-09-30,33200.0,33300.0,32700.0,32900.0,3558.0,267980
2026-09-30,14410.0,14700.0,14340.0,14700.0,2352.0,377450
2026-09-30,5960.0,6070.0,5900.0,5940.0,49914.0,067390
2026-09-30,17350.0,18000.0,17150.0,17260.0,119750.0,254490
2026-09-30,5300.0,5390.0,5180.0,5210.0,246159.0,151860
2026-09-30,10900.0,12800.0,10820.0,12310.0,1096021.0,112290
2026-09-30,3220.0,3235.0,3200.0,3215.0,79724.0,023410
2026-09-30,5340.0,5840.0,5240.0,5240.0,190008.0,0011T0
2026-09-30,17250.0,17760.0,16300.0,16550.0,118076.0,493280
2026-09-30,32250.0,32850.0,32000.0,32200.0,35503.0,073490
2026-09-30,30200.0,31450.0,29700.0,30600.0,72375.0,272110
2026-09-30,7520.0,7520.0,7520.0,7520.0,500593.0,439960
2026-09-30,27400.0,27750.0,27000.0,27200.0,14036.0,100120
2026-09-30,4935.0,4995.0,4935.0,4960.0,32735.0,036030
2026-09-30,18600.0,18720.0,18180.0,18180.0,24408.0,461300
2026-09-30,14930.0,15120.0,14730.0,14770.0,54516.0,439090
2026-09-30,22100.0,22200.0,21650.0,21900.0,15059.0,445090
2026-09-30,2550.0,2665.0,2300.0,2525.0,811471.0,115450
2026-09-30,23000.0,23750.0,23000.0,23550.0,26650.0,011560
2026-09-30,4670.0,4670.0,4470.0,4490.0,172449.0,036710
2026-09-30,7530.0,7750.0,7530.0,7690.0,31732.0,064820
2026-09-30,11410.0,11410.0,11210.0,11250.0,6194.0,043370
2026-09-30,8790.0,8840.0,8720.0,8770.0,66758.0,108860
2026-09-30,32700.0,33250.0,32450.0,32650.0,3574.0,376270
2026-09-30,25600.0,25600.0,24600.0,25000.0,9819.0,065680
2026-09-30,12870.0,13240.0,12870.0,12980.0,44559.0,389260
2026-09-30,6200.0,6240.0,5940.0,6120.0,300195.0,450950
2026-09-30,23000.0,23200.0,19710.0,22950.0,1762657.0,0010S0
2026-09-30,6820.0,6820.0,5890.0,6110.0,606532.0,216080
2026-09-30,17320.0,17950.0,16220.0,16580.0,189895.0,085910
2026-09-30,19080.0,19170.0,18930.0,19100.0,12231.0,243070
2026-09-30,2260.0,2400.0,2195.0,2350.0,69221.0,180400
2026-09-30,20800.0,21400.0,19990.0,19990.0,31927.0,064850
2026-09-30,45350.0,45350.0,43500.0,43850.0,8166.0,065710
2026-09-30,10000.0,10400.0,9740.0,10170.0,60692.0,365270
2026-09-30,7830.0,7890.0,7820.0,7850.0,9997.0,200130
2026-09-30,24850.0,25550.0,24700.0,24900.0,18723.0,416180
2026-09-30,36000.0,36000.0,35550.0,35800.0,9110.0,215000
2026-09-30,1421.0,1421.0,1405.0,1412.0,32751.0,023760
2026-09-30,5680.0,5790.0,5650.0,5670.0,128921.0,094480
2026-09-30,4140.0,4245.0,4135.0,4140.0,98335.0,298830
2026-09-30,14290.0,14290.0,13970.0,14030.0,25619.0,144510
2026-09-30,3325.0,3590.0,3325.0,3570.0,370289.0,099430
2026-09-30,22950.0,23800.0,22950.0,23300.0,12198.0,0008Z0
2026-09-30,15780.0,15790.0,15210.0,15540.0,27441.0,190510
2026-09-30,26100.0,26200.0,24700.0,24900.0,215630.0,382900
2026-09-30,8220.0,8360.0,8140.0,8170.0,84942.0,241520
2026-09-30,8390.0,8510.0,8280.0,8340.0,45240.0,114190
2026-09-30,3340.0,3445.0,3150.0,3175.0,7619289.0,256840
2026-09-30,4895.0,4895.0,4500.0,4510.0,152747.0,019010
2026-09-30,8420.0,8490.0,8310.0,8400.0,99314.0,064550
2026-09-30,17000.0,18400.0,16740.0,17610.0,2781212.0,0161M0
2026-09-30,14740.0,14900.0,14690.0,14690.0,9753.0,018310
2026-09-30,18280.0,18400.0,18030.0,18070.0,28759.0,475400
2026-09-30,11560.0,11630.0,11450.0,11450.0,18363.0,067080
2026-09-30,12140.0,12150.0,11740.0,11770.0,45075.0,237880
2026-09-30,10590.0,10740.0,10550.0,10570.0,7911.0,005710
2026-09-30,5550.0,5600.0,5430.0,5490.0,98068.0,243840
2026-09-30,8500.0,8540.0,8230.0,8280.0,41945.0,0001A0
2026-09-30,5700.0,5800.0,5610.0,5710.0,89519.0,307180
2026-09-30,6050.0,6180.0,5980.0,6000.0,226685.0,125020
2026-09-30,9510.0,9660.0,9470.0,9540.0,11733.0,206640
2026-09-30,2930.0,3000.0,2905.0,2955.0,610964.0,045390
2026-09-30,15000.0,15100.0,14510.0,14530.0,3344.0,481070
2026-09-30,2210.0,2315.0,2165.0,2180.0,2334855.0,078150
2026-09-30,0.0,0.0,0.0,8450.0,0.0,380540
2026-09-30,4245.0,4245.0,4165.0,4210.0,12354.0,950170
2026-09-30,16400.0,16850.0,15830.0,16520.0,11454.0,058970
2026-09-30,6760.0,6760.0,6330.0,6420.0,636193.0,394800
2026-09-30,6600.0,6740.0,6550.0,6610.0,53069.0,095500
2026-09-30,34450.0,34450.0,34000.0,34100.0,1116.0,036190
2026-09-30,24100.0,24400.0,23150.0,23300.0,232408.0,126730
2026-09-30,8680.0,8920.0,8250.0,8630.0,683560.0,340450
2026-09-30,6250.0,6320.0,6150.0,6190.0,28911.0,053030
2026-09-30,2845.0,2935.0,2815.0,2825.0,400992.0,462860
2026-09-30,4400.0,4535.0,4400.0,4435.0,72172.0,014940
2026-09-30,2080.0,2170.0,2075.0,2140.0,143474.0,217730
2026-09-30,6140.0,6170.0,6060.0,6060.0,14617.0,353810
2026-09-30,5080.0,5100.0,5010.0,5060.0,73786.0,053300
2026-09-30,15500.0,15590.0,15360.0,15430.0,21010.0,459510
2026-09-30,6930.0,7150.0,6780.0,7140.0,40793.0,293780
2026-09-30,22200.0,22950.0,21600.0,22050.0,24423.0,049430
2026-09-30,6330.0,6520.0,5810.0,5870.0,412916.0,462350
2026-09-30,6530.0,6760.0,6470.0,6680.0,18333.0,314930
2026-09-30,11010.0,11540.0,11000.0,11160.0,76754.0,083310
2026-09-30,36700.0,36850.0,35300.0,36050.0,7973.0,061090
2026-09-30,17570.0,17700.0,17410.0,17500.0,37423.0,199430
2026-09-30,6930.0,6950.0,6750.0,6850.0,72784.0,176750
2026-09-30,0.0,0.0,0.0,2410.0,0.0,080720
2026-09-30,19390.0,19700.0,19070.0,19210.0,26847.0,086670
2026-09-30,5130.0,5330.0,5050.0,5260.0,148908.0,452450
2026-09-30,12010.0,12150.0,11920.0,11930.0,4108.0,036560
2026-09-30,0.0,0.0,0.0,994.0,0.0,016790
2026-09-30,23100.0,23550.0,22800.0,23000.0,8334.0,042420
2026-09-30,2935.0,3000.0,2935.0,2980.0,26846.0,126600
2026-09-30,17540.0,17700.0,17330.0,17390.0,11342.0,143240
2026-09-30,2060.0,2090.0,2040.0,2050.0,32496.0,013120
2026-09-30,9810.0,10120.0,9810.0,9960.0,221851.0,388050
2026-09-30,6000.0,6000.0,5900.0,5900.0,4266.0,034810
2026-09-30,23500.0,23800.0,23150.0,23300.0,75941.0,123330
2026-09-30,17680.0,18900.0,17520.0,18270.0,96304.0,419530
2026-09-30,8120.0,8240.0,8100.0,8150.0,6138.0,084850
2026-09-30,24750.0,25750.0,24300.0,24700.0,2998.0,066620
2026-09-30,10500.0,10700.0,10300.0,10400.0,13542.0,052330
2026-09-30,14730.0,15010.0,14590.0,14640.0,35543.0,304100
2026-09-30,13960.0,14280.0,13730.0,14080.0,37829.0,102940
2026-09-30,32100.0,32200.0,30450.0,31750.0,117618.0,417030
2026-09-30,10190.0,10240.0,10040.0,10070.0,32186.0,194700
2026-09-30,10430.0,10610.0,10050.0,10200.0,104948.0,464080
2026-09-30,5430.0,5920.0,5430.0,5770.0,1968925.0,382800
2026-09-30,3310.0,3735.0,3310.0,3375.0,2718309.0,005160
2026-09-30,30000.0,30400.0,29350.0,29450.0,5223.0,192440
2026-09-30,9890.0,10030.0,9660.0,9800.0,75760.0,041920
2026-09-30,11850.0,11930.0,11650.0,11770.0,39684.0,484810
2026-09-30,12460.0,12640.0,12300.0,12360.0,34681.0,083930
2026-09-30,14630.0,14630.0,13820.0,13920.0,69391.0,308430
2026-09-30,13690.0,14030.0,13470.0,13510.0,86651.0,230240
2026-09-30,6190.0,6990.0,6190.0,6770.0,313847.0,119830
2026-09-30,13610.0,14240.0,13610.0,14000.0,77988.0,163730
2026-09-30,11720.0,12010.0,11590.0,11950.0,545928.0,024060
2026-09-30,11630.0,11930.0,11590.0,11800.0,44018.0,094820
2026-09-30,15490.0,15890.0,15250.0,15650.0,32014.0,138610
2026-09-30,9270.0,10050.0,9270.0,9890.0,331849.0,234690
2026-09-30,2870.0,3470.0,2870.0,3350.0,3557045.0,290690
2026-09-30,12560.0,12630.0,12290.0,12320.0,26319.0,403850
2026-09-30,6520.0,6920.0,6520.0,6860.0,43981.0,220100
2026-09-30,14590.0,15590.0,14520.0,15560.0,42687.0,119610
2026-09-30,21250.0,24000.0,20700.0,22800.0,180432.0,355150
2026-09-30,18300.0,18730.0,18300.0,18550.0,12687.0,108380
2026-09-30,14000.0,14000.0,13520.0,13540.0,68984.0,214180
2026-09-30,8020.0,8120.0,7900.0,7930.0,52371.0,068790
2026-09-30,5150.0,5290.0,5110.0,5190.0,284590.0,046120
2026-09-30,19170.0,19720.0,18920.0,19330.0,96978.0,263860
2026-09-30,3210.0,4170.0,3210.0,3795.0,2096209.0,084990
2026-09-30,6500.0,6890.0,6410.0,6740.0,49739.0,086820
2026-09-30,14400.0,14560.0,14110.0,14180.0,17732.0,405100
2026-09-30,15340.0,15860.0,15320.0,15480.0,25603.0,318060
2026-09-30,4485.0,4665.0,4465.0,4545.0,371071.0,039860
2026-09-30,11980.0,12710.0,11760.0,12500.0,141501.0,187870
2026-09-30,2805.0,2890.0,2780.0,2835.0,123881.0,082800
2026-09-30,2670.0,2830.0,2650.0,2790.0,173111.0,036170
2026-09-30,14390.0,14390.0,14190.0,14240.0,1685.0,092130
2026-09-30,6650.0,6770.0,6650.0,6670.0,51091.0,122990
2026-09-30,59800.0,60800.0,58800.0,58800.0,4395.0,260970
2026-09-30,12800.0,12860.0,12330.0,12430.0,316045.0,274090
2026-09-30,15950.0,15970.0,15750.0,15830.0,1043.0,143160
2026-09-30,14350.0,14600.0,13920.0,13940.0,33654.0,194480
2026-09-30,14680.0,14990.0,14100.0,14440.0,38272.0,0015G0
2026-09-30,4865.0,5140.0,4865.0,5130.0,249744.0,013990
2026-09-30,13310.0,13800.0,13240.0,13290.0,32075.0,270660
2026-09-30,1129.0,1141.0,1106.0,1116.0,1148449.0,255220
2026-09-30,11620.0,11790.0,11300.0,11340.0,18921.0,489460
2026-09-30,15860.0,16090.0,15430.0,15540.0,22178.0,039830
2026-09-30,5530.0,5620.0,5500.0,5530.0,106623.0,264850
2026-09-30,2290.0,2370.0,2275.0,2285.0,271615.0,012860
2026-09-30,0.0,0.0,0.0,741.0,0.0,245620
2026-09-30,3190.0,3225.0,3140.0,3190.0,54485.0,032620
2026-09-30,7570.0,7720.0,7450.0,7520.0,70253.0,199820
2026-09-30,2955.0,3020.0,2915.0,2965.0,2095101.0,067290
2026-09-30,6670.0,6770.0,6520.0,6590.0,60287.0,054210
2026-09-30,9100.0,9880.0,8960.0,9610.0,178545.0,445180
2026-09-30,10050.0,10050.0,9930.0,9940.0,4471.0,038390
2026-09-30,30500.0,30600.0,30100.0,30300.0,1093.0,357550
2026-09-30,11370.0,11670.0,11250.0,11280.0,38625.0,264450
2026-09-30,5930.0,6000.0,5880.0,5930.0,34225.0,123410
2026-09-30,1828.0,1859.0,1800.0,1813.0,120764.0,104480
2026-09-30,10990.0,11200.0,10730.0,11000.0,51333.0,126700
2026-09-30,8850.0,9070.0,8810.0,8960.0,154478.0,032940
2026-09-30,12890.0,12890.0,11810.0,11910.0,155506.0,149950
2026-09-30,2920.0,2970.0,2875.0,2925.0,35887.0,204610
2026-09-30,6970.0,7100.0,6890.0,6930.0,118535.0,049630
2026-09-30,2110.0,2235.0,2110.0,2140.0,109281.0,088800
2026-09-30,8170.0,8200.0,8110.0,8130.0,4564.0,950140
2026-09-30,20400.0,20800.0,20000.0,20250.0,7729.0,372170
2026-09-30,2665.0,3050.0,2545.0,2805.0,23850707.0,267320
2026-09-30,7000.0,7000.0,6760.0,6880.0,133444.0,051370
2026-09-30,12480.0,12510.0,11800.0,11900.0,91928.0,051160
2026-09-30,15210.0,15580.0,14780.0,14850.0,414144.0,488280
2026-09-30,13870.0,14300.0,13640.0,13830.0,382531.0,478340
2026-09-30,8350.0,8940.0,8280.0,8540.0,1699214.0,0039P0
2026-09-30,2670.0,2725.0,2640.0,2655.0,383842.0,289080
2026-09-30,8490.0,8490.0,8300.0,8300.0,3479.0,093190
2026-09-30,0.0,0.0,0.0,1153.0,0.0,066410
2026-09-30,3005.0,3050.0,2945.0,2960.0,257983.0,475040
2026-09-30,5680.0,6240.0,5070.0,5310.0,10654386.0,052260
2026-09-30,5270.0,5390.0,5110.0,5170.0,414248.0,388790
2026-09-30,13370.0,13370.0,13210.0,13280.0,5413.0,072870
2026-09-30,4845.0,5060.0,4845.0,4920.0,86878.0,418550
2026-09-30,12200.0,12300.0,11650.0,11840.0,84881.0,0082N0
2026-09-30,3850.0,4010.0,3800.0,3865.0,99210.0,086890
2026-09-30,13400.0,13890.0,13330.0,13490.0,42951.0,092070
2026-09-30,6450.0,6480.0,6340.0,6410.0,22165.0,118990
2026-09-30,13160.0,13250.0,12960.0,12960.0,8335.0,123860
2026-09-30,8600.0,9330.0,8460.0,8710.0,382699.0,251370
2026-09-30,26450.0,26450.0,25900.0,26050.0,2622.0,023910
2026-09-30,12710.0,12830.0,12300.0,12430.0,12932.0,402030
2026-09-30,8330.0,8500.0,8220.0,8230.0,35670.0,080160
2026-09-30,4540.0,4540.0,4390.0,4420.0,4134.0,024800
2026-09-30,26400.0,26425.0,26000.0,26200.0,5497.0,067280
2026-09-30,10790.0,11260.0,10760.0,10940.0,116444.0,432720
2026-09-30,5030.0,5060.0,5000.0,5030.0,4575.0,011040
2026-09-30,26600.0,28300.0,26600.0,26850.0,23812.0,474650
2026-09-30,14360.0,14840.0,14280.0,14370.0,38323.0,226590
2026-09-30,12590.0,12640.0,12300.0,12430.0,10112.0,041520
2026-09-30,3085.0,3140.0,3065.0,3085.0,98117.0,041020
2026-09-30,14670.0,14950.0,14370.0,14780.0,7558.0,054800
2026-09-30,7240.0,7450.0,7240.0,7370.0,63110.0,222040
2026-09-30,10190.0,10350.0,10040.0,10080.0,35081.0,054450
2026-09-30,10090.0,10090.0,9980.0,9990.0,510.0,007330
2026-09-30,8700.0,8940.0,8700.0,8810.0,6649.0,078070
2026-09-30,8930.0,9130.0,8920.0,9090.0,24647.0,300080
2026-09-30,20050.0,20350.0,19530.0,19620.0,632646.0,387690
2026-09-30,23300.0,24050.0,23100.0,23450.0,12453.0,489500
2026-09-30,4050.0,4175.0,4050.0,4100.0,390973.0,413630
2026-09-30,7190.0,8450.0,7120.0,8010.0,8345235.0,053260
2026-09-30,8850.0,10020.0,8730.0,9720.0,214032.0,494120
2026-09-30,11630.0,12190.0,11630.0,11950.0,4826.0,042600
2026-09-30,4590.0,4900.0,4500.0,4610.0,37908.0,093640
2026-09-30,4615.0,4640.0,4550.0,4580.0,14223.0,179290
2026-09-30,3315.0,3370.0,2945.0,2980.0,341386.0,134580
2026-09-30,14520.0,14800.0,14040.0,14660.0,14726.0,065660
2026-09-30,4420.0,4650.0,4350.0,4565.0,368691.0,220260
2026-09-30,4505.0,4765.0,3985.0,4085.0,3704366.0,950250
2026-09-30,7950.0,9220.0,7950.0,8210.0,1004570.0,102120
2026-09-30,4060.0,4060.0,4000.0,4015.0,31865.0,046440
2026-09-30,18410.0,18720.0,18020.0,18050.0,57185.0,0007C0
2026-09-30,8220.0,8420.0,7930.0,8120.0,180234.0,101360
2026-09-30,1720.0,1765.0,1701.0,1723.0,130872.0,205500
2026-09-30,9080.0,9110.0,8940.0,8970.0,9101.0,023600
2026-09-30,5570.0,5690.0,5370.0,5400.0,1469367.0,396300
2026-09-30,4110.0,4185.0,4000.0,4015.0,63673.0,148150
2026-09-30,13250.0,13250.0,13070.0,13070.0,3293.0,069510
2026-09-30,10850.0,10870.0,10650.0,10710.0,273.0,005990
2026-09-30,6150.0,6210.0,5890.0,5910.0,2718326.0,452190
2026-09-30,1608.0,1648.0,1590.0,1609.0,238908.0,048870
2026-09-30,14950.0,15370.0,14860.0,15130.0,110901.0,322310
2026-09-30,15070.0,15250.0,14960.0,15010.0,11650.0,049960
2026-09-30,6990.0,7110.0,6980.0,7040.0,92609.0,147830
2026-09-30,14530.0,14680.0,14170.0,14470.0,53519.0,264660
2026-09-30,12430.0,12430.0,12200.0,12280.0,7544.0,089600
2026-09-30,9480.0,9590.0,9330.0,9430.0,1912.0,115310
2026-09-30,10300.0,10600.0,10190.0,10460.0,90759.0,232680
2026-09-30,9420.0,9610.0,9320.0,9370.0,924.0,101970
2026-09-30,8340.0,8750.0,8250.0,8330.0,165087.0,228850
2026-09-30,8270.0,8360.0,8170.0,8210.0,8641.0,114840
2026-09-30,15840.0,15860.0,15230.0,15290.0,34525.0,469610
2026-09-30,5010.0,5090.0,4970.0,5000.0,9923.0,035610
2026-09-30,10400.0,10880.0,10400.0,10660.0,22059.0,146320
2026-09-30,10150.0,10380.0,10100.0,10180.0,30771.0,212560
2026-09-30,1560.0,1648.0,1541.0,1551.0,507801.0,138360
2026-09-30,20700.0,20700.0,20300.0,20500.0,1586.0,003100
2026-09-30,8970.0,9140.0,8850.0,8940.0,68168.0,211270
2026-09-30,7430.0,7520.0,7340.0,7350.0,161796.0,059120
2026-09-30,2935.0,2975.0,2905.0,2960.0,12822.0,060150
2026-09-30,4500.0,4555.0,4440.0,4465.0,18771.0,321550
2026-09-30,10800.0,10930.0,10280.0,10660.0,310398.0,0015N0
2026-09-30,12400.0,12480.0,12230.0,12280.0,7750.0,038290
2026-09-30,8170.0,8380.0,8090.0,8150.0,50587.0,451760
2026-09-30,3300.0,3410.0,3270.0,3320.0,121615.0,073010
2026-09-30,7570.0,7690.0,7420.0,7430.0,150573.0,265740
2026-09-30,4065.0,4165.0,4015.0,4030.0,320960.0,417500
2026-09-30,10770.0,10895.0,10740.0,10780.0,6109.0,136540
2026-09-30,3735.0,3870.0,3715.0,3775.0,431140.0,126640
2026-09-30,5900.0,6030.0,5840.0,5920.0,101434.0,156100
2026-09-30,4650.0,4880.0,4640.0,4680.0,616905.0,054920
2026-09-30,8050.0,8050.0,7330.0,7390.0,84262.0,052860
2026-09-30,6650.0,6650.0,6550.0,6610.0,24494.0,037070
2026-09-30,4280.0,4450.0,4035.0,4280.0,99360.0,418420
2026-09-30,10350.0,10440.0,10190.0,10230.0,21242.0,140670
2026-09-30,3350.0,3670.0,3335.0,3465.0,1066313.0,047770
2026-09-30,13600.0,13600.0,13050.0,13240.0,89406.0,0088M0
2026-09-30,5370.0,5450.0,5290.0,5330.0,242570.0,158430
2026-09-30,9960.0,10060.0,9870.0,9990.0,13770.0,001540
2026-09-30,9150.0,9180.0,9110.0,9160.0,12036.0,049720
2026-09-30,8350.0,8400.0,8030.0,8150.0,33489.0,105330
2026-09-30,6080.0,6310.0,6050.0,6180.0,129297.0,240550
2026-09-30,7900.0,8510.0,7900.0,8440.0,288789.0,071280
2026-09-30,5230.0,5230.0,5000.0,5020.0,49505.0,322510
2026-09-30,12100.0,12250.0,12080.0,12090.0,14195.0,285490
2026-09-30,11650.0,11650.0,11320.0,11495.0,20762.0,035080
2026-09-30,10700.0,10960.0,10600.0,10640.0,168185.0,115500
2026-09-30,13520.0,14060.0,13510.0,13700.0,26474.0,457550
2026-09-30,11760.0,13070.0,11560.0,11740.0,3752090.0,115440
2026-09-30,12770.0,13150.0,12530.0,12960.0,28705.0,094840
2026-09-30,9320.0,9550.0,9270.0,9490.0,15573.0,039840
2026-09-30,7560.0,7740.0,7430.0,7480.0,107938.0,402490
2026-09-30,16840.0,17040.0,16700.0,16770.0,15441.0,079960
2026-09-30,10470.0,10790.0,10170.0,10480.0,214142.0,141000
2026-09-30,4555.0,4675.0,4535.0,4650.0,67943.0,297090
2026-09-30,9600.0,9840.0,9600.0,9680.0,26882.0,950190
2026-09-30,0.0,0.0,0.0,2885.0,0.0,036690
2026-09-30,12790.0,13190.0,12750.0,12890.0,7331.0,361390
2026-09-30,1565.0,1581.0,1543.0,1569.0,575.0,080420
2026-09-30,10600.0,10850.0,10600.0,10690.0,9191.0,282880
2026-09-30,2900.0,2920.0,2850.0,2885.0,10907.0,408920
2026-09-30,6010.0,6280.0,6000.0,6180.0,32904.0,256940
2026-09-30,2710.0,2775.0,2675.0,2725.0,59134.0,095700
2026-09-30,8080.0,8350.0,8020.0,8040.0,14143.0,338840
2026-09-30,1116.0,1119.0,1102.0,1106.0,78360.0,027710
2026-09-30,11200.0,11600.0,11100.0,11130.0,303765.0,042510
2026-09-30,6110.0,6260.0,6090.0,6130.0,62370.0,417010
2026-09-30,7040.0,7170.0,6860.0,6870.0,32488.0,474170
2026-09-30,2275.0,2315.0,2265.0,2280.0,47870.0,307750
2026-09-30,0.0,0.0,0.0,1190.0,0.0,056090
2026-09-30,5760.0,5800.0,5700.0,5740.0,3350.0,021320
2026-09-30,3220.0,3310.0,3220.0,3230.0,102177.0,108230
2026-09-30,6830.0,7020.0,6780.0,6970.0,14460.0,009780
2026-09-30,3920.0,3965.0,3810.0,3910.0,156866.0,351320
2026-09-30,14350.0,16670.0,13990.0,14950.0,10075967.0,072950
2026-09-30,1720.0,1735.0,1670.0,1701.0,1648913.0,321370
2026-09-30,1279.0,1288.0,1257.0,1270.0,130295.0,293580
2026-09-30,6290.0,6370.0,6230.0,6240.0,135051.0,008830
2026-09-30,1868.0,1882.0,1825.0,1828.0,28322.0,095190
2026-09-30,7200.0,7500.0,7180.0,7420.0,89474.0,054050
2026-09-30,5660.0,5910.0,5540.0,5760.0,76993.0,308080
2026-09-30,2220.0,2290.0,2205.0,2225.0,89402.0,166480
2026-09-30,7770.0,7830.0,7670.0,7710.0,45607.0,037350
2026-09-30,6510.0,6650.0,6500.0,6550.0,27600.0,041440
2026-09-30,7570.0,7770.0,7560.0,7650.0,80978.0,017510
2026-09-30,9170.0,9800.0,9160.0,9500.0,279594.0,259630
2026-09-30,0.0,0.0,0.0,2370.0,0.0,041590
2026-09-30,3715.0,3855.0,3700.0,3775.0,180874.0,333430
2026-09-30,1570.0,1618.0,1570.0,1583.0,273053.0,297890
2026-09-30,3000.0,3000.0,2900.0,2925.0,9485.0,336680
2026-09-30,8760.0,9040.0,8740.0,8850.0,42432.0,053080
2026-09-30,13480.0,13940.0,13300.0,13800.0,76764.0,083500
2026-09-30,11500.0,11780.0,11340.0,11520.0,17986.0,290740
2026-09-30,0.0,0.0,0.0,1035.0,0.0,051980
2026-09-30,6030.0,6180.0,5700.0,5740.0,733912.0,079650
2026-09-30,3730.0,3750.0,3690.0,3695.0,17200.0,049520
2026-09-30,13270.0,14390.0,13270.0,14310.0,41544.0,299030
2026-09-30,10510.0,10510.0,10000.0,10200.0,19207.0,331920
2026-09-30,4830.0,4880.0,4740.0,4745.0,175472.0,443670
2026-09-30,13090.0,13590.0,12690.0,12750.0,64005.0,172670
2026-09-30,3130.0,3190.0,3080.0,3115.0,43790.0,047310
2026-09-30,2570.0,2570.0,2510.0,2535.0,12433.0,122450
2026-09-30,8010.0,8200.0,7830.0,7870.0,34257.0,474610
2026-09-30,7570.0,7670.0,7470.0,7490.0,8692.0,458650
2026-09-30,3850.0,3885.0,3825.0,3860.0,44466.0,067990
2026-09-30,9930.0,9990.0,9280.0,9330.0,222881.0,153890
2026-09-30,3245.0,3310.0,3220.0,3275.0,24885.0,063570
2026-09-30,3420.0,3490.0,3375.0,3425.0,777435.0,201490
2026-09-30,8900.0,8900.0,7800.0,7960.0,862955.0,338220
2026-09-30,16840.0,16840.0,16750.0,16810.0,209.0,018120
2026-09-30,3070.0,3070.0,2750.0,2860.0,112957.0,290720
2026-09-30,4975.0,4980.0,4940.0,4940.0,13255.0,090850
2026-09-30,7000.0,7170.0,6840.0,6900.0,96487.0,396470
2026-09-30,10320.0,10400.0,10160.0,10160.0,17751.0,473980
2026-09-30,11820.0,11980.0,11700.0,11760.0,11466.0,051360
2026-09-30,8180.0,8230.0,8050.0,8130.0,24980.0,101170
2026-09-30,8070.0,8520.0,7700.0,8330.0,108620.0,255440
2026-09-30,1833.0,1833.0,1748.0,1749.0,81141.0,086980
2026-09-30,8000.0,8000.0,7720.0,7800.0,1539.0,036630
2026-09-30,15980.0,16380.0,15500.0,15880.0,38645.0,389020
2026-09-30,2355.0,2360.0,2285.0,2290.0,152040.0,217820
2026-09-30,2475.0,2565.0,2475.0,2520.0,54682.0,039560
2026-09-30,2065.0,2120.0,2020.0,2075.0,254325.0,310200
2026-09-30,2265.0,2340.0,2235.0,2255.0,116129.0,040300
2026-09-30,6510.0,6950.0,6510.0,6620.0,128185.0,129920
2026-09-30,5950.0,5950.0,5890.0,5900.0,3703.0,067900
2026-09-30,3100.0,3190.0,3075.0,3090.0,196073.0,242040
2026-09-30,4870.0,4890.0,4825.0,4860.0,1096.0,039340
2026-09-30,2350.0,2375.0,2340.0,2340.0,18556.0,217270
2026-09-30,2370.0,2415.0,2355.0,2370.0,12248.0,339950
2026-09-30,14880.0,14880.0,14700.0,14760.0,6676.0,120240
2026-09-30,5880.0,6030.0,5870.0,6000.0,10771.0,131030
2026-09-30,7830.0,8280.0,7730.0,7950.0,135874.0,217190
2026-09-30,8000.0,8210.0,7960.0,8010.0,28762.0,289930
2026-09-30,1382.0,1382.0,1244.0,1354.0,118293.0,334970
2026-09-30,9890.0,9980.0,9800.0,9860.0,11397.0,106190
2026-09-30,8440.0,8550.0,8290.0,8330.0,23570.0,311320
2026-09-30,11700.0,12710.0,11160.0,11160.0,625602.0,0011A0
2026-09-30,1520.0,1520.0,1498.0,1502.0,127573.0,073560
2026-09-30,9710.0,9940.0,9530.0,9550.0,34361.0,475230
2026-09-30,1762.0,1875.0,1762.0,1811.0,2457296.0,419050
2026-09-30,3850.0,3900.0,3840.0,3850.0,59122.0,053700
2026-09-30,1870.0,1896.0,1810.0,1850.0,19430.0,038540
2026-09-30,4610.0,4790.0,4610.0,4675.0,26494.0,053350
2026-09-30,1640.0,1650.0,1622.0,1638.0,10294.0,123040
2026-09-30,4030.0,4100.0,3900.0,3980.0,13846.0,109740
2026-09-30,3620.0,3685.0,3390.0,3535.0,684814.0,261780
2026-09-30,3400.0,3450.0,2745.0,2765.0,913526.0,091440
2026-09-30,6790.0,6810.0,6630.0,6670.0,24226.0,130580
2026-09-30,7810.0,7900.0,7580.0,7670.0,137824.0,036010
2026-09-30,6250.0,6280.0,6110.0,6140.0,53454.0,125210
2026-09-30,3635.0,3655.0,3540.0,3560.0,275567.0,209640
2026-09-30,2305.0,2315.0,2290.0,2310.0,22070.0,100700
2026-09-30,3500.0,3540.0,3430.0,3495.0,57465.0,006620
2026-09-30,6890.0,6890.0,6410.0,6470.0,19294.0,182360
2026-09-30,12900.0,12900.0,12530.0,12630.0,25854.0,453450
2026-09-30,6640.0,6650.0,6400.0,6520.0,188055.0,411080
2026-09-30,2155.0,2175.0,2090.0,2105.0,107425.0,246710
2026-09-30,2705.0,3280.0,2625.0,2935.0,8191996.0,439580
2026-09-30,7400.0,7460.0,7270.0,7300.0,19581.0,475580
2026-09-30,0.0,0.0,0.0,6070.0,0.0,246720
2026-09-30,3090.0,3165.0,3070.0,3070.0,172843.0,250060
2026-09-30,5650.0,5710.0,5500.0,5590.0,9907.0,063170
2026-09-30,4575.0,4575.0,4365.0,4395.0,40160.0,366030
2026-09-30,6280.0,6360.0,6260.0,6330.0,11099.0,307930
2026-09-30,3700.0,3705.0,3615.0,3635.0,35799.0,059210
2026-09-30,7770.0,7770.0,7530.0,7570.0,65317.0,173130
2026-09-30,4215.0,4275.0,4210.0,4245.0,27151.0,309960
2026-09-30,1670.0,1672.0,1573.0,1593.0,169828.0,175250
2026-09-30,4245.0,4385.0,4200.0,4235.0,46749.0,323990
2026-09-30,3700.0,3700.0,3630.0,3660.0,19739.0,352090
2026-09-30,1061.0,1061.0,965.0,1016.0,277281.0,048550
2026-09-30,2910.0,2960.0,2860.0,2860.0,44228.0,235980
2026-09-30,9420.0,9760.0,9240.0,9640.0,556169.0,105740
2026-09-30,1824.0,1884.0,1797.0,1809.0,253791.0,357880
2026-09-30,2065.0,2080.0,2035.0,2045.0,53423.0,021080
2026-09-30,7450.0,7540.0,7120.0,7170.0,83368.0,099750
2026-09-30,0.0,0.0,0.0,16730.0,0.0,109670
2026-09-30,0.0,0.0,0.0,2205.0,0.0,066790
2026-09-30,12500.0,12800.0,11900.0,12080.0,33327.0,493330
2026-09-30,10900.0,11120.0,10760.0,10990.0,24968.0,049950
2026-09-30,6690.0,6800.0,6690.0,6690.0,2823.0,298540
2026-09-30,2135.0,2140.0,2010.0,2015.0,216763.0,306620
2026-09-30,2640.0,2640.0,2530.0,2615.0,63407.0,317770
2026-09-30,0.0,0.0,0.0,2530.0,0.0,068240
2026-09-30,6020.0,7120.0,6000.0,6600.0,975369.0,412350
2026-09-30,5600.0,5670.0,5440.0,5510.0,154958.0,088130
2026-09-30,2355.0,2390.0,2260.0,2260.0,1128428.0,086960
2026-09-30,1601.0,1610.0,1563.0,1578.0,509975.0,198440
2026-09-30,3605.0,3670.0,3575.0,3650.0,25609.0,045970
2026-09-30,1442.0,1456.0,1404.0,1411.0,270902.0,205100
2026-09-30,9100.0,9290.0,8200.0,8660.0,268530.0,394420
2026-09-30,0.0,0.0,0.0,10800.0,0.0,017650
2026-09-30,10460.0,10680.0,10040.0,10090.0,140626.0,189330
2026-09-30,2310.0,2475.0,2250.0,2277.0,6917842.0,162300
2026-09-30,2950.0,3090.0,2920.0,3045.0,109556.0,187790
2026-09-30,9660.0,9710.0,9520.0,9650.0,14390.0,052420
2026-09-30,5100.0,5230.0,5060.0,5100.0,22825.0,002230
2026-09-30,3700.0,3770.0,3635.0,3680.0,240669.0,037030
2026-09-30,7100.0,7200.0,7050.0,7120.0,37896.0,330350
2026-09-30,1050.0,1085.0,1030.0,1049.0,41893.0,074430
2026-09-30,4220.0,4240.0,4150.0,4155.0,75200.0,042500
2026-09-30,6600.0,6600.0,6400.0,6460.0,22274.0,036220
2026-09-30,7350.0,7760.0,7340.0,7620.0,20209.0,282720
2026-09-30,7690.0,7830.0,7440.0,7530.0,72166.0,380550
2026-09-30,3055.0,3330.0,2995.0,3115.0,4273588.0,065450
2026-09-30,5550.0,5690.0,5340.0,5350.0,35651.0,091120
2026-09-30,2345.0,2365.0,2325.0,2330.0,123786.0,005860
2026-09-30,9470.0,9490.0,9210.0,9350.0,9948.0,348350
2026-09-30,5840.0,5840.0,5820.0,5820.0,2767.0,040420
2026-09-30,7130.0,7130.0,7010.0,7020.0,9125.0,053580
2026-09-30,1901.0,1901.0,1854.0,1859.0,43383.0,109610
2026-09-30,3065.0,3195.0,2815.0,2835.0,4575691.0,303810
2026-09-30,7200.0,7230.0,7070.0,7180.0,2737.0,023900
2026-09-30,7650.0,7950.0,7420.0,7640.0,618763.0,357580
2026-09-30,6320.0,6510.0,6150.0,6150.0,111558.0,052460
2026-09-30,10190.0,10470.0,10100.0,10250.0,47471.0,432470
2026-09-30,5160.0,5240.0,5040.0,5240.0,9059.0,033560
2026-09-30,2785.0,2785.0,2475.0,2625.0,238679.0,246960
2026-09-30,4035.0,4195.0,4035.0,4150.0,42730.0,322180
2026-09-30,13950.0,13960.0,13750.0,13950.0,391.0,009300
2026-09-30,4805.0,4820.0,4740.0,4775.0,9061.0,093920
2026-09-30,3850.0,3950.0,3670.0,3760.0,645273.0,234030
2026-09-30,1225.0,1225.0,1188.0,1191.0,136041.0,307870
2026-09-30,2120.0,2170.0,2120.0,2140.0,19075.0,357230
2026-09-30,7220.0,7220.0,6880.0,7020.0,51558.0,048910
2026-09-30,2295.0,2310.0,2270.0,2275.0,42706.0,013310
2026-09-30,6610.0,7260.0,6610.0,6790.0,138419.0,054540
2026-09-30,1146.0,1212.0,1140.0,1155.0,1069261.0,052900
2026-09-30,13420.0,13440.0,10950.0,11230.0,440605.0,0007J0
2026-09-30,11590.0,11790.0,10760.0,10790.0,554622.0,457370
2026-09-30,3205.0,3295.0,3175.0,3220.0,77005.0,234300
2026-09-30,3025.0,3030.0,2850.0,2900.0,790377.0,062970
2026-09-30,1664.0,1979.0,1622.0,1904.0,256317.0,900260
2026-09-30,2930.0,2930.0,2800.0,2830.0,33967.0,048530
2026-09-30,2275.0,2310.0,2250.0,2260.0,37662.0,066590
2026-09-30,7530.0,7770.0,7410.0,7470.0,14257.0,047560
2026-09-30,9520.0,10090.0,9500.0,9960.0,38370.0,251120
2026-09-30,4350.0,4350.0,4150.0,4190.0,44095.0,362320
2026-09-30,8950.0,9390.0,8550.0,8610.0,1032236.0,014950
2026-09-30,8420.0,8450.0,8390.0,8430.0,3037.0,096240
2026-09-30,1503.0,1559.0,1499.0,1509.0,383675.0,100130
2026-09-30,1515.0,1526.0,1514.0,1518.0,11170.0,033290
2026-09-30,3425.0,3490.0,3325.0,3340.0,38218.0,192410
2026-09-30,9300.0,9310.0,9190.0,9220.0,15930.0,004650
2026-09-30,6880.0,7030.0,6830.0,6920.0,6132.0,263720
2026-09-30,7750.0,7820.0,7540.0,7630.0,17750.0,078140
2026-09-30,2270.0,2315.0,2250.0,2285.0,56931.0,140070
2026-09-30,3900.0,4115.0,3895.0,4090.0,149757.0,226400
2026-09-30,9190.0,9190.0,9070.0,9120.0,3640.0,072020
2026-09-30,3270.0,3330.0,3240.0,3240.0,32244.0,478560
2026-09-30,0.0,0.0,0.0,1009.0,0.0,049180
2026-09-30,2290.0,2290.0,2220.0,2260.0,44873.0,066700
2026-09-30,0.0,0.0,0.0,990.0,0.0,183490
2026-09-30,10870.0,11010.0,10820.0,10890.0,3071.0,044990
2026-09-30,1930.0,1987.0,1922.0,1934.0,41907.0,185490
2026-09-30,6820.0,6980.0,6820.0,6830.0,4459.0,086710
2026-09-30,3500.0,3500.0,3360.0,3395.0,208471.0,085670
2026-09-30,3405.0,3425.0,3355.0,3375.0,96454.0,223250
2026-09-30,4570.0,4820.0,4520.0,4555.0,14738.0,330730
2026-09-30,1999.0,2040.0,1994.0,2015.0,55567.0,038110
2026-09-30,3035.0,3035.0,2970.0,3035.0,1093039.0,097800
2026-09-30,9710.0,9950.0,9710.0,9900.0,9043.0,025950
2026-09-30,552.0,569.0,548.0,560.0,574857.0,058820
2026-09-30,1398.0,1400.0,1372.0,1373.0,39425.0,029480
2026-09-30,3695.0,4425.0,3665.0,4050.0,956996.0,123010
2026-09-30,4020.0,4095.0,3995.0,4005.0,36305.0,215100
2026-09-30,2075.0,2100.0,2050.0,2070.0,182323.0,066430
2026-09-30,0.0,0.0,0.0,3935.0,0.0,412540
2026-09-30,4950.0,5010.0,4935.0,4945.0,17942.0,036640
2026-09-30,3580.0,3640.0,3475.0,3510.0,58591.0,101330
2026-09-30,4715.0,4955.0,4675.0,4720.0,304174.0,100590
2026-09-30,2400.0,2410.0,2350.0,2370.0,4915.0,037760
2026-09-30,4350.0,4475.0,4345.0,4365.0,24966.0,078890
2026-09-30,7380.0,7380.0,7240.0,7340.0,2521.0,032300
2026-09-30,12530.0,12560.0,11860.0,12160.0,18156.0,063080
2026-09-30,1145.0,1148.0,1125.0,1137.0,58166.0,067000
2026-09-30,1598.0,1598.0,1498.0,1515.0,74770.0,094860
2026-09-30,9580.0,9770.0,9300.0,9370.0,165769.0,049080
2026-09-30,9360.0,9380.0,9230.0,9290.0,14950.0,418470
2026-09-30,3645.0,3660.0,3550.0,3550.0,36218.0,137950
2026-09-30,3065.0,3135.0,2985.0,2995.0,108909.0,294630
2026-09-30,2625.0,2665.0,2600.0,2610.0,5202.0,302550
2026-09-30,3460.0,3480.0,3375.0,3390.0,35647.0,007820
2026-09-30,1547.0,1609.0,1547.0,1573.0,197281.0,365330
2026-09-30,3705.0,3800.0,3705.0,3775.0,1905.0,032540
2026-09-30,2050.0,2060.0,1940.0,2020.0,196920.0,089230
2026-09-30,3190.0,3215.0,3170.0,3215.0,11642.0,047820
2026-09-30,1463.0,1497.0,1450.0,1460.0,128753.0,066980
2026-09-30,5940.0,6000.0,5910.0,5960.0,18691.0,058400
2026-09-30,5400.0,5480.0,5380.0,5450.0,16831.0,054670
2026-09-30,1479.0,1504.0,1454.0,1467.0,27438.0,131370
2026-09-30,4615.0,4640.0,4485.0,4535.0,5942.0,149980
2026-09-30,2205.0,2205.0,1972.0,1990.0,677378.0,389030
2026-09-30,4420.0,4510.0,4335.0,4365.0,106494.0,475430
2026-09-30,2320.0,2445.0,2305.0,2365.0,356867.0,396270
2026-09-30,3160.0,3265.0,3110.0,3235.0,211533.0,142280
2026-09-30,4000.0,4080.0,3845.0,3860.0,173663.0,147760
2026-09-30,8970.0,9650.0,8970.0,9460.0,22230.0,360070
2026-09-30,5890.0,6020.0,5720.0,5880.0,16469.0,381620
2026-09-30,4980.0,5150.0,4950.0,5030.0,23591.0,382840
2026-09-30,5240.0,5240.0,5080.0,5150.0,36948.0,004590
2026-09-30,3845.0,3900.0,3830.0,3865.0,31164.0,024880
2026-09-30,7900.0,7980.0,7790.0,7800.0,30528.0,0015S0
2026-09-30,3510.0,3635.0,3510.0,3550.0,36701.0,079810
2026-09-30,6400.0,6520.0,6330.0,6450.0,11899.0,040160
2026-09-30,5670.0,5730.0,5200.0,5360.0,225602.0,0117P0
2026-09-30,2105.0,2135.0,2070.0,2105.0,6644.0,225530
2026-09-30,5390.0,5400.0,5130.0,5350.0,57199.0,389140
2026-09-30,5500.0,6640.0,5220.0,5870.0,603158.0,010280
2026-09-30,1996.0,1996.0,1935.0,1985.0,11131.0,124560
2026-09-30,8230.0,8230.0,8060.0,8120.0,3430.0,088390
2026-09-30,12360.0,12470.0,12210.0,12270.0,5688.0,000440
2026-09-30,2525.0,2610.0,2515.0,2535.0,194360.0,0017J0
2026-09-30,0.0,0.0,0.0,654.0,0.0,073640
2026-09-30,2280.0,2280.0,2100.0,2150.0,172209.0,950130
2026-09-30,4835.0,4835.0,4735.0,4740.0,9328.0,030960
2026-09-30,6100.0,6350.0,6090.0,6300.0,49475.0,012790
2026-09-30,2065.0,2065.0,2015.0,2040.0,21103.0,331380
2026-09-30,5770.0,6200.0,5640.0,5830.0,172722.0,303360
2026-09-30,3015.0,3015.0,2890.0,2910.0,22515.0,102370
2026-09-30,4990.0,5020.0,4940.0,4950.0,7709.0,041930
2026-09-30,2900.0,2915.0,2880.0,2890.0,6185.0,012700
2026-09-30,7540.0,8120.0,7540.0,7610.0,177805.0,302430
2026-09-30,3830.0,3870.0,3820.0,3865.0,15831.0,011320
2026-09-30,8260.0,8350.0,8030.0,8040.0,38244.0,066310
2026-09-30,5840.0,5880.0,5630.0,5740.0,56453.0,388870
2026-09-30,2305.0,2340.0,2300.0,2335.0,5387.0,168330
2026-09-30,4965.0,5000.0,4890.0,5000.0,3393.0,060570
2026-09-30,4395.0,4445.0,4350.0,4420.0,63075.0,253840
2026-09-30,4080.0,4160.0,4055.0,4065.0,7262.0,040910
2026-09-30,915.0,927.0,914.0,915.0,74583.0,019550
2026-09-30,3915.0,3960.0,3885.0,3950.0,24522.0,058630
2026-09-30,3060.0,3100.0,3045.0,3050.0,37639.0,060590
2026-09-30,7130.0,7430.0,7130.0,7200.0,6736.0,451250
2026-09-30,3660.0,3695.0,3640.0,3660.0,4127.0,011370
2026-09-30,4730.0,4775.0,4715.0,4765.0,14146.0,017480
2026-09-30,2265.0,2275.0,2240.0,2255.0,36586.0,208140
2026-09-30,2925.0,2955.0,2865.0,2915.0,115278.0,487580
2026-09-30,4760.0,4805.0,4750.0,4770.0,6804.0,170030
2026-09-30,5510.0,5700.0,5400.0,5500.0,29615.0,041910
2026-09-30,12500.0,13180.0,12440.0,12920.0,11893.0,107600
2026-09-30,6580.0,6670.0,6510.0,6570.0,3851.0,084730
2026-09-30,4290.0,4290.0,4210.0,4270.0,4221.0,347890
2026-09-30,7530.0,7550.0,7370.0,7380.0,3142.0,080010
2026-09-30,6400.0,6400.0,5980.0,6160.0,196939.0,091590
2026-09-30,2700.0,2785.0,2635.0,2710.0,73133.0,104040
2026-09-30,4510.0,4590.0,4460.0,4475.0,80873.0,263800
2026-09-30,2855.0,2945.0,2845.0,2895.0,23210.0,053280
2026-09-30,3630.0,3695.0,3615.0,3665.0,78486.0,038680
2026-09-30,8100.0,8400.0,7880.0,8400.0,21656.0,039010
2026-09-30,2195.0,2275.0,2165.0,2205.0,188743.0,024740
2026-09-30,6720.0,6720.0,6600.0,6620.0,16969.0,065510
2026-09-30,9710.0,10240.0,8910.0,8960.0,149949.0,323350
2026-09-30,996.0,996.0,930.0,962.0,138696.0,083790
2026-09-30,0.0,0.0,0.0,5310.0,0.0,234920
2026-09-30,2400.0,2455.0,2305.0,2425.0,237871.0,299660
2026-09-30,3030.0,3140.0,3020.0,3095.0,21794.0,217330
2026-09-30,3635.0,3650.0,3560.0,3565.0,69260.0,020710
2026-09-30,2005.0,2010.0,1990.0,1993.0,29106.0,171120
2026-09-30,10130.0,10220.0,9940.0,9970.0,27934.0,377480
2026-09-30,6230.0,6550.0,6190.0,6260.0,25410.0,413390
2026-09-30,12200.0,12290.0,12000.0,12070.0,50173.0,282620
2026-09-30,1895.0,1895.0,1844.0,1873.0,13359.0,347000
2026-09-30,3140.0,3140.0,2695.0,3045.0,190113.0,371950
2026-09-30,4460.0,4465.0,4400.0,4410.0,10608.0,054040
2026-09-30,3545.0,3570.0,3475.0,3565.0,28984.0,277880
2026-09-30,2545.0,2650.0,2520.0,2570.0,137528.0,067170
2026-09-30,4975.0,5000.0,4860.0,4905.0,44217.0,039980
2026-09-30,8130.0,8500.0,8070.0,8390.0,9030.0,136150
2026-09-30,5400.0,5400.0,5260.0,5360.0,27.0,332370
2026-09-30,4045.0,4245.0,4000.0,4000.0,16712.0,090470
2026-09-30,2810.0,2845.0,2810.0,2830.0,22147.0,128660
2026-09-30,8690.0,8690.0,8180.0,8380.0,1164.0,024830
2026-09-30,8460.0,8660.0,8400.0,8470.0,6028.0,045660
2026-09-30,6400.0,7030.0,6150.0,6710.0,1284136.0,039610
2026-09-30,2810.0,2835.0,2765.0,2780.0,53896.0,038460
2026-09-30,4190.0,4220.0,4095.0,4180.0,48707.0,032850
2026-09-30,6650.0,6740.0,6460.0,6650.0,10781.0,104460
2026-09-30,2770.0,2820.0,2705.0,2795.0,13460.0,294140
2026-09-30,10620.0,10630.0,9980.0,10060.0,119726.0,320000
2026-09-30,6000.0,6100.0,6000.0,6030.0,23745.0,048430
2026-09-30,7260.0,7280.0,7000.0,7180.0,25456.0,212710
2026-09-30,2880.0,2905.0,2660.0,2815.0,642242.0,208370
2026-09-30,1881.0,2340.0,1881.0,2250.0,199889.0,291650
2026-09-30,2950.0,2975.0,2915.0,2945.0,1171.0,110790
2026-09-30,8580.0,8830.0,8520.0,8730.0,31926.0,451220
2026-09-30,3680.0,3680.0,3435.0,3460.0,277965.0,228340
2026-09-30,1844.0,1900.0,1844.0,1867.0,48963.0,096350
2026-09-30,1125.0,1130.0,1102.0,1122.0,342468.0,076610
2026-09-30,4320.0,4420.0,4315.0,4355.0,19621.0,228670
2026-09-30,1628.0,1648.0,1616.0,1616.0,19702.0,067570
2026-09-30,3690.0,3780.0,3660.0,3695.0,30653.0,054620
2026-09-30,6460.0,6530.0,6430.0,6500.0,8304.0,417790
2026-09-30,5050.0,5120.0,5000.0,5050.0,17587.0,460940
2026-09-30,7300.0,7520.0,7280.0,7440.0,348.0,109860
2026-09-30,2395.0,2400.0,2320.0,2320.0,81539.0,337930
2026-09-30,5510.0,5560.0,5420.0,5540.0,241.0,067370
2026-09-30,3460.0,3495.0,3395.0,3450.0,3995.0,049550
2026-09-30,10400.0,10630.0,10100.0,10400.0,22250.0,117670
2026-09-30,3855.0,3960.0,3850.0,3855.0,12293.0,026150
2026-09-30,966.0,968.0,951.0,953.0,129332.0,092040
2026-09-30,4960.0,5030.0,4960.0,4995.0,10962.0,019540
2026-09-30,6610.0,6830.0,6480.0,6570.0,86526.0,487400
2026-09-30,1908.0,2035.0,1890.0,1968.0,192942.0,950220
2026-09-30,4425.0,4425.0,4395.0,4420.0,7163.0,002800
2026-09-30,12100.0,12650.0,12020.0,12160.0,247590.0,0155E0
2026-09-30,4555.0,4730.0,4500.0,4550.0,32320.0,153710
2026-09-30,6290.0,6290.0,6230.0,6240.0,6745.0,265560
2026-09-30,6540.0,6540.0,6290.0,6430.0,2436.0,123420
2026-09-30,1665.0,1831.0,1570.0,1574.0,794042.0,347860
2026-09-30,4230.0,4290.0,4165.0,4240.0,12520.0,204840
2026-09-30,4555.0,4565.0,4360.0,4375.0,20936.0,262260
2026-09-30,3475.0,3520.0,3410.0,3495.0,46773.0,155650
2026-09-30,5550.0,5630.0,5420.0,5580.0,9546.0,096250
2026-09-30,7520.0,7570.0,7340.0,7350.0,7600.0,214260
2026-09-30,4265.0,4265.0,4110.0,4145.0,17469.0,004780
2026-09-30,1998.0,2095.0,1860.0,2005.0,305708.0,187420
2026-09-30,6020.0,6100.0,5900.0,5950.0,65968.0,0004V0
2026-09-30,3315.0,3385.0,3250.0,3280.0,56436.0,040350
2026-09-30,6110.0,6160.0,6010.0,6050.0,5998.0,137080
2026-09-30,7180.0,7800.0,7170.0,7170.0,2273.0,061040
2026-09-30,10360.0,10570.0,10100.0,10160.0,5248.0,417970
2026-09-30,3200.0,3205.0,3145.0,3150.0,18671.0,111710
2026-09-30,20100.0,20350.0,19630.0,19690.0,7292.0,100030
2026-09-30,7030.0,7180.0,6880.0,6930.0,8764.0,318160
2026-09-30,4385.0,4420.0,4330.0,4335.0,16482.0,006140
2026-09-30,4290.0,4350.0,4260.0,4330.0,9954.0,014970
2026-09-30,5820.0,5930.0,5760.0,5820.0,47082.0,456070
2026-09-30,5770.0,5860.0,5740.0,5810.0,32109.0,067920
2026-09-30,4725.0,4725.0,4625.0,4695.0,1301.0,222110
2026-09-30,1124.0,1124.0,1080.0,1084.0,79589.0,043610
2026-09-30,4365.0,4450.0,4320.0,4355.0,31551.0,095270
2026-09-30,6020.0,6380.0,6020.0,6110.0,106866.0,089790
2026-09-30,1620.0,1622.0,1594.0,1594.0,37841.0,382480
2026-09-30,8150.0,8180.0,8000.0,8040.0,65857.0,0156T0
2026-09-30,0.0,0.0,0.0,2215.0,0.0,001840
2026-09-30,2585.0,2730.0,2560.0,2650.0,82668.0,049470
2026-09-30,1400.0,1429.0,1385.0,1419.0,75994.0,127710
2026-09-30,6260.0,6590.0,6260.0,6430.0,14863.0,331740
2026-09-30,3490.0,3510.0,3475.0,3495.0,32713.0,043650
2026-09-30,4170.0,4175.0,3965.0,3990.0,182416.0,048770
2026-09-30,1758.0,1759.0,1679.0,1681.0,50911.0,033130
2026-09-30,12110.0,12170.0,11750.0,11880.0,10482.0,0218L0
2026-09-30,2705.0,2730.0,2670.0,2705.0,20463.0,036000
2026-09-30,0.0,0.0,0.0,1490.0,0.0,294090
2026-09-30,2130.0,2200.0,2085.0,2125.0,151448.0,315640
2026-09-30,6240.0,6530.0,6190.0,6220.0,42121.0,241790
2026-09-30,2585.0,2600.0,2560.0,2590.0,4041.0,291230
2026-09-30,2600.0,2600.0,2510.0,2515.0,21704.0,205470
2026-09-30,3265.0,3320.0,3240.0,3255.0,12318.0,041460
2026-09-30,3770.0,3840.0,3740.0,3760.0,9487.0,424960
2026-09-30,2620.0,2620.0,2540.0,2550.0,59557.0,081150
2026-09-30,3250.0,4170.0,3105.0,3660.0,6729169.0,145170
2026-09-30,4850.0,4950.0,4850.0,4895.0,3431.0,352910
2026-09-30,2655.0,2700.0,2610.0,2680.0,49320.0,126880
2026-09-30,2945.0,2980.0,2780.0,2785.0,364517.0,483350
2026-09-30,3200.0,3300.0,3155.0,3300.0,10990.0,066670
2026-09-30,3795.0,3875.0,3675.0,3690.0,29424.0,214680
2026-09-30,1359.0,1389.0,1352.0,1358.0,9595.0,214270
2026-09-30,1275.0,1305.0,1272.0,1283.0,101117.0,065530
2026-09-30,1561.0,1612.0,1561.0,1604.0,311845.0,122350
2026-09-30,12200.0,12360.0,12080.0,12170.0,1410.0,016250
2026-09-30,4135.0,4215.0,4085.0,4160.0,3395.0,089850
2026-09-30,6250.0,6250.0,6040.0,6120.0,47298.0,005670
2026-09-30,5050.0,5140.0,5050.0,5085.0,1808.0,008370
2026-09-30,1696.0,1747.0,1696.0,1743.0,21094.0,082210
2026-09-30,0.0,0.0,0.0,676.0,0.0,203400
2026-09-30,1000.0,1064.0,1000.0,1045.0,139154.0,054300
2026-09-30,5170.0,5200.0,5170.0,5190.0,3008.0,010240
2026-09-30,6730.0,6940.0,6660.0,6750.0,29198.0,463020
2026-09-30,2150.0,2245.0,2140.0,2180.0,303712.0,065170
2026-09-30,2640.0,2675.0,2630.0,2645.0,4774.0,039420
2026-09-30,1771.0,1799.0,1745.0,1749.0,45835.0,064240
2026-09-30,2500.0,2530.0,2465.0,2475.0,15909.0,241690
2026-09-30,4350.0,4615.0,4240.0,4540.0,310045.0,104540
2026-09-30,9090.0,11700.0,8910.0,11130.0,346683.0,360350
2026-09-30,6100.0,6420.0,6050.0,6140.0,102506.0,056360
2026-09-30,3035.0,3195.0,3000.0,3115.0,79332.0,950200
2026-09-30,5200.0,5400.0,5140.0,5390.0,43441.0,059270
2026-09-30,1037.0,1075.0,1037.0,1051.0,55724.0,014470
2026-09-30,3675.0,3845.0,3615.0,3670.0,16542.0,221800
2026-09-30,5060.0,5060.0,4950.0,4995.0,1677.0,010470
2026-09-30,4950.0,4950.0,4875.0,4885.0,1257.0,216050
2026-09-30,1916.0,1921.0,1889.0,1910.0,88386.0,049480
2026-09-30,5290.0,5380.0,5230.0,5370.0,2140.0,900110
2026-09-30,4360.0,4360.0,4240.0,4245.0,13609.0,094850
2026-09-30,2700.0,2760.0,2615.0,2625.0,83674.0,039020
2026-09-30,1489.0,1513.0,1472.0,1478.0,36237.0,033310
2026-09-30,1399.0,1410.0,1371.0,1377.0,85505.0,036090
2026-09-30,11000.0,11560.0,11000.0,11090.0,13086.0,448710
2026-09-30,1661.0,1672.0,1648.0,1660.0,106518.0,036120
2026-09-30,3060.0,3110.0,3045.0,3055.0,28992.0,033320
2026-09-30,2300.0,2335.0,2275.0,2285.0,50035.0,025550
2026-09-30,1450.0,1494.0,1396.0,1401.0,1257263.0,299170
2026-09-30,0.0,0.0,0.0,1284.0,0.0,099520
2026-09-30,8920.0,8920.0,8440.0,8610.0,327.0,050960
2026-09-30,8170.0,8340.0,8040.0,8210.0,30402.0,192250
2026-09-30,5150.0,5150.0,5060.0,5120.0,7101.0,263690
2026-09-30,6840.0,6850.0,6720.0,6730.0,540.0,053620
2026-09-30,1333.0,1339.0,1217.0,1270.0,392015.0,046210
2026-09-30,6850.0,6850.0,6600.0,6750.0,9240.0,045340
2026-09-30,3650.0,3650.0,3550.0,3610.0,5662.0,251630
2026-09-30,7170.0,7290.0,7050.0,7090.0,1940.0,191420
2026-09-30,4140.0,4215.0,4135.0,4140.0,85035.0,037440
2026-09-30,2280.0,2365.0,2280.0,2310.0,22857.0,175140
2026-09-30,2875.0,2925.0,2865.0,2870.0,22713.0,460870
2026-09-30,1639.0,1649.0,1615.0,1621.0,106141.0,003310
2026-09-30,3225.0,3345.0,3190.0,3270.0,20753.0,317530
2026-09-30,3255.0,3690.0,3010.0,3255.0,660024.0,278650
2026-09-30,1090.0,1090.0,1074.0,1077.0,44263.0,060310
2026-09-30,5280.0,5280.0,5140.0,5210.0,10744.0,273640
2026-09-30,6390.0,6560.0,6290.0,6410.0,69050.0,081180
2026-09-30,5770.0,5770.0,5480.0,5490.0,44039.0,261520
2026-09-30,1380.0,1381.0,1301.0,1313.0,274618.0,290660
2026-09-30,1890.0,1901.0,1850.0,1877.0,52424.0,053050
2026-09-30,6260.0,6260.0,6110.0,6150.0,4804.0,215360
2026-09-30,1067.0,1129.0,1067.0,1104.0,165472.0,033230
2026-09-30,4000.0,4010.0,3940.0,3945.0,7035.0,007370
2026-09-30,2750.0,2915.0,2695.0,2870.0,37989.0,348150
2026-09-30,1810.0,1854.0,1776.0,1782.0,12016.0,238090
2026-09-30,5110.0,5150.0,5000.0,5070.0,52406.0,333620
2026-09-30,0.0,0.0,0.0,806.0,0.0,340930
2026-09-30,4290.0,4290.0,4115.0,4120.0,284971.0,365660
2026-09-30,9180.0,9900.0,9180.0,9400.0,19870.0,424980
2026-09-30,5150.0,5180.0,5070.0,5070.0,4467.0,443250
2026-09-30,0.0,0.0,0.0,499.0,0.0,217480
2026-09-30,5080.0,5090.0,5050.0,5070.0,1624.0,036670
2026-09-30,6470.0,6540.0,6380.0,6450.0,6140.0,061250
2026-09-30,4710.0,5390.0,4545.0,4720.0,191743.0,464490
2026-09-30,2825.0,2910.0,2620.0,2630.0,72541.0,900300
2026-09-30,1258.0,1295.0,1237.0,1267.0,87416.0,391710
2026-09-30,7040.0,7090.0,6860.0,7080.0,3405.0,435570
2026-09-30,7610.0,7610.0,7250.0,7280.0,8431.0,288180
2026-09-30,8930.0,9430.0,8810.0,8920.0,2004.0,053160
2026-09-30,3640.0,3950.0,3385.0,3420.0,1721532.0,393210
2026-09-30,9510.0,9650.0,9060.0,9100.0,31457.0,420570
2026-09-30,3165.0,3195.0,3115.0,3135.0,13902.0,040610
2026-09-30,8550.0,8550.0,8260.0,8340.0,5175.0,170790
2026-09-30,4825.0,4990.0,4810.0,4900.0,8979.0,419080
2026-09-30,3485.0,3485.0,3280.0,3365.0,28065.0,263600
2026-09-30,5120.0,5330.0,5050.0,5290.0,23534.0,071670
2026-09-30,3175.0,3200.0,3040.0,3060.0,56636.0,088280
2026-09-30,1950.0,1960.0,1928.0,1928.0,13378.0,053270
2026-09-30,4130.0,4130.0,3890.0,3920.0,12201.0,459100
2026-09-30,3950.0,3990.0,3565.0,3840.0,85178.0,457600
2026-09-30,2190.0,2220.0,2075.0,2085.0,726696.0,459550
2026-09-30,1499.0,1499.0,1467.0,1467.0,28357.0,024910
2026-09-30,17630.0,17630.0,17390.0,17400.0,3690.0,054930
2026-09-30,3085.0,3125.0,3055.0,3095.0,31433.0,104620
2026-09-30,2980.0,3085.0,2965.0,3005.0,5526.0,043710
2026-09-30,4255.0,4255.0,4135.0,4170.0,11542.0,024950
2026-09-30,3725.0,3980.0,3725.0,3785.0,88031.0,163280
2026-09-30,6160.0,6270.0,6160.0,6190.0,27369.0,317850
2026-09-30,9120.0,9350.0,9030.0,9120.0,8226.0,109080
2026-09-30,1899.0,1940.0,1885.0,1902.0,26919.0,039240
2026-09-30,2540.0,2600.0,2535.0,2540.0,46405.0,092300
2026-09-30,5390.0,5620.0,5170.0,5270.0,174210.0,355690
2026-09-30,5880.0,6040.0,5850.0,5950.0,5328.0,370090
2026-09-30,4805.0,4805.0,4650.0,4675.0,50741.0,052790
2026-09-30,2910.0,2955.0,2865.0,2895.0,6413.0,015710
2026-09-30,5100.0,5100.0,4960.0,4990.0,5287.0,105760
2026-09-30,3770.0,3890.0,3575.0,3615.0,122926.0,340810
2026-09-30,2015.0,2055.0,1960.0,1988.0,30789.0,064800
2026-09-30,1986.0,1986.0,1954.0,1965.0,45185.0,088910
2026-09-30,1839.0,1846.0,1684.0,1686.0,135450.0,179530
2026-09-30,1269.0,1277.0,1262.0,1263.0,31593.0,027050
2026-09-30,0.0,0.0,0.0,2825.0,0.0,393970
2026-09-30,2150.0,2165.0,2100.0,2120.0,37195.0,246690
2026-09-30,2870.0,2870.0,2745.0,2845.0,3493.0,376290
2026-09-30,5910.0,5920.0,5740.0,5790.0,12980.0,314140
2026-09-30,4315.0,4347.0,4300.0,4310.0,255.0,256630
2026-09-30,4610.0,4690.0,4580.0,4630.0,17481.0,317830
2026-09-30,1694.0,1724.0,1638.0,1659.0,45652.0,347740
2026-09-30,5910.0,6050.0,5860.0,5950.0,30610.0,094940
2026-09-30,1076.0,1097.0,1076.0,1094.0,53404.0,063440
2026-09-30,923.0,930.0,870.0,926.0,97200.0,340360
2026-09-30,4660.0,4735.0,4660.0,4695.0,17907.0,408470
2026-09-30,5030.0,5090.0,4965.0,4995.0,6187.0,0013V0
2026-09-30,5060.0,5150.0,5050.0,5090.0,19326.0,019990
2026-09-30,1180.0,1220.0,1167.0,1189.0,17501.0,219550
2026-09-30,2705.0,2745.0,2705.0,2705.0,45006.0,046940
2026-09-30,3230.0,3360.0,3100.0,3135.0,81662.0,321820
2026-09-30,1957.0,2005.0,1924.0,1924.0,4213.0,060560
2026-09-30,3800.0,3815.0,3450.0,3455.0,176422.0,225190
2026-09-30,3720.0,3750.0,3690.0,3735.0,1424.0,311690
2026-09-30,2715.0,2725.0,2655.0,2725.0,25349.0,044340
2026-09-30,2305.0,2335.0,2210.0,2235.0,135300.0,179900
2026-09-30,7680.0,7680.0,7430.0,7460.0,7389.0,453860
2026-09-30,3895.0,3905.0,3840.0,3875.0,8284.0,463480
2026-09-30,1650.0,1749.0,1650.0,1708.0,75670.0,321260
2026-09-30,3865.0,3895.0,3710.0,3730.0,65180.0,348080
2026-09-30,3300.0,3380.0,3270.0,3285.0,2679.0,122310
2026-09-30,991.0,1003.0,989.0,991.0,48539.0,042110
2026-09-30,3100.0,3310.0,3100.0,3215.0,18424.0,199550
2026-09-30,1505.0,1523.0,1495.0,1500.0,27237.0,217500
2026-09-30,5400.0,5480.0,5210.0,5270.0,20205.0,452400
2026-09-30,3765.0,3855.0,3640.0,3655.0,42850.0,382150
2026-09-30,0.0,0.0,0.0,6550.0,0.0,418250
2026-09-30,1353.0,1365.0,1336.0,1345.0,56703.0,014190
2026-09-30,6870.0,6930.0,6690.0,6760.0,23806.0,059100
2026-09-30,1713.0,1737.0,1713.0,1723.0,5089.0,440290
2026-09-30,2740.0,2915.0,2650.0,2870.0,190277.0,232830
2026-09-30,4720.0,4925.0,4720.0,4855.0,44369.0,189860
2026-09-30,3335.0,3660.0,3285.0,3460.0,5567.0,373160
2026-09-30,2735.0,2990.0,2660.0,2735.0,206272.0,033170
2026-09-30,0.0,0.0,0.0,521.0,0.0,023440
2026-09-30,3420.0,3450.0,3340.0,3415.0,20896.0,277070
2026-09-30,3200.0,3200.0,3100.0,3165.0,23559.0,053450
2026-09-30,2600.0,2685.0,2530.0,2575.0,63931.0,384470
2026-09-30,2685.0,2730.0,2465.0,2645.0,93471.0,032960
2026-09-30,1172.0,1172.0,1156.0,1157.0,12838.0,189980
2026-09-30,5290.0,5290.0,5110.0,5140.0,11819.0,038010
2026-09-30,5200.0,5400.0,5140.0,5200.0,1203.0,073110
2026-09-30,0.0,0.0,0.0,1957.0,0.0,229000
2026-09-30,0.0,0.0,0.0,766.0,0.0,131400
2026-09-30,1595.0,1623.0,1580.0,1587.0,5307.0,361570
2026-09-30,4030.0,4080.0,3980.0,4030.0,1897.0,471820
2026-09-30,2410.0,2415.0,2385.0,2395.0,10572.0,053980
2026-09-30,3940.0,4175.0,3900.0,4000.0,3916.0,051390
2026-09-30,3965.0,3985.0,3850.0,3870.0,48362.0,150900
2026-09-30,3180.0,3180.0,3100.0,3125.0,13997.0,072990
2026-09-30,995.0,1036.0,995.0,1026.0,51095.0,068330
2026-09-30,6740.0,6990.0,6650.0,6870.0,8140.0,476040
2026-09-30,2670.0,2735.0,2670.0,2700.0,43076.0,094970
2026-09-30,2740.0,2865.0,2740.0,2820.0,33720.0,065130
2026-09-30,2485.0,2495.0,2425.0,2425.0,6388.0,178780
2026-09-30,1640.0,1956.0,1570.0,1801.0,74739.0,373200
2026-09-30,8690.0,8950.0,8640.0,8830.0,8322.0,0010V0
2026-09-30,3260.0,3500.0,3260.0,3320.0,20968.0,083550
2026-09-30,2270.0,2300.0,2205.0,2235.0,71657.0,317690
2026-09-30,2090.0,2095.0,2075.0,2085.0,14106.0,198080
2026-09-30,2300.0,2330.0,2265.0,2310.0,26910.0,263700
2026-09-30,1007.0,1025.0,993.0,1000.0,29584.0,143540
2026-09-30,0.0,0.0,0.0,460.0,0.0,033340
2026-09-30,2670.0,2732.0,2640.0,2640.0,6187.0,037950
2026-09-30,2375.0,2390.0,2335.0,2355.0,4226.0,072470
2026-09-30,3425.0,3485.0,3410.0,3470.0,6451.0,066130
2026-09-30,8700.0,8960.0,8620.0,8770.0,2707.0,466410
2026-09-30,2855.0,2930.0,2805.0,2920.0,7657.0,460470
2026-09-30,0.0,0.0,0.0,416.0,0.0,288330
2026-09-30,5250.0,5430.0,5000.0,5280.0,362221.0,226340
2026-09-30,2205.0,2235.0,2165.0,2200.0,52776.0,114450
2026-09-30,1224.0,1244.0,1217.0,1227.0,36872.0,900250
2026-09-30,3150.0,3225.0,3150.0,3220.0,2058.0,050120
2026-09-30,889.0,917.0,889.0,900.0,24294.0,222420
2026-09-30,3095.0,3160.0,3080.0,3085.0,23356.0,099410
2026-09-30,5470.0,5470.0,4855.0,4905.0,4375.0,317870
2026-09-30,2255.0,2280.0,2230.0,2250.0,22100.0,260930
2026-09-30,3100.0,3145.0,3070.0,3125.0,10597.0,263020
2026-09-30,1181.0,1200.0,1170.0,1172.0,32983.0,258610
2026-09-30,1249.0,1249.0,1200.0,1211.0,54720.0,900340
2026-09-30,5010.0,5080.0,4960.0,4960.0,823.0,042040
2026-09-30,6070.0,6090.0,5970.0,6050.0,5110.0,479960
2026-09-30,4470.0,4720.0,4050.0,4600.0,65123.0,196300
2026-09-30,4375.0,4445.0,4375.0,4410.0,6128.0,082850
2026-09-30,838.0,848.0,821.0,825.0,1708.0,022220
2026-09-30,2975.0,2995.0,2950.0,2990.0,3309.0,238120
2026-09-30,932.0,934.0,926.0,928.0,25131.0,129890
2026-09-30,5860.0,5980.0,5840.0,5870.0,8336.0,413640
2026-09-30,2020.0,2020.0,1996.0,1998.0,6090.0,140520
2026-09-30,5900.0,5970.0,5830.0,5930.0,11315.0,307280
2026-09-30,2710.0,2930.0,2705.0,2920.0,22407.0,461030
2026-09-30,5010.0,5010.0,4950.0,4985.0,4768.0,256150
2026-09-30,1211.0,1235.0,1172.0,1207.0,36934.0,227950
2026-09-30,2080.0,2105.0,2060.0,2075.0,9960.0,159580
2026-09-30,6510.0,6510.0,6450.0,6490.0,1014.0,190650
2026-09-30,2565.0,2670.0,2565.0,2620.0,7823.0,261200
2026-09-30,4870.0,4905.0,4705.0,4810.0,11149.0,086060
2026-09-30,3290.0,3350.0,3290.0,3340.0,7494.0,002290
2026-09-30,1416.0,1416.0,1407.0,1414.0,10328.0,056700
2026-09-30,3125.0,3150.0,3095.0,3105.0,5029.0,007680
2026-09-30,2710.0,2710.0,2490.0,2575.0,19471.0,286750
2026-09-30,5230.0,5400.0,5170.0,5200.0,3869.0,290670
2026-09-30,3690.0,3720.0,3665.0,3705.0,5058.0,136410
2026-09-30,8180.0,8180.0,7920.0,8000.0,3687.0,224110
2026-09-30,2585.0,2610.0,2540.0,2565.0,24838.0,263810
2026-09-30,4025.0,4160.0,3745.0,3970.0,11558.0,199480
2026-09-30,1653.0,1699.0,1609.0,1661.0,52582.0,452200
2026-09-30,1486.0,1500.0,1462.0,1470.0,10076.0,189690
2026-09-30,1781.0,1781.0,1727.0,1769.0,1256.0,066900
2026-09-30,1640.0,1700.0,1640.0,1697.0,32018.0,263770
2026-09-30,3925.0,4047.0,3855.0,3930.0,8172.0,465480
2026-09-30,742.0,790.0,730.0,737.0,130351.0,027830
2026-09-30,0.0,0.0,0.0,798.0,0.0,064090
2026-09-30,3100.0,3140.0,3070.0,3130.0,28091.0,100660
2026-09-30,2795.0,2815.0,2710.0,2795.0,16993.0,203450
2026-09-30,1345.0,1345.0,1317.0,1318.0,10430.0,037230
2026-09-30,3085.0,3125.0,3075.0,3105.0,12313.0,044960
2026-09-30,4790.0,4880.0,4540.0,4760.0,8880.0,450330
2026-09-30,6450.0,6450.0,6300.0,6380.0,1222.0,049830
2026-09-30,2015.0,2015.0,1980.0,1984.0,73490.0,053950
2026-09-30,1891.0,1910.0,1890.0,1902.0,41593.0,218150
2026-09-30,2580.0,2800.0,2580.0,2605.0,75300.0,084650
2026-09-30,1419.0,1447.0,1409.0,1418.0,99732.0,065440
2026-09-30,9610.0,9660.0,9390.0,9540.0,387.0,221980
2026-09-30,2030.0,2080.0,2020.0,2040.0,47934.0,184230
2026-09-30,2330.0,2330.0,2275.0,2295.0,19924.0,025880
2026-09-30,1645.0,1681.0,1636.0,1652.0,31612.0,052220
2026-09-30,1681.0,1712.0,1671.0,1701.0,17052.0,050860
2026-09-30,1455.0,1464.0,1450.0,1450.0,10618.0,352700
2026-09-30,1805.0,1805.0,1689.0,1711.0,20273.0,007530
2026-09-30,1197.0,1235.0,1153.0,1209.0,83729.0,045510
2026-09-30,2390.0,2450.0,2355.0,2430.0,40443.0,081580
2026-09-30,3345.0,3345.0,3270.0,3320.0,3626.0,101240
2026-09-30,2035.0,2035.0,1998.0,2010.0,5751.0,221840
2026-09-30,3230.0,3240.0,3210.0,3220.0,9592.0,019770
2026-09-30,2635.0,2635.0,2530.0,2565.0,12937.0,234100
2026-09-30,2290.0,2290.0,2270.0,2275.0,8652.0,046310
2026-09-30,2290.0,2290.0,2185.0,2215.0,21727.0,215380
2026-09-30,3860.0,3860.0,3680.0,3775.0,14591.0,273060
2026-09-30,5450.0,5530.0,5440.0,5470.0,479.0,250000
2026-09-30,3145.0,3255.0,3145.0,3215.0,15721.0,219420
2026-09-30,1622.0,1637.0,1570.0,1598.0,33592.0,122690
2026-09-30,2775.0,2825.0,2730.0,2790.0,31485.0,208710
2026-09-30,1776.0,1925.0,1775.0,1893.0,113025.0,054780
2026-09-30,4320.0,4400.0,4310.0,4320.0,3486.0,097870
2026-09-30,2035.0,2130.0,2005.0,2120.0,7946.0,046390
2026-09-30,3905.0,3940.0,3880.0,3925.0,5206.0,038070
2026-09-30,7460.0,7550.0,7270.0,7280.0,23967.0,258790
2026-09-30,2465.0,2525.0,2420.0,2440.0,111118.0,035460
2026-09-30,2700.0,2795.0,2670.0,2735.0,54986.0,121890
2026-09-30,2240.0,2300.0,2230.0,2240.0,12440.0,086040
2026-09-30,2515.0,2595.0,2485.0,2525.0,12783.0,171010
2026-09-30,1017.0,1038.0,1001.0,1011.0,53335.0,065500
2026-09-30,1615.0,1630.0,1615.0,1622.0,2444.0,123570
2026-09-30,6250.0,6450.0,6020.0,6400.0,8614.0,387570
2026-09-30,3240.0,3240.0,3140.0,3175.0,6850.0,043910
2026-09-30,0.0,0.0,0.0,1087.0,0.0,284620
2026-09-30,4100.0,4130.0,3955.0,4130.0,8990.0,039290
2026-09-30,5420.0,5430.0,5200.0,5240.0,28982.0,042940
2026-09-30,0.0,0.0,0.0,602.0,0.0,057540
2026-09-30,6370.0,6460.0,6350.0,6430.0,1411.0,318410
2026-09-30,0.0,0.0,0.0,778.0,0.0,068940
2026-09-30,3585.0,3680.0,3470.0,3590.0,46653.0,239890
2026-09-30,4115.0,4335.0,4115.0,4180.0,4960.0,363250
2026-09-30,4210.0,4305.0,4040.0,4120.0,6853.0,037370
2026-09-30,1480.0,1496.0,1460.0,1480.0,27070.0,066360
2026-09-30,2075.0,2100.0,2050.0,2090.0,23481.0,045060
2026-09-30,0.0,0.0,0.0,959.0,0.0,263050
2026-09-30,2540.0,2545.0,2460.0,2485.0,10093.0,051490
2026-09-30,4305.0,4390.0,4305.0,4330.0,1910.0,060850
2026-09-30,3160.0,3250.0,3075.0,3190.0,10422.0,446840
2026-09-30,3065.0,3070.0,3035.0,3050.0,5464.0,024120
2026-09-30,2460.0,2580.0,2435.0,2495.0,514867.0,406820
2026-09-30,3250.0,3270.0,3180.0,3185.0,1348.0,014570
2026-09-30,3200.0,3675.0,3120.0,3140.0,6396546.0,0010F0
2026-09-30,2285.0,2295.0,2250.0,2260.0,11746.0,260660
2026-09-30,1788.0,1802.0,1765.0,1792.0,5112.0,204020
2026-09-30,4300.0,4485.0,4210.0,4385.0,26726.0,332290
2026-09-30,1348.0,1348.0,1317.0,1331.0,36844.0,060540
2026-09-30,3930.0,3980.0,3730.0,3835.0,7549.0,196450
2026-09-30,2040.0,2140.0,2035.0,2105.0,32671.0,026040
2026-09-30,3640.0,3720.0,3580.0,3605.0,23999.0,177900
2026-09-30,1293.0,1344.0,1293.0,1300.0,23403.0,106240
2026-09-30,2470.0,2475.0,2400.0,2435.0,29647.0,452300
2026-09-30,1786.0,1894.0,1750.0,1882.0,180504.0,169330
2026-09-30,5360.0,5360.0,5130.0,5210.0,4274.0,153460
2026-09-30,3135.0,3265.0,3100.0,3142.0,4406.0,186230
2026-09-30,0.0,0.0,0.0,991.0,0.0,469750
2026-09-30,2140.0,2140.0,2085.0,2105.0,6679.0,075130
2026-09-30,2040.0,2067.0,2000.0,2050.0,9208.0,207760
2026-09-30,6430.0,6630.0,6430.0,6590.0,676.0,397810
2026-09-30,2760.0,2785.0,2710.0,2750.0,36838.0,434480
2026-09-30,1523.0,1621.0,1498.0,1532.0,130024.0,310870
2026-09-30,2100.0,2100.0,1995.0,2035.0,8811.0,432430
2026-09-30,4420.0,4785.0,4390.0,4505.0,1094.0,290090
2026-09-30,4330.0,4370.0,4320.0,4360.0,19421.0,131090
2026-09-30,2065.0,2070.0,2020.0,2045.0,16880.0,057030
2026-09-30,1478.0,1494.0,1470.0,1488.0,16739.0,064520
2026-09-30,2180.0,2210.0,2075.0,2085.0,38773.0,290120
2026-09-30,1375.0,1400.0,1350.0,1385.0,2344.0,220180
2026-09-30,0.0,0.0,0.0,689.0,0.0,038060
2026-09-30,2870.0,2915.0,2835.0,2865.0,4024.0,052600
2026-09-30,5170.0,5450.0,5100.0,5270.0,18473.0,099220
2026-09-30,4045.0,4110.0,4035.0,4080.0,4622.0,476080
2026-09-30,1485.0,1557.0,1453.0,1499.0,8797.0,335810
2026-09-30,9710.0,9800.0,9350.0,9650.0,2427.0,208860
2026-09-30,990.0,990.0,851.0,870.0,471459.0,206400
2026-09-30,4195.0,4370.0,4050.0,4370.0,58936.0,431190
2026-09-30,1415.0,1470.0,1400.0,1408.0,42749.0,215090
2026-09-30,2980.0,3020.0,2960.0,2980.0,16579.0,006920
2026-09-30,2160.0,2320.0,2155.0,2195.0,44137.0,104200
2026-09-30,1275.0,1298.0,1250.0,1263.0,62591.0,032790
2026-09-30,1169.0,1189.0,1158.0,1169.0,3494.0,068050
2026-09-30,707.0,895.0,697.0,817.0,14505091.0,270520
2026-09-30,2545.0,2595.0,2480.0,2540.0,31180.0,311390
2026-09-30,2980.0,3065.0,2980.0,3015.0,5519.0,200780
2026-09-30,4285.0,4285.0,3620.0,3650.0,861040.0,462510
2026-09-30,6270.0,6270.0,6100.0,6190.0,3192.0,296640
2026-09-30,6800.0,7050.0,6770.0,6820.0,3849.0,417860
2026-09-30,988.0,1284.0,983.0,1182.0,9078725.0,900070
2026-09-30,1990.0,1990.0,1950.0,1960.0,5666.0,021650
2026-09-30,1673.0,1696.0,1657.0,1687.0,2968.0,033830
2026-09-30,1140.0,1150.0,1130.0,1138.0,17385.0,031510
2026-09-30,983.0,999.0,950.0,973.0,31853.0,408900
2026-09-30,3365.0,3365.0,3175.0,3260.0,637.0,025440
2026-09-30,2235.0,2245.0,2210.0,2235.0,6507.0,419120
2026-09-30,2565.0,2600.0,2500.0,2595.0,12055.0,318020
2026-09-30,3845.0,3885.0,3800.0,3880.0,617.0,087600
2026-09-30,2045.0,2100.0,2045.0,2070.0,6042.0,089140
2026-09-30,2715.0,2715.0,2475.0,2535.0,68287.0,900270
2026-09-30,2940.0,2940.0,2770.0,2790.0,16499.0,080520
2026-09-30,0.0,0.0,0.0,1079.0,0.0,050110
2026-09-30,3535.0,3585.0,3500.0,3505.0,2477.0,270870
2026-09-30,1368.0,1368.0,1341.0,1345.0,3566.0,133750
2026-09-30,1412.0,1412.0,1293.0,1297.0,79919.0,226330
2026-09-30,3200.0,3230.0,3175.0,3220.0,56655.0,093380
2026-09-30,2685.0,2685.0,2615.0,2645.0,2503.0,127980
2026-09-30,1136.0,1139.0,1107.0,1111.0,28908.0,065950
2026-09-30,2650.0,2690.0,2615.0,2670.0,26912.0,091340
2026-09-30,0.0,0.0,0.0,412.0,0.0,258830
2026-09-30,2910.0,2925.0,2805.0,2855.0,48149.0,430690
2026-09-30,7120.0,7150.0,7070.0,7070.0,1755.0,012620
2026-09-30,3240.0,3240.0,3090.0,3165.0,2131.0,263920
2026-09-30,1534.0,1570.0,1512.0,1521.0,22094.0,109820
2026-09-30,3460.0,3550.0,3340.0,3395.0,25593.0,090410
2026-09-30,3100.0,3180.0,2975.0,3000.0,5460.0,153490
2026-09-30,2265.0,2265.0,2180.0,2215.0,32401.0,016600
2026-09-30,2375.0,2390.0,2310.0,2360.0,11453.0,197140
2026-09-30,1060.0,1090.0,1020.0,1041.0,27920.0,271830
2026-09-30,2980.0,3105.0,2980.0,3015.0,7013.0,148930
2026-09-30,3095.0,3170.0,3020.0,3165.0,19674.0,336060
2026-09-30,3770.0,3855.0,3645.0,3705.0,6095.0,099390
2026-09-30,2955.0,2980.0,2860.0,2920.0,8550.0,159910
2026-09-30,1979.0,1979.0,1945.0,1971.0,16404.0,173940
2026-09-30,3010.0,3130.0,3000.0,3105.0,7866.0,376980
2026-09-30,2520.0,2550.0,2500.0,2535.0,16907.0,064480
2026-09-30,694.0,703.0,685.0,690.0,12134.0,037330
2026-09-30,3100.0,3100.0,2785.0,2850.0,12586.0,049120
2026-09-30,0.0,0.0,0.0,1969.0,0.0,246250
2026-09-30,1985.0,2040.0,1985.0,1991.0,55801.0,038620
2026-09-30,3850.0,3895.0,3675.0,3810.0,10076.0,462310
2026-09-30,4780.0,4860.0,4670.0,4695.0,7035.0,444530
2026-09-30,2535.0,2535.0,2460.0,2525.0,14200.0,356890
2026-09-30,3000.0,3040.0,2930.0,2955.0,76.0,038950
2026-09-30,2185.0,2185.0,2030.0,2145.0,9854.0,038870
2026-09-30,2840.0,2935.0,2815.0,2850.0,26638.0,262840
2026-09-30,1635.0,1641.0,1629.0,1636.0,5015.0,075970
2026-09-30,1239.0,1240.0,1182.0,1233.0,6517.0,071850
2026-09-30,2490.0,2550.0,2355.0,2500.0,66238.0,073570
2026-09-30,3005.0,3090.0,2950.0,3005.0,14585.0,369370
2026-09-30,1544.0,1665.0,1533.0,1611.0,65081.0,464580
2026-09-30,3955.0,3965.0,3855.0,3875.0,11658.0,020180
2026-09-30,1473.0,1473.0,1440.0,1464.0,9208.0,097780
2026-09-30,2180.0,2195.0,2085.0,2140.0,10422.0,070590
2026-09-30,5420.0,5490.0,5350.0,5370.0,1862.0,464280
2026-09-30,2280.0,2320.0,2270.0,2295.0,9626.0,237820
2026-09-30,5740.0,5750.0,5490.0,5540.0,1745.0,388610
2026-09-30,1616.0,1660.0,1609.0,1611.0,7662.0,462980
2026-09-30,630.0,630.0,612.0,617.0,28533.0,043340
2026-09-30,993.0,1015.0,993.0,1002.0,52436.0,317240
2026-09-30,2450.0,2630.0,2450.0,2565.0,21214.0,073540
2026-09-30,2665.0,2665.0,2460.0,2575.0,35955.0,368970
2026-09-30,1897.0,2030.0,1897.0,2025.0,5601.0,377030
2026-09-30,1081.0,1101.0,1068.0,1081.0,32713.0,128540
2026-09-30,2955.0,3105.0,2950.0,3000.0,9197.0,452160
2026-09-30,2800.0,2805.0,2750.0,2755.0,9843.0,033540
2026-09-30,2130.0,2180.0,2030.0,2065.0,18375.0,188260
2026-09-30,2720.0,2750.0,2715.0,2715.0,14178.0,045300
2026-09-30,5520.0,5560.0,5460.0,5460.0,2646.0,079170
2026-09-30,1024.0,1030.0,1006.0,1023.0,59863.0,160550
2026-09-30,1677.0,1699.0,1639.0,1675.0,16207.0,236810
2026-09-30,2955.0,2965.0,2810.0,2840.0,33980.0,200350
2026-09-30,2980.0,2980.0,2770.0,2795.0,4464.0,187270
2026-09-30,1910.0,1910.0,1845.0,1887.0,668.0,109960
2026-09-30,1485.0,1487.0,1410.0,1420.0,76120.0,198940
2026-09-30,2880.0,3005.0,2870.0,2960.0,6946.0,019570
2026-09-30,3285.0,3445.0,3275.0,3410.0,26445.0,364950
2026-09-30,2975.0,3045.0,2835.0,2860.0,47416.0,300120
2026-09-30,1912.0,1935.0,1884.0,1928.0,18635.0,407400
2026-09-30,6720.0,6720.0,6420.0,6450.0,6674.0,088340
2026-09-30,0.0,0.0,0.0,1710.0,0.0,043220
2026-09-30,3310.0,3470.0,3310.0,3350.0,1593.0,367000
2026-09-30,5200.0,5230.0,5200.0,5210.0,48.0,239610
2026-09-30,951.0,957.0,936.0,941.0,37787.0,031310
2026-09-30,0.0,0.0,0.0,910.0,0.0,254120
2026-09-30,700.0,720.0,656.0,676.0,140268.0,072770
2026-09-30,1452.0,1455.0,1440.0,1455.0,7174.0,225220
2026-09-30,3950.0,4040.0,3900.0,3965.0,21127.0,288620
2026-09-30,2980.0,2980.0,2810.0,2880.0,96090.0,048470
2026-09-30,2360.0,2400.0,2325.0,2330.0,5421.0,068100
2026-09-30,1897.0,1919.0,1825.0,1890.0,7602.0,450520
2026-09-30,2360.0,2385.0,2340.0,2350.0,13471.0,119500
2026-09-30,1644.0,1668.0,1630.0,1643.0,35866.0,008470
2026-09-30,2010.0,2070.0,1950.0,2015.0,22680.0,148250
2026-09-30,4000.0,4065.0,3720.0,3990.0,8434.0,297570
2026-09-30,1935.0,1935.0,1873.0,1898.0,7536.0,130500
2026-09-30,3460.0,3570.0,3425.0,3530.0,313.0,318010
2026-09-30,1615.0,1623.0,1603.0,1605.0,13168.0,089150
2026-09-30,1584.0,1622.0,1584.0,1611.0,7515.0,114630
2026-09-30,3330.0,3385.0,3280.0,3310.0,13358.0,351330
2026-09-30,8090.0,8090.0,7800.0,7810.0,319.0,007770
2026-09-30,3085.0,3250.0,2950.0,3150.0,51200.0,115530
2026-09-30,1285.0,1285.0,1190.0,1221.0,47810.0,290560
2026-09-30,2365.0,2365.0,2235.0,2255.0,5068.0,115480
2026-09-30,1768.0,1847.0,1745.0,1770.0,25487.0,066910
2026-09-30,2515.0,2520.0,2450.0,2500.0,41835.0,067010
2026-09-30,5570.0,5660.0,5500.0,5520.0,13118.0,333050
2026-09-30,489.0,509.0,475.0,478.0,385376.0,101670
2026-09-30,1058.0,1069.0,1031.0,1032.0,12788.0,016920
2026-09-30,2380.0,2380.0,2300.0,2360.0,7381.0,359090
2026-09-30,3165.0,3555.0,3120.0,3460.0,209681.0,002680
2026-09-30,1729.0,1729.0,1650.0,1701.0,17293.0,057680
2026-09-30,1705.0,1705.0,1670.0,1679.0,24271.0,195500
2026-09-30,1966.0,2100.0,1966.0,2040.0,3045.0,900310
2026-09-30,2750.0,2840.0,2660.0,2680.0,29238.0,078590
2026-09-30,1890.0,1960.0,1860.0,1893.0,8988.0,139670
2026-09-30,1675.0,1700.0,1601.0,1675.0,15431.0,096630
2026-09-30,2315.0,2315.0,2270.0,2285.0,16136.0,017000
2026-09-30,2555.0,2645.0,2555.0,2600.0,10273.0,069410
2026-09-30,2800.0,2825.0,2745.0,2765.0,6025.0,290270
2026-09-30,2510.0,2560.0,2440.0,2495.0,65756.0,140430
2026-09-30,2425.0,2475.0,2385.0,2395.0,3938.0,080530
2026-09-30,663.0,687.0,652.0,658.0,575240.0,215790
2026-09-30,2915.0,2970.0,2905.0,2935.0,4761.0,032750
2026-09-30,3695.0,3695.0,3435.0,3515.0,11775.0,091970
2026-09-30,1784.0,1784.0,1743.0,1748.0,11156.0,373170
2026-09-30,2000.0,2240.0,1990.0,2230.0,105156.0,398120
2026-09-30,3505.0,3565.0,3505.0,3535.0,2351.0,131220
2026-09-30,2180.0,2205.0,2140.0,2165.0,6585.0,013720
2026-09-30,1810.0,1810.0,1726.0,1738.0,7427.0,069140
2026-09-30,3650.0,3705.0,3630.0,3640.0,4534.0,079000
2026-09-30,1680.0,1787.0,1675.0,1681.0,2441.0,123840
2026-09-30,2505.0,2615.0,2495.0,2560.0,18128.0,016670
2026-09-30,1549.0,1639.0,1549.0,1578.0,1116.0,053290
2026-09-30,3925.0,4100.0,3800.0,3800.0,4330.0,328380
2026-09-30,5380.0,5530.0,5380.0,5450.0,2408.0,134060
2026-09-30,1047.0,1060.0,1037.0,1046.0,9459.0,047080
2026-09-30,1569.0,1770.0,1565.0,1592.0,535540.0,052300
2026-09-30,1939.0,2010.0,1911.0,1934.0,17564.0,193250
2026-09-30,1226.0,1321.0,1226.0,1277.0,31773.0,079190
2026-09-30,4000.0,4050.0,3885.0,4015.0,11961.0,363260
2026-09-30,1247.0,1259.0,1225.0,1239.0,50029.0,043200
2026-09-30,1589.0,1589.0,1560.0,1571.0,19788.0,103840
2026-09-30,1396.0,1399.0,1348.0,1383.0,10216.0,376180
2026-09-30,2965.0,3060.0,2905.0,2940.0,12318.0,101680
2026-09-30,1150.0,1157.0,1144.0,1155.0,8429.0,001810
2026-09-30,805.0,817.0,803.0,803.0,12747.0,033050
2026-09-30,2940.0,3110.0,2885.0,3060.0,71209.0,389680
2026-09-30,2720.0,2720.0,2635.0,2657.0,5110.0,348030
2026-09-30,6250.0,6660.0,6250.0,6320.0,1351.0,096690
2026-09-30,2230.0,2260.0,2215.0,2245.0,3074.0,238490
2026-09-30,1853.0,1870.0,1802.0,1823.0,143302.0,027040
2026-09-30,1060.0,1100.0,1036.0,1052.0,38249.0,146060
2026-09-30,1275.0,1332.0,1272.0,1287.0,26901.0,060380
2026-09-30,1687.0,1700.0,1526.0,1679.0,69974.0,322780
2026-09-30,2930.0,2935.0,2885.0,2890.0,28936.0,458350
2026-09-30,1621.0,1621.0,1570.0,1599.0,12512.0,105550
2026-09-30,1012.0,1031.0,980.0,1002.0,25691.0,054090
2026-09-30,1282.0,1328.0,1261.0,1310.0,26538.0,016100
2026-09-30,2455.0,2455.0,2205.0,2240.0,16320.0,351870
2026-09-30,1880.0,1957.0,1813.0,1956.0,54029.0,383930
2026-09-30,1100.0,1180.0,1045.0,1095.0,287262.0,069920
2026-09-30,1611.0,1709.0,1550.0,1580.0,121408.0,290520
2026-09-30,6100.0,6110.0,5820.0,5920.0,6757.0,090150
2026-09-30,0.0,0.0,0.0,956.0,0.0,368600
2026-09-30,1159.0,1174.0,1149.0,1156.0,8396.0,021880
2026-09-30,1790.0,1796.0,1697.0,1773.0,13675.0,123750
2026-09-30,1475.0,1483.0,1391.0,1395.0,6181.0,138070
2026-09-30,1360.0,1425.0,1310.0,1411.0,21945.0,083660
2026-09-30,1230.0,1279.0,1177.0,1246.0,53032.0,060230
2026-09-30,3305.0,3380.0,3240.0,3240.0,15174.0,038880
2026-09-30,1328.0,1377.0,1303.0,1315.0,24008.0,044780
2026-09-30,3815.0,3930.0,3815.0,3845.0,38548.0,148780
2026-09-30,1399.0,1600.0,1390.0,1571.0,168652.0,191410
2026-09-30,4140.0,4300.0,4125.0,4125.0,4246.0,131180
2026-09-30,2585.0,2640.0,2575.0,2610.0,16734.0,035200
2026-09-30,2090.0,2165.0,2010.0,2100.0,22703.0,415380
2026-09-30,1616.0,1616.0,1559.0,1581.0,119589.0,101400
2026-09-30,5290.0,5320.0,5180.0,5200.0,5133.0,083640
2026-09-30,2580.0,2635.0,2580.0,2630.0,11996.0,020400
2026-09-30,1528.0,1573.0,1457.0,1514.0,154095.0,355390
2026-09-30,949.0,986.0,927.0,935.0,29187.0,206560
2026-09-30,4600.0,5400.0,4530.0,4620.0,456757.0,224060
2026-09-30,859.0,859.0,630.0,672.0,4662875.0,070300
2026-09-30,1880.0,1892.0,1815.0,1887.0,13509.0,257370
2026-09-30,2970.0,2980.0,2940.0,2945.0,5420.0,039740
2026-09-30,2100.0,2110.0,2045.0,2085.0,10314.0,177830
2026-09-30,2935.0,2950.0,2870.0,2930.0,10793.0,208350
2026-09-30,3245.0,3245.0,3020.0,3060.0,3795.0,267790
2026-09-30,1678.0,1703.0,1645.0,1681.0,13881.0,464500
2026-09-30,5350.0,5470.0,5350.0,5450.0,3905.0,115160
2026-09-30,1100.0,1100.0,1033.0,1038.0,54989.0,076080
2026-09-30,3100.0,3100.0,2795.0,2955.0,23524.0,475660
2026-09-30,4945.0,5030.0,4840.0,4970.0,2509.0,188040
2026-09-30,2690.0,2705.0,2645.0,2665.0,6956.0,318000
2026-09-30,2980.0,2980.0,2840.0,2855.0,17918.0,223310
2026-09-30,1488.0,1488.0,1438.0,1446.0,18481.0,058110
2026-09-30,1240.0,1289.0,1178.0,1254.0,34051.0,365590
2026-09-30,3300.0,3300.0,3200.0,3200.0,25064.0,429270
2026-09-30,1846.0,1974.0,1803.0,1949.0,44313.0,027580
2026-09-30,1035.0,1035.0,988.0,1002.0,121263.0,032680
2026-09-30,1450.0,1764.0,1450.0,1764.0,3227091.0,023790
2026-09-30,1765.0,1765.0,1635.0,1696.0,15441.0,043590
2026-09-30,2405.0,2440.0,2325.0,2380.0,1614.0,298060
2026-09-30,3490.0,3565.0,3355.0,3450.0,17730.0,054940
2026-09-30,3830.0,4100.0,3830.0,4020.0,1233.0,417180
2026-09-30,1775.0,1854.0,1774.0,1776.0,7530.0,405920
2026-09-30,1954.0,1984.0,1936.0,1984.0,4551.0,187220
2026-09-30,2530.0,2530.0,2445.0,2470.0,90136.0,378800
2026-09-30,2110.0,2160.0,2055.0,2095.0,2493.0,222980
2026-09-30,1957.0,1957.0,1914.0,1951.0,2007.0,018680
2026-09-30,1497.0,1580.0,1476.0,1481.0,19566.0,051380
2026-09-30,2070.0,2125.0,2020.0,2105.0,85153.0,215480
2026-09-30,6090.0,6090.0,5780.0,5940.0,5279.0,036480
2026-09-30,1559.0,1586.0,1524.0,1540.0,40417.0,013810
2026-09-30,2810.0,2835.0,2665.0,2715.0,6273.0,377330
2026-09-30,1890.0,1890.0,1820.0,1870.0,20428.0,065690
2026-09-30,2410.0,2435.0,2400.0,2435.0,3721.0,033200
2026-09-30,1493.0,1493.0,1472.0,1474.0,5165.0,032800
2026-09-30,1123.0,1143.0,1102.0,1103.0,10401.0,007720
2026-09-30,2510.0,2555.0,2440.0,2475.0,51882.0,023770
2026-09-30,1060.0,1060.0,1045.0,1056.0,1110.0,017250
2026-09-30,3350.0,3410.0,3310.0,3385.0,2713.0,237750
2026-09-30,1870.0,1870.0,1800.0,1834.0,26152.0,192390
2026-09-30,3030.0,3030.0,2965.0,2990.0,3244.0,303530
2026-09-30,2795.0,2795.0,2620.0,2665.0,1545.0,238200
2026-09-30,2710.0,2775.0,2690.0,2740.0,12596.0,115570
2026-09-30,0.0,0.0,0.0,1010.0,0.0,032080
2026-09-30,2060.0,2095.0,1975.0,1994.0,17279.0,352940
2026-09-30,3450.0,3490.0,3335.0,3335.0,7812.0,045520
2026-09-30,1312.0,1312.0,1263.0,1294.0,526.0,018700
2026-09-30,1694.0,1734.0,1630.0,1681.0,15616.0,219750
2026-09-30,1335.0,1338.0,1312.0,1333.0,60721.0,032280
2026-09-30,2700.0,2740.0,2645.0,2675.0,5401.0,032860
2026-09-30,1235.0,1249.0,1205.0,1216.0,45591.0,053060
2026-09-30,2410.0,2565.0,2410.0,2505.0,8982.0,432980
2026-09-30,1184.0,1193.0,1162.0,1193.0,34745.0,039310
2026-09-30,1426.0,1432.0,1406.0,1415.0,30883.0,317120
2026-09-30,0.0,0.0,0.0,756.0,0.0,340440
2026-09-30,5540.0,5550.0,5420.0,5520.0,5186.0,277410
2026-09-30,2900.0,2960.0,2860.0,2870.0,3033.0,065370
2026-09-30,2305.0,2305.0,2110.0,2160.0,29217.0,331520
2026-09-30,3260.0,3335.0,3180.0,3205.0,7288.0,044480
2026-09-30,1703.0,1705.0,1662.0,1677.0,31742.0,054220
2026-09-30,2070.0,2100.0,2020.0,2100.0,26663.0,424760
2026-09-30,2210.0,2250.0,2190.0,2205.0,14893.0,241840
2026-09-30,2195.0,2200.0,2140.0,2175.0,6627.0,067730
2026-09-30,3650.0,3690.0,3600.0,3670.0,4185.0,361670
2026-09-30,2100.0,2280.0,2070.0,2085.0,21558.0,440320
2026-09-30,2315.0,2315.0,2230.0,2290.0,8707.0,043360
2026-09-30,2090.0,2090.0,2025.0,2050.0,29236.0,024940
2026-09-30,3000.0,3165.0,2920.0,2930.0,20470.0,372800
2026-09-30,2155.0,2285.0,2135.0,2165.0,19493.0,200230
2026-09-30,1437.0,1437.0,1360.0,1365.0,30908.0,344860
2026-09-30,1875.0,1875.0,1800.0,1817.0,22645.0,130740
2026-09-30,4340.0,4340.0,3825.0,3915.0,52620.0,247660
2026-09-30,1466.0,1470.0,1434.0,1465.0,12543.0,019660
2026-09-30,940.0,970.0,854.0,860.0,91655.0,276730
2026-09-30,940.0,940.0,904.0,934.0,19013.0,021040
2026-09-30,1060.0,1150.0,1041.0,1069.0,685328.0,048830
2026-09-30,1205.0,1205.0,1185.0,1189.0,15936.0,362990
2026-09-30,935.0,935.0,894.0,898.0,24515.0,289220
2026-09-30,1832.0,1832.0,1765.0,1797.0,21238.0,438700
2026-09-30,2585.0,2585.0,2520.0,2525.0,2096.0,353190
2026-09-30,3870.0,3905.0,3710.0,3780.0,4531.0,275630
2026-09-30,550.0,560.0,540.0,543.0,139511.0,095910
2026-09-30,1567.0,1624.0,1492.0,1507.0,20635.0,301300
2026-09-30,2300.0,2400.0,2260.0,2365.0,25543.0,096870
2026-09-30,2700.0,2725.0,2665.0,2670.0,12403.0,080470
2026-09-30,1567.0,1567.0,1548.0,1556.0,544.0,098660
2026-09-30,1167.0,1257.0,1122.0,1168.0,16796.0,069330
2026-09-30,0.0,0.0,0.0,1622.0,0.0,073190
2026-09-30,2200.0,2205.0,2050.0,2070.0,90264.0,063760
2026-09-30,3665.0,3700.0,3435.0,3595.0,1792.0,405000
2026-09-30,1020.0,1020.0,951.0,994.0,12335.0,227610
2026-09-30,1315.0,1406.0,1315.0,1360.0,25425.0,085810
2026-09-30,3530.0,3530.0,3470.0,3525.0,2146.0,342870
2026-09-30,0.0,0.0,0.0,2290.0,0.0,214610
2026-09-30,5510.0,5510.0,5210.0,5500.0,20339.0,009620
2026-09-30,1185.0,1195.0,1169.0,1172.0,18368.0,050760
2026-09-30,3765.0,3800.0,3660.0,3670.0,6513.0,038530
2026-09-30,1623.0,1628.0,1579.0,1613.0,26057.0,115610
2026-09-30,1352.0,1389.0,1299.0,1379.0,62687.0,079950
2026-09-30,879.0,902.0,867.0,888.0,24361.0,083470
2026-09-30,2320.0,2405.0,2285.0,2375.0,2438.0,088290
2026-09-30,1593.0,1593.0,1558.0,1569.0,3625.0,154030
2026-09-30,2900.0,2980.0,2885.0,2895.0,12168.0,113810
2026-09-30,835.0,880.0,818.0,848.0,34795.0,347770
2026-09-30,1181.0,1199.0,1165.0,1180.0,5411.0,065150
2026-09-30,0.0,0.0,0.0,6930.0,0.0,031860
2026-09-30,1467.0,1467.0,1434.0,1449.0,6369.0,353590
2026-09-30,2235.0,2275.0,2220.0,2230.0,7448.0,252500
2026-09-30,2700.0,2725.0,2645.0,2685.0,1876.0,018620
2026-09-30,4980.0,4980.0,4830.0,4835.0,2015.0,084440
2026-09-30,1150.0,1150.0,1120.0,1141.0,10411.0,195990
2026-09-30,3145.0,3145.0,3000.0,3070.0,3719.0,065060
2026-09-30,2000.0,2035.0,1985.0,2030.0,3717.0,110020
2026-09-30,2010.0,2090.0,1983.0,2005.0,27125.0,403490
2026-09-30,1610.0,1610.0,1512.0,1540.0,45345.0,014100
2026-09-30,3885.0,3890.0,3820.0,3875.0,1708.0,279600
2026-09-30,2050.0,2055.0,1970.0,2010.0,7769.0,274400
2026-09-30,1270.0,1270.0,1220.0,1235.0,8882.0,455180
2026-09-30,2525.0,2555.0,2450.0,2495.0,26676.0,365900
2026-09-30,1269.0,1269.0,1251.0,1257.0,9676.0,196700
2026-09-30,2950.0,3050.0,2810.0,2905.0,45548.0,078860
2026-09-30,2820.0,3100.0,2735.0,2780.0,91250.0,131100
2026-09-30,2330.0,2350.0,2110.0,2265.0,51828.0,026910
2026-09-30,3050.0,3050.0,2955.0,3000.0,8096.0,419540
2026-09-30,2175.0,2390.0,2115.0,2375.0,65253.0,051780
2026-09-30,1824.0,1826.0,1800.0,1810.0,8523.0,137940
2026-09-30,8430.0,8710.0,8000.0,8180.0,8516.0,154040
2026-09-30,1220.0,1242.0,1176.0,1197.0,25466.0,056730
2026-09-30,3350.0,3370.0,3335.0,3365.0,2772.0,037400
2026-09-30,3240.0,3255.0,2995.0,3037.0,12351.0,054410
2026-09-30,0.0,0.0,0.0,1040.0,0.0,900120
2026-09-30,1885.0,1900.0,1884.0,1899.0,75186.0,0197V0
2026-09-30,1800.0,1856.0,1743.0,1797.0,73383.0,210120
2026-09-30,1002.0,1002.0,984.0,989.0,36314.0,373110
2026-09-30,0.0,0.0,0.0,2055.0,0.0,482680
2026-09-30,2080.0,2085.0,2070.0,2075.0,5893.0,477380
2026-09-30,0.0,0.0,0.0,6040.0,0.0,241820
2026-09-30,1886.0,1895.0,1881.0,1890.0,263157.0,0200G0
2026-09-30,4620.0,4620.0,4355.0,4475.0,18630.0,285800
2026-09-30,823.0,846.0,799.0,832.0,51462.0,309930
2026-09-30,2030.0,2100.0,1955.0,2005.0,49620.0,009730
2026-09-30,2620.0,2660.0,2530.0,2545.0,36278.0,034940
2026-09-30,1964.0,1984.0,1964.0,1977.0,13723.0,0072Z0
2026-09-30,2060.0,2065.0,2060.0,2065.0,17786.0,477340
2026-09-30,1973.0,1998.0,1970.0,1998.0,10214.0,0130H0
2026-09-30,1469.0,1545.0,1395.0,1403.0,21723.0,065650
2026-09-30,1956.0,1982.0,1953.0,1982.0,11624.0,0101C0
2026-09-30,1598.0,1598.0,1481.0,1501.0,52971.0,376930
2026-09-30,3040.0,3100.0,2955.0,2960.0,32184.0,225590
2026-09-30,0.0,0.0,0.0,973.0,0.0,030350
2026-09-30,622.0,640.0,581.0,590.0,352818.0,418620
2026-09-30,1986.0,1994.0,1970.0,1994.0,36314.0,0044K0
2026-09-30,2630.0,2660.0,2585.0,2615.0,13076.0,475460
2026-09-30,2105.0,2105.0,2100.0,2105.0,339354.0,473050
2026-09-30,1995.0,1997.0,1975.0,1997.0,5288.0,0115H0
2026-09-30,1700.0,1720.0,1478.0,1496.0,147918.0,101000
2026-09-30,0.0,0.0,0.0,2200.0,0.0,489480
2026-09-30,2380.0,2380.0,2160.0,2200.0,104961.0,060900
2026-09-30,4350.0,4785.0,4225.0,4275.0,9350.0,335870
2026-09-30,2060.0,2070.0,2060.0,2065.0,2722.0,478440
2026-09-30,1375.0,1401.0,1228.0,1256.0,124120.0,060480
2026-09-30,2070.0,2075.0,2065.0,2065.0,4898.0,479880
2026-09-30,1926.0,1938.0,1926.0,1936.0,9908.0,0165X0
2026-09-30,3035.0,3035.0,2525.0,2570.0,7695.0,239340
2026-09-30,1964.0,1983.0,1954.0,1982.0,12076.0,0099W0
2026-09-30,1525.0,1547.0,1471.0,1483.0,19474.0,306040
2026-09-30,0.0,0.0,0.0,561.0,0.0,304840
2026-09-30,768.0,768.0,725.0,732.0,102013.0,035620
2026-09-30,1886.0,1890.0,1880.0,1890.0,365097.0,0209J0
2026-09-30,0.0,0.0,0.0,5250.0,0.0,352770
2026-09-30,513.0,620.0,512.0,569.0,915143.0,050090
2026-09-30,1450.0,1493.0,1242.0,1358.0,123974.0,177350
2026-09-30,0.0,0.0,0.0,1651.0,0.0,244460
2026-09-30,1964.0,1983.0,1964.0,1983.0,25013.0,0134X0
2026-09-30,2070.0,2070.0,2065.0,2070.0,7560.0,481890
2026-09-30,1944.0,1949.0,1935.0,1943.0,18974.0,0164H0
2026-09-30,1984.0,1987.0,1961.0,1986.0,6074.0,0096B0
2026-09-30,2800.0,2900.0,2555.0,2605.0,119002.0,092600
2026-09-30,1959.0,1992.0,1958.0,1989.0,11347.0,0097F0
2026-09-30,2045.0,2050.0,2040.0,2040.0,12188.0,489730
2026-09-30,3245.0,3355.0,3025.0,3055.0,233767.0,469480
2026-09-30,2075.0,2075.0,2065.0,2065.0,9793.0,478390
2026-09-30,2650.0,2890.0,2550.0,2595.0,497405.0,498390
2026-09-30,2230.0,2350.0,2135.0,2140.0,410919.0,0099X0
2026-09-30,0.0,0.0,0.0,2295.0,0.0,054180
2026-09-30,1974.0,1987.0,1951.0,1982.0,12774.0,0093G0
2026-09-30,1980.0,1998.0,1975.0,1998.0,12661.0,0037T0
2026-09-30,2035.0,2040.0,2015.0,2030.0,52319.0,492220
2026-09-30,0.0,0.0,0.0,2065.0,0.0,482520
2026-09-30,0.0,0.0,0.0,5170.0,0.0,028080
2026-09-30,1964.0,1964.0,1700.0,1740.0,99165.0,103230
2026-09-30,1980.0,2005.0,1980.0,1999.0,8191.0,0054V0
2026-09-30,1958.0,1974.0,1950.0,1970.0,11588.0,0131D0
2026-09-30,0.0,0.0,0.0,764.0,0.0,065570
2026-09-30,2040.0,2040.0,2010.0,2020.0,17943.0,0091W0
2026-09-30,2065.0,2075.0,2060.0,2075.0,2040.0,477760
2026-09-30,1991.0,1999.0,1956.0,1998.0,11489.0,0041L0
2026-09-30,2050.0,2080.0,2035.0,2060.0,7610.0,0088D0
2026-09-30,2150.0,2270.0,2025.0,2100.0,23739.0,377220
2026-09-30,1991.0,1991.0,1972.0,1991.0,4938.0,0132G0
2026-09-30,2100.0,2105.0,2100.0,2100.0,235489.0,469900
2026-09-30,1340.0,1340.0,1207.0,1277.0,32778.0,303030
2026-09-30,2060.0,2080.0,2060.0,2075.0,10258.0,482690
2026-09-30,2090.0,2090.0,2085.0,2090.0,9313.0,474660
2026-09-30,2080.0,2090.0,2080.0,2085.0,4561.0,474490
2026-09-30,1963.0,1991.0,1963.0,1991.0,40414.0,0071M0
2026-09-30,2025.0,2035.0,2025.0,2030.0,23788.0,487360
2026-09-30,2070.0,2070.0,2060.0,2070.0,44354.0,477470
2026-09-30,1985.0,1994.0,1951.0,1993.0,9799.0,0105P0
2026-09-30,2000.0,2010.0,1986.0,2000.0,7540.0,496070
2026-09-30,861.0,935.0,775.0,790.0,307186.0,289010
2026-09-30,1966.0,1982.0,1966.0,1978.0,13254.0,0129K0
2026-09-30,827.0,855.0,827.0,831.0,25543.0,060260
2026-09-30,805.0,820.0,761.0,793.0,111316.0,208640
2026-09-30,1952.0,1991.0,1952.0,1991.0,12789.0,0096D0
2026-09-30,2045.0,2055.0,2045.0,2055.0,14803.0,486630
2026-09-30,1999.0,2000.0,1995.0,2000.0,5957.0,0098T0
2026-09-30,2020.0,2025.0,2010.0,2025.0,6431.0,493790
2026-09-30,2000.0,2010.0,1999.0,1999.0,5785.0,0004Y0
2026-09-30,2045.0,2055.0,2040.0,2050.0,4145.0,489210
2026-09-30,3180.0,3180.0,2990.0,3040.0,40301.0,006050
2026-09-30,1970.0,1970.0,1951.0,1969.0,6052.0,0130D0
2026-09-30,0.0,0.0,0.0,520.0,0.0,043100
2026-09-30,2055.0,2055.0,2050.0,2055.0,19160.0,478110
2026-09-30,2000.0,2005.0,1995.0,2000.0,961.0,466690
2026-09-30,0.0,0.0,0.0,538.0,0.0,305090
2026-09-30,1993.0,2015.0,1993.0,2005.0,2447.0,0041B0
2026-09-30,499.0,499.0,463.0,477.0,107187.0,142760
2026-09-30,1211.0,1244.0,1100.0,1155.0,206797.0,131760
2026-09-30,2040.0,2050.0,2035.0,2035.0,8873.0,488060
2026-09-30,0.0,0.0,0.0,1650.0,0.0,106080
2026-09-30,2030.0,2045.0,2025.0,2025.0,14296.0,484130
2026-09-30,2055.0,2060.0,2050.0,2055.0,3748.0,473950
2026-09-30,880.0,920.0,839.0,852.0,74691.0,065770
2026-09-30,419.0,421.0,400.0,405.0,156081.0,012340
2026-09-30,2040.0,2040.0,2025.0,2035.0,11355.0,487830
2026-09-30,0.0,0.0,0.0,2080.0,0.0,468760
2026-09-30,2105.0,2110.0,2100.0,2105.0,260009.0,472230
2026-09-30,2045.0,2050.0,2040.0,2050.0,7930.0,487720
2026-09-30,1990.0,1990.0,1963.0,1985.0,15400.0,0068Y0
2026-09-30,1993.0,1996.0,1990.0,1996.0,5090.0,0041J0
2026-09-30,5910.0,5940.0,5770.0,5860.0,1415.0,03481K
2026-09-30,0.0,0.0,0.0,247.0,0.0,087260
2026-09-30,1756.0,1756.0,1581.0,1640.0,24815.0,001000
2026-09-30,999.0,999.0,893.0,953.0,76253.0,240600
2026-09-30,2085.0,2095.0,2085.0,2090.0,7195.0,475250
2026-09-30,1035.0,1035.0,912.0,912.0,271726.0,067770
2026-09-30,0.0,0.0,0.0,596.0,0.0,079970
2026-09-30,2095.0,2095.0,2090.0,2095.0,8788.0,474930
2026-09-30,933.0,945.0,800.0,847.0,818498.0,354200
2026-09-30,205.0,220.0,196.0,205.0,1151172.0,288980
2026-09-30,0.0,0.0,0.0,940.0,0.0,065420
2026-09-30,0.0,0.0,0.0,327.0,0.0,276040
2026-09-30,2075.0,2085.0,2075.0,2075.0,4889.0,473000
2026-09-30,2090.0,2095.0,2090.0,2090.0,8061.0,475240
2026-09-30,271.0,277.0,246.0,249.0,890135.0,308100
2026-09-30,0.0,0.0,0.0,1096.0,0.0,900100
2026-09-30,409.0,409.0,409.0,409.0,67098.0,291810
2026-09-30,0.0,0.0,0.0,205.0,0.0,044180
2026-09-30,0.0,0.0,0.0,468.0,0.0,313760
2026-09-30,206.0,258.0,206.0,230.0,2734228.0,084180
2026-09-30,0.0,0.0,0.0,312.0,0.0,052770
2026-09-30,0.0,0.0,0.0,698.0,0.0,225430
2026-09-30,0.0,0.0,0.0,1059.0,0.0,025870
2026-09-30,545.0,573.0,482.0,489.0,132122.0,250930
2026-09-30,660.0,697.0,620.0,663.0,41294.0,199730
2026-09-30,580.0,594.0,517.0,570.0,124693.0,058450
2026-09-30,457.0,470.0,412.0,419.0,309658.0,011080
2026-09-30,0.0,0.0,0.0,384.0,0.0,035290
2026-09-30,1994.0,1994.0,1931.0,1992.0,1741.0,021045
2026-09-30,82.0,121.0,82.0,98.0,1555544.0,196490
2026-09-30,45.0,52.0,39.0,41.0,2241148.0,312610
2026-09-30,5560.0,5820.0,5560.0,5640.0,1187.0,032685
