date,open,high,low,close,volume,code
2026-10-08,269500.0,270000.0,262000.0,263000.0,20157893.0,005930
2026-10-08,1722000.0,1759000.0,1680000.0,1686000.0,3118825.0,000660
2026-10-08,200000.0,200000.0,194000.0,194500.0,2238816.0,005935
2026-10-08,1142000.0,1146000.0,1050000.0,1059000.0,984573.0,402340
2026-10-08,1612000.0,1620000.0,1546000.0,1559000.0,553778.0,009150
2026-10-08,401000.0,418000.0,397000.0,403000.0,919337.0,373220
2026-10-08,335000.0,335500.0,324500.0,324500.0,685775.0,005380
2026-10-08,167400.0,168500.0,162800.0,163400.0,810487.0,105560
2026-10-08,1273000.0,1274000.0,1218000.0,1220000.0,81929.0,207940
2026-10-08,278000.0,279000.0,268000.0,270000.0,335818.0,032830
2026-10-08,332000.0,333500.0,317500.0,320000.0,544311.0,028260
2026-10-08,79600.0,79600.0,75200.0,76700.0,4584327.0,034020
2026-10-08,102900.0,103100.0,99500.0,100000.0,1223694.0,055550
2026-10-08,963000.0,972000.0,891000.0,904000.0,333333.0,012450
2026-10-08,580000.0,591000.0,566000.0,567000.0,686889.0,006400
2026-10-08,108400.0,108500.0,106300.0,107000.0,1233426.0,000270
2026-10-08,182000.0,182300.0,178900.0,179000.0,461849.0,068270
2026-10-08,580000.0,582000.0,555000.0,561000.0,196370.0,034730
2026-10-08,399000.0,399500.0,383000.0,384500.0,333561.0,329180
2026-10-08,127600.0,128600.0,124200.0,124500.0,787624.0,086790
2026-10-08,208000.0,208500.0,198800.0,201000.0,1037049.0,066570
2026-10-08,370000.0,371500.0,359000.0,360000.0,464043.0,012330
2026-10-08,205500.0,205500.0,195500.0,197200.0,714853.0,010120
2026-10-08,188300.0,188400.0,183100.0,183200.0,926786.0,035420
2026-10-08,159500.0,163400.0,156900.0,161500.0,1167939.0,096770
2026-10-08,621000.0,623000.0,607000.0,610000.0,113968.0,000810
2026-10-08,267500.0,274000.0,261000.0,263000.0,1025061.0,042700
2026-10-08,308500.0,314500.0,305000.0,305500.0,387135.0,005490
2026-10-08,33100.0,33300.0,32300.0,32400.0,2904576.0,316140
2026-10-08,2605000.0,2606000.0,2480000.0,2514000.0,64424.0,298040
2026-10-08,73500.0,73900.0,71500.0,71800.0,919018.0,042660
2026-10-08,623000.0,626000.0,596000.0,607000.0,163456.0,267260
2026-10-08,1408000.0,1408000.0,1325000.0,1331000.0,85424.0,000150
2026-10-08,1061000.0,1061000.0,1027000.0,1032000.0,20708.0,010130
2026-10-08,129200.0,130800.0,126700.0,126700.0,181720.0,138040
2026-10-08,296500.0,304500.0,290000.0,291500.0,337244.0,009540
2026-10-08,279000.0,290500.0,273500.0,281500.0,537833.0,051910
2026-10-08,21150.0,21150.0,20800.0,20850.0,1191106.0,011200
2026-10-08,169800.0,171600.0,167500.0,169000.0,294866.0,010950
2026-10-08,29900.0,29950.0,29000.0,29100.0,1552044.0,015760
2026-10-08,178600.0,180800.0,176800.0,177300.0,209873.0,033780
2026-10-08,86500.0,86700.0,84100.0,84200.0,677027.0,017670
2026-10-08,194600.0,201000.0,190500.0,191300.0,525023.0,003670
2026-10-08,19490.0,19500.0,18800.0,18900.0,3692865.0,010140
2026-10-08,109600.0,110900.0,107700.0,108400.0,266218.0,003550
2026-10-08,30150.0,30200.0,29200.0,29400.0,1581070.0,006800
2026-10-08,20100.0,20100.0,19750.0,19900.0,1206565.0,024110
2026-10-08,204500.0,205500.0,195300.0,196100.0,265849.0,018260
2026-10-08,77600.0,78600.0,72500.0,76700.0,1252210.0,272210
2026-10-08,32900.0,32900.0,32200.0,32400.0,1712465.0,035720
2026-10-08,187700.0,188900.0,179500.0,180800.0,328093.0,267250
2026-10-08,375500.0,380500.0,361500.0,369000.0,267711.0,278470
2026-10-08,187400.0,189000.0,181700.0,183200.0,220030.0,086280
2026-10-08,662000.0,662000.0,616000.0,619000.0,249493.0,079550
2026-10-08,602000.0,608000.0,562000.0,572000.0,217666.0,011070
2026-10-08,51100.0,52100.0,50900.0,51300.0,491151.0,030200
2026-10-08,185100.0,188200.0,184600.0,186100.0,214696.0,005830
2026-10-08,121000.0,122800.0,119100.0,121600.0,386250.0,047810
2026-10-08,108800.0,109800.0,103950.0,106300.0,1046277.0,000720
2026-10-08,106900.0,107100.0,103600.0,104800.0,650118.0,064350
2026-10-08,30650.0,31200.0,30300.0,30500.0,2791673.0,003490
2026-10-08,56800.0,58100.0,56300.0,56800.0,537221.0,047050
2026-10-08,373500.0,377000.0,360500.0,363000.0,74438.0,307950
2026-10-08,217500.0,221000.0,213500.0,218000.0,108338.0,443060
2026-10-08,109300.0,109300.0,104000.0,104800.0,436965.0,078930
2026-10-08,173100.0,173800.0,168600.0,169000.0,229129.0,071050
2026-10-08,48400.0,48950.0,47600.0,47900.0,1427224.0,028050
2026-10-08,19710.0,19860.0,19470.0,19520.0,854530.0,323410
2026-10-08,26300.0,26300.0,24800.0,25050.0,1051092.0,005940
2026-10-08,122600.0,129300.0,119800.0,125000.0,1637833.0,007660
2026-10-08,310000.0,310000.0,293000.0,299500.0,130739.0,000500
2026-10-08,1212000.0,1219000.0,1162000.0,1165000.0,30668.0,003230
2026-10-08,132100.0,135900.0,129300.0,129800.0,67504.0,180640
2026-10-08,200500.0,200500.0,185250.0,186600.0,176473.0,259960
2026-10-08,363500.0,364500.0,340500.0,343000.0,46108.0,0126Z0
2026-10-08,276500.0,277000.0,266000.0,268500.0,198696.0,006260
2026-10-08,36050.0,36900.0,35450.0,35700.0,2400744.0,009830
2026-10-08,136400.0,138900.0,132500.0,133900.0,199873.0,090430
2026-10-08,151400.0,161000.0,151200.0,157600.0,1358366.0,353200
2026-10-08,89400.0,89600.0,85700.0,85900.0,384677.0,016360
2026-10-08,60300.0,63300.0,59800.0,61700.0,342879.0,161390
2026-10-08,101700.0,103900.0,100200.0,100300.0,159119.0,021240
2026-10-08,165300.0,166100.0,158800.0,164000.0,215767.0,352820
2026-10-08,17190.0,17220.0,16600.0,16610.0,3711700.0,047040
2026-10-08,228500.0,231000.0,217500.0,222000.0,290318.0,062040
2026-10-08,69200.0,69200.0,66700.0,67700.0,733473.0,064400
2026-10-08,245000.0,247000.0,240000.0,242000.0,103098.0,039490
2026-10-08,526000.0,526000.0,475000.0,482000.0,274223.0,128940
2026-10-08,14500.0,14570.0,14400.0,14430.0,665940.0,032640
2026-10-08,135000.0,141700.0,134500.0,136500.0,760342.0,000990
2026-10-08,117000.0,117000.0,110000.0,110400.0,138582.0,000880
2026-10-08,174400.0,174400.0,170000.0,170500.0,113671.0,005387
2026-10-08,75500.0,75600.0,72400.0,72700.0,155627.0,326030
2026-10-08,29900.0,30000.0,28050.0,28350.0,2900455.0,001440
2026-10-08,74400.0,74700.0,73000.0,73300.0,233732.0,000100
2026-10-08,108800.0,111800.0,106800.0,107500.0,279216.0,011790
2026-10-08,27950.0,28200.0,27700.0,27850.0,597565.0,175330
2026-10-08,39350.0,39400.0,37950.0,38100.0,289276.0,377300
2026-10-08,54700.0,55100.0,53100.0,53700.0,179827.0,241560
2026-10-08,113500.0,113500.0,104900.0,107100.0,536100.0,267270
2026-10-08,235500.0,235500.0,217500.0,223000.0,204537.0,036570
2026-10-08,41750.0,41900.0,41200.0,41350.0,70238.0,029780
2026-10-08,119900.0,119900.0,115000.0,115600.0,416508.0,066970
2026-10-08,15380.0,15450.0,15230.0,15270.0,934194.0,138930
2026-10-08,9780.0,9800.0,9730.0,9760.0,514740.0,088980
2026-10-08,124900.0,124900.0,114500.0,120600.0,583486.0,052690
2026-10-08,5310.0,5310.0,5140.0,5180.0,2379529.0,088350
2026-10-08,71200.0,71800.0,69000.0,69300.0,375549.0,454910
2026-10-08,237500.0,244500.0,232000.0,234000.0,177488.0,010060
2026-10-08,3895.0,4085.0,3790.0,4020.0,13925944.0,018880
2026-10-08,105100.0,105700.0,103900.0,104100.0,79962.0,271560
2026-10-08,8190.0,8320.0,8090.0,8160.0,3104575.0,034220
2026-10-08,47700.0,47700.0,46550.0,46900.0,260752.0,001450
2026-10-08,270500.0,273500.0,263500.0,266000.0,60249.0,051900
2026-10-08,467500.0,472500.0,456500.0,457000.0,20568.0,002380
2026-10-08,87000.0,87500.0,80600.0,82000.0,698389.0,103590
2026-10-08,173500.0,174000.0,169100.0,170200.0,76667.0,005385
2026-10-08,130800.0,133000.0,129300.0,129700.0,83886.0,001040
2026-10-08,28300.0,28550.0,27750.0,28050.0,515688.0,004020
2026-10-08,63200.0,63800.0,51700.0,52000.0,1181941.0,008930
2026-10-08,311000.0,317500.0,299500.0,303500.0,150922.0,192820
2026-10-08,44850.0,45050.0,41000.0,41150.0,1568867.0,082740
2026-10-08,36000.0,36100.0,35500.0,35700.0,154569.0,036460
2026-10-08,6190.0,6210.0,6010.0,6090.0,1841021.0,028670
2026-10-08,144300.0,145900.0,134600.0,137500.0,409373.0,161890
2026-10-08,82600.0,85100.0,82200.0,83900.0,60770.0,012750
2026-10-08,21150.0,21350.0,20600.0,20800.0,249834.0,022100
2026-10-08,70100.0,71700.0,69600.0,70800.0,85846.0,111770
2026-10-08,14260.0,14330.0,14190.0,14220.0,316357.0,035250
2026-10-08,42850.0,43500.0,41900.0,42250.0,43614.0,031210
2026-10-08,55300.0,57100.0,52200.0,55500.0,615265.0,020150
2026-10-08,37450.0,37500.0,36750.0,36850.0,87838.0,302440
2026-10-08,115100.0,116600.0,114500.0,114700.0,44572.0,011780
2026-10-08,317000.0,318000.0,305000.0,305500.0,65272.0,004170
2026-10-08,265500.0,277000.0,265500.0,266500.0,54344.0,014680
2026-10-08,44900.0,45850.0,43600.0,43750.0,397205.0,336260
2026-10-08,48850.0,49400.0,48000.0,48450.0,107051.0,007340
2026-10-08,34350.0,34450.0,33600.0,33700.0,166708.0,251270
2026-10-08,73000.0,74600.0,71300.0,72900.0,62187.0,383220
2026-10-08,17830.0,18020.0,17480.0,17600.0,419036.0,139130
2026-10-08,98100.0,99400.0,97100.0,97400.0,67836.0,023530
2026-10-08,22000.0,22450.0,20100.0,20350.0,264644.0,085620
2026-10-08,181300.0,185700.0,181300.0,182600.0,69982.0,097950
2026-10-08,72000.0,72100.0,69900.0,70200.0,140631.0,017800
2026-10-08,32700.0,32850.0,31750.0,31800.0,823670.0,006360
2026-10-08,38650.0,39200.0,37600.0,37700.0,455384.0,450080
2026-10-08,71900.0,72300.0,67200.0,68000.0,457273.0,375500
2026-10-08,26150.0,26600.0,26150.0,26300.0,42842.0,026960
2026-10-08,14630.0,14680.0,14400.0,14540.0,241198.0,003690
2026-10-08,60100.0,61900.0,59100.0,59100.0,104031.0,011170
2026-10-08,267500.0,274500.0,264000.0,269500.0,17624.0,018670
2026-10-08,25250.0,26700.0,25250.0,26200.0,127037.0,000240
2026-10-08,150100.0,152200.0,148000.0,148400.0,10830.0,004800
2026-10-08,49700.0,50500.0,48250.0,48750.0,119988.0,489790
2026-10-08,121000.0,128400.0,120900.0,123200.0,313060.0,281820
2026-10-08,80600.0,81500.0,79100.0,80500.0,216313.0,457190
2026-10-08,396500.0,403500.0,393500.0,394500.0,17322.0,004370
2026-10-08,12290.0,13140.0,12270.0,12850.0,762684.0,005440
2026-10-08,57200.0,57700.0,55200.0,55400.0,320301.0,112610
2026-10-08,50600.0,50900.0,49850.0,50000.0,66602.0,005850
2026-10-08,23150.0,23250.0,22900.0,23050.0,110450.0,004990
2026-10-08,45050.0,45200.0,43500.0,43700.0,203874.0,009420
2026-10-08,139600.0,139600.0,135800.0,136300.0,7203.0,001720
2026-10-08,69200.0,76100.0,66500.0,72900.0,425862.0,229640
2026-10-08,167800.0,174400.0,166300.0,169700.0,12554.0,009970
2026-10-08,128100.0,131100.0,125000.0,125600.0,52170.0,282330
2026-10-08,181000.0,183000.0,170850.0,173000.0,123043.0,483650
2026-10-08,18900.0,19090.0,18780.0,18820.0,435556.0,030000
2026-10-08,5430.0,5430.0,5240.0,5270.0,739546.0,279570
2026-10-08,89000.0,89700.0,86300.0,87100.0,414375.0,007810
2026-10-08,45400.0,45400.0,44250.0,44350.0,351292.0,204320
2026-10-08,38750.0,38800.0,38150.0,38250.0,131306.0,081660
2026-10-08,44150.0,44150.0,43550.0,43750.0,114431.0,051600
2026-10-08,26000.0,26700.0,25350.0,25550.0,76877.0,002790
2026-10-08,70900.0,71200.0,69600.0,70400.0,118544.0,139480
2026-10-08,6650.0,6800.0,6580.0,6640.0,1213954.0,073240
2026-10-08,51100.0,51700.0,50200.0,51200.0,50698.0,089860
2026-10-08,67600.0,67800.0,65300.0,65900.0,207395.0,103140
2026-10-08,86300.0,87100.0,85300.0,85500.0,60979.0,069960
2026-10-08,57200.0,57300.0,55600.0,55800.0,70336.0,181710
2026-10-08,22250.0,22250.0,21500.0,21550.0,94447.0,007070
2026-10-08,31350.0,32500.0,30250.0,30550.0,41754.0,462870
2026-10-08,470000.0,470000.0,432000.0,434000.0,7953.0,000155
2026-10-08,46900.0,47150.0,44550.0,44800.0,61379.0,439260
2026-10-08,8270.0,8350.0,8120.0,8200.0,178426.0,020560
2026-10-08,43950.0,44300.0,42900.0,43250.0,97480.0,001120
2026-10-08,43900.0,46900.0,43100.0,46600.0,204656.0,001430
2026-10-08,56100.0,57900.0,55400.0,55700.0,210319.0,120110
2026-10-08,145800.0,149700.0,138800.0,146500.0,197036.0,322000
2026-10-08,160100.0,162900.0,157300.0,157600.0,402256.0,001820
2026-10-08,15370.0,15690.0,15030.0,15030.0,2273405.0,093370
2026-10-08,70300.0,70500.0,69300.0,69800.0,46170.0,000120
2026-10-08,5320.0,5320.0,5220.0,5280.0,166056.0,395400
2026-10-08,37700.0,38250.0,36350.0,36500.0,43964.0,023590
2026-10-08,49100.0,49200.0,45400.0,46200.0,1080862.0,475150
2026-10-08,46800.0,47850.0,46100.0,46750.0,142400.0,005070
2026-10-08,35000.0,35200.0,34700.0,35050.0,32773.0,006040
2026-10-08,39300.0,39400.0,38650.0,38800.0,151640.0,008770
2026-10-08,18080.0,18770.0,17900.0,18420.0,491000.0,361610
2026-10-08,533000.0,533000.0,515000.0,515000.0,6431.0,009155
2026-10-08,130500.0,130500.0,127000.0,128000.0,30053.0,006280
2026-10-08,44700.0,44750.0,42550.0,42800.0,267121.0,071970
2026-10-08,22300.0,22350.0,21550.0,21850.0,74835.0,294870
2026-10-08,22950.0,24100.0,22300.0,24050.0,59860.0,012630
2026-10-08,51900.0,52000.0,50800.0,51000.0,60179.0,011210
2026-10-08,22600.0,22950.0,22550.0,22550.0,65250.0,001800
2026-10-08,14810.0,14870.0,13900.0,14250.0,229526.0,097230
2026-10-08,108500.0,110600.0,107400.0,108600.0,26034.0,069620
2026-10-08,313000.0,316000.0,311500.0,311500.0,3046.0,007310
2026-10-08,9920.0,9950.0,9670.0,9800.0,178625.0,00680K
2026-10-08,74600.0,74800.0,71300.0,71900.0,52798.0,066575
2026-10-08,6370.0,6390.0,6090.0,6120.0,821765.0,001740
2026-10-08,9980.0,10040.0,9930.0,9970.0,66057.0,415640
2026-10-08,71400.0,73000.0,70000.0,70100.0,34616.0,006120
2026-10-08,56700.0,58800.0,56200.0,57000.0,60395.0,192080
2026-10-08,280500.0,282000.0,274500.0,277000.0,15113.0,298020
2026-10-08,4155.0,4155.0,4085.0,4135.0,90639.0,330590
2026-10-08,16070.0,16290.0,16000.0,16150.0,63989.0,300720
2026-10-08,40850.0,44400.0,40600.0,41850.0,936687.0,003160
2026-10-08,391000.0,393000.0,386000.0,390500.0,9102.0,000815
2026-10-08,25050.0,25150.0,24000.0,24300.0,80688.0,003540
2026-10-08,67000.0,78500.0,65800.0,75800.0,585613.0,006110
2026-10-08,121700.0,124000.0,119400.0,121400.0,21901.0,280360
2026-10-08,65000.0,67900.0,64400.0,65600.0,139824.0,195870
2026-10-08,9710.0,9870.0,9510.0,9630.0,22366.0,030610
2026-10-08,42600.0,42850.0,41950.0,42050.0,52745.0,004000
2026-10-08,14710.0,14850.0,14710.0,14750.0,67458.0,000080
2026-10-08,918000.0,928000.0,902000.0,914000.0,1048.0,003240
2026-10-08,49050.0,49500.0,48050.0,48200.0,39924.0,000210
2026-10-08,20100.0,20100.0,19150.0,19260.0,239708.0,017960
2026-10-08,12970.0,13050.0,12520.0,12590.0,1174322.0,006340
2026-10-08,5340.0,5770.0,5280.0,5450.0,64011.0,451800
2026-10-08,27250.0,27700.0,27150.0,27350.0,27063.0,192400
2026-10-08,16800.0,16810.0,16560.0,16630.0,30497.0,030190
2026-10-08,30250.0,30400.0,28350.0,29050.0,115963.0,003570
2026-10-08,122400.0,126600.0,121800.0,124700.0,43717.0,051915
2026-10-08,39800.0,41050.0,39750.0,40500.0,37993.0,009240
2026-10-08,4450.0,4450.0,4330.0,4365.0,645176.0,003530
2026-10-08,9840.0,9950.0,9660.0,9800.0,454569.0,034230
2026-10-08,65800.0,66500.0,65200.0,65400.0,17114.0,185750
2026-10-08,15520.0,15930.0,15300.0,15420.0,62741.0,003090
2026-10-08,78500.0,78600.0,76800.0,77100.0,14588.0,071320
2026-10-08,61700.0,62300.0,60400.0,60900.0,13029.0,009450
2026-10-08,51000.0,52300.0,50800.0,51200.0,61943.0,285130
2026-10-08,11320.0,11350.0,10970.0,11070.0,261912.0,032350
2026-10-08,95600.0,95800.0,94700.0,94800.0,12239.0,005300
2026-10-08,63300.0,63900.0,62100.0,63100.0,81925.0,004490
2026-10-08,7280.0,7410.0,7090.0,7250.0,239826.0,000370
2026-10-08,5010.0,5080.0,4960.0,5060.0,126215.0,079160
2026-10-08,21950.0,22350.0,20550.0,20800.0,202524.0,077970
2026-10-08,17310.0,17490.0,16750.0,17100.0,251243.0,248070
2026-10-08,4260.0,4260.0,4200.0,4225.0,196902.0,003470
2026-10-08,140500.0,140500.0,136500.0,137300.0,15416.0,071055
2026-10-08,6740.0,6750.0,6370.0,6480.0,177932.0,137310
2026-10-08,88300.0,88800.0,86200.0,87200.0,16826.0,005180
2026-10-08,13100.0,13100.0,12720.0,12750.0,630462.0,005690
2026-10-08,3180.0,3180.0,3075.0,3105.0,123143.0,365550
2026-10-08,12560.0,12560.0,12010.0,12030.0,375060.0,100090
2026-10-08,39900.0,40950.0,39300.0,40500.0,47075.0,000670
2026-10-08,44650.0,46200.0,44350.0,45500.0,19948.0,036530
2026-10-08,37900.0,37900.0,36950.0,37200.0,31706.0,499790
2026-10-08,8700.0,8700.0,8560.0,8570.0,56355.0,003850
2026-10-08,22100.0,22300.0,21200.0,21650.0,506153.0,090460
2026-10-08,161300.0,166100.0,160300.0,162100.0,9348.0,298050
2026-10-08,17960.0,17980.0,17560.0,17830.0,55587.0,214320
2026-10-08,2205.0,2345.0,2200.0,2295.0,606008.0,000400
2026-10-08,538000.0,549000.0,535000.0,545000.0,1454.0,002960
2026-10-08,26700.0,26700.0,26100.0,26250.0,43229.0,064960
2026-10-08,7500.0,7620.0,7380.0,7470.0,54401.0,094800
2026-10-08,23850.0,23850.0,23350.0,23650.0,33236.0,093050
2026-10-08,5530.0,5530.0,5470.0,5520.0,83282.0,293940
2026-10-08,47400.0,47600.0,45500.0,45500.0,73085.0,005090
2026-10-08,2060.0,2060.0,2020.0,2030.0,667802.0,005880
2026-10-08,15760.0,15920.0,15670.0,15700.0,52911.0,069260
2026-10-08,21600.0,22350.0,21500.0,22100.0,35243.0,014820
2026-10-08,72400.0,72800.0,71000.0,71100.0,24068.0,456040
2026-10-08,0.0,0.0,0.0,9900.0,0.0,001570
2026-10-08,33000.0,33150.0,31700.0,32000.0,112238.0,100840
2026-10-08,126000.0,131800.0,125600.0,126000.0,3614.0,268280
2026-10-08,94500.0,95300.0,92700.0,93400.0,7546.0,000640
2026-10-08,136900.0,141800.0,135100.0,139600.0,3895.0,002840
2026-10-08,91400.0,91500.0,89000.0,91300.0,5091.0,017940
2026-10-08,11790.0,12410.0,11300.0,11750.0,903851.0,004710
2026-10-08,43350.0,43350.0,42500.0,42550.0,7518.0,317450
2026-10-08,18900.0,19260.0,18830.0,19110.0,31761.0,453340
2026-10-08,10570.0,10730.0,10260.0,10670.0,1740942.0,017900
2026-10-08,8050.0,8110.0,7990.0,8050.0,62660.0,383800
2026-10-08,37700.0,38150.0,37200.0,37600.0,36924.0,108320
2026-10-08,27550.0,27550.0,26150.0,26250.0,64776.0,001060
2026-10-08,17540.0,17630.0,17460.0,17560.0,34835.0,001680
2026-10-08,9000.0,9010.0,8590.0,8640.0,233923.0,336370
2026-10-08,20350.0,21050.0,19330.0,20650.0,71472.0,178920
2026-10-08,9120.0,9350.0,9020.0,9030.0,373546.0,192650
2026-10-08,89800.0,92000.0,88900.0,89000.0,25320.0,006650
2026-10-08,27300.0,27400.0,26650.0,26700.0,77765.0,033240
2026-10-08,5780.0,5820.0,5690.0,5770.0,157149.0,002350
2026-10-08,25450.0,27950.0,25200.0,26950.0,95262.0,001530
2026-10-08,38950.0,38950.0,37500.0,38000.0,28683.0,079900
2026-10-08,5650.0,5650.0,5500.0,5530.0,194108.0,016380
2026-10-08,55200.0,55200.0,53900.0,54500.0,16337.0,025540
2026-10-08,24700.0,25200.0,24450.0,24500.0,16052.0,284740
2026-10-08,11060.0,11490.0,10840.0,11180.0,459424.0,161000
2026-10-08,128000.0,128300.0,126100.0,127900.0,2297.0,00104K
2026-10-08,37200.0,37250.0,36000.0,36500.0,15442.0,00088K
2026-10-08,8620.0,8660.0,8460.0,8640.0,62693.0,114090
2026-10-08,13530.0,14060.0,13300.0,13560.0,5533.0,007700
2026-10-08,9850.0,9850.0,9290.0,9310.0,139267.0,075580
2026-10-08,2635.0,2635.0,2580.0,2610.0,268066.0,003620
2026-10-08,17110.0,17330.0,16910.0,17000.0,4366.0,003300
2026-10-08,1624.0,1636.0,1602.0,1628.0,121837.0,009410
2026-10-08,10110.0,10130.0,9750.0,9890.0,858230.0,019170
2026-10-08,6030.0,6680.0,5860.0,6110.0,3809077.0,0220W0
2026-10-08,16420.0,16630.0,16240.0,16450.0,58468.0,008060
2026-10-08,2255.0,2265.0,2200.0,2220.0,1228994.0,001510
2026-10-08,19250.0,19480.0,18460.0,18630.0,87188.0,484870
2026-10-08,50200.0,50300.0,49200.0,49300.0,4236.0,001270
2026-10-08,125600.0,126200.0,122800.0,126000.0,757.0,058650
2026-10-08,46900.0,47450.0,45800.0,46350.0,35074.0,029460
2026-10-08,35700.0,35700.0,35100.0,35150.0,5749.0,005810
2026-10-08,2620.0,2620.0,2500.0,2560.0,815127.0,452260
2026-10-08,20050.0,20050.0,19750.0,19760.0,45337.0,003545
2026-10-08,4695.0,4700.0,4575.0,4630.0,41033.0,377740
2026-10-08,46000.0,46400.0,45350.0,45350.0,7230.0,145990
2026-10-08,7670.0,7690.0,7480.0,7540.0,119512.0,001500
2026-10-08,9680.0,9800.0,9360.0,9380.0,566729.0,460860
2026-10-08,5080.0,5130.0,4990.0,5100.0,21528.0,448730
2026-10-08,128700.0,128900.0,126200.0,127600.0,5549.0,004690
2026-10-08,30300.0,30300.0,29600.0,29750.0,20701.0,039130
2026-10-08,21650.0,22150.0,21200.0,21300.0,80197.0,020000
2026-10-08,9960.0,9960.0,9700.0,9710.0,54327.0,005250
2026-10-08,2010.0,2355.0,2010.0,2260.0,3827444.0,012030
2026-10-08,11610.0,11870.0,11360.0,11610.0,168804.0,005420
2026-10-08,1834.0,1850.0,1815.0,1849.0,2368983.0,003280
2026-10-08,14680.0,14740.0,14000.0,14020.0,172909.0,249420
2026-10-08,8480.0,8570.0,8320.0,8450.0,103401.0,009900
2026-10-08,16720.0,16750.0,16410.0,16420.0,18046.0,002240
2026-10-08,18700.0,18880.0,17650.0,18240.0,1147756.0,217590
2026-10-08,57100.0,57100.0,56000.0,56600.0,4890.0,000070
2026-10-08,66300.0,67200.0,65600.0,65600.0,358.0,004700
2026-10-08,14780.0,14780.0,14560.0,14670.0,47856.0,010780
2026-10-08,206500.0,214500.0,204000.0,209500.0,2342.0,002030
2026-10-08,11630.0,11740.0,11570.0,11610.0,6910.0,034310
2026-10-08,105600.0,106200.0,101600.0,103000.0,23229.0,003030
2026-10-08,11300.0,11890.0,11010.0,11120.0,9971.0,403550
2026-10-08,11800.0,11800.0,11350.0,11500.0,22920.0,271940
2026-10-08,10200.0,10240.0,9740.0,9820.0,38856.0,016610
2026-10-08,40850.0,40850.0,38600.0,39150.0,12900.0,090435
2026-10-08,60500.0,62200.0,59900.0,60900.0,12497.0,014830
2026-10-08,11420.0,11430.0,11000.0,11030.0,775729.0,002990
2026-10-08,89600.0,89600.0,88000.0,88200.0,1674.0,072710
2026-10-08,147700.0,148000.0,142900.0,143100.0,9746.0,306200
2026-10-08,22200.0,22200.0,21100.0,21350.0,90037.0,005945
2026-10-08,4205.0,4225.0,3900.0,4070.0,448548.0,003000
2026-10-08,19550.0,20650.0,19380.0,19690.0,346118.0,011930
2026-10-08,21300.0,21650.0,21300.0,21500.0,6940.0,002810
2026-10-08,4070.0,4120.0,4015.0,4075.0,42501.0,357120
2026-10-08,170300.0,170300.0,166000.0,166900.0,13582.0,005389
2026-10-08,10940.0,11190.0,10810.0,11030.0,159511.0,031430
2026-10-08,15640.0,16020.0,15350.0,15520.0,90782.0,008730
2026-10-08,4040.0,4060.0,3915.0,3970.0,287546.0,001200
2026-10-08,9910.0,10180.0,9720.0,9880.0,442687.0,317400
2026-10-08,12060.0,12110.0,11660.0,11720.0,161020.0,130660
2026-10-08,14610.0,14760.0,14500.0,14540.0,21548.0,015360
2026-10-08,95400.0,105900.0,90400.0,95900.0,916.0,092230
2026-10-08,23800.0,23800.0,23450.0,23550.0,5372.0,344820
2026-10-08,3345.0,3385.0,3345.0,3380.0,40065.0,126560
2026-10-08,38100.0,38500.0,37800.0,37950.0,2381.0,029530
2026-10-08,16390.0,16740.0,15110.0,16150.0,1241222.0,003350
2026-10-08,14460.0,14560.0,13880.0,13930.0,394487.0,002710
2026-10-08,3800.0,3865.0,3775.0,3800.0,125083.0,027410
2026-10-08,9230.0,9230.0,8970.0,8970.0,5201.0,016590
2026-10-08,225500.0,229000.0,221500.0,223000.0,7279.0,006405
2026-10-08,4585.0,4605.0,4455.0,4470.0,78826.0,089590
2026-10-08,25950.0,25950.0,25050.0,25400.0,3257.0,001940
2026-10-08,5940.0,6100.0,5850.0,5990.0,19680.0,950210
2026-10-08,9990.0,10060.0,9890.0,9950.0,30993.0,183190
2026-10-08,9660.0,9680.0,9310.0,9390.0,102448.0,006220
2026-10-08,90000.0,90000.0,87600.0,88200.0,8096.0,010955
2026-10-08,49500.0,50100.0,47450.0,47550.0,38201.0,0120G0
2026-10-08,8790.0,8860.0,8750.0,8820.0,22591.0,105630
2026-10-08,38350.0,38850.0,37950.0,37950.0,7363.0,007690
2026-10-08,41250.0,43400.0,40100.0,40600.0,3243.0,005610
2026-10-08,12110.0,12290.0,11870.0,12040.0,15116.0,194370
2026-10-08,7140.0,8270.0,6880.0,7070.0,94233.0,015860
2026-10-08,13660.0,13680.0,13210.0,13340.0,211527.0,092790
2026-10-08,40200.0,40900.0,40050.0,40150.0,33386.0,145720
2026-10-08,9360.0,12090.0,9270.0,9390.0,15102.0,104700
2026-10-08,6900.0,7000.0,6710.0,6840.0,215726.0,009290
2026-10-08,35200.0,35650.0,34750.0,34950.0,3731.0,170900
2026-10-08,37850.0,37850.0,37350.0,37850.0,11695.0,060980
2026-10-08,8850.0,8850.0,8680.0,8710.0,10091.0,017810
2026-10-08,6300.0,6450.0,6250.0,6300.0,47644.0,005720
2026-10-08,19220.0,19260.0,18810.0,19000.0,28474.0,097520
2026-10-08,370000.0,370000.0,355500.0,362000.0,207.0,000157
2026-10-08,9350.0,9450.0,9190.0,9360.0,44063.0,024720
2026-10-08,24450.0,24500.0,23800.0,23900.0,22462.0,011760
2026-10-08,231000.0,234000.0,193800.0,221000.0,244960.0,000650
2026-10-08,8120.0,8400.0,8080.0,8130.0,54145.0,026890
2026-10-08,2015.0,2075.0,1982.0,2010.0,403137.0,001230
2026-10-08,4915.0,4955.0,4610.0,4760.0,163515.0,009160
2026-10-08,219500.0,219500.0,209500.0,209500.0,4226.0,02826K
2026-10-08,4235.0,4260.0,4105.0,4130.0,76856.0,096760
2026-10-08,6260.0,6400.0,6210.0,6240.0,52432.0,381970
2026-10-08,21750.0,21750.0,20950.0,21150.0,31239.0,126720
2026-10-08,96100.0,96800.0,94400.0,95400.0,5005.0,005430
2026-10-08,5830.0,5890.0,5720.0,5770.0,37028.0,272450
2026-10-08,9290.0,9290.0,8690.0,8740.0,144915.0,084010
2026-10-08,7570.0,7600.0,7450.0,7590.0,30798.0,002310
2026-10-08,10990.0,11080.0,10890.0,11010.0,23464.0,200880
2026-10-08,11470.0,11600.0,11240.0,11290.0,190999.0,005950
2026-10-08,2425.0,2440.0,2405.0,2425.0,51394.0,123890
2026-10-08,22200.0,22600.0,22100.0,22300.0,14371.0,003120
2026-10-08,6050.0,6060.0,5870.0,5930.0,161060.0,025860
2026-10-08,11350.0,11350.0,11110.0,11130.0,21178.0,018250
2026-10-08,22900.0,23000.0,22400.0,22650.0,17249.0,002020
2026-10-08,19200.0,19200.0,18810.0,19110.0,7338.0,001750
2026-10-08,11790.0,12130.0,11560.0,11560.0,63109.0,078520
2026-10-08,32650.0,32700.0,32000.0,32150.0,11379.0,108670
2026-10-08,18020.0,18020.0,17720.0,17840.0,10788.0,033270
2026-10-08,7900.0,7940.0,7780.0,7820.0,14363.0,084690
2026-10-08,12670.0,12800.0,12300.0,12520.0,24457.0,244920
2026-10-08,1113.0,1123.0,1106.0,1117.0,183853.0,034830
2026-10-08,5970.0,5970.0,5750.0,5780.0,311486.0,010820
2026-10-08,24300.0,24800.0,23400.0,24400.0,1261.0,016800
2026-10-08,12270.0,12450.0,12140.0,12400.0,53392.0,044450
2026-10-08,11770.0,11770.0,11530.0,11600.0,53204.0,004430
2026-10-08,4520.0,4520.0,4350.0,4445.0,53279.0,000430
2026-10-08,4200.0,4220.0,4130.0,4150.0,149437.0,001390
2026-10-08,8230.0,8280.0,8090.0,8200.0,49482.0,122900
2026-10-08,54100.0,56600.0,53500.0,54000.0,3359.0,017390
2026-10-08,2630.0,2650.0,2580.0,2610.0,25343.0,091810
2026-10-08,19710.0,20300.0,19710.0,20000.0,45115.0,005500
2026-10-08,16800.0,17380.0,16560.0,17140.0,64138.0,002320
2026-10-08,17740.0,17830.0,17400.0,17550.0,6080.0,286940
2026-10-08,6630.0,6630.0,6390.0,6400.0,77083.0,002900
2026-10-08,3090.0,3280.0,3030.0,3205.0,990493.0,001250
2026-10-08,4465.0,4510.0,4210.0,4395.0,143991.0,058430
2026-10-08,11750.0,11820.0,11310.0,11460.0,189588.0,003200
2026-10-08,13480.0,13700.0,13470.0,13690.0,27511.0,004360
2026-10-08,7550.0,7590.0,7360.0,7450.0,87622.0,010690
2026-10-08,34100.0,34150.0,33500.0,33550.0,14029.0,037710
2026-10-08,6670.0,7230.0,6330.0,6870.0,909865.0,020120
2026-10-08,2165.0,2550.0,2105.0,2270.0,7448876.0,010580
2026-10-08,12890.0,12890.0,12270.0,12360.0,244894.0,105840
2026-10-08,27000.0,27600.0,27000.0,27200.0,3280.0,003960
2026-10-08,3590.0,3620.0,3550.0,3585.0,44291.0,334890
2026-10-08,12450.0,12620.0,12120.0,12410.0,31479.0,005680
2026-10-08,8150.0,8240.0,7700.0,7740.0,724625.0,004310
2026-10-08,11610.0,11790.0,11100.0,11250.0,33408.0,226320
2026-10-08,1509.0,1516.0,1500.0,1511.0,25260.0,298690
2026-10-08,58600.0,59700.0,58400.0,59300.0,3099.0,025000
2026-10-08,1640.0,1640.0,1604.0,1613.0,160509.0,432320
2026-10-08,3915.0,4015.0,3885.0,3965.0,181712.0,030210
2026-10-08,2795.0,2810.0,2755.0,2800.0,62804.0,001790
2026-10-08,48800.0,48800.0,47350.0,48150.0,783.0,007160
2026-10-08,10150.0,10270.0,10040.0,10120.0,34982.0,136490
2026-10-08,41750.0,42450.0,41300.0,42400.0,1589.0,003920
2026-10-08,3805.0,4080.0,3790.0,3865.0,33325.0,404990
2026-10-08,3965.0,3990.0,3900.0,3965.0,17186.0,0030R0
2026-10-08,24900.0,25800.0,23950.0,24650.0,32179.0,044820
2026-10-08,37250.0,38450.0,37250.0,37850.0,1513.0,001460
2026-10-08,20600.0,20600.0,19950.0,20250.0,17453.0,008490
2026-10-08,0.0,0.0,0.0,1182.0,0.0,348950
2026-10-08,2950.0,2980.0,2915.0,2945.0,47892.0,000680
2026-10-08,14700.0,15100.0,14580.0,14770.0,75448.0,011500
2026-10-08,5070.0,5210.0,5020.0,5080.0,72751.0,001340
2026-10-08,9100.0,9150.0,8980.0,8990.0,6181.0,003070
2026-10-08,10280.0,10380.0,10280.0,10360.0,1700.0,134380
2026-10-08,0.0,0.0,0.0,5820.0,0.0,001470
2026-10-08,13140.0,13140.0,12780.0,12830.0,60161.0,017860
2026-10-08,5720.0,5800.0,5620.0,5730.0,190402.0,092200
2026-10-08,3420.0,3505.0,3370.0,3445.0,21127.0,000540
2026-10-08,1169.0,1182.0,1140.0,1144.0,213654.0,900140
2026-10-08,8060.0,8150.0,8000.0,8060.0,34072.0,000050
2026-10-08,19600.0,19900.0,19410.0,19440.0,30167.0,028100
2026-10-08,7910.0,8050.0,7770.0,7850.0,297559.0,025560
2026-10-08,3950.0,3950.0,3845.0,3880.0,222479.0,005010
2026-10-08,10050.0,10060.0,10000.0,10020.0,7508.0,009680
2026-10-08,11710.0,11710.0,11500.0,11640.0,2807.0,034120
2026-10-08,20250.0,20300.0,19640.0,19700.0,81224.0,053690
2026-10-08,6440.0,6580.0,6330.0,6330.0,134299.0,003720
2026-10-08,9850.0,10190.0,9670.0,9960.0,251100.0,077500
2026-10-08,7480.0,7550.0,7370.0,7430.0,71377.0,000490
2026-10-08,122600.0,123400.0,121800.0,122400.0,641.0,003650
2026-10-08,7300.0,7410.0,7260.0,7370.0,19558.0,033920
2026-10-08,14200.0,14310.0,13990.0,14070.0,16526.0,475560
2026-10-08,374000.0,374000.0,364000.0,367500.0,1324.0,03473K
2026-10-08,5200.0,5390.0,4470.0,4555.0,4941243.0,128820
2026-10-08,3190.0,3285.0,3190.0,3245.0,22499.0,088260
2026-10-08,15360.0,15360.0,14610.0,14680.0,76776.0,035510
2026-10-08,68600.0,68600.0,67100.0,67900.0,3959.0,003555
2026-10-08,10380.0,10490.0,10240.0,10340.0,15600.0,035150
2026-10-08,15700.0,15700.0,15150.0,15330.0,10425.0,000320
2026-10-08,4345.0,4345.0,4280.0,4330.0,12112.0,000480
2026-10-08,8090.0,8150.0,7910.0,8000.0,46809.0,004980
2026-10-08,3155.0,3180.0,3040.0,3080.0,110680.0,037270
2026-10-08,7200.0,7290.0,7060.0,7200.0,55088.0,000390
2026-10-08,52000.0,52500.0,50600.0,51600.0,12398.0,298000
2026-10-08,7130.0,7130.0,7030.0,7100.0,49303.0,117580
2026-10-08,94100.0,94500.0,92800.0,93100.0,3390.0,051905
2026-10-08,3930.0,3935.0,3820.0,3875.0,63521.0,339770
2026-10-08,7400.0,7460.0,7340.0,7440.0,4567.0,039570
2026-10-08,3020.0,3030.0,3000.0,3020.0,25488.0,100250
2026-10-08,4065.0,4120.0,4000.0,4055.0,12256.0,053210
2026-10-08,4295.0,4295.0,4200.0,4240.0,44032.0,095570
2026-10-08,8260.0,8490.0,8150.0,8360.0,35916.0,005960
2026-10-08,10240.0,10360.0,10010.0,10270.0,29229.0,102460
2026-10-08,1069.0,1070.0,1030.0,1036.0,181923.0,003520
2026-10-08,10100.0,10190.0,10070.0,10170.0,13847.0,016580
2026-10-08,11000.0,11320.0,10960.0,11160.0,14522.0,001130
2026-10-08,21400.0,21500.0,20900.0,21100.0,30430.0,013580
2026-10-08,37450.0,38500.0,35400.0,37400.0,2691.0,001630
2026-10-08,3705.0,3730.0,3655.0,3695.0,59593.0,102260
2026-10-08,6800.0,6900.0,6690.0,6880.0,51804.0,033530
2026-10-08,50300.0,50900.0,49850.0,49900.0,2814.0,487570
2026-10-08,19060.0,19480.0,18860.0,19300.0,18803.0,003547
2026-10-08,8090.0,8250.0,8050.0,8100.0,50776.0,003220
2026-10-08,7700.0,7770.0,7640.0,7770.0,5993.0,000140
2026-10-08,8530.0,8560.0,8250.0,8300.0,46555.0,000520
2026-10-08,5740.0,5820.0,5610.0,5740.0,16299.0,002420
2026-10-08,6510.0,6590.0,6430.0,6590.0,28901.0,015230
2026-10-08,11950.0,12100.0,11670.0,11820.0,18752.0,004560
2026-10-08,27450.0,27500.0,26550.0,26800.0,39064.0,009470
2026-10-08,5490.0,5490.0,5440.0,5480.0,10085.0,003610
2026-10-08,9000.0,9050.0,8970.0,9010.0,6189.0,002100
2026-10-08,7500.0,7500.0,7360.0,7490.0,13961.0,007860
2026-10-08,2005.0,2005.0,1956.0,1985.0,138220.0,377190
2026-10-08,0.0,0.0,0.0,4200.0,0.0,000300
2026-10-08,1669.0,1970.0,1635.0,1790.0,9989636.0,001780
2026-10-08,10970.0,10990.0,10610.0,10940.0,14575.0,234080
2026-10-08,6590.0,6770.0,6530.0,6640.0,35383.0,000700
2026-10-08,4325.0,4330.0,4280.0,4320.0,3489.0,016450
2026-10-08,9980.0,10150.0,9860.0,9970.0,3158.0,014710
2026-10-08,7140.0,7150.0,7070.0,7130.0,17329.0,213500
2026-10-08,2990.0,2990.0,2950.0,2980.0,49692.0,003460
2026-10-08,4950.0,5290.0,4890.0,4980.0,35354.0,002150
2026-10-08,8350.0,8400.0,8240.0,8310.0,30164.0,090350
2026-10-08,12510.0,12680.0,12370.0,12680.0,3692.0,000860
2026-10-08,2720.0,2765.0,2665.0,2700.0,24964.0,241590
2026-10-08,107700.0,127600.0,107200.0,122500.0,337.0,003830
2026-10-08,0.0,0.0,0.0,5530.0,0.0,101530
2026-10-08,7770.0,7980.0,7530.0,7550.0,9167.0,004380
2026-10-08,53100.0,53100.0,51700.0,51900.0,1532.0,002170
2026-10-08,5300.0,5300.0,5160.0,5190.0,23222.0,460850
2026-10-08,2810.0,2815.0,2795.0,2810.0,24455.0,400760
2026-10-08,21500.0,21650.0,21050.0,21650.0,1284.0,00279K
2026-10-08,8100.0,8150.0,7890.0,7960.0,23733.0,007570
2026-10-08,5500.0,5670.0,5260.0,5410.0,362921.0,000020
2026-10-08,8370.0,8630.0,8370.0,8470.0,11916.0,293480
2026-10-08,11700.0,12080.0,11020.0,11780.0,90855.0,004090
2026-10-08,6510.0,6590.0,6480.0,6530.0,10892.0,000970
2026-10-08,66500.0,66700.0,65500.0,65800.0,624.0,001045
2026-10-08,9850.0,9850.0,9790.0,9840.0,6015.0,272550
2026-10-08,6780.0,6820.0,6630.0,6740.0,17530.0,013890
2026-10-08,1391.0,1432.0,1363.0,1421.0,2060030.0,008970
2026-10-08,10330.0,10330.0,9900.0,10000.0,22276.0,271980
2026-10-08,49150.0,49150.0,48100.0,48500.0,7355.0,011785
2026-10-08,110200.0,110800.0,109300.0,109500.0,1747.0,097955
2026-10-08,12860.0,12860.0,12260.0,12260.0,42694.0,462520
2026-10-08,1833.0,1833.0,1761.0,1810.0,87985.0,016880
2026-10-08,3540.0,3550.0,3470.0,3500.0,38368.0,004150
2026-10-08,8910.0,8960.0,8900.0,8940.0,8527.0,004970
2026-10-08,11000.0,11050.0,10530.0,10560.0,28699.0,006805
2026-10-08,1066.0,1104.0,1064.0,1091.0,1105751.0,008350
2026-10-08,3425.0,3470.0,3305.0,3380.0,79797.0,012610
2026-10-08,6000.0,6200.0,5880.0,5950.0,7716.0,071840
2026-10-08,4795.0,4865.0,4770.0,4800.0,29465.0,015890
2026-10-08,3830.0,4000.0,3815.0,3980.0,13848.0,001080
2026-10-08,4185.0,4230.0,4100.0,4175.0,83690.0,025820
2026-10-08,4685.0,4720.0,4615.0,4655.0,9948.0,003480
2026-10-08,11840.0,11860.0,11790.0,11840.0,3642.0,094280
2026-10-08,60000.0,60000.0,58900.0,58900.0,76.0,107590
2026-10-08,14250.0,14620.0,14100.0,14620.0,4694.0,004080
2026-10-08,4650.0,4690.0,4555.0,4580.0,124711.0,014280
2026-10-08,2090.0,2635.0,2020.0,2635.0,5269290.0,003580
2026-10-08,5300.0,5380.0,5220.0,5270.0,106114.0,018470
2026-10-08,3680.0,3785.0,3615.0,3615.0,116658.0,011690
2026-10-08,9710.0,9720.0,9200.0,9290.0,9260.0,081000
2026-10-08,5500.0,5600.0,5430.0,5500.0,14960.0,214390
2026-10-08,1434.0,1439.0,1361.0,1385.0,300121.0,001360
2026-10-08,11350.0,11530.0,11310.0,11410.0,2831.0,024090
2026-10-08,3820.0,3990.0,3700.0,3990.0,19195.0,089470
2026-10-08,2265.0,2290.0,2235.0,2275.0,52233.0,006060
2026-10-08,3090.0,3210.0,3045.0,3130.0,285286.0,092220
2026-10-08,13560.0,13640.0,13090.0,13600.0,743.0,078000
2026-10-08,1315.0,1315.0,1278.0,1295.0,38231.0,002210
2026-10-08,10900.0,10930.0,10710.0,10810.0,9812.0,004960
2026-10-08,4175.0,4250.0,4155.0,4165.0,131785.0,009070
2026-10-08,13570.0,13790.0,13350.0,13780.0,1245.0,005800
2026-10-08,7560.0,7710.0,7480.0,7710.0,2894.0,002620
2026-10-08,1066.0,1120.0,1065.0,1067.0,132701.0,009270
2026-10-08,20900.0,20950.0,20700.0,20700.0,1023.0,267290
2026-10-08,2540.0,2540.0,2425.0,2435.0,133977.0,013520
2026-10-08,3410.0,3445.0,3340.0,3420.0,80697.0,014530
2026-10-08,11000.0,11080.0,10700.0,10800.0,40411.0,210540
2026-10-08,1126.0,1149.0,1104.0,1113.0,384588.0,001520
2026-10-08,2240.0,2255.0,2150.0,2225.0,38291.0,015590
2026-10-08,3295.0,3295.0,3195.0,3215.0,4892.0,350520
2026-10-08,8750.0,8750.0,8520.0,8600.0,2592.0,002390
2026-10-08,1560.0,1564.0,1524.0,1527.0,62191.0,037560
2026-10-08,5060.0,5090.0,4870.0,4905.0,77024.0,214420
2026-10-08,3180.0,3355.0,3145.0,3205.0,336056.0,004100
2026-10-08,12780.0,12910.0,12570.0,12750.0,15029.0,227840
2026-10-08,4000.0,4045.0,3925.0,4045.0,46063.0,016740
2026-10-08,46850.0,49000.0,46200.0,48850.0,8209.0,012320
2026-10-08,26250.0,26300.0,25800.0,26150.0,660.0,034590
2026-10-08,4725.0,4785.0,4675.0,4740.0,21425.0,083420
2026-10-08,11090.0,11100.0,10800.0,11100.0,6261.0,002460
2026-10-08,5550.0,5780.0,5520.0,5560.0,8937.0,079430
2026-10-08,1841.0,1841.0,1771.0,1789.0,169103.0,017550
2026-10-08,6920.0,6990.0,6860.0,6910.0,5986.0,016710
2026-10-08,32550.0,32550.0,31400.0,31400.0,385.0,023450
2026-10-08,0.0,0.0,0.0,3530.0,0.0,011810
2026-10-08,4200.0,4200.0,4095.0,4150.0,17531.0,013570
2026-10-08,1800.0,1800.0,1725.0,1742.0,211219.0,009580
2026-10-08,3940.0,3970.0,3890.0,3915.0,38415.0,014580
2026-10-08,7490.0,7930.0,7490.0,7640.0,7399.0,008040
2026-10-08,38000.0,38000.0,32700.0,37200.0,1435338.0,084670
2026-10-08,1535.0,1535.0,1491.0,1514.0,20500.0,011280
2026-10-08,8650.0,8830.0,8180.0,8490.0,544561.0,001210
2026-10-08,3055.0,3060.0,3000.0,3010.0,258874.0,012200
2026-10-08,2905.0,2925.0,2845.0,2880.0,24005.0,004250
2026-10-08,60100.0,60100.0,58000.0,59100.0,3245.0,078935
2026-10-08,10420.0,10720.0,10300.0,10460.0,6103.0,021820
2026-10-08,1162.0,1162.0,1132.0,1141.0,295301.0,012800
2026-10-08,3435.0,3585.0,3375.0,3410.0,31577.0,010100
2026-10-08,81500.0,83000.0,80200.0,82500.0,401.0,120030
2026-10-08,6400.0,6460.0,6320.0,6390.0,27031.0,035000
2026-10-08,12980.0,13150.0,12350.0,12720.0,74658.0,006660
2026-10-08,8360.0,8360.0,7830.0,8100.0,372252.0,003010
2026-10-08,2700.0,2710.0,2650.0,2705.0,10393.0,027970
2026-10-08,6590.0,6590.0,6360.0,6400.0,63381.0,123690
2026-10-08,9330.0,9390.0,9220.0,9230.0,2613.0,267850
2026-10-08,5500.0,5750.0,5370.0,5610.0,11036.0,025620
2026-10-08,0.0,0.0,0.0,918.0,0.0,119650
2026-10-08,21950.0,21950.0,21600.0,21700.0,16767.0,248170
2026-10-08,1075.0,1083.0,1071.0,1081.0,82122.0,002450
2026-10-08,2370.0,2415.0,2340.0,2360.0,37874.0,067830
2026-10-08,2385.0,2385.0,2380.0,2385.0,38276.0,417310
2026-10-08,6560.0,6610.0,6440.0,6560.0,36648.0,002780
2026-10-08,7650.0,7650.0,7570.0,7610.0,2284.0,264900
2026-10-08,1246.0,1271.0,1219.0,1229.0,102301.0,008700
2026-10-08,1450.0,1545.0,1432.0,1446.0,100586.0,007210
2026-10-08,46950.0,47100.0,46250.0,46850.0,7492.0,007540
2026-10-08,74600.0,76100.0,73200.0,75600.0,5233.0,096775
2026-10-08,5570.0,5570.0,5440.0,5540.0,21956.0,032560
2026-10-08,4645.0,4750.0,4610.0,4680.0,14750.0,014440
2026-10-08,2515.0,2515.0,2430.0,2460.0,39208.0,014790
2026-10-08,1500.0,1599.0,1461.0,1551.0,139888.0,013700
2026-10-08,2780.0,2780.0,2735.0,2760.0,14045.0,002200
2026-10-08,45500.0,45950.0,43300.0,43700.0,2519.0,37550L
2026-10-08,7150.0,7150.0,6340.0,6960.0,11652.0,006840
2026-10-08,1957.0,1999.0,1736.0,1899.0,251732.0,070960
2026-10-08,30150.0,30450.0,30100.0,30450.0,585.0,001275
2026-10-08,2200.0,2210.0,2180.0,2190.0,43524.0,058850
2026-10-08,3210.0,3210.0,3155.0,3160.0,49892.0,008260
2026-10-08,2615.0,2650.0,2580.0,2590.0,36839.0,058860
2026-10-08,2475.0,2475.0,2425.0,2450.0,38493.0,036580
2026-10-08,2005.0,2025.0,1955.0,1970.0,14678.0,363280
2026-10-08,4650.0,4855.0,4135.0,4235.0,21080777.0,002720
2026-10-08,4160.0,4420.0,4025.0,4115.0,24603.0,001290
2026-10-08,4940.0,5040.0,4910.0,4915.0,31415.0,019180
2026-10-08,2210.0,2225.0,2175.0,2200.0,36249.0,023000
2026-10-08,2240.0,2295.0,2235.0,2255.0,27909.0,139990
2026-10-08,1821.0,1823.0,1782.0,1809.0,75030.0,004140
2026-10-08,34150.0,35800.0,34050.0,35300.0,534.0,004890
2026-10-08,8830.0,9000.0,8790.0,8970.0,1703.0,006090
2026-10-08,139000.0,139000.0,139000.0,139000.0,3.0,002600
2026-10-08,70300.0,71700.0,69000.0,71700.0,1073.0,000590
2026-10-08,1756.0,1780.0,1749.0,1755.0,79401.0,007980
2026-10-08,17000.0,17790.0,16410.0,17150.0,30869.0,055490
2026-10-08,36550.0,37000.0,36000.0,36950.0,2637.0,000850
2026-10-08,6210.0,6210.0,5930.0,6070.0,10488.0,33626K
2026-10-08,2910.0,3085.0,2875.0,3030.0,444160.0,002220
2026-10-08,2530.0,2570.0,2455.0,2485.0,171639.0,011700
2026-10-08,5020.0,5080.0,5010.0,5050.0,17470.0,023800
2026-10-08,8190.0,8250.0,7990.0,8050.0,39386.0,001260
2026-10-08,2810.0,2810.0,2785.0,2790.0,36727.0,009180
2026-10-08,12900.0,13830.0,12720.0,12770.0,1161.0,111380
2026-10-08,5590.0,5830.0,5310.0,5370.0,6645.0,069730
2026-10-08,3995.0,4000.0,3925.0,3980.0,38999.0,004840
2026-10-08,14560.0,14720.0,13360.0,13980.0,83360.0,063160
2026-10-08,5260.0,5260.0,5060.0,5150.0,13227.0,005740
2026-10-08,5510.0,5640.0,5430.0,5460.0,9102.0,163560
2026-10-08,5510.0,5570.0,5510.0,5550.0,359.0,007590
2026-10-08,2150.0,2435.0,2150.0,2285.0,1403665.0,480370
2026-10-08,64000.0,65200.0,63800.0,64400.0,631.0,000105
2026-10-08,3065.0,3090.0,3045.0,3055.0,41384.0,010960
2026-10-08,4290.0,4290.0,4030.0,4090.0,265712.0,007610
2026-10-08,7020.0,7170.0,6750.0,6880.0,12549.0,109070
2026-10-08,3800.0,3835.0,3755.0,3780.0,7284.0,013870
2026-10-08,1360.0,1375.0,1320.0,1327.0,139607.0,013360
2026-10-08,1052.0,1058.0,1028.0,1039.0,421324.0,002700
2026-10-08,2180.0,2225.0,2120.0,2185.0,67207.0,024900
2026-10-08,6810.0,6940.0,6800.0,6800.0,30183.0,214330
2026-10-08,0.0,0.0,0.0,655.0,0.0,014160
2026-10-08,11220.0,11220.0,11060.0,11110.0,1396.0,002795
2026-10-08,6290.0,6290.0,6070.0,6130.0,5958.0,000230
2026-10-08,4230.0,4295.0,4205.0,4255.0,22715.0,005750
2026-10-08,3785.0,3785.0,3720.0,3780.0,74747.0,338100
2026-10-08,5780.0,5890.0,5630.0,5810.0,27886.0,031820
2026-10-08,25350.0,25900.0,25250.0,25400.0,3435.0,120115
2026-10-08,9050.0,9540.0,8950.0,9220.0,2974.0,001560
2026-10-08,2315.0,2535.0,2250.0,2445.0,42844.0,007280
2026-10-08,1679.0,1719.0,1650.0,1694.0,9206.0,010040
2026-10-08,3455.0,3510.0,3360.0,3425.0,201582.0,071090
2026-10-08,3675.0,3750.0,3535.0,3750.0,14351.0,017370
2026-10-08,28850.0,28850.0,27350.0,27400.0,2342.0,009770
2026-10-08,1201.0,1230.0,1125.0,1205.0,29408.0,095720
2026-10-08,4190.0,4250.0,4155.0,4245.0,30156.0,155660
2026-10-08,1970.0,1970.0,1900.0,1901.0,7749.0,001020
2026-10-08,5440.0,5480.0,5290.0,5310.0,28342.0,004440
2026-10-08,4810.0,5000.0,4655.0,4840.0,13225.0,000180
2026-10-08,1874.0,1903.0,1850.0,1877.0,47099.0,011150
2026-10-08,3020.0,3095.0,2920.0,3060.0,37196.0,010660
2026-10-08,1934.0,1939.0,1890.0,1939.0,34929.0,079980
2026-10-08,16630.0,21550.0,15820.0,21550.0,2859.0,006980
2026-10-08,8810.0,8950.0,8540.0,8950.0,14239.0,085310
2026-10-08,1623.0,1649.0,1580.0,1643.0,25851.0,019680
2026-10-08,21800.0,22350.0,21800.0,22200.0,215.0,007815
2026-10-08,5090.0,5090.0,4935.0,5060.0,9200.0,100220
2026-10-08,2970.0,2970.0,2780.0,2860.0,11796.0,004720
2026-10-08,1418.0,1426.0,1407.0,1420.0,17953.0,016090
2026-10-08,1782.0,1805.0,1747.0,1765.0,401926.0,004770
2026-10-08,1514.0,1525.0,1500.0,1500.0,21515.0,009200
2026-10-08,3130.0,3170.0,3065.0,3080.0,154623.0,058730
2026-10-08,6300.0,6300.0,6170.0,6190.0,3730.0,068290
2026-10-08,1333.0,1400.0,1299.0,1312.0,66702.0,018500
2026-10-08,2260.0,2260.0,2080.0,2160.0,62064.0,084680
2026-10-08,3850.0,3935.0,3795.0,3830.0,45454.0,000220
2026-10-08,4395.0,4395.0,4220.0,4270.0,50088.0,005870
2026-10-08,27900.0,28850.0,27400.0,28700.0,14707.0,35320K
2026-10-08,994.0,999.0,989.0,999.0,46418.0,002760
2026-10-08,4710.0,4845.0,4640.0,4670.0,17946.0,072130
2026-10-08,2140.0,2170.0,2080.0,2135.0,157574.0,372910
2026-10-08,27800.0,28200.0,27150.0,27200.0,563.0,004450
2026-10-08,6310.0,6500.0,6250.0,6430.0,2537.0,111110
2026-10-08,3820.0,3935.0,3745.0,3855.0,114565.0,014990
2026-10-08,26900.0,26900.0,26250.0,26800.0,1158.0,001465
2026-10-08,2430.0,2535.0,2340.0,2420.0,517228.0,0220WL
2026-10-08,4865.0,5100.0,4805.0,4895.0,27370.0,006890
2026-10-08,1899.0,1910.0,1876.0,1907.0,23420.0,129260
2026-10-08,2960.0,2960.0,2870.0,2930.0,5851.0,075180
2026-10-08,3255.0,3255.0,3200.0,3200.0,11.0,003465
2026-10-08,30200.0,30200.0,29450.0,29450.0,996.0,003925
2026-10-08,0.0,0.0,0.0,902.0,0.0,020760
2026-10-08,3175.0,3175.0,2895.0,2980.0,88483.0,210980
2026-10-08,4130.0,4305.0,4100.0,4245.0,168394.0,003780
2026-10-08,51100.0,52000.0,50000.0,52000.0,2100.0,000725
2026-10-08,1560.0,1614.0,1510.0,1600.0,329210.0,005320
2026-10-08,1000.0,1015.0,988.0,991.0,80659.0,090080
2026-10-08,3640.0,3660.0,3625.0,3635.0,6763.0,025530
2026-10-08,1876.0,1876.0,1827.0,1849.0,54442.0,092440
2026-10-08,44050.0,44050.0,43600.0,43800.0,1269.0,006125
2026-10-08,3525.0,3525.0,3390.0,3440.0,58444.0,004830
2026-10-08,5290.0,5390.0,5230.0,5390.0,5905.0,023810
2026-10-08,26300.0,26300.0,25300.0,25400.0,3413.0,37550K
2026-10-08,25450.0,25750.0,25100.0,25300.0,711.0,28513K
2026-10-08,2160.0,2205.0,2070.0,2085.0,167157.0,007460
2026-10-08,0.0,0.0,0.0,1935.0,0.0,002410
2026-10-08,2815.0,2815.0,2740.0,2790.0,32085.0,378850
2026-10-08,4145.0,4145.0,4085.0,4115.0,11418.0,003475
2026-10-08,1325.0,1349.0,1313.0,1324.0,40567.0,396690
2026-10-08,10220.0,10270.0,10050.0,10080.0,13831.0,001550
2026-10-08,3535.0,3560.0,3500.0,3560.0,17881.0,010770
2026-10-08,1129.0,1129.0,1096.0,1096.0,61509.0,021050
2026-10-08,1417.0,1449.0,1406.0,1413.0,99353.0,012690
2026-10-08,5100.0,5340.0,4810.0,5120.0,6734.0,101140
2026-10-08,66200.0,66200.0,64800.0,66000.0,355.0,005305
2026-10-08,3235.0,3260.0,3190.0,3230.0,16986.0,123700
2026-10-08,29900.0,30400.0,29000.0,29900.0,887.0,000950
2026-10-08,4240.0,4300.0,4185.0,4220.0,9234.0,006880
2026-10-08,2210.0,2285.0,2175.0,2240.0,23466.0,001620
2026-10-08,48700.0,48700.0,45800.0,47150.0,3210.0,011390
2026-10-08,1690.0,1690.0,1631.0,1669.0,19401.0,002630
2026-10-08,2640.0,2640.0,2545.0,2570.0,115025.0,011230
2026-10-08,2770.0,2890.0,2655.0,2855.0,73007.0,011300
2026-10-08,0.0,0.0,0.0,2670.0,0.0,011000
2026-10-08,1226.0,1245.0,1210.0,1229.0,126703.0,004410
2026-10-08,1003.0,1019.0,971.0,982.0,40947.0,009320
2026-10-08,19000.0,19250.0,18580.0,18850.0,4849.0,009835
2026-10-08,1917.0,1920.0,1897.0,1902.0,91141.0,002140
2026-10-08,1789.0,1823.0,1788.0,1794.0,41442.0,002920
2026-10-08,1232.0,1250.0,1222.0,1244.0,24070.0,004540
2026-10-08,0.0,0.0,0.0,2660.0,0.0,069460
2026-10-08,2185.0,2285.0,2155.0,2255.0,3760.0,084870
2026-10-08,2210.0,2210.0,2140.0,2140.0,9424.0,041650
2026-10-08,1849.0,1852.0,1823.0,1838.0,5374.0,357250
2026-10-08,2955.0,2985.0,2910.0,2910.0,23303.0,000910
2026-10-08,2240.0,2400.0,2210.0,2245.0,8319.0,003080
2026-10-08,0.0,0.0,0.0,5110.0,0.0,074610
2026-10-08,3435.0,3455.0,3315.0,3455.0,11315.0,004910
2026-10-08,2205.0,2235.0,2160.0,2180.0,135822.0,004060
2026-10-08,4220.0,4400.0,4180.0,4375.0,88187.0,011330
2026-10-08,3300.0,3315.0,3220.0,3275.0,45712.0,092780
2026-10-08,1293.0,1315.0,1269.0,1270.0,72951.0,017180
2026-10-08,1945.0,2040.0,1921.0,1967.0,140670.0,014910
2026-10-08,976.0,984.0,969.0,972.0,4587.0,481850
2026-10-08,3935.0,3980.0,3910.0,3950.0,23799.0,446070
2026-10-08,2070.0,2075.0,2030.0,2030.0,31262.0,008420
2026-10-08,1164.0,1268.0,1151.0,1189.0,32222.0,002870
2026-10-08,0.0,0.0,0.0,541.0,0.0,019490
2026-10-08,2060.0,2075.0,2020.0,2040.0,109864.0,026940
2026-10-08,2510.0,2655.0,2470.0,2615.0,85586.0,007110
2026-10-08,0.0,0.0,0.0,932.0,0.0,017040
2026-10-08,2000.0,2030.0,1952.0,2010.0,23971.0,049800
2026-10-08,3720.0,3780.0,3530.0,3650.0,15615.0,023350
2026-10-08,24000.0,24250.0,23650.0,23650.0,1011.0,000215
2026-10-08,1890.0,1944.0,1811.0,1944.0,1758.0,009810
2026-10-08,3175.0,3530.0,3175.0,3520.0,85984.0,002360
2026-10-08,38950.0,38950.0,38300.0,38950.0,184.0,008870
2026-10-08,804.0,835.0,791.0,800.0,14620.0,145270
2026-10-08,7430.0,7450.0,7030.0,7360.0,14816.0,004920
2026-10-08,3780.0,3910.0,3730.0,3865.0,10056.0,012280
2026-10-08,1003.0,1110.0,981.0,1002.0,19044.0,023960
2026-10-08,1405.0,1405.0,1350.0,1379.0,29433.0,011420
2026-10-08,1315.0,1348.0,1300.0,1334.0,115608.0,000890
2026-10-08,18770.0,18770.0,18410.0,18410.0,76.0,134790
2026-10-08,986.0,1005.0,940.0,986.0,92102.0,133820
2026-10-08,3280.0,3325.0,3250.0,3300.0,31559.0,008250
2026-10-08,1139.0,1154.0,1120.0,1134.0,22556.0,027740
2026-10-08,0.0,0.0,0.0,851.0,0.0,047400
2026-10-08,23950.0,24000.0,22500.0,22700.0,8454.0,009140
2026-10-08,1684.0,1719.0,1588.0,1670.0,257810.0,051630
2026-10-08,12280.0,12700.0,11800.0,12590.0,1300.0,000760
2026-10-08,2075.0,2080.0,2000.0,2075.0,66210.0,010640
2026-10-08,3665.0,3900.0,3570.0,3675.0,7150.0,002880
2026-10-08,1211.0,1219.0,1190.0,1196.0,27350.0,013000
2026-10-08,2735.0,2935.0,2650.0,2760.0,5918.0,009460
2026-10-08,2090.0,2200.0,2075.0,2155.0,8079.0,012160
2026-10-08,2820.0,2880.0,2805.0,2845.0,53255.0,014130
2026-10-08,0.0,0.0,0.0,1199.0,0.0,143210
2026-10-08,9100.0,9190.0,9070.0,9070.0,6239.0,004365
2026-10-08,14410.0,14910.0,14400.0,14540.0,911.0,005820
2026-10-08,2995.0,3020.0,2945.0,2965.0,14173.0,006370
2026-10-08,1148.0,1199.0,1126.0,1164.0,14074.0,090370
2026-10-08,6550.0,6730.0,6330.0,6470.0,16576.0,003535
2026-10-08,1974.0,2005.0,1950.0,2005.0,5230.0,024070
2026-10-08,1860.0,1908.0,1850.0,1897.0,7735.0,025750
2026-10-08,3990.0,4110.0,3900.0,3970.0,21501.0,010400
2026-10-08,5790.0,5910.0,5510.0,5670.0,13572.0,001070
2026-10-08,1395.0,1439.0,1337.0,1353.0,14602.0,069640
2026-10-08,2590.0,2630.0,2515.0,2630.0,3766.0,025890
2026-10-08,2375.0,2470.0,2280.0,2350.0,12472.0,088790
2026-10-08,3395.0,3395.0,3295.0,3390.0,5289.0,308170
2026-10-08,1518.0,1546.0,1503.0,1504.0,21956.0,036420
2026-10-08,14700.0,14700.0,14290.0,14420.0,3851.0,019175
2026-10-08,4585.0,4640.0,4540.0,4610.0,18589.0,023150
2026-10-08,1895.0,1950.0,1804.0,1869.0,34248.0,006570
2026-10-08,4435.0,5250.0,4205.0,4440.0,843031.0,003680
2026-10-08,659.0,710.0,604.0,610.0,4121494.0,009190
2026-10-08,979.0,1003.0,950.0,988.0,39837.0,007120
2026-10-08,1323.0,1339.0,1296.0,1315.0,15003.0,002690
2026-10-08,5760.0,5760.0,5510.0,5760.0,3832.0,004270
2026-10-08,1198.0,1236.0,1131.0,1182.0,27788.0,118000
2026-10-08,1541.0,1545.0,1500.0,1535.0,7340.0,33637K
2026-10-08,4050.0,4060.0,3970.0,4050.0,17893.0,033250
2026-10-08,9810.0,10110.0,9690.0,9810.0,39575.0,006345
2026-10-08,3890.0,3960.0,3890.0,3955.0,165.0,002355
2026-10-08,1527.0,1570.0,1516.0,1554.0,92645.0,003060
2026-10-08,1461.0,1489.0,1375.0,1400.0,42339.0,006490
2026-10-08,22000.0,22050.0,21700.0,21900.0,1430.0,003495
2026-10-08,779.0,799.0,764.0,790.0,6886.0,357430
2026-10-08,0.0,0.0,0.0,5330.0,0.0,009310
2026-10-08,1031.0,1079.0,941.0,1016.0,330882.0,001380
2026-10-08,973.0,987.0,956.0,984.0,22240.0,004870
2026-10-08,7430.0,7430.0,7200.0,7420.0,2523.0,33626L
2026-10-08,1447.0,1543.0,1423.0,1515.0,104149.0,071950
2026-10-08,3045.0,3220.0,2900.0,3000.0,19093.0,012170
2026-10-08,4515.0,5050.0,4515.0,4680.0,103592.0,030720
2026-10-08,4450.0,4505.0,3350.0,3530.0,247688.0,006740
2026-10-08,28250.0,28250.0,27600.0,27850.0,237.0,008775
2026-10-08,1059.0,1263.0,1047.0,1086.0,2340208.0,005360
2026-10-08,2640.0,2990.0,2640.0,2700.0,39387.0,001420
2026-10-08,14650.0,14750.0,14650.0,14700.0,994.0,001685
2026-10-08,0.0,0.0,0.0,928.0,0.0,015020
2026-10-08,997.0,1017.0,992.0,992.0,15593.0,000040
2026-10-08,24200.0,24200.0,23750.0,23800.0,438.0,00499K
2026-10-08,1580.0,1677.0,1543.0,1580.0,209224.0,011090
2026-10-08,18120.0,18120.0,17750.0,18000.0,2355.0,108675
2026-10-08,3715.0,4000.0,3660.0,3810.0,37992.0,002070
2026-10-08,0.0,0.0,0.0,296.0,0.0,093240
2026-10-08,0.0,0.0,0.0,2620.0,0.0,008600
2026-10-08,0.0,0.0,0.0,756.0,0.0,009440
2026-10-08,4500.0,4500.0,4450.0,4490.0,3004.0,005725
2026-10-08,2170.0,2535.0,2130.0,2170.0,636143.0,465770
2026-10-08,29750.0,29800.0,29050.0,29300.0,2174.0,18064K
2026-10-08,4420.0,4680.0,4375.0,4660.0,85098.0,004105
2026-10-08,18000.0,18000.0,17550.0,18000.0,407.0,005257
2026-10-08,1570.0,1659.0,1570.0,1625.0,37759.0,006200
2026-10-08,12980.0,12980.0,12640.0,12850.0,1415.0,002025
2026-10-08,19725.0,19725.0,19325.0,19325.0,123.0,0106J0
2026-10-08,12200.0,12360.0,12200.0,12320.0,630.0,000087
2026-10-08,1008.0,1285.0,956.0,1150.0,646785.0,002820
2026-10-08,2140.0,2150.0,2100.0,2100.0,5244.0,001795
2026-10-08,10960.0,11050.0,10890.0,11010.0,3610.0,00806K
2026-10-08,1372.0,1619.0,1360.0,1525.0,166438.0,024890
2026-10-08,4415.0,4415.0,4325.0,4325.0,607.0,45226K
2026-10-08,13850.0,14000.0,13720.0,13740.0,4494.0,084695
2026-10-08,15860.0,16110.0,15860.0,15900.0,365.0,00781K
2026-10-08,32150.0,32150.0,32150.0,32150.0,4.0,145995
2026-10-08,192.0,249.0,185.0,249.0,2808221.0,015260
2026-10-08,7830.0,7830.0,7410.0,7600.0,1412.0,38380K
2026-10-08,10120.0,10120.0,10120.0,10120.0,0.0,0120X0
2026-10-08,49950.0,49950.0,49950.0,49950.0,1.0,001067
2026-10-08,980.0,1048.0,973.0,1029.0,29137.0,019685
2026-10-08,1875.0,1887.0,1840.0,1878.0,1419.0,004255
2026-10-08,0.0,0.0,0.0,2240.0,0.0,145210
2026-10-08,19210.0,19260.0,19030.0,19130.0,1195.0,001755
2026-10-08,12380.0,12380.0,11810.0,11960.0,845.0,003075
2026-10-08,2280.0,2500.0,2155.0,2210.0,4488.0,33637L
2026-10-08,3600.0,3685.0,3520.0,3560.0,8294.0,000225
2026-10-08,4045.0,4045.0,3920.0,3960.0,1808.0,001515
2026-10-08,21650.0,21900.0,21650.0,21900.0,8.0,001065
2026-10-08,5050.0,5830.0,4805.0,5370.0,59900.0,004835
2026-10-08,28950.0,28950.0,28450.0,28450.0,64.0,000325
2026-10-08,9290.0,9310.0,8880.0,9110.0,600.0,004985
2026-10-08,0.0,0.0,0.0,436.0,0.0,044380
2026-10-08,7600.0,7600.0,7290.0,7540.0,226.0,26490K
2026-10-08,4970.0,4970.0,4825.0,4825.0,6046.0,012205
2026-10-08,11930.0,12280.0,11930.0,12150.0,374.0,090355
2026-10-08,0.0,0.0,0.0,3925.0,0.0,001770
2026-10-08,14270.0,14980.0,14270.0,14900.0,4876.0,002995
2026-10-08,5770.0,5770.0,5610.0,5620.0,431.0,000545
2026-10-08,9120.0,9120.0,9000.0,9000.0,595.0,000145
2026-10-08,6010.0,6070.0,6010.0,6030.0,423.0,009415
2026-10-08,17100.0,17100.0,17100.0,17100.0,42.0,005965
2026-10-08,14000.0,14000.0,13610.0,13960.0,99.0,014825
2026-10-08,7910.0,7980.0,7800.0,7940.0,230.0,007575
2026-10-08,5890.0,5890.0,5700.0,5820.0,314.0,014285
2026-10-08,2920.0,3740.0,2780.0,2805.0,6495.0,36328K
2026-10-08,5010.0,5090.0,4960.0,5090.0,121.0,005745
2026-10-08,5090.0,5090.0,5000.0,5000.0,86.0,014915
2026-10-08,8120.0,8120.0,7980.0,7980.0,220.0,000227
2026-10-08,7650.0,7650.0,7020.0,7270.0,219.0,008355
2026-10-08,7520.0,7640.0,7200.0,7200.0,728.0,001525
2026-10-08,24.0,28.0,16.0,18.0,18549950.0,005030
2026-10-08,3500.0,3730.0,3500.0,3640.0,597.0,004545
2026-10-08,61.0,61.0,47.0,52.0,4524207.0,005110
2026-10-08,5440.0,5600.0,5260.0,5260.0,2659.0,011155
2026-10-08,4910.0,5100.0,4900.0,4995.0,395.0,001527
2026-10-08,4035.0,4140.0,4035.0,4040.0,1490.0,004415
2026-10-08,6850.0,7140.0,6550.0,6620.0,649.0,002785
2026-10-08,10350.0,10350.0,9360.0,9970.0,1154.0,002787
2026-10-08,239000.0,246000.0,234500.0,240500.0,724009.0,196170
2026-10-08,92500.0,94300.0,90000.0,91200.0,955417.0,086520
2026-10-08,129100.0,130700.0,124000.0,126500.0,617604.0,247540
2026-10-08,252500.0,278500.0,245000.0,263500.0,3831323.0,036930
2026-10-08,448000.0,449500.0,429000.0,431500.0,65203.0,277810
2026-10-08,86000.0,89800.0,84600.0,87800.0,1640090.0,058470
2026-10-08,132300.0,140400.0,131100.0,134200.0,1798133.0,240810
2026-10-08,171500.0,176900.0,169200.0,170700.0,734166.0,222800
2026-10-08,520000.0,538000.0,516000.0,519000.0,197294.0,039030
2026-10-08,45950.0,46500.0,45100.0,46000.0,925840.0,028300
2026-10-08,227000.0,245000.0,210500.0,243500.0,284015.0,000250
2026-10-08,65800.0,66900.0,63800.0,64000.0,1686478.0,403870
2026-10-08,205000.0,219000.0,201000.0,209500.0,217742.0,031980
2026-10-08,307500.0,316500.0,293500.0,298000.0,258485.0,108490
2026-10-08,202500.0,207000.0,197500.0,200000.0,203931.0,095340
2026-10-08,138000.0,145100.0,136200.0,145100.0,435670.0,319660
2026-10-08,82700.0,85600.0,81800.0,83000.0,355042.0,440110
2026-10-08,169000.0,177700.0,169000.0,171700.0,194139.0,084370
2026-10-08,315000.0,325000.0,307000.0,309000.0,71251.0,131290
2026-10-08,50800.0,52000.0,50000.0,50200.0,1392733.0,067310
2026-10-08,283000.0,301000.0,282500.0,293000.0,82260.0,064760
2026-10-08,407000.0,420000.0,405000.0,413000.0,32151.0,357780
2026-10-08,162700.0,166500.0,161600.0,163300.0,206158.0,095610
2026-10-08,307000.0,309000.0,295500.0,299000.0,125898.0,214450
2026-10-08,85000.0,88500.0,83700.0,86000.0,1220842.0,080220
2026-10-08,79200.0,79400.0,73300.0,74000.0,389596.0,141080
2026-10-08,119500.0,122900.0,112000.0,118000.0,261463.0,226950
2026-10-08,50100.0,50300.0,47650.0,48150.0,407458.0,298380
2026-10-08,17770.0,17940.0,16750.0,16970.0,6500744.0,010170
2026-10-08,41450.0,42000.0,40300.0,41150.0,795764.0,178320
2026-10-08,51200.0,52000.0,50300.0,50500.0,435326.0,005290
2026-10-08,144500.0,145200.0,136600.0,137800.0,81879.0,310210
2026-10-08,36250.0,39850.0,36000.0,37350.0,3731591.0,098460
2026-10-08,32650.0,33200.0,30850.0,32550.0,2685810.0,043260
2026-10-08,113200.0,133800.0,110500.0,123300.0,1021196.0,131970
2026-10-08,37250.0,37650.0,35450.0,35700.0,740535.0,257720
2026-10-08,20200.0,21000.0,19365.0,20550.0,1787346.0,319400
2026-10-08,183900.0,184400.0,179400.0,181300.0,54306.0,145020
2026-10-08,44050.0,44050.0,40900.0,41450.0,88633.0,214370
2026-10-08,29450.0,29500.0,28200.0,28650.0,689160.0,030530
2026-10-08,314000.0,319500.0,307500.0,311500.0,52223.0,140860
2026-10-08,100500.0,101700.0,97200.0,97300.0,221256.0,058610
2026-10-08,98300.0,99100.0,91500.0,91500.0,600660.0,087010
2026-10-08,68000.0,69500.0,66500.0,69000.0,65926.0,140410
2026-10-08,33250.0,34500.0,32400.0,32700.0,181991.0,263750
2026-10-08,54300.0,56300.0,53200.0,54900.0,607816.0,089030
2026-10-08,12190.0,12310.0,11560.0,11640.0,2248703.0,032820
2026-10-08,44800.0,45100.0,42650.0,42950.0,610181.0,347850
2026-10-08,30750.0,30900.0,29750.0,30100.0,171528.0,214150
2026-10-08,96800.0,96900.0,91800.0,92100.0,101364.0,237690
2026-10-08,59700.0,63800.0,58500.0,62500.0,446385.0,323280
2026-10-08,11400.0,11870.0,11320.0,11580.0,5204213.0,036540
2026-10-08,112500.0,117900.0,110800.0,114900.0,331824.0,078600
2026-10-08,79500.0,79600.0,76100.0,77900.0,60290.0,041510
2026-10-08,65000.0,68900.0,64200.0,66800.0,550266.0,089970
2026-10-08,38600.0,39600.0,37400.0,37950.0,390393.0,096530
2026-10-08,134100.0,138500.0,132300.0,137500.0,64147.0,420770
2026-10-08,39850.0,40500.0,38750.0,38800.0,52164.0,068760
2026-10-08,33300.0,34650.0,32850.0,33500.0,286402.0,183300
2026-10-08,33500.0,34000.0,31800.0,31950.0,161074.0,060370
2026-10-08,56500.0,56700.0,53100.0,53300.0,350686.0,083650
2026-10-08,25650.0,25750.0,24050.0,24650.0,116369.0,0009K0
2026-10-08,24700.0,24900.0,24100.0,24700.0,185294.0,007390
2026-10-08,25800.0,27800.0,25000.0,27000.0,2421704.0,204270
2026-10-08,59000.0,59700.0,57200.0,58000.0,288276.0,218410
2026-10-08,51000.0,51500.0,47600.0,48400.0,280841.0,437730
2026-10-08,57200.0,58300.0,54600.0,55800.0,364056.0,290650
2026-10-08,39500.0,39950.0,37400.0,37600.0,120779.0,039200
2026-10-08,17190.0,17520.0,16750.0,17000.0,1717815.0,232140
2026-10-08,38600.0,39550.0,37400.0,38900.0,394218.0,035900
2026-10-08,16810.0,16810.0,16000.0,16190.0,433439.0,950160
2026-10-08,25600.0,26475.0,24100.0,25400.0,1767686.0,347700
2026-10-08,11500.0,11640.0,11300.0,11440.0,478085.0,003380
2026-10-08,62000.0,66300.0,61300.0,64300.0,205807.0,166090
2026-10-08,29800.0,29850.0,27400.0,28000.0,306409.0,082920
2026-10-08,50500.0,54600.0,50200.0,52900.0,790576.0,356860
2026-10-08,27500.0,27850.0,24550.0,25300.0,653039.0,950260
2026-10-08,117900.0,119200.0,111400.0,112100.0,73387.0,241710
2026-10-08,40550.0,40900.0,39700.0,40300.0,129462.0,195940
2026-10-08,53200.0,54200.0,52100.0,52800.0,325051.0,101490
2026-10-08,30900.0,32600.0,30850.0,31300.0,234623.0,056190
2026-10-08,15520.0,16600.0,14820.0,16430.0,2677916.0,417200
2026-10-08,18840.0,19120.0,18080.0,18200.0,466569.0,252990
2026-10-08,27900.0,30000.0,26200.0,28500.0,189369.0,127120
2026-10-08,55800.0,58900.0,55700.0,57400.0,232864.0,083450
2026-10-08,48600.0,51500.0,47500.0,50200.0,151921.0,036830
2026-10-08,22450.0,23000.0,22100.0,22350.0,311799.0,086450
2026-10-08,25550.0,26400.0,24600.0,26100.0,139851.0,458870
2026-10-08,10090.0,10110.0,8810.0,9330.0,516242.0,293490
2026-10-08,10030.0,11600.0,9850.0,11500.0,6705526.0,033790
2026-10-08,40900.0,43000.0,40500.0,41800.0,315931.0,161580
2026-10-08,34050.0,34650.0,30100.0,31100.0,431714.0,160190
2026-10-08,53400.0,55300.0,51300.0,53000.0,561949.0,327260
2026-10-08,37800.0,39250.0,36600.0,37450.0,117983.0,491000
2026-10-08,71800.0,76800.0,70200.0,74300.0,207864.0,295310
2026-10-08,89800.0,96700.0,89600.0,95300.0,122144.0,388210
2026-10-08,59800.0,59900.0,52400.0,52800.0,143225.0,445680
2026-10-08,16810.0,17670.0,16210.0,16990.0,414001.0,100790
2026-10-08,32950.0,33300.0,32100.0,32450.0,71356.0,065350
2026-10-08,8610.0,8670.0,8410.0,8600.0,272312.0,031330
2026-10-08,31700.0,33200.0,31500.0,32350.0,260540.0,074600
2026-10-08,11000.0,11500.0,10770.0,11340.0,341066.0,041960
2026-10-08,12760.0,13250.0,12610.0,12870.0,513591.0,281740
2026-10-08,11210.0,11560.0,10650.0,11300.0,995250.0,328130
2026-10-08,23450.0,24000.0,20800.0,22350.0,203122.0,115180
2026-10-08,75900.0,78500.0,72500.0,75200.0,157946.0,053800
2026-10-08,20050.0,20350.0,18650.0,19800.0,128397.0,032500
2026-10-08,70200.0,71500.0,68300.0,69400.0,26362.0,388720
2026-10-08,66800.0,68000.0,64700.0,65800.0,82892.0,251970
2026-10-08,22850.0,25450.0,22850.0,24350.0,850138.0,059090
2026-10-08,51100.0,51200.0,47500.0,48050.0,488117.0,119850
2026-10-08,64800.0,67400.0,63300.0,63800.0,140195.0,425420
2026-10-08,58500.0,62500.0,57500.0,60600.0,209929.0,064290
2026-10-08,32550.0,33500.0,32200.0,33150.0,163789.0,137400
2026-10-08,35400.0,36150.0,34150.0,35400.0,112788.0,035760
2026-10-08,49350.0,49600.0,47950.0,48300.0,74769.0,033100
2026-10-08,63100.0,64800.0,62800.0,63200.0,84166.0,121600
2026-10-08,29150.0,29450.0,28200.0,28850.0,137079.0,014620
2026-10-08,31350.0,33800.0,31300.0,33100.0,399805.0,033640
2026-10-08,22550.0,23200.0,22050.0,22350.0,1101562.0,490470
2026-10-08,11960.0,12220.0,11560.0,11820.0,566871.0,006730
2026-10-08,8560.0,8670.0,8110.0,8160.0,166335.0,085660
2026-10-08,75300.0,75900.0,68600.0,69200.0,98367.0,099320
2026-10-08,41750.0,41950.0,40000.0,40500.0,77892.0,122870
2026-10-08,73500.0,77900.0,72500.0,74700.0,60318.0,171090
2026-10-08,29750.0,30600.0,29300.0,29800.0,118352.0,213420
2026-10-08,27500.0,27550.0,26150.0,26350.0,299283.0,476830
2026-10-08,8080.0,8510.0,6790.0,6830.0,13208092.0,038500
2026-10-08,78600.0,78700.0,75100.0,75400.0,100239.0,090360
2026-10-08,80500.0,82500.0,79600.0,81200.0,70788.0,053610
2026-10-08,6280.0,6350.0,6000.0,6070.0,956145.0,090710
2026-10-08,34550.0,35150.0,33450.0,33500.0,100676.0,036810
2026-10-08,36400.0,36400.0,34800.0,35800.0,95304.0,044490
2026-10-08,50000.0,51500.0,49800.0,50000.0,108771.0,102710
2026-10-08,18940.0,19000.0,18450.0,18540.0,49215.0,032190
2026-10-08,15970.0,16520.0,15710.0,16130.0,709689.0,253590
2026-10-08,43150.0,44800.0,40700.0,42050.0,205775.0,456160
2026-10-08,23100.0,23400.0,22100.0,22550.0,258422.0,466100
2026-10-08,31850.0,33550.0,31550.0,32200.0,209267.0,122640
2026-10-08,54000.0,54200.0,50700.0,51500.0,68465.0,041830
2026-10-08,53000.0,54000.0,51400.0,52900.0,262307.0,092870
2026-10-08,69700.0,69800.0,62900.0,63800.0,102996.0,189300
2026-10-08,26850.0,27050.0,26100.0,26200.0,103195.0,023160
2026-10-08,8520.0,9300.0,8400.0,8690.0,1661508.0,222080
2026-10-08,15240.0,15290.0,14740.0,14750.0,177272.0,476060
2026-10-08,7270.0,7340.0,6550.0,6900.0,1092913.0,048410
2026-10-08,10500.0,10500.0,9750.0,9990.0,242479.0,225570
2026-10-08,13770.0,14550.0,13300.0,14110.0,787443.0,077360
2026-10-08,17900.0,18860.0,17200.0,18550.0,436355.0,024850
2026-10-08,127100.0,133100.0,126400.0,129200.0,4388.0,093320
2026-10-08,92000.0,92000.0,86400.0,87800.0,127202.0,126340
2026-10-08,21050.0,21150.0,20400.0,20950.0,72063.0,253450
2026-10-08,97700.0,99600.0,94900.0,97000.0,42317.0,219130
2026-10-08,13240.0,14345.0,13000.0,14000.0,1514328.0,144960
2026-10-08,27550.0,28000.0,25850.0,26200.0,272648.0,124500
2026-10-08,10410.0,10560.0,10260.0,10380.0,180119.0,046890
2026-10-08,36150.0,39500.0,36150.0,38950.0,323356.0,078350
2026-10-08,10020.0,10200.0,9750.0,9760.0,750687.0,050890
2026-10-08,28100.0,28500.0,25850.0,27600.0,302713.0,080580
2026-10-08,33350.0,34200.0,32950.0,33100.0,58744.0,045100
2026-10-08,79900.0,80900.0,75300.0,79200.0,33668.0,214430
2026-10-08,12970.0,14200.0,12500.0,12960.0,6729960.0,047920
2026-10-08,48600.0,49400.0,47100.0,47400.0,205841.0,399720
2026-10-08,4300.0,4600.0,4300.0,4520.0,663843.0,067630
2026-10-08,5220.0,5310.0,4755.0,4890.0,15676338.0,069540
2026-10-08,13280.0,13430.0,13000.0,13120.0,146132.0,009520
2026-10-08,8960.0,8970.0,8260.0,8450.0,318784.0,358570
2026-10-08,33200.0,34050.0,32600.0,32850.0,204602.0,089890
2026-10-08,23000.0,24000.0,21650.0,22250.0,245427.0,042000
2026-10-08,13500.0,13690.0,13140.0,13260.0,110283.0,060250
2026-10-08,32400.0,32800.0,31950.0,32050.0,30817.0,101160
2026-10-08,25750.0,25850.0,24850.0,25200.0,93147.0,383310
2026-10-08,15680.0,15800.0,15360.0,15480.0,202739.0,112040
2026-10-08,36000.0,36550.0,35300.0,35800.0,63046.0,052400
2026-10-08,39000.0,39050.0,38350.0,38700.0,11322.0,079940
2026-10-08,25100.0,25450.0,24100.0,24700.0,85686.0,094170
2026-10-08,7700.0,7720.0,7350.0,7550.0,115659.0,052020
2026-10-08,40900.0,41850.0,40200.0,40650.0,68464.0,104830
2026-10-08,18680.0,19030.0,17390.0,17930.0,1331781.0,356680
2026-10-08,23700.0,25950.0,23000.0,25350.0,551388.0,290550
2026-10-08,31300.0,31500.0,30500.0,31050.0,25385.0,037460
2026-10-08,26500.0,26600.0,25000.0,25200.0,186983.0,174900
2026-10-08,21150.0,22450.0,20100.0,21300.0,697744.0,348340
2026-10-08,42750.0,46600.0,40800.0,44750.0,185095.0,468530
2026-10-08,16870.0,16900.0,16350.0,16620.0,19603.0,099190
2026-10-08,9990.0,10070.0,9690.0,9880.0,32475.0,211050
2026-10-08,12230.0,12790.0,11560.0,12690.0,1040142.0,056080
2026-10-08,11140.0,11210.0,10450.0,10650.0,108213.0,082270
2026-10-08,20400.0,20900.0,19200.0,19710.0,1540714.0,033160
2026-10-08,38150.0,38300.0,37050.0,37450.0,27064.0,365340
2026-10-08,67700.0,67700.0,65800.0,66100.0,17091.0,086900
2026-10-08,60500.0,61100.0,57600.0,57600.0,102490.0,098120
2026-10-08,19220.0,21600.0,18820.0,20850.0,3356621.0,417840
2026-10-08,23450.0,23700.0,20000.0,21800.0,370723.0,348370
2026-10-08,4930.0,4980.0,4850.0,4905.0,651592.0,025980
2026-10-08,9990.0,11100.0,9940.0,10890.0,1916271.0,200470
2026-10-08,39250.0,39850.0,38400.0,38900.0,35859.0,278280
2026-10-08,6080.0,6110.0,5830.0,5970.0,1013003.0,041190
2026-10-08,28400.0,29350.0,28050.0,28200.0,136136.0,089010
2026-10-08,103400.0,104000.0,103200.0,103500.0,674.0,034950
2026-10-08,27700.0,27800.0,26450.0,26850.0,106526.0,376900
2026-10-08,5930.0,5990.0,5800.0,5820.0,121856.0,015750
2026-10-08,32600.0,35550.0,32600.0,34750.0,163730.0,159010
2026-10-08,13000.0,13250.0,12590.0,12670.0,876546.0,125490
2026-10-08,18970.0,19590.0,18560.0,19480.0,118469.0,376300
2026-10-08,13600.0,13720.0,12870.0,13040.0,344148.0,018290
2026-10-08,15740.0,15750.0,15040.0,15190.0,76968.0,033500
2026-10-08,12480.0,12540.0,12090.0,12130.0,386702.0,019210
2026-10-08,33950.0,35550.0,32950.0,33200.0,48341.0,475960
2026-10-08,14110.0,14110.0,13400.0,13550.0,154949.0,368770
2026-10-08,22200.0,22650.0,21750.0,22300.0,106734.0,272290
2026-10-08,5100.0,5370.0,4875.0,4955.0,597959.0,336570
2026-10-08,28500.0,28800.0,27400.0,27450.0,47062.0,340570
2026-10-08,12920.0,12920.0,12300.0,12320.0,101353.0,460930
2026-10-08,14130.0,14580.0,13920.0,14100.0,333505.0,079370
2026-10-08,2160.0,2185.0,2085.0,2105.0,199230.0,035890
2026-10-08,36800.0,37400.0,34650.0,35750.0,76874.0,078340
2026-10-08,41400.0,42250.0,40400.0,40900.0,198844.0,170920
2026-10-08,3640.0,3665.0,3445.0,3565.0,1290901.0,027360
2026-10-08,47100.0,48650.0,45800.0,47350.0,201616.0,107640
2026-10-08,9300.0,10100.0,9110.0,9950.0,1195012.0,441270
2026-10-08,3800.0,3845.0,3575.0,3730.0,84334.0,078130
2026-10-08,18380.0,18530.0,17250.0,17320.0,335738.0,030520
2026-10-08,36750.0,37775.0,36150.0,37300.0,50089.0,067160
2026-10-08,38650.0,40750.0,37700.0,39700.0,94167.0,348210
2026-10-08,14600.0,15200.0,14540.0,14650.0,158280.0,114810
2026-10-08,21800.0,22700.0,21000.0,22050.0,453866.0,052710
2026-10-08,20000.0,20100.0,18710.0,18930.0,355101.0,475830
2026-10-08,6680.0,6720.0,6280.0,6340.0,904524.0,187660
2026-10-08,34950.0,35400.0,34200.0,34400.0,19375.0,013030
2026-10-08,19800.0,19820.0,18810.0,18900.0,318262.0,486990
2026-10-08,5800.0,5890.0,5690.0,5720.0,388050.0,204620
2026-10-08,25500.0,26800.0,24150.0,26350.0,72080.0,372320
2026-10-08,37700.0,39100.0,37700.0,38700.0,60177.0,215200
2026-10-08,31850.0,33900.0,31350.0,32750.0,327307.0,330860
2026-10-08,15220.0,15340.0,14450.0,14460.0,386672.0,397030
2026-10-08,39050.0,39900.0,38500.0,38900.0,5797.0,241770
2026-10-08,5000.0,5000.0,4705.0,4710.0,793479.0,101730
2026-10-08,24300.0,25950.0,24250.0,25250.0,168554.0,039440
2026-10-08,10500.0,11780.0,10320.0,11420.0,1102889.0,393890
2026-10-08,8780.0,8890.0,8300.0,8380.0,1207309.0,332570
2026-10-08,55300.0,55700.0,54200.0,54600.0,19027.0,236200
2026-10-08,31600.0,31850.0,29000.0,30750.0,213130.0,138080
2026-10-08,8040.0,8410.0,7850.0,8290.0,93921.0,092190
2026-10-08,18350.0,18360.0,17530.0,17570.0,41378.0,095660
2026-10-08,29150.0,29200.0,28050.0,28100.0,112500.0,200710
2026-10-08,9960.0,9980.0,9540.0,9600.0,57801.0,078160
2026-10-08,21350.0,22150.0,20600.0,21050.0,277101.0,477850
2026-10-08,7370.0,7540.0,7270.0,7370.0,123428.0,025900
2026-10-08,24000.0,24200.0,22950.0,23200.0,34268.0,092730
2026-10-08,8130.0,8160.0,7980.0,8150.0,37139.0,036800
2026-10-08,12390.0,12390.0,11880.0,11910.0,161529.0,069080
2026-10-08,3995.0,4030.0,3940.0,3965.0,265357.0,025320
2026-10-08,8300.0,8660.0,8030.0,8320.0,2157505.0,046970
2026-10-08,32050.0,32800.0,31050.0,32800.0,1882.0,003800
2026-10-08,49500.0,59200.0,48650.0,56000.0,384180.0,354320
2026-10-08,19040.0,19130.0,18060.0,18890.0,77251.0,110990
2026-10-08,29250.0,29250.0,26600.0,26700.0,141934.0,389470
2026-10-08,8710.0,8910.0,8470.0,8580.0,231125.0,060280
2026-10-08,16370.0,16580.0,15670.0,15800.0,221490.0,168360
2026-10-08,6480.0,6480.0,6320.0,6340.0,29754.0,078020
2026-10-08,15200.0,16100.0,15180.0,15880.0,347412.0,482630
2026-10-08,25100.0,25150.0,23150.0,23800.0,755898.0,456010
2026-10-08,15280.0,15830.0,15040.0,15650.0,822795.0,425040
2026-10-08,7140.0,7190.0,6900.0,6940.0,715170.0,006910
2026-10-08,28450.0,28950.0,28250.0,28450.0,7751.0,093520
2026-10-08,25100.0,26200.0,24800.0,25300.0,523506.0,091580
2026-10-08,4500.0,4530.0,4380.0,4445.0,489754.0,064260
2026-10-08,3855.0,3855.0,3740.0,3740.0,133201.0,036620
2026-10-08,7730.0,7770.0,7650.0,7770.0,6415.0,121440
2026-10-08,16080.0,16350.0,15970.0,16090.0,133129.0,017890
2026-10-08,10750.0,11080.0,10630.0,10780.0,238905.0,036200
2026-10-08,4690.0,4770.0,4610.0,4675.0,281175.0,061970
2026-10-08,1170.0,1180.0,1110.0,1117.0,1143801.0,018000
2026-10-08,22150.0,22950.0,20500.0,21050.0,197019.0,455900
2026-10-08,55000.0,55500.0,52600.0,53100.0,45510.0,448900
2026-10-08,14740.0,14740.0,14100.0,14280.0,54208.0,117730
2026-10-08,2380.0,2380.0,2300.0,2320.0,527281.0,215600
2026-10-08,11010.0,11940.0,10960.0,11030.0,819432.0,446540
2026-10-08,22700.0,23400.0,22400.0,22800.0,179934.0,234340
2026-10-08,8650.0,9060.0,8360.0,8480.0,302094.0,206650
2026-10-08,20000.0,20850.0,19950.0,20550.0,37340.0,265520
2026-10-08,3400.0,3400.0,3255.0,3295.0,179172.0,900290
2026-10-08,14580.0,15000.0,14300.0,14430.0,167516.0,086390
2026-10-08,2900.0,3540.0,2875.0,3175.0,9167959.0,115450
2026-10-08,3435.0,3445.0,3255.0,3275.0,489563.0,424870
2026-10-08,27600.0,28600.0,27000.0,27100.0,123089.0,160980
2026-10-08,18850.0,19060.0,18480.0,18650.0,58847.0,049070
2026-10-08,7870.0,7920.0,7720.0,7830.0,12073.0,025770
2026-10-08,7120.0,7190.0,6980.0,7100.0,135921.0,484590
2026-10-08,24250.0,24600.0,24050.0,24200.0,15713.0,054950
2026-10-08,32650.0,33700.0,31200.0,32450.0,27600.0,199800
2026-10-08,22550.0,22550.0,20150.0,20450.0,144803.0,042520
2026-10-08,35500.0,36250.0,34800.0,35300.0,29389.0,452430
2026-10-08,23750.0,23850.0,22950.0,23000.0,25717.0,084110
2026-10-08,10200.0,10370.0,9830.0,9970.0,130633.0,488900
2026-10-08,5290.0,5700.0,5060.0,5490.0,643488.0,314130
2026-10-08,17130.0,17130.0,16620.0,16700.0,18780.0,092460
2026-10-08,4470.0,4545.0,4405.0,4415.0,87913.0,035810
2026-10-08,2650.0,2685.0,2650.0,2680.0,195575.0,136480
2026-10-08,26000.0,26050.0,25100.0,25250.0,29995.0,200670
2026-10-08,2870.0,2925.0,2700.0,2785.0,2978775.0,203650
2026-10-08,19200.0,21100.0,19100.0,20500.0,272433.0,085910
2026-10-08,9510.0,9800.0,9360.0,9470.0,3043.0,448280
2026-10-08,13410.0,13470.0,12060.0,12160.0,2241160.0,012210
2026-10-08,10750.0,10860.0,10300.0,10580.0,490981.0,042370
2026-10-08,11610.0,11980.0,10950.0,11150.0,98955.0,228760
2026-10-08,18850.0,19100.0,18210.0,18620.0,76131.0,493280
2026-10-08,42500.0,42900.0,40650.0,41250.0,62948.0,389500
2026-10-08,13910.0,13990.0,13150.0,13420.0,92482.0,317330
2026-10-08,12880.0,12990.0,12490.0,12670.0,68610.0,378340
2026-10-08,21250.0,21300.0,19950.0,20100.0,15416.0,352480
2026-10-08,23200.0,23200.0,21600.0,21950.0,42751.0,304360
2026-10-08,10170.0,10480.0,10090.0,10370.0,77763.0,394280
2026-10-08,18560.0,19290.0,18465.0,18890.0,178224.0,254490
2026-10-08,29700.0,31000.0,29350.0,30300.0,29474.0,100120
2026-10-08,6170.0,6170.0,5850.0,5940.0,47179.0,101930
2026-10-08,14200.0,14760.0,13850.0,14060.0,484964.0,452280
2026-10-08,12860.0,13150.0,12610.0,12660.0,94825.0,094360
2026-10-08,15590.0,15620.0,14250.0,14390.0,780497.0,386380
2026-10-08,11610.0,11690.0,11260.0,11340.0,54622.0,060720
2026-10-08,0.0,0.0,0.0,21000.0,0.0,309710
2026-10-08,9710.0,9750.0,9600.0,9730.0,18517.0,035600
2026-10-08,4650.0,4695.0,4550.0,4650.0,70077.0,472850
2026-10-08,0.0,0.0,0.0,3670.0,0.0,182400
2026-10-08,5080.0,5300.0,4900.0,5020.0,197076.0,036710
2026-10-08,34700.0,35150.0,34300.0,34600.0,4410.0,267980
2026-10-08,32200.0,33500.0,32050.0,33000.0,82334.0,272110
2026-10-08,11000.0,11160.0,10110.0,10850.0,98740.0,071200
2026-10-08,26350.0,26550.0,25600.0,26000.0,55622.0,294570
2026-10-08,25300.0,27700.0,22950.0,23000.0,2106525.0,468670
2026-10-08,18040.0,18100.0,17280.0,17330.0,36130.0,287840
2026-10-08,21750.0,22300.0,21400.0,21900.0,7952.0,051500
2026-10-08,12130.0,13970.0,11850.0,13960.0,753442.0,067080
2026-10-08,28400.0,29800.0,27350.0,28600.0,75663.0,416180
2026-10-08,16140.0,16490.0,15980.0,16090.0,16374.0,089980
2026-10-08,5380.0,5440.0,5320.0,5400.0,31468.0,151860
2026-10-08,3820.0,3820.0,3725.0,3765.0,189572.0,099440
2026-10-08,5240.0,5250.0,5080.0,5130.0,144944.0,091700
2026-10-08,23750.0,23750.0,22850.0,23050.0,72355.0,098070
2026-10-08,0.0,0.0,0.0,3320.0,0.0,121800
2026-10-08,9130.0,9270.0,9100.0,9250.0,37231.0,068930
2026-10-08,6120.0,6120.0,5770.0,5880.0,1019613.0,024840
2026-10-08,17540.0,17540.0,17050.0,17190.0,42024.0,043150
2026-10-08,23750.0,24150.0,22650.0,23250.0,66291.0,484120
2026-10-08,24000.0,24350.0,23100.0,23300.0,84903.0,445090
2026-10-08,0.0,0.0,0.0,4080.0,0.0,377460
2026-10-08,3910.0,4905.0,3865.0,4635.0,23042605.0,005160
2026-10-08,6150.0,6580.0,6110.0,6520.0,972230.0,243840
2026-10-08,13410.0,15960.0,11600.0,13290.0,16603950.0,266690
2026-10-08,7750.0,7840.0,7300.0,7570.0,460736.0,032580
2026-10-08,33400.0,33950.0,32750.0,32900.0,40159.0,073490
2026-10-08,12320.0,12800.0,12170.0,12370.0,246442.0,112290
2026-10-08,3250.0,3250.0,3195.0,3220.0,153623.0,023410
2026-10-08,15900.0,15910.0,15110.0,15150.0,85204.0,439090
2026-10-08,5050.0,5070.0,4840.0,5040.0,33001.0,036030
2026-10-08,31000.0,31000.0,28250.0,29700.0,58218.0,389650
2026-10-08,5300.0,5450.0,5100.0,5190.0,139629.0,0011T0
2026-10-08,17710.0,18400.0,17610.0,18190.0,20170.0,461300
2026-10-08,13590.0,13900.0,13240.0,13510.0,58447.0,389260
2026-10-08,14280.0,14280.0,13700.0,13780.0,11846.0,377450
2026-10-08,12890.0,14000.0,12880.0,13300.0,189495.0,083310
2026-10-08,43700.0,44500.0,42550.0,43300.0,24520.0,061090
2026-10-08,5590.0,5640.0,5480.0,5620.0,41674.0,067390
2026-10-08,11010.0,11290.0,10940.0,11270.0,9716.0,043370
2026-10-08,9320.0,9330.0,8900.0,9050.0,98381.0,114190
2026-10-08,26600.0,27950.0,22850.0,23000.0,1193006.0,0035S0
2026-10-08,3850.0,3980.0,3720.0,3830.0,167138.0,099430
2026-10-08,9030.0,9030.0,8710.0,8760.0,124648.0,108860
2026-10-08,6020.0,6410.0,6010.0,6240.0,85114.0,450950
2026-10-08,10010.0,10130.0,9560.0,9920.0,520447.0,340450
2026-10-08,11200.0,11200.0,10510.0,10640.0,118302.0,036890
2026-10-08,6600.0,7300.0,6060.0,6910.0,1749613.0,462350
2026-10-08,7810.0,7870.0,7520.0,7580.0,48857.0,064820
2026-10-08,20350.0,21000.0,20300.0,20350.0,24207.0,064850
2026-10-08,15080.0,15080.0,14530.0,14690.0,32547.0,144510
2026-10-08,23750.0,23750.0,22550.0,23000.0,96601.0,011560
2026-10-08,8180.0,8200.0,7860.0,8060.0,32457.0,200130
2026-10-08,32800.0,32800.0,30850.0,31900.0,14443.0,376270
2026-10-08,3650.0,3755.0,3570.0,3660.0,1329414.0,126600
2026-10-08,2375.0,2420.0,2275.0,2330.0,32869.0,180400
2026-10-08,4280.0,4350.0,4225.0,4265.0,115699.0,298830
2026-10-08,19450.0,19450.0,18890.0,19030.0,29355.0,243070
2026-10-08,7020.0,7430.0,6830.0,7130.0,2877962.0,382800
2026-10-08,2310.0,2590.0,2310.0,2380.0,3901144.0,078150
2026-10-08,36050.0,36050.0,35450.0,35800.0,6248.0,215000
2026-10-08,5990.0,6190.0,5820.0,6010.0,81494.0,216080
2026-10-08,22300.0,22650.0,20650.0,21850.0,175139.0,419530
2026-10-08,1404.0,1408.0,1398.0,1404.0,31182.0,023760
2026-10-08,43200.0,43300.0,42500.0,42950.0,6727.0,065710
2026-10-08,13400.0,16270.0,13200.0,15930.0,645550.0,187870
2026-10-08,14950.0,15130.0,14880.0,14980.0,7214.0,018310
2026-10-08,23700.0,23750.0,23000.0,23300.0,19853.0,0008Z0
2026-10-08,12500.0,13050.0,12060.0,12140.0,99893.0,237880
2026-10-08,8090.0,8390.0,7520.0,7800.0,81641.0,293780
2026-10-08,10160.0,10200.0,9650.0,9870.0,94503.0,365270
2026-10-08,12410.0,13780.0,11060.0,11120.0,2908564.0,486510
2026-10-08,23900.0,24400.0,23300.0,24150.0,6806.0,065680
2026-10-08,23000.0,24450.0,22300.0,24000.0,419314.0,263860
2026-10-08,8670.0,8700.0,8370.0,8440.0,124040.0,064550
2026-10-08,5640.0,5670.0,5490.0,5550.0,213618.0,094480
2026-10-08,7160.0,7210.0,7010.0,7020.0,92923.0,095500
2026-10-08,17680.0,18430.0,17220.0,17630.0,61383.0,405100
2026-10-08,15460.0,15670.0,15240.0,15330.0,44368.0,190510
2026-10-08,8720.0,8720.0,8430.0,8450.0,36650.0,0001A0
2026-10-08,8230.0,8260.0,8000.0,8070.0,86030.0,241520
2026-10-08,7660.0,7660.0,7460.0,7530.0,39978.0,176750
2026-10-08,9860.0,9950.0,9770.0,9790.0,19104.0,206640
2026-10-08,24650.0,25200.0,24050.0,24400.0,57228.0,382900
2026-10-08,14730.0,14850.0,13970.0,14850.0,3297.0,481070
2026-10-08,25000.0,25450.0,24200.0,24200.0,163040.0,126730
2026-10-08,2975.0,3015.0,2940.0,2990.0,387224.0,045390
2026-10-08,2800.0,3020.0,2740.0,2935.0,1681136.0,462860
2026-10-08,5860.0,6270.0,5650.0,5840.0,991660.0,452450
2026-10-08,7010.0,7230.0,6420.0,6480.0,1422861.0,439960
2026-10-08,4300.0,4440.0,4205.0,4300.0,21204.0,950170
2026-10-08,3225.0,3240.0,3040.0,3065.0,2050117.0,256840
2026-10-08,6450.0,6560.0,6340.0,6390.0,46133.0,053030
2026-10-08,10420.0,10470.0,10300.0,10400.0,6018.0,005710
2026-10-08,5370.0,5390.0,5230.0,5260.0,189946.0,053300
2026-10-08,18490.0,18490.0,17450.0,17620.0,55162.0,475400
2026-10-08,5650.0,5890.0,5440.0,5630.0,454710.0,307180
2026-10-08,6080.0,6150.0,5880.0,5920.0,462185.0,125020
2026-10-08,4275.0,4370.0,4260.0,4300.0,54236.0,019010
2026-10-08,22200.0,23000.0,21850.0,22900.0,55398.0,049430
2026-10-08,0.0,0.0,0.0,8450.0,0.0,380540
2026-10-08,3965.0,4955.0,3765.0,4355.0,4217243.0,084990
2026-10-08,6700.0,6710.0,6310.0,6690.0,32336.0,314930
2026-10-08,15800.0,15800.0,15260.0,15320.0,27152.0,459510
2026-10-08,33950.0,33950.0,32400.0,33050.0,6543.0,036190
2026-10-08,3280.0,3280.0,3120.0,3225.0,182730.0,036170
2026-10-08,16360.0,16460.0,15780.0,15920.0,17658.0,058970
2026-10-08,4440.0,4440.0,4255.0,4300.0,114604.0,014940
2026-10-08,16910.0,17430.0,16800.0,17150.0,43467.0,119610
2026-10-08,10760.0,11250.0,10670.0,10850.0,223707.0,234690
2026-10-08,12570.0,13810.0,12400.0,13540.0,250838.0,403850
2026-10-08,4450.0,4580.0,4115.0,4445.0,260056.0,351320
2026-10-08,2230.0,2235.0,2015.0,2050.0,354101.0,217730
2026-10-08,0.0,0.0,0.0,2410.0,0.0,080720
2026-10-08,5920.0,5920.0,5780.0,5800.0,55433.0,353810
2026-10-08,13780.0,14325.0,13680.0,14220.0,208212.0,051160
2026-10-08,12720.0,13130.0,12600.0,13020.0,56761.0,083930
2026-10-08,23550.0,25450.0,23350.0,23900.0,42934.0,372170
2026-10-08,17500.0,17760.0,17280.0,17760.0,9979.0,143240
2026-10-08,10590.0,10640.0,10370.0,10370.0,48314.0,194700
2026-10-08,14700.0,15450.0,14110.0,14810.0,181000.0,163730
2026-10-08,25100.0,25500.0,24600.0,25200.0,7610.0,066620
2026-10-08,10240.0,10550.0,10000.0,10100.0,320782.0,388050
2026-10-08,2100.0,2100.0,2040.0,2075.0,70088.0,013120
2026-10-08,10460.0,10630.0,10380.0,10560.0,5341.0,052330
2026-10-08,12040.0,12520.0,11900.0,12490.0,1145054.0,024060
2026-10-08,0.0,0.0,0.0,994.0,0.0,016790
2026-10-08,10310.0,10360.0,9820.0,10070.0,60559.0,041920
2026-10-08,18900.0,19820.0,18670.0,18840.0,38223.0,086670
2026-10-08,11990.0,11990.0,11720.0,11860.0,7220.0,036560
2026-10-08,6230.0,6260.0,5820.0,5860.0,1217157.0,394800
2026-10-08,12310.0,12750.0,12130.0,12470.0,82009.0,126700
2026-10-08,5900.0,5930.0,5820.0,5900.0,2633.0,034810
2026-10-08,14810.0,14810.0,14080.0,14190.0,62631.0,102940
2026-10-08,17260.0,17610.0,16000.0,16560.0,53641.0,199430
2026-10-08,8220.0,8270.0,8100.0,8270.0,36479.0,068790
2026-10-08,24450.0,24850.0,23150.0,23500.0,160377.0,355150
2026-10-08,14200.0,14330.0,13700.0,14010.0,40172.0,214180
2026-10-08,10510.0,10700.0,10050.0,10100.0,77781.0,464080
2026-10-08,3055.0,3055.0,2965.0,2990.0,101399.0,082800
2026-10-08,6990.0,7180.0,6800.0,7020.0,62495.0,220100
2026-10-08,10150.0,10730.0,9910.0,10060.0,223841.0,251370
2026-10-08,7180.0,7310.0,7030.0,7140.0,143144.0,054210
2026-10-08,14680.0,15960.0,14650.0,15560.0,119041.0,092070
2026-10-08,2460.0,2520.0,2350.0,2450.0,566328.0,012860
2026-10-08,11890.0,12300.0,11060.0,11590.0,66915.0,484810
2026-10-08,11960.0,12160.0,11680.0,11860.0,78853.0,094820
2026-10-08,1869.0,1978.0,1869.0,1963.0,472799.0,104480
2026-10-08,62700.0,63000.0,60600.0,61500.0,10694.0,260970
2026-10-08,28600.0,28800.0,28150.0,28550.0,1969.0,192440
2026-10-08,16050.0,16230.0,15450.0,15600.0,21641.0,138610
2026-10-08,32500.0,32850.0,31750.0,32400.0,1969.0,357550
2026-10-08,13880.0,14010.0,13100.0,13250.0,109208.0,230240
2026-10-08,14880.0,15000.0,13820.0,13930.0,76769.0,304100
2026-10-08,5880.0,5940.0,5740.0,5790.0,158655.0,264850
2026-10-08,14090.0,14100.0,13390.0,13590.0,20165.0,308430
2026-10-08,6590.0,6730.0,6350.0,6590.0,90976.0,119830
2026-10-08,7720.0,7740.0,7550.0,7700.0,12511.0,084850
2026-10-08,21750.0,22400.0,20900.0,21900.0,169125.0,123330
2026-10-08,15350.0,15400.0,14800.0,14850.0,39483.0,0015G0
2026-10-08,11910.0,12030.0,11510.0,11740.0,67300.0,489460
2026-10-08,12630.0,13000.0,12250.0,12610.0,61652.0,149950
2026-10-08,5260.0,5330.0,5160.0,5240.0,159399.0,013990
2026-10-08,16460.0,17180.0,14820.0,15510.0,2615949.0,042510
2026-10-08,16280.0,16690.0,15200.0,15910.0,735112.0,488280
2026-10-08,15990.0,16050.0,15280.0,16050.0,2741.0,143160
2026-10-08,4555.0,4600.0,4415.0,4500.0,157884.0,039860
2026-10-08,2315.0,2375.0,2200.0,2270.0,187679.0,088800
2026-10-08,14190.0,15240.0,13500.0,14210.0,2927.0,092130
2026-10-08,21200.0,21700.0,20250.0,21000.0,11447.0,042420
2026-10-08,11610.0,11760.0,11460.0,11590.0,38791.0,264450
2026-10-08,18280.0,18280.0,17630.0,17750.0,13523.0,108380
2026-10-08,6820.0,6820.0,6390.0,6550.0,85460.0,086820
2026-10-08,5340.0,5380.0,5200.0,5280.0,46634.0,418550
2026-10-08,9830.0,9940.0,9480.0,9800.0,34600.0,445180
2026-10-08,13700.0,13700.0,13100.0,13260.0,19554.0,270660
2026-10-08,3230.0,3245.0,3160.0,3220.0,52933.0,032620
2026-10-08,15290.0,15290.0,14400.0,14450.0,283538.0,478340
2026-10-08,5140.0,5250.0,4810.0,4945.0,302777.0,046120
2026-10-08,0.0,0.0,0.0,741.0,0.0,245620
2026-10-08,7870.0,7870.0,7450.0,7520.0,88937.0,199820
2026-10-08,16240.0,16350.0,14680.0,14880.0,119785.0,318060
2026-10-08,9930.0,10070.0,9870.0,9960.0,4382.0,038390
2026-10-08,13860.0,14000.0,13510.0,13630.0,46794.0,194480
2026-10-08,7120.0,7250.0,6960.0,7080.0,163788.0,051370
2026-10-08,4040.0,4180.0,3960.0,4040.0,48416.0,086890
2026-10-08,6880.0,7500.0,6680.0,7360.0,594150.0,156100
2026-10-08,11700.0,12000.0,11540.0,11580.0,115122.0,432720
2026-10-08,8340.0,8340.0,8090.0,8240.0,10568.0,950140
2026-10-08,7040.0,7400.0,6870.0,6950.0,166182.0,049630
2026-10-08,15980.0,16340.0,15580.0,16170.0,17239.0,065660
2026-10-08,15270.0,15550.0,14820.0,15020.0,21039.0,039830
2026-10-08,2690.0,2770.0,2650.0,2685.0,611675.0,289080
2026-10-08,6440.0,6480.0,6190.0,6290.0,43290.0,122990
2026-10-08,13070.0,13140.0,11950.0,12080.0,52311.0,0082N0
2026-10-08,8400.0,8650.0,8020.0,8350.0,6532.0,093190
2026-10-08,14330.0,14980.0,13070.0,13260.0,4474966.0,141000
2026-10-08,6700.0,6740.0,6160.0,6530.0,3963280.0,158430
2026-10-08,9540.0,9640.0,8800.0,8980.0,410528.0,101360
2026-10-08,4705.0,5050.0,4660.0,4870.0,739334.0,417500
2026-10-08,0.0,0.0,0.0,1153.0,0.0,066410
2026-10-08,2710.0,3060.0,2660.0,2780.0,12646644.0,267320
2026-10-08,5300.0,5320.0,5040.0,5210.0,362215.0,388790
2026-10-08,3220.0,3225.0,2975.0,3005.0,829313.0,290690
2026-10-08,12900.0,13070.0,12660.0,13030.0,5511.0,123860
2026-10-08,2725.0,3270.0,2560.0,2920.0,18617274.0,307750
2026-10-08,11600.0,12650.0,11600.0,12290.0,89140.0,146320
2026-10-08,14680.0,15080.0,14300.0,14670.0,30088.0,226590
2026-10-08,2850.0,2855.0,2790.0,2820.0,38006.0,204610
2026-10-08,12730.0,13100.0,12650.0,12890.0,8807.0,041520
2026-10-08,1086.0,1087.0,1033.0,1043.0,1992036.0,255220
2026-10-08,8680.0,8900.0,8510.0,8630.0,120110.0,032940
2026-10-08,13050.0,13350.0,12950.0,13150.0,10281.0,072870
2026-10-08,5070.0,5080.0,5010.0,5080.0,14399.0,011040
2026-10-08,4760.0,4895.0,4650.0,4755.0,9390.0,093640
2026-10-08,9270.0,9270.0,8970.0,9150.0,23585.0,078070
2026-10-08,12360.0,12360.0,11230.0,11330.0,559877.0,274090
2026-10-08,25950.0,26100.0,25700.0,25850.0,4505.0,023910
2026-10-08,10150.0,10460.0,10040.0,10210.0,46265.0,054450
2026-10-08,5770.0,6370.0,5710.0,5830.0,5290055.0,396300
2026-10-08,26300.0,26300.0,25700.0,26050.0,5682.0,067280
2026-10-08,2890.0,2890.0,2725.0,2750.0,1906145.0,067290
2026-10-08,12820.0,12820.0,12240.0,12260.0,14335.0,402030
2026-10-08,8580.0,8930.0,8570.0,8630.0,215140.0,102120
2026-10-08,4225.0,4395.0,4170.0,4355.0,47110.0,024800
2026-10-08,5650.0,5700.0,5390.0,5510.0,70783.0,123410
2026-10-08,2930.0,2930.0,2825.0,2850.0,244078.0,475040
2026-10-08,4690.0,4825.0,4635.0,4765.0,133113.0,220260
2026-10-08,23100.0,24400.0,22600.0,23900.0,37285.0,489500
2026-10-08,7000.0,7500.0,6960.0,7320.0,634786.0,142210
2026-10-08,16150.0,16670.0,15600.0,16180.0,84124.0,322310
2026-10-08,3180.0,3180.0,3000.0,3050.0,102422.0,041020
2026-10-08,6190.0,6280.0,6140.0,6150.0,28133.0,118990
2026-10-08,9990.0,10020.0,9960.0,10000.0,4533.0,007330
2026-10-08,1799.0,1850.0,1720.0,1801.0,75357.0,205500
2026-10-08,6040.0,7080.0,6040.0,6290.0,14322359.0,452190
2026-10-08,4660.0,4740.0,4545.0,4635.0,31330.0,179290
2026-10-08,14940.0,15430.0,14520.0,15140.0,98341.0,0088M0
2026-10-08,14520.0,14590.0,14310.0,14400.0,2217.0,054800
2026-10-08,11710.0,12120.0,11520.0,11980.0,21248.0,042600
2026-10-08,7970.0,8120.0,7840.0,7860.0,37840.0,080160
2026-10-08,10420.0,10420.0,9380.0,9670.0,71674.0,494120
2026-10-08,26800.0,27000.0,24850.0,25550.0,45199.0,474650
2026-10-08,13510.0,13640.0,13320.0,13460.0,3473.0,069510
2026-10-08,4235.0,4235.0,4005.0,4025.0,601581.0,413630
2026-10-08,7280.0,7320.0,7080.0,7290.0,25527.0,256940
2026-10-08,15220.0,15590.0,14710.0,15520.0,4575.0,049960
2026-10-08,4130.0,4260.0,3980.0,4080.0,416127.0,950250
2026-10-08,10790.0,11170.0,10530.0,10980.0,71270.0,232680
2026-10-08,4030.0,4030.0,3975.0,4015.0,29584.0,046440
2026-10-08,9070.0,9080.0,8970.0,9080.0,15039.0,023600
2026-10-08,7230.0,7340.0,7090.0,7250.0,109801.0,147830
2026-10-08,14660.0,15200.0,14520.0,14890.0,25946.0,264660
2026-10-08,12930.0,13400.0,11710.0,11840.0,1679056.0,0161M0
2026-10-08,8070.0,8070.0,7600.0,7690.0,423000.0,0039P0
2026-10-08,10090.0,12100.0,9480.0,9720.0,134471.0,101970
2026-10-08,9150.0,9350.0,8300.0,8900.0,78506.0,105330
2026-10-08,5050.0,5110.0,4695.0,4750.0,894440.0,052260
2026-10-08,9640.0,9650.0,9320.0,9590.0,3356.0,115310
2026-10-08,15810.0,16270.0,15580.0,15870.0,26683.0,469610
2026-10-08,12440.0,12500.0,12110.0,12430.0,4710.0,089600
2026-10-08,1618.0,1625.0,1577.0,1600.0,136559.0,048870
2026-10-08,14750.0,17430.0,14500.0,16880.0,662993.0,083500
2026-10-08,10560.0,10560.0,10040.0,10360.0,99200.0,212560
2026-10-08,7650.0,7850.0,7460.0,7780.0,278973.0,265740
2026-10-08,9120.0,9270.0,8900.0,9070.0,103320.0,071280
2026-10-08,6780.0,6950.0,6780.0,6920.0,88002.0,037070
2026-10-08,8140.0,8510.0,8050.0,8330.0,57855.0,228850
2026-10-08,4830.0,4830.0,4400.0,4595.0,109369.0,321550
2026-10-08,7440.0,7980.0,7150.0,7710.0,55259.0,052860
2026-10-08,5200.0,5310.0,4765.0,4855.0,1033290.0,054920
2026-10-08,10650.0,10660.0,10180.0,10300.0,8037.0,005990
2026-10-08,11750.0,12030.0,11180.0,11410.0,286997.0,115500
2026-10-08,18350.0,18360.0,16920.0,17030.0,111901.0,0007C0
2026-10-08,3020.0,3020.0,2970.0,2990.0,20875.0,060150
2026-10-08,7530.0,7650.0,7310.0,7440.0,274458.0,059120
2026-10-08,3885.0,3930.0,3800.0,3830.0,46651.0,148150
2026-10-08,4810.0,4980.0,4765.0,4965.0,93613.0,035610
2026-10-08,14610.0,15490.0,14610.0,15120.0,151341.0,172670
2026-10-08,20200.0,20450.0,20200.0,20450.0,4743.0,003100
2026-10-08,9130.0,10650.0,9120.0,10200.0,1361677.0,217190
2026-10-08,8430.0,8430.0,7820.0,8040.0,57765.0,114840
2026-10-08,3785.0,3890.0,3720.0,3795.0,459247.0,126640
2026-10-08,3490.0,3535.0,3455.0,3515.0,264168.0,047770
2026-10-08,4980.0,5060.0,4800.0,4865.0,47042.0,297090
2026-10-08,11030.0,11030.0,10800.0,10800.0,15030.0,136540
2026-10-08,5360.0,5360.0,5000.0,5150.0,107008.0,322510
2026-10-08,6380.0,6410.0,6230.0,6310.0,58834.0,240550
2026-10-08,18700.0,18880.0,17200.0,17320.0,428252.0,387690
2026-10-08,12460.0,12460.0,12110.0,12180.0,20372.0,038290
2026-10-08,1873.0,2305.0,1861.0,2305.0,24750661.0,419050
2026-10-08,0.0,0.0,0.0,14130.0,0.0,457550
2026-10-08,10140.0,10330.0,10020.0,10080.0,18813.0,001540
2026-10-08,3005.0,3085.0,2870.0,2885.0,182019.0,095700
2026-10-08,10500.0,10550.0,10090.0,10210.0,42032.0,140670
2026-10-08,9090.0,9200.0,9080.0,9160.0,16439.0,049720
2026-10-08,12610.0,12690.0,12150.0,12340.0,25776.0,285490
2026-10-08,8140.0,8240.0,7610.0,7900.0,77456.0,451760
2026-10-08,11100.0,11380.0,11020.0,11120.0,23655.0,282880
2026-10-08,8090.0,8110.0,7780.0,7860.0,48507.0,300080
2026-10-08,3070.0,3070.0,2910.0,3005.0,17786.0,408920
2026-10-08,9840.0,9850.0,9510.0,9650.0,35475.0,039840
2026-10-08,11450.0,11890.0,11420.0,11580.0,42151.0,035080
2026-10-08,7640.0,7860.0,7500.0,7640.0,85705.0,402490
2026-10-08,10500.0,10830.0,10000.0,10570.0,218253.0,259630
2026-10-08,7520.0,7600.0,7280.0,7330.0,7493.0,009780
2026-10-08,13010.0,13270.0,12950.0,13150.0,18176.0,094840
2026-10-08,16090.0,16640.0,15600.0,16010.0,810079.0,072950
2026-10-08,6570.0,6890.0,6290.0,6390.0,148534.0,417010
2026-10-08,8470.0,8550.0,8200.0,8400.0,136887.0,037350
2026-10-08,15200.0,15270.0,12600.0,12740.0,1079197.0,0010S0
2026-10-08,1604.0,1608.0,1576.0,1599.0,3710.0,080420
2026-10-08,9620.0,9820.0,9620.0,9780.0,12272.0,950190
2026-10-08,27500.0,27950.0,21150.0,21900.0,686194.0,417030
2026-10-08,6300.0,6390.0,5980.0,6130.0,103312.0,222040
2026-10-08,3255.0,3535.0,3235.0,3440.0,355449.0,047310
2026-10-08,0.0,0.0,0.0,2885.0,0.0,036690
2026-10-08,1905.0,1905.0,1736.0,1779.0,2800318.0,321370
2026-10-08,3300.0,3500.0,3200.0,3285.0,110690.0,290720
2026-10-08,1104.0,1113.0,1090.0,1113.0,69917.0,027710
2026-10-08,16680.0,16680.0,16330.0,16420.0,28418.0,079960
2026-10-08,13000.0,13060.0,12510.0,12720.0,55600.0,361390
2026-10-08,2330.0,2380.0,2295.0,2340.0,130024.0,166480
2026-10-08,1722.0,2030.0,1719.0,1978.0,1878526.0,086980
2026-10-08,10770.0,10770.0,9500.0,9810.0,633949.0,0015N0
2026-10-08,6860.0,6860.0,6550.0,6580.0,191325.0,053260
2026-10-08,10470.0,11480.0,10140.0,11300.0,120392.0,473980
2026-10-08,6000.0,6110.0,5710.0,5920.0,140829.0,056090
2026-10-08,1287.0,1318.0,1265.0,1286.0,205644.0,293580
2026-10-08,8170.0,8190.0,8000.0,8090.0,7779.0,458650
2026-10-08,8720.0,8720.0,7800.0,8070.0,236450.0,211270
2026-10-08,15890.0,16180.0,14860.0,15200.0,56235.0,299030
2026-10-08,4130.0,4130.0,3930.0,3945.0,113164.0,418420
2026-10-08,3070.0,3100.0,2990.0,3015.0,151816.0,073010
2026-10-08,1866.0,1873.0,1816.0,1856.0,68417.0,095190
2026-10-08,3220.0,3325.0,3160.0,3160.0,60236.0,108230
2026-10-08,11450.0,12090.0,10740.0,11780.0,1171711.0,105740
2026-10-08,5850.0,5980.0,5700.0,5840.0,63309.0,308080
2026-10-08,9290.0,9600.0,9190.0,9190.0,33571.0,053080
2026-10-08,1631.0,1705.0,1600.0,1633.0,176125.0,297890
2026-10-08,9000.0,9050.0,8660.0,8810.0,41745.0,101170
2026-10-08,8620.0,9190.0,8560.0,9100.0,101665.0,255440
2026-10-08,5200.0,5240.0,4870.0,4945.0,588003.0,443670
2026-10-08,3015.0,3040.0,2950.0,3030.0,10306.0,336680
2026-10-08,2825.0,2900.0,2755.0,2765.0,324830.0,039560
2026-10-08,5660.0,5810.0,5470.0,5540.0,25401.0,021320
2026-10-08,8280.0,8350.0,7300.0,7760.0,1473098.0,411080
2026-10-08,8190.0,8190.0,7600.0,7660.0,52129.0,338840
2026-10-08,3985.0,4285.0,3970.0,4040.0,64445.0,067990
2026-10-08,11360.0,11500.0,10660.0,10910.0,374203.0,115440
2026-10-08,8160.0,8380.0,8080.0,8130.0,61424.0,474610
2026-10-08,6360.0,6460.0,5880.0,6100.0,198735.0,008830
2026-10-08,10200.0,10860.0,9870.0,10440.0,79666.0,331920
2026-10-08,1325.0,1340.0,1271.0,1321.0,718072.0,138360
2026-10-08,0.0,0.0,0.0,2370.0,0.0,041590
2026-10-08,11310.0,11700.0,10830.0,11450.0,20278.0,290740
2026-10-08,7080.0,7280.0,7010.0,7140.0,71495.0,396470
2026-10-08,7680.0,7690.0,7430.0,7490.0,93578.0,017510
2026-10-08,6360.0,6490.0,6210.0,6450.0,39391.0,131030
2026-10-08,3710.0,3720.0,3615.0,3685.0,57052.0,049520
2026-10-08,9010.0,9420.0,8800.0,9000.0,43846.0,311320
2026-10-08,7340.0,7340.0,6920.0,6980.0,141711.0,129920
2026-10-08,7030.0,7030.0,6350.0,6360.0,78353.0,474170
2026-10-08,3755.0,3795.0,3645.0,3680.0,113334.0,333430
2026-10-08,3320.0,3325.0,3270.0,3300.0,6018.0,063570
2026-10-08,7100.0,7110.0,7010.0,7010.0,11169.0,054050
2026-10-08,2475.0,2500.0,2420.0,2455.0,51534.0,217270
2026-10-08,2370.0,2400.0,2185.0,2270.0,571744.0,134580
2026-10-08,2535.0,2535.0,2445.0,2495.0,31882.0,122450
2026-10-08,12810.0,14210.0,12810.0,13830.0,62925.0,493330
2026-10-08,8020.0,8150.0,7760.0,7940.0,174588.0,338220
2026-10-08,6310.0,6420.0,6150.0,6230.0,58357.0,041440
2026-10-08,16850.0,16850.0,16610.0,16780.0,686.0,018120
2026-10-08,2375.0,2465.0,2310.0,2340.0,251984.0,217820
2026-10-08,6380.0,6970.0,6210.0,6730.0,387622.0,125210
2026-10-08,3965.0,4055.0,3780.0,3895.0,448382.0,209640
2026-10-08,5300.0,6310.0,5190.0,6310.0,5619620.0,278650
2026-10-08,2140.0,2185.0,2070.0,2095.0,311007.0,310200
2026-10-08,7750.0,8070.0,7750.0,7790.0,961.0,036630
2026-10-08,2010.0,2010.0,1882.0,1966.0,8427.0,038540
2026-10-08,1714.0,1796.0,1680.0,1736.0,54256.0,123040
2026-10-08,4910.0,4910.0,4815.0,4830.0,45444.0,090850
2026-10-08,4945.0,5010.0,4770.0,4920.0,66086.0,053350
2026-10-08,11670.0,11740.0,11480.0,11550.0,7252.0,051360
2026-10-08,16390.0,16390.0,15210.0,15650.0,57154.0,389020
2026-10-08,2940.0,3015.0,2855.0,2920.0,120808.0,317770
2026-10-08,2250.0,2320.0,2215.0,2265.0,58118.0,040300
2026-10-08,10000.0,10140.0,9640.0,9710.0,63761.0,051980
2026-10-08,1419.0,1451.0,1354.0,1387.0,24272.0,334970
2026-10-08,3680.0,3785.0,3550.0,3695.0,511386.0,261780
2026-10-08,3975.0,4000.0,3905.0,4000.0,72459.0,053700
2026-10-08,2400.0,2400.0,2340.0,2370.0,11651.0,339950
2026-10-08,3335.0,3380.0,3200.0,3255.0,1106139.0,201490
2026-10-08,3150.0,3170.0,3050.0,3075.0,202856.0,242040
2026-10-08,8120.0,8280.0,7950.0,8000.0,84517.0,036010
2026-10-08,9950.0,10350.0,9870.0,10000.0,9673.0,106190
2026-10-08,14800.0,14850.0,14130.0,14760.0,6667.0,120240
2026-10-08,4815.0,4840.0,4770.0,4815.0,1078.0,039340
2026-10-08,5890.0,5900.0,5770.0,5770.0,10243.0,067900
2026-10-08,6860.0,6920.0,6750.0,6810.0,23540.0,130580
2026-10-08,5430.0,5430.0,5130.0,5230.0,424502.0,079650
2026-10-08,1506.0,1532.0,1502.0,1507.0,34916.0,073560
2026-10-08,8130.0,8140.0,7850.0,7920.0,41533.0,289930
2026-10-08,13280.0,13730.0,12720.0,13100.0,9666.0,453450
2026-10-08,8680.0,8800.0,8320.0,8590.0,117432.0,153890
2026-10-08,2240.0,2305.0,2120.0,2165.0,107611.0,246710
2026-10-08,7450.0,8410.0,7350.0,8200.0,506644.0,048910
2026-10-08,1681.0,1681.0,1630.0,1670.0,80359.0,175250
2026-10-08,3775.0,3855.0,3690.0,3790.0,67836.0,059210
2026-10-08,7870.0,8060.0,7720.0,7890.0,77410.0,173130
2026-10-08,2155.0,2230.0,2110.0,2145.0,248808.0,306620
2026-10-08,3050.0,3090.0,2945.0,3000.0,95098.0,235980
2026-10-08,3415.0,3565.0,3305.0,3400.0,1142364.0,0017J0
2026-10-08,2340.0,2370.0,2315.0,2340.0,33291.0,100700
2026-10-08,2770.0,2770.0,2670.0,2765.0,131787.0,091440
2026-10-08,4580.0,4645.0,4310.0,4510.0,28200.0,366030
2026-10-08,12900.0,12900.0,11690.0,12190.0,72825.0,136150
2026-10-08,4400.0,4400.0,4255.0,4365.0,54977.0,323990
2026-10-08,6540.0,6570.0,6340.0,6500.0,15938.0,307930
2026-10-08,9780.0,9780.0,9200.0,9300.0,57738.0,475230
2026-10-08,5860.0,6040.0,5700.0,5910.0,42682.0,091120
2026-10-08,3850.0,3920.0,3760.0,3835.0,90105.0,045970
2026-10-08,5580.0,6000.0,5550.0,5900.0,53047.0,033560
2026-10-08,3615.0,3615.0,3505.0,3540.0,30501.0,006620
2026-10-08,8460.0,8740.0,7690.0,8540.0,211354.0,357580
2026-10-08,5950.0,6220.0,5790.0,5870.0,847777.0,100590
2026-10-08,2360.0,2400.0,2310.0,2365.0,352688.0,086960
2026-10-08,4330.0,4350.0,4235.0,4320.0,20527.0,309960
2026-10-08,0.0,0.0,0.0,6070.0,0.0,246720
2026-10-08,11150.0,11800.0,10980.0,11270.0,19187.0,049950
2026-10-08,4175.0,4175.0,3800.0,3855.0,16071.0,109740
2026-10-08,3500.0,4055.0,3480.0,3935.0,257725.0,192410
2026-10-08,5550.0,5580.0,5410.0,5530.0,18129.0,063170
2026-10-08,3560.0,3850.0,3520.0,3600.0,1277883.0,097800
2026-10-08,11100.0,11260.0,10500.0,10520.0,133739.0,0011A0
2026-10-08,3120.0,3195.0,3020.0,3050.0,132098.0,250060
2026-10-08,5540.0,5820.0,5470.0,5600.0,68925.0,088130
2026-10-08,3650.0,3690.0,3470.0,3640.0,25419.0,352090
2026-10-08,0.0,0.0,0.0,2205.0,0.0,066790
2026-10-08,6500.0,6750.0,6460.0,6720.0,10264.0,298540
2026-10-08,7180.0,7260.0,7060.0,7120.0,13575.0,099750
2026-10-08,3980.0,3980.0,3800.0,3810.0,250631.0,037030
2026-10-08,2040.0,2040.0,2005.0,2025.0,95582.0,021080
2026-10-08,4750.0,4890.0,4605.0,4805.0,486549.0,123010
2026-10-08,6700.0,6790.0,6410.0,6780.0,37577.0,036220
2026-10-08,7290.0,7290.0,7060.0,7110.0,49442.0,475580
2026-10-08,1608.0,1869.0,1608.0,1695.0,11911265.0,100130
2026-10-08,6500.0,7050.0,6470.0,6620.0,361773.0,412350
2026-10-08,0.0,0.0,0.0,2530.0,0.0,068240
2026-10-08,6340.0,6340.0,6080.0,6210.0,12311.0,182360
2026-10-08,1231.0,1282.0,1216.0,1259.0,778462.0,052900
2026-10-08,4475.0,4620.0,4415.0,4485.0,79434.0,322180
2026-10-08,1778.0,1818.0,1720.0,1736.0,370463.0,357880
2026-10-08,4315.0,4480.0,4275.0,4310.0,94692.0,042500
2026-10-08,1250.0,1340.0,1211.0,1287.0,643494.0,307870
2026-10-08,16060.0,18140.0,15800.0,16370.0,302957.0,109670
2026-10-08,3935.0,4060.0,3740.0,3880.0,378078.0,223250
2026-10-08,9880.0,10170.0,9580.0,9760.0,29173.0,348350
2026-10-08,3150.0,3195.0,3040.0,3085.0,48128.0,187790
2026-10-08,3730.0,4070.0,3700.0,3875.0,303372.0,085670
2026-10-08,4140.0,4205.0,3990.0,4100.0,172596.0,101330
2026-10-08,0.0,0.0,0.0,10800.0,0.0,017650
2026-10-08,5170.0,5230.0,5050.0,5140.0,25284.0,002230
2026-10-08,2860.0,2875.0,2540.0,2780.0,302576.0,246960
2026-10-08,1045.0,1052.0,1029.0,1052.0,25551.0,074430
2026-10-08,9670.0,9700.0,9310.0,9600.0,20111.0,052420
2026-10-08,4245.0,4620.0,4210.0,4505.0,114012.0,362320
2026-10-08,0.0,0.0,0.0,1380.0,0.0,205100
2026-10-08,7150.0,7150.0,6990.0,7040.0,72735.0,330350
2026-10-08,10320.0,11150.0,9600.0,9900.0,354481.0,189330
2026-10-08,7740.0,7930.0,7490.0,7650.0,13404.0,282720
2026-10-08,8770.0,8930.0,8410.0,8440.0,128477.0,032300
2026-10-08,7220.0,7220.0,6910.0,7060.0,9809.0,053580
2026-10-08,5810.0,5840.0,5780.0,5830.0,22735.0,040420
2026-10-08,10130.0,10960.0,10100.0,10420.0,161286.0,432470
2026-10-08,1850.0,1896.0,1830.0,1867.0,89649.0,109610
2026-10-08,7140.0,7240.0,7030.0,7240.0,3132.0,023900
2026-10-08,3200.0,3205.0,2940.0,3020.0,1475352.0,062970
2026-10-08,2335.0,2340.0,2275.0,2305.0,238328.0,005860
2026-10-08,8050.0,8050.0,7560.0,7710.0,27205.0,047560
2026-10-08,11810.0,13000.0,11660.0,11780.0,2765.0,044990
2026-10-08,9700.0,11650.0,9680.0,11290.0,387121.0,323350
2026-10-08,4715.0,4850.0,4700.0,4825.0,35096.0,093920
2026-10-08,1972.0,2470.0,1972.0,2270.0,1023092.0,089230
2026-10-08,3355.0,3470.0,3255.0,3460.0,51868.0,478560
2026-10-08,7870.0,7980.0,7290.0,7320.0,116397.0,380550
2026-10-08,9920.0,10450.0,9800.0,10260.0,33372.0,251120
2026-10-08,4035.0,5090.0,4015.0,4460.0,793180.0,147760
2026-10-08,14050.0,14050.0,13710.0,14000.0,265.0,009300
2026-10-08,2860.0,2930.0,2755.0,2885.0,97571.0,048530
2026-10-08,7070.0,7070.0,6670.0,6850.0,114992.0,054540
2026-10-08,2325.0,2325.0,2275.0,2280.0,54945.0,013310
2026-10-08,4060.0,4465.0,3670.0,3675.0,8812093.0,142280
2026-10-08,3750.0,3825.0,3560.0,3725.0,270657.0,234030
2026-10-08,1532.0,1577.0,1530.0,1561.0,60213.0,033290
2026-10-08,1938.0,1938.0,1865.0,1898.0,11892.0,900260
2026-10-08,2085.0,2195.0,2065.0,2115.0,16086.0,357230
2026-10-08,995.0,995.0,863.0,903.0,2407375.0,048550
2026-10-08,9480.0,9640.0,9420.0,9500.0,16778.0,004650
2026-10-08,2945.0,2990.0,2915.0,2960.0,298267.0,065450
2026-10-08,4200.0,4345.0,4145.0,4215.0,43188.0,226400
2026-10-08,13520.0,14950.0,12650.0,13070.0,769108.0,117670
2026-10-08,4660.0,4760.0,4630.0,4760.0,17850.0,330730
2026-10-08,7060.0,7190.0,6930.0,7100.0,10371.0,086710
2026-10-08,8530.0,8580.0,7760.0,7870.0,145234.0,394420
2026-10-08,8500.0,8500.0,8420.0,8450.0,3710.0,096240
2026-10-08,2475.0,2735.0,2460.0,2550.0,51583.0,037760
2026-10-08,10990.0,11300.0,10500.0,10690.0,278420.0,457370
2026-10-08,5880.0,6070.0,5700.0,5840.0,149873.0,052460
2026-10-08,2275.0,2275.0,2195.0,2205.0,130244.0,066590
2026-10-08,2740.0,2780.0,2630.0,2665.0,770260.0,303810
2026-10-08,9210.0,9210.0,9140.0,9200.0,7808.0,072020
2026-10-08,3085.0,3140.0,3080.0,3130.0,18610.0,234300
2026-10-08,7740.0,8000.0,7600.0,7630.0,24774.0,078140
2026-10-08,2280.0,2310.0,2205.0,2275.0,17757.0,066700
2026-10-08,10350.0,10510.0,10020.0,10280.0,13205.0,360070
2026-10-08,1413.0,1417.0,1351.0,1382.0,561780.0,198440
2026-10-08,2015.0,2055.0,1999.0,2045.0,85761.0,038110
2026-10-08,1596.0,1599.0,1550.0,1584.0,47636.0,094860
2026-10-08,2730.0,2870.0,2670.0,2755.0,77827.0,291650
2026-10-08,0.0,0.0,0.0,1009.0,0.0,049180
2026-10-08,5740.0,5950.0,5520.0,5640.0,375729.0,006140
2026-10-08,0.0,0.0,0.0,990.0,0.0,183490
2026-10-08,4160.0,4200.0,4050.0,4100.0,41197.0,215100
2026-10-08,0.0,0.0,0.0,562.0,0.0,058820
2026-10-08,6950.0,7090.0,6700.0,6790.0,9845.0,263720
2026-10-08,5070.0,5110.0,5040.0,5080.0,46985.0,036640
2026-10-08,2225.0,2305.0,2165.0,2245.0,21683.0,140070
2026-10-08,4500.0,4665.0,4420.0,4490.0,37718.0,078890
2026-10-08,10000.0,10000.0,9820.0,9830.0,21460.0,025950
2026-10-08,1196.0,1203.0,1165.0,1180.0,233186.0,067000
2026-10-08,6520.0,6660.0,6280.0,6350.0,52519.0,388870
2026-10-08,3100.0,3400.0,2230.0,2425.0,4197246.0,439580
2026-10-08,2045.0,2045.0,1964.0,1975.0,204825.0,162300
2026-10-08,3075.0,3170.0,3065.0,3090.0,100305.0,294630
2026-10-08,1587.0,1587.0,1514.0,1522.0,246230.0,066980
2026-10-08,2625.0,2745.0,2530.0,2700.0,71841.0,302550
2026-10-08,1879.0,1903.0,1854.0,1889.0,54245.0,185490
2026-10-08,3115.0,3265.0,2960.0,3035.0,46567.0,104040
2026-10-08,1378.0,1395.0,1340.0,1360.0,51242.0,029480
2026-10-08,0.0,0.0,0.0,3935.0,0.0,412540
2026-10-08,5570.0,5740.0,5400.0,5640.0,4190.0,054670
2026-10-08,5270.0,5540.0,5245.0,5300.0,39695.0,382840
2026-10-08,1365.0,1774.0,1281.0,1774.0,6719226.0,046210
2026-10-08,3960.0,4070.0,3875.0,4070.0,104969.0,277880
2026-10-08,1513.0,1520.0,1470.0,1516.0,46859.0,131370
2026-10-08,14750.0,14940.0,13590.0,14260.0,20304.0,107600
2026-10-08,3765.0,4740.0,3735.0,3855.0,20540.0,032540
2026-10-08,8340.0,8340.0,7880.0,8150.0,26016.0,0015S0
2026-10-08,5880.0,6190.0,5770.0,5970.0,189871.0,104540
2026-10-08,2175.0,2780.0,2155.0,2450.0,4664174.0,187420
2026-10-08,2220.0,2220.0,2005.0,2160.0,35684.0,331380
2026-10-08,12450.0,12510.0,11810.0,12080.0,7024.0,063080
2026-10-08,9280.0,9410.0,9210.0,9300.0,14331.0,418470
2026-10-08,3675.0,3800.0,3595.0,3695.0,68510.0,079810
2026-10-08,1656.0,1664.0,1550.0,1585.0,427289.0,365330
2026-10-08,2345.0,2345.0,2220.0,2260.0,87638.0,950130
2026-10-08,2110.0,2190.0,2050.0,2185.0,35144.0,225530
2026-10-08,3570.0,3770.0,3480.0,3560.0,54186.0,137950
2026-10-08,5980.0,5980.0,5830.0,5980.0,3852.0,058400
2026-10-08,4390.0,4485.0,4300.0,4430.0,108069.0,475430
2026-10-08,8080.0,8210.0,7700.0,7850.0,290926.0,014950
2026-10-08,5380.0,5380.0,5240.0,5260.0,20355.0,004590
2026-10-08,5570.0,5620.0,5500.0,5560.0,35392.0,0117P0
2026-10-08,2005.0,2035.0,1990.0,2010.0,197377.0,066430
2026-10-08,5960.0,6070.0,5780.0,5910.0,44866.0,041910
2026-10-08,5100.0,5360.0,4805.0,4920.0,427251.0,263600
2026-10-08,7250.0,7250.0,7010.0,7190.0,20497.0,065510
2026-10-08,6530.0,6600.0,6470.0,6520.0,18632.0,012790
2026-10-08,6980.0,7050.0,6860.0,7030.0,12331.0,084730
2026-10-08,3895.0,4005.0,3800.0,3920.0,93578.0,038680
2026-10-08,6070.0,6220.0,5820.0,5950.0,45397.0,381620
2026-10-08,12300.0,12510.0,12250.0,12510.0,15500.0,000440
2026-10-08,5550.0,5630.0,5320.0,5450.0,28948.0,389140
2026-10-08,3350.0,3350.0,2985.0,3180.0,19933.0,047820
2026-10-08,3465.0,3510.0,3310.0,3325.0,75447.0,007820
2026-10-08,2070.0,2080.0,1890.0,1960.0,267810.0,389030
2026-10-08,8350.0,8350.0,8070.0,8220.0,2332.0,088390
2026-10-08,8560.0,8570.0,8260.0,8310.0,54040.0,066310
2026-10-08,7810.0,8200.0,7670.0,7850.0,92535.0,302430
2026-10-08,9400.0,9430.0,8850.0,9050.0,151735.0,049080
2026-10-08,3850.0,3910.0,3790.0,3850.0,30014.0,024880
2026-10-08,3995.0,4270.0,3940.0,3960.0,40759.0,011320
2026-10-08,4475.0,4800.0,4385.0,4445.0,22497.0,149980
2026-10-08,4940.0,5020.0,4850.0,4975.0,13797.0,170030
2026-10-08,2900.0,3070.0,2875.0,2935.0,4998.0,012700
2026-10-08,2275.0,2335.0,2265.0,2330.0,110113.0,208140
2026-10-08,5960.0,6160.0,5350.0,5910.0,28150.0,303360
2026-10-08,0.0,0.0,0.0,654.0,0.0,073640
2026-10-08,4740.0,4750.0,4450.0,4545.0,427187.0,253840
2026-10-08,3780.0,3825.0,3700.0,3770.0,15255.0,011370
2026-10-08,6680.0,6820.0,6600.0,6730.0,16386.0,413390
2026-10-08,2390.0,2390.0,2215.0,2390.0,12608.0,168330
2026-10-08,2340.0,2390.0,2290.0,2305.0,157826.0,396270
2026-10-08,1961.0,2075.0,1941.0,1950.0,20350.0,124560
2026-10-08,2915.0,2915.0,2815.0,2915.0,21434.0,102370
2026-10-08,4250.0,4495.0,4095.0,4150.0,7389.0,040910
2026-10-08,9170.0,9990.0,9010.0,9560.0,67483.0,451220
2026-10-08,5000.0,5000.0,4910.0,4950.0,10803.0,041930
2026-10-08,6980.0,7180.0,6810.0,7170.0,8347.0,417790
2026-10-08,2590.0,2635.0,2455.0,2530.0,676668.0,299660
2026-10-08,6150.0,6780.0,6000.0,6280.0,4670.0,040160
2026-10-08,7000.0,7490.0,6980.0,7230.0,388338.0,089790
2026-10-08,5890.0,6090.0,5510.0,5720.0,62889.0,010280
2026-10-08,7450.0,7770.0,7260.0,7280.0,3511.0,451250
2026-10-08,909.0,947.0,895.0,920.0,189940.0,019550
2026-10-08,4395.0,4395.0,4275.0,4345.0,8870.0,347890
2026-10-08,3950.0,4005.0,3915.0,3930.0,12978.0,058630
2026-10-08,4500.0,4900.0,4480.0,4610.0,71401.0,030960
2026-10-08,3735.0,4000.0,3710.0,3875.0,120400.0,155650
2026-10-08,9800.0,9800.0,9290.0,9340.0,68296.0,0007J0
2026-10-08,5050.0,5780.0,5050.0,5530.0,2896.0,332370
2026-10-08,4710.0,4710.0,4515.0,4520.0,89617.0,263800
2026-10-08,3040.0,3070.0,3000.0,3030.0,61559.0,060590
2026-10-08,3575.0,3665.0,3545.0,3640.0,35166.0,020710
2026-10-08,5010.0,5010.0,4680.0,4915.0,3561.0,060570
2026-10-08,4005.0,4080.0,3915.0,3960.0,15082.0,054620
2026-10-08,4015.0,4200.0,3975.0,4165.0,27980.0,090470
2026-10-08,3470.0,3470.0,3030.0,3085.0,518011.0,371950
2026-10-08,2870.0,2895.0,2810.0,2870.0,95008.0,038460
2026-10-08,2040.0,2040.0,2000.0,2020.0,19937.0,171120
2026-10-08,6760.0,7230.0,6420.0,6770.0,142306.0,137080
2026-10-08,10210.0,10280.0,9970.0,10170.0,24919.0,377480
2026-10-08,0.0,0.0,0.0,5310.0,0.0,234920
2026-10-08,7300.0,7350.0,7260.0,7300.0,886.0,080010
2026-10-08,7480.0,7560.0,7300.0,7380.0,56141.0,212710
2026-10-08,8660.0,8980.0,8520.0,8680.0,6808.0,045660
2026-10-08,900.0,981.0,894.0,931.0,118051.0,083790
2026-10-08,4660.0,4675.0,4615.0,4635.0,6946.0,017480
2026-10-08,2855.0,2890.0,2820.0,2885.0,44455.0,128660
2026-10-08,1700.0,1784.0,1600.0,1696.0,211324.0,347860
2026-10-08,2715.0,2715.0,2515.0,2600.0,371351.0,067170
2026-10-08,3060.0,3060.0,2755.0,2890.0,506955.0,205470
2026-10-08,6570.0,6600.0,5990.0,6430.0,49359.0,900110
2026-10-08,2795.0,2870.0,2795.0,2840.0,13496.0,053280
2026-10-08,5060.0,5240.0,4900.0,4930.0,51504.0,039980
2026-10-08,2150.0,2195.0,2105.0,2155.0,69412.0,024740
2026-10-08,11110.0,11240.0,10800.0,11070.0,7098.0,417970
2026-10-08,6750.0,6810.0,6620.0,6700.0,5862.0,104460
2026-10-08,2830.0,2935.0,2775.0,2825.0,11601.0,294140
2026-10-08,4370.0,4520.0,4340.0,4500.0,79387.0,228670
2026-10-08,2975.0,3000.0,2920.0,3000.0,3030.0,110790
2026-10-08,1000.0,1010.0,971.0,990.0,136360.0,092040
2026-10-08,2230.0,2310.0,2155.0,2245.0,310076.0,179530
2026-10-08,1680.0,1680.0,1643.0,1655.0,11119.0,067570
2026-10-08,7990.0,8350.0,7750.0,8070.0,42840.0,039010
2026-10-08,1900.0,1918.0,1850.0,1887.0,90612.0,096350
2026-10-08,4450.0,4450.0,4320.0,4320.0,35285.0,054040
2026-10-08,1478.0,1480.0,1427.0,1451.0,286510.0,065530
2026-10-08,10150.0,10180.0,9850.0,10020.0,69666.0,320000
2026-10-08,1856.0,1875.0,1820.0,1821.0,82021.0,347000
2026-10-08,7350.0,7580.0,7350.0,7540.0,743.0,109860
2026-10-08,4605.0,4605.0,4470.0,4515.0,52569.0,002800
2026-10-08,3045.0,3070.0,2925.0,2955.0,107396.0,217330
2026-10-08,3925.0,3975.0,3810.0,3890.0,31418.0,026150
2026-10-08,2745.0,2755.0,2680.0,2710.0,210116.0,487580
2026-10-08,5030.0,5130.0,4965.0,5050.0,21503.0,019540
2026-10-08,8060.0,8330.0,8010.0,8170.0,1693.0,024830
2026-10-08,2655.0,2675.0,2575.0,2640.0,140931.0,208370
2026-10-08,3460.0,3590.0,3370.0,3455.0,11433.0,049550
2026-10-08,2355.0,2360.0,2315.0,2330.0,45666.0,337930
2026-10-08,1150.0,1158.0,1100.0,1109.0,585235.0,076610
2026-10-08,5530.0,5570.0,5400.0,5530.0,2213.0,067370
2026-10-08,6220.0,6270.0,5990.0,6130.0,121692.0,067920
2026-10-08,4160.0,4280.0,4160.0,4235.0,13994.0,004780
2026-10-08,5160.0,5160.0,4985.0,5000.0,28394.0,460940
2026-10-08,7640.0,7640.0,7340.0,7540.0,8795.0,214260
2026-10-08,6550.0,6650.0,6390.0,6450.0,111212.0,039610
2026-10-08,5820.0,5850.0,5780.0,5810.0,10955.0,048430
2026-10-08,4500.0,4670.0,4400.0,4560.0,12973.0,153710
2026-10-08,4450.0,4800.0,4450.0,4650.0,32213.0,095270
2026-10-08,12550.0,12810.0,12190.0,12660.0,7202.0,0218L0
2026-10-08,5620.0,5690.0,5500.0,5650.0,13152.0,096250
2026-10-08,6200.0,6250.0,6030.0,6060.0,79929.0,0004V0
2026-10-08,6300.0,6430.0,6280.0,6410.0,9617.0,123420
2026-10-08,1625.0,1997.0,1625.0,1733.0,20688161.0,122350
2026-10-08,2355.0,2440.0,2255.0,2380.0,487752.0,065170
2026-10-08,6550.0,6780.0,6490.0,6640.0,79675.0,241790
2026-10-08,6240.0,6310.0,6150.0,6210.0,12328.0,265560
2026-10-08,3405.0,3405.0,3170.0,3320.0,38019.0,040350
2026-10-08,6950.0,6960.0,6620.0,6760.0,24315.0,331740
2026-10-08,4140.0,4375.0,4050.0,4240.0,25208.0,204840
2026-10-08,2735.0,2795.0,2630.0,2735.0,25334.0,291230
2026-10-08,3130.0,3205.0,3125.0,3185.0,27150.0,111710
2026-10-08,7180.0,7290.0,7040.0,7240.0,3920.0,061040
2026-10-08,3980.0,4310.0,3870.0,4190.0,190257.0,321820
2026-10-08,12100.0,12250.0,11620.0,11990.0,13531.0,360350
2026-10-08,5820.0,5990.0,5740.0,5940.0,37381.0,273640
2026-10-08,5950.0,5980.0,5770.0,5900.0,59026.0,456070
2026-10-08,4440.0,4440.0,4285.0,4310.0,16059.0,262260
2026-10-08,11390.0,11440.0,10930.0,11060.0,47885.0,282620
2026-10-08,1176.0,1256.0,1170.0,1221.0,183162.0,060310
2026-10-08,2880.0,2910.0,2690.0,2810.0,33555.0,036000
2026-10-08,3960.0,4015.0,3845.0,3870.0,64982.0,032850
2026-10-08,1915.0,1996.0,1850.0,1879.0,234134.0,950220
2026-10-08,3775.0,4040.0,3695.0,3850.0,24454.0,214680
2026-10-08,4405.0,4450.0,4280.0,4330.0,12678.0,014970
2026-10-08,3985.0,4020.0,3865.0,3890.0,7953.0,424960
2026-10-08,1616.0,1645.0,1593.0,1629.0,49128.0,382480
2026-10-08,1816.0,1845.0,1816.0,1831.0,38671.0,082210
2026-10-08,5670.0,5700.0,5420.0,5450.0,94044.0,091590
2026-10-08,6960.0,6960.0,6600.0,6790.0,13870.0,318160
2026-10-08,3980.0,4650.0,3870.0,3995.0,22290.0,251630
2026-10-08,1690.0,1737.0,1690.0,1712.0,43954.0,033130
2026-10-08,2785.0,2840.0,2650.0,2740.0,71533.0,126880
2026-10-08,8290.0,8290.0,8060.0,8140.0,31387.0,0156T0
2026-10-08,4735.0,4735.0,4555.0,4680.0,592.0,222110
2026-10-08,3220.0,3240.0,3070.0,3160.0,131863.0,228340
2026-10-08,9280.0,9620.0,8680.0,8880.0,126562.0,192250
2026-10-08,4350.0,4350.0,4165.0,4260.0,6678.0,089850
2026-10-08,1406.0,1434.0,1378.0,1422.0,129423.0,127710
2026-10-08,0.0,0.0,0.0,2215.0,0.0,001840
2026-10-08,3090.0,3140.0,3015.0,3115.0,68910.0,460870
2026-10-08,2610.0,2610.0,2530.0,2550.0,10158.0,241690
2026-10-08,0.0,0.0,0.0,1490.0,0.0,294090
2026-10-08,2605.0,2605.0,2530.0,2565.0,221575.0,081150
2026-10-08,1998.0,2020.0,1966.0,1977.0,201180.0,049480
2026-10-08,4010.0,4200.0,3930.0,3950.0,115343.0,048770
2026-10-08,3535.0,3535.0,3440.0,3470.0,11403.0,043650
2026-10-08,3260.0,3310.0,3260.0,3310.0,17526.0,066670
2026-10-08,5270.0,5270.0,5110.0,5150.0,9159.0,008370
2026-10-08,6200.0,6200.0,6110.0,6170.0,7510.0,005670
2026-10-08,18220.0,18850.0,18170.0,18750.0,9997.0,100030
2026-10-08,5090.0,5140.0,5000.0,5120.0,4709.0,010470
2026-10-08,0.0,0.0,0.0,1055.0,0.0,043610
2026-10-08,2185.0,2225.0,1950.0,2080.0,133628.0,315640
2026-10-08,5730.0,6480.0,5730.0,6380.0,262298.0,355690
2026-10-08,5010.0,5280.0,4985.0,5000.0,15419.0,216050
2026-10-08,3365.0,3375.0,3280.0,3305.0,28958.0,041460
2026-10-08,0.0,0.0,0.0,3380.0,0.0,203400
2026-10-08,1474.0,1507.0,1452.0,1465.0,706252.0,299170
2026-10-08,6460.0,6550.0,6160.0,6190.0,88706.0,056360
2026-10-08,5840.0,6070.0,5800.0,5900.0,53634.0,261520
2026-10-08,1394.0,1450.0,1310.0,1340.0,25578.0,214270
2026-10-08,4655.0,4660.0,4245.0,4300.0,179103.0,225190
2026-10-08,1710.0,1735.0,1652.0,1708.0,88592.0,003310
2026-10-08,5180.0,5190.0,5140.0,5150.0,3766.0,010240
2026-10-08,2520.0,2650.0,2500.0,2560.0,25430.0,049470
2026-10-08,6550.0,6660.0,6440.0,6570.0,11123.0,215360
2026-10-08,1699.0,1780.0,1651.0,1728.0,30197.0,064240
2026-10-08,11950.0,12070.0,11730.0,11900.0,2044.0,016250
2026-10-08,5230.0,5300.0,5230.0,5290.0,5822.0,263690
2026-10-08,2645.0,2650.0,2585.0,2600.0,13348.0,039420
2026-10-08,9940.0,10460.0,9910.0,10070.0,32880.0,424980
2026-10-08,11400.0,11400.0,10800.0,11270.0,16801.0,448710
2026-10-08,4845.0,4845.0,4610.0,4705.0,11773.0,352910
2026-10-08,11390.0,11630.0,10690.0,10790.0,136912.0,0155E0
2026-10-08,9000.0,9000.0,8750.0,8760.0,1206.0,050960
2026-10-08,6670.0,6930.0,6600.0,6870.0,44190.0,053620
2026-10-08,1417.0,1420.0,1371.0,1388.0,132143.0,036090
2026-10-08,2420.0,2420.0,2320.0,2365.0,8529.0,175140
2026-10-08,3825.0,3825.0,3605.0,3615.0,28852.0,221800
2026-10-08,2345.0,2390.0,2290.0,2310.0,42357.0,025550
2026-10-08,3135.0,3135.0,3080.0,3080.0,13478.0,033320
2026-10-08,3400.0,3695.0,3220.0,3415.0,281348.0,033170
2026-10-08,999.0,1031.0,949.0,997.0,261504.0,054300
2026-10-08,6100.0,6120.0,5600.0,5690.0,141630.0,487400
2026-10-08,6640.0,6670.0,6410.0,6490.0,43321.0,463020
2026-10-08,2630.0,2630.0,2570.0,2580.0,81620.0,039020
2026-10-08,1891.0,1962.0,1881.0,1940.0,142701.0,053050
2026-10-08,0.0,0.0,0.0,1284.0,0.0,099520
2026-10-08,2630.0,2690.0,2520.0,2605.0,281695.0,483350
2026-10-08,3240.0,3500.0,3050.0,3310.0,62406.0,317530
2026-10-08,7100.0,7210.0,6900.0,7140.0,1245.0,191420
2026-10-08,6830.0,6830.0,6610.0,6750.0,23759.0,045340
2026-10-08,4175.0,4175.0,4050.0,4100.0,11948.0,094850
2026-10-08,3015.0,3310.0,3005.0,3310.0,7779.0,043710
2026-10-08,5240.0,5260.0,5070.0,5200.0,24697.0,333620
2026-10-08,5280.0,5300.0,5050.0,5120.0,30767.0,059270
2026-10-08,3000.0,3025.0,2895.0,2970.0,54442.0,950200
2026-10-08,5330.0,5500.0,5270.0,5270.0,7403.0,443250
2026-10-08,3995.0,4020.0,3950.0,4020.0,8081.0,007370
2026-10-08,2825.0,2975.0,2810.0,2920.0,15662.0,348150
2026-10-08,3160.0,3340.0,3100.0,3275.0,82995.0,088280
2026-10-08,1420.0,1431.0,1395.0,1410.0,47451.0,033310
2026-10-08,1084.0,1084.0,1049.0,1049.0,36204.0,014470
2026-10-08,4055.0,4090.0,4000.0,4030.0,52840.0,037440
2026-10-08,2960.0,2960.0,2660.0,2720.0,83288.0,900300
2026-10-08,4130.0,4190.0,4045.0,4140.0,4605.0,459100
2026-10-08,0.0,0.0,0.0,806.0,0.0,340930
2026-10-08,9950.0,9950.0,9400.0,9490.0,31080.0,420570
2026-10-08,6930.0,8390.0,6100.0,6580.0,3098410.0,226340
2026-10-08,4990.0,4990.0,4740.0,4790.0,24397.0,464490
2026-10-08,2710.0,2790.0,2690.0,2735.0,54794.0,092300
2026-10-08,1129.0,1130.0,1082.0,1090.0,197937.0,033230
2026-10-08,3200.0,3310.0,3160.0,3225.0,9561.0,040610
2026-10-08,8570.0,8700.0,8260.0,8560.0,23052.0,170790
2026-10-08,0.0,0.0,0.0,499.0,0.0,217480
2026-10-08,6440.0,6510.0,6390.0,6500.0,3980.0,061250
2026-10-08,2225.0,2225.0,2060.0,2135.0,21067.0,064800
2026-10-08,7070.0,7190.0,6930.0,7160.0,1410.0,435570
2026-10-08,5620.0,5810.0,5430.0,5450.0,127875.0,0013V0
2026-10-08,4955.0,5120.0,4850.0,4970.0,29387.0,419080
2026-10-08,5120.0,5340.0,5120.0,5290.0,47781.0,105760
2026-10-08,5070.0,5090.0,4970.0,5000.0,14266.0,036670
2026-10-08,1475.0,1514.0,1475.0,1502.0,44388.0,024910
2026-10-08,3205.0,3445.0,3175.0,3180.0,132025.0,145170
2026-10-08,6550.0,6580.0,6000.0,6090.0,161941.0,081180
2026-10-08,7460.0,7650.0,7200.0,7240.0,16819.0,288180
2026-10-08,3760.0,3920.0,3590.0,3835.0,172927.0,340810
2026-10-08,3660.0,3660.0,3360.0,3405.0,327934.0,393210
2026-10-08,1299.0,1300.0,1220.0,1241.0,492583.0,290660
2026-10-08,4880.0,4880.0,4660.0,4690.0,2518.0,900120
2026-10-08,5500.0,5540.0,5270.0,5310.0,16422.0,071670
2026-10-08,1978.0,2015.0,1872.0,1936.0,43757.0,053270
2026-10-08,2500.0,2625.0,2325.0,2460.0,286313.0,179900
2026-10-08,6300.0,6400.0,6090.0,6200.0,16340.0,370090
2026-10-08,4160.0,4200.0,3800.0,3865.0,85914.0,457600
2026-10-08,1736.0,1918.0,1680.0,1737.0,14845.0,238090
2026-10-08,17660.0,17690.0,17260.0,17650.0,2984.0,054930
2026-10-08,8660.0,9030.0,8370.0,8800.0,9157.0,053160
2026-10-08,4885.0,5080.0,4725.0,4900.0,19232.0,317830
2026-10-08,1519.0,1530.0,1464.0,1497.0,188075.0,036120
2026-10-08,9800.0,9870.0,9320.0,9330.0,17998.0,109080
2026-10-08,5610.0,5610.0,5290.0,5350.0,87852.0,019990
2026-10-08,1963.0,1969.0,1930.0,1933.0,13879.0,039240
2026-10-08,1245.0,1245.0,1204.0,1223.0,54227.0,391710
2026-10-08,1294.0,1313.0,1273.0,1300.0,20934.0,027050
2026-10-08,3140.0,3140.0,3070.0,3085.0,40755.0,104620
2026-10-08,3880.0,3950.0,3805.0,3950.0,9177.0,311690
2026-10-08,2955.0,2955.0,2860.0,2940.0,5289.0,015710
2026-10-08,3890.0,3890.0,3515.0,3765.0,56383.0,163280
2026-10-08,4160.0,4215.0,4045.0,4130.0,3800.0,024950
2026-10-08,4360.0,4415.0,4250.0,4415.0,3440.0,256630
2026-10-08,1858.0,2250.0,1850.0,2040.0,649886.0,373200
2026-10-08,6195.0,6195.0,5990.0,6100.0,26565.0,094940
2026-10-08,1072.0,1074.0,1029.0,1055.0,229117.0,042110
2026-10-08,2720.0,3230.0,2715.0,2810.0,1687900.0,046940
2026-10-08,5890.0,5910.0,5700.0,5860.0,13330.0,314140
2026-10-08,0.0,0.0,0.0,2825.0,0.0,393970
2026-10-08,6000.0,6050.0,5870.0,6050.0,45852.0,317850
2026-10-08,1953.0,1973.0,1935.0,1956.0,84308.0,088910
2026-10-08,4695.0,4810.0,4515.0,4580.0,48241.0,052790
2026-10-08,1699.0,1699.0,1652.0,1667.0,22479.0,347740
2026-10-08,1047.0,1274.0,1030.0,1119.0,1456642.0,143540
2026-10-08,3050.0,3160.0,2995.0,3110.0,53404.0,065130
2026-10-08,4105.0,4140.0,3940.0,4000.0,13214.0,463480
2026-10-08,4945.0,5970.0,4945.0,5220.0,303999.0,196300
2026-10-08,3355.0,3390.0,3265.0,3390.0,3864.0,122310
2026-10-08,2125.0,2125.0,2045.0,2070.0,28209.0,246690
2026-10-08,1084.0,1098.0,1076.0,1086.0,61533.0,063440
2026-10-08,5390.0,5430.0,5200.0,5400.0,13398.0,452400
2026-10-08,2840.0,2840.0,2710.0,2765.0,2366.0,376290
2026-10-08,5460.0,5600.0,5390.0,5420.0,3169.0,038010
2026-10-08,1230.0,1230.0,1165.0,1177.0,34243.0,219550
2026-10-08,1934.0,1934.0,1875.0,1917.0,8215.0,060560
2026-10-08,5320.0,5570.0,5250.0,5500.0,7774.0,317870
2026-10-08,2770.0,2770.0,2690.0,2720.0,36186.0,044340
2026-10-08,5210.0,5640.0,5180.0,5590.0,19596.0,042040
2026-10-08,8000.0,8200.0,7620.0,8120.0,64178.0,131400
2026-10-08,3280.0,3325.0,3200.0,3270.0,24492.0,053450
2026-10-08,1571.0,1574.0,1500.0,1520.0,139742.0,217500
2026-10-08,1717.0,1738.0,1695.0,1715.0,55398.0,321260
2026-10-08,3880.0,3880.0,3655.0,3760.0,37498.0,348080
2026-10-08,4225.0,4340.0,4040.0,4120.0,160425.0,150900
2026-10-08,5200.0,5410.0,5140.0,5410.0,4817.0,073110
2026-10-08,4580.0,4690.0,4495.0,4525.0,32422.0,408470
2026-10-08,2440.0,2440.0,2270.0,2375.0,33856.0,317690
2026-10-08,5010.0,5160.0,4860.0,4920.0,83405.0,189860
2026-10-08,0.0,0.0,0.0,6550.0,0.0,418250
2026-10-08,3745.0,3795.0,3640.0,3650.0,16269.0,382150
2026-10-08,2035.0,2035.0,1882.0,1888.0,481914.0,459550
2026-10-08,2470.0,2470.0,2355.0,2380.0,502090.0,114450
2026-10-08,6490.0,6780.0,6490.0,6670.0,14787.0,479960
2026-10-08,3030.0,3055.0,2800.0,2870.0,162396.0,232830
2026-10-08,4050.0,4235.0,4040.0,4195.0,2519.0,471820
2026-10-08,2845.0,2845.0,2570.0,2695.0,60334.0,032960
2026-10-08,1386.0,1387.0,1305.0,1329.0,55094.0,900340
2026-10-08,3600.0,3600.0,3360.0,3435.0,1167.0,277070
2026-10-08,0.0,0.0,0.0,521.0,0.0,023440
2026-10-08,1712.0,1713.0,1687.0,1706.0,29974.0,440290
2026-10-08,3730.0,3735.0,3460.0,3485.0,287305.0,365660
2026-10-08,4165.0,4950.0,4155.0,4675.0,516284.0,200350
2026-10-08,3190.0,3400.0,3090.0,3135.0,37401.0,199550
2026-10-08,6870.0,6870.0,6450.0,6570.0,22427.0,059100
2026-10-08,8810.0,9120.0,8790.0,9080.0,3158.0,0010V0
2026-10-08,2440.0,2490.0,2400.0,2440.0,14001.0,053980
2026-10-08,4610.0,4845.0,4515.0,4770.0,41024.0,082850
2026-10-08,2755.0,2770.0,2725.0,2760.0,72053.0,094970
2026-10-08,2620.0,2630.0,2540.0,2575.0,31470.0,384470
2026-10-08,850.0,860.0,793.0,859.0,303664.0,340360
2026-10-08,1615.0,1646.0,1569.0,1602.0,15199.0,361570
2026-10-08,1155.0,1160.0,1139.0,1147.0,35218.0,189980
2026-10-08,2385.0,2410.0,2310.0,2380.0,15386.0,260930
2026-10-08,3180.0,3235.0,3085.0,3170.0,29559.0,072990
2026-10-08,0.0,0.0,0.0,1957.0,0.0,229000
2026-10-08,3110.0,3145.0,2950.0,3020.0,26457.0,460470
2026-10-08,1265.0,1325.0,1218.0,1319.0,109143.0,227950
2026-10-08,967.0,967.0,908.0,939.0,150286.0,222420
2026-10-08,7130.0,7130.0,6980.0,7050.0,7861.0,453860
2026-10-08,4000.0,4050.0,3955.0,3980.0,623.0,051390
2026-10-08,7320.0,7400.0,6760.0,6860.0,20525.0,476040
2026-10-08,1040.0,1040.0,1012.0,1021.0,34522.0,068330
2026-10-08,2095.0,2100.0,2065.0,2090.0,14294.0,198080
2026-10-08,3500.0,3520.0,3465.0,3515.0,3234.0,066130
2026-10-08,3450.0,3450.0,3255.0,3315.0,1119.0,050120
2026-10-08,2355.0,2435.0,2350.0,2400.0,65143.0,178780
2026-10-08,1297.0,1297.0,1244.0,1263.0,34421.0,014190
2026-10-08,0.0,0.0,0.0,460.0,0.0,033340
2026-10-08,3335.0,3380.0,3275.0,3280.0,512.0,373160
2026-10-08,2245.0,2245.0,2180.0,2220.0,36006.0,159580
2026-10-08,3285.0,3332.0,3125.0,3275.0,40943.0,083550
2026-10-08,2685.0,2765.0,2595.0,2615.0,18057.0,037950
2026-10-08,0.0,0.0,0.0,416.0,0.0,288330
2026-10-08,1533.0,1650.0,1521.0,1610.0,53667.0,189690
2026-10-08,1246.0,1247.0,1215.0,1222.0,35919.0,900250
2026-10-08,2365.0,2370.0,2240.0,2315.0,4048.0,072470
2026-10-08,944.0,970.0,944.0,960.0,55935.0,129890
2026-10-08,8890.0,8890.0,8520.0,8620.0,14088.0,466410
2026-10-08,5940.0,6050.0,5840.0,6050.0,4036.0,307280
2026-10-08,3095.0,3120.0,3055.0,3100.0,26974.0,263020
2026-10-08,5500.0,5690.0,5320.0,5450.0,8594.0,290670
2026-10-08,2175.0,2250.0,2080.0,2170.0,191746.0,054780
2026-10-08,4165.0,4320.0,4030.0,4180.0,17440.0,199480
2026-10-08,1184.0,1238.0,1000.0,1168.0,30282.0,258610
2026-10-08,4905.0,5100.0,4905.0,4945.0,22363.0,086060
2026-10-08,1603.0,1611.0,1530.0,1559.0,287033.0,065440
2026-10-08,802.0,825.0,801.0,817.0,5121.0,022220
2026-10-08,5000.0,5040.0,4985.0,5030.0,534.0,256150
2026-10-08,2010.0,2020.0,1960.0,1999.0,25569.0,140520
2026-10-08,5870.0,5890.0,5700.0,5850.0,3970.0,413640
2026-10-08,2660.0,2680.0,2575.0,2620.0,12714.0,261200
2026-10-08,6500.0,6500.0,6360.0,6480.0,2860.0,190650
2026-10-08,2170.0,2255.0,2090.0,2125.0,37329.0,263700
2026-10-08,2575.0,2600.0,2540.0,2590.0,21223.0,263810
2026-10-08,3275.0,3350.0,3260.0,3325.0,4902.0,002290
2026-10-08,2760.0,2850.0,2700.0,2775.0,60004.0,084650
2026-10-08,3000.0,3000.0,2840.0,2870.0,12275.0,461030
2026-10-08,1411.0,1493.0,1401.0,1411.0,24341.0,056700
2026-10-08,3220.0,3295.0,3100.0,3255.0,16757.0,100660
2026-10-08,1681.0,1696.0,1587.0,1679.0,49778.0,452200
2026-10-08,1231.0,1479.0,1228.0,1295.0,122057.0,045510
2026-10-08,1770.0,1809.0,1720.0,1790.0,2985.0,066900
2026-10-08,1813.0,1845.0,1802.0,1829.0,33867.0,007530
2026-10-08,1330.0,1368.0,1321.0,1364.0,24268.0,037230
2026-10-08,1705.0,1730.0,1635.0,1712.0,2437.0,263770
2026-10-08,2570.0,2590.0,2485.0,2525.0,11605.0,286750
2026-10-08,3692.0,3870.0,3620.0,3665.0,11782.0,136410
2026-10-08,3125.0,3200.0,3125.0,3190.0,50176.0,044960
2026-10-08,2970.0,2970.0,2870.0,2880.0,40504.0,099410
2026-10-08,2270.0,2300.0,2100.0,2140.0,123436.0,184230
2026-10-08,2685.0,2730.0,2580.0,2710.0,31653.0,104200
2026-10-08,5860.0,6000.0,5600.0,5820.0,68215.0,469750
2026-10-08,2845.0,3000.0,2840.0,2930.0,23069.0,223310
2026-10-08,3630.0,3700.0,3450.0,3625.0,8666.0,446840
2026-10-08,5140.0,5150.0,4785.0,4870.0,11558.0,450330
2026-10-08,6450.0,6570.0,6220.0,6480.0,485.0,049830
2026-10-08,0.0,0.0,0.0,798.0,0.0,064090
2026-10-08,2745.0,2860.0,2700.0,2765.0,59929.0,171010
2026-10-08,2335.0,2380.0,2315.0,2355.0,20514.0,025880
2026-10-08,2100.0,2105.0,1984.0,1999.0,115719.0,053950
2026-10-08,718.0,756.0,707.0,725.0,93808.0,027830
2026-10-08,1453.0,1484.0,1450.0,1480.0,4650.0,352700
2026-10-08,2380.0,2390.0,2245.0,2310.0,185669.0,215380
2026-10-08,4010.0,4010.0,3840.0,3950.0,2651.0,273060
2026-10-08,7610.0,7960.0,7520.0,7630.0,1213.0,224110
2026-10-08,2360.0,2365.0,2335.0,2360.0,7575.0,046310
2026-10-08,2775.0,2830.0,2670.0,2750.0,35786.0,203450
2026-10-08,3015.0,3015.0,2905.0,2925.0,5907.0,007680
2026-10-08,2080.0,2080.0,2010.0,2065.0,7649.0,221840
2026-10-08,2860.0,3090.0,2845.0,2905.0,128533.0,121890
2026-10-08,1715.0,1715.0,1682.0,1704.0,3200.0,050860
2026-10-08,3755.0,3875.0,3660.0,3780.0,4121.0,465480
2026-10-08,9410.0,9420.0,9280.0,9420.0,312.0,221980
2026-10-08,3285.0,3305.0,3260.0,3260.0,3452.0,019770
2026-10-08,2615.0,2615.0,2500.0,2600.0,12682.0,234100
2026-10-08,2660.0,2740.0,2630.0,2670.0,13935.0,051490
2026-10-08,1907.0,1929.0,1800.0,1854.0,74449.0,218150
2026-10-08,4115.0,4170.0,4005.0,4060.0,6423.0,038070
2026-10-08,3790.0,3880.0,3730.0,3800.0,7026.0,239890
2026-10-08,2770.0,2770.0,2645.0,2645.0,23966.0,238120
2026-10-08,5370.0,5860.0,5370.0,5550.0,721.0,250000
2026-10-08,3505.0,3955.0,3465.0,3885.0,163733.0,348030
2026-10-08,2625.0,2630.0,2475.0,2490.0,196318.0,035460
2026-10-08,1645.0,1650.0,1602.0,1615.0,20981.0,052220
2026-10-08,4330.0,4500.0,4300.0,4370.0,4941.0,097870
2026-10-08,2775.0,3445.0,2705.0,3320.0,6555402.0,0010F0
2026-10-08,2400.0,2445.0,2370.0,2385.0,34465.0,081580
2026-10-08,1590.0,1600.0,1580.0,1600.0,12424.0,122690
2026-10-08,3270.0,3320.0,3215.0,3240.0,4789.0,101240
2026-10-08,2820.0,2970.0,2820.0,2900.0,3517.0,049120
2026-10-08,3210.0,3505.0,3160.0,3220.0,218092.0,043910
2026-10-08,5380.0,5380.0,5200.0,5320.0,20550.0,042940
2026-10-08,4310.0,4310.0,4150.0,4210.0,7532.0,037370
2026-10-08,2185.0,2240.0,2135.0,2200.0,39858.0,026040
2026-10-08,3170.0,3205.0,3130.0,3165.0,17077.0,219420
2026-10-08,3895.0,3930.0,3760.0,3760.0,24167.0,177900
2026-10-08,1036.0,1036.0,993.0,1011.0,76200.0,065500
2026-10-08,1627.0,1637.0,1561.0,1618.0,5103.0,123570
2026-10-08,7320.0,7630.0,7000.0,7200.0,36722.0,258790
2026-10-08,0.0,0.0,0.0,1087.0,0.0,284620
2026-10-08,0.0,0.0,0.0,602.0,0.0,057540
2026-10-08,3210.0,3250.0,3130.0,3250.0,10645.0,014570
2026-10-08,4110.0,4210.0,4060.0,4200.0,2304.0,363250
2026-10-08,0.0,0.0,0.0,778.0,0.0,068940
2026-10-08,5460.0,5540.0,5260.0,5470.0,8124.0,153460
2026-10-08,2365.0,2425.0,2305.0,2330.0,16135.0,260660
2026-10-08,3025.0,3065.0,2865.0,2900.0,144087.0,434480
2026-10-08,2070.0,2135.0,2055.0,2065.0,9724.0,046390
2026-10-08,2830.0,2830.0,2685.0,2705.0,45962.0,208710
2026-10-08,2190.0,2220.0,2115.0,2140.0,6443.0,207760
2026-10-08,2105.0,2150.0,2090.0,2095.0,16122.0,045060
2026-10-08,0.0,0.0,0.0,959.0,0.0,263050
2026-10-08,3075.0,3075.0,3005.0,3065.0,10849.0,024120
2026-10-08,1800.0,1811.0,1695.0,1726.0,290988.0,109820
2026-10-08,6140.0,6390.0,6060.0,6250.0,6613.0,387570
2026-10-08,4450.0,4690.0,4415.0,4420.0,16642.0,332290
2026-10-08,1797.0,1825.0,1790.0,1803.0,4047.0,204020
2026-10-08,2290.0,2290.0,2180.0,2195.0,2112.0,086040
2026-10-08,4250.0,4415.0,4190.0,4305.0,35251.0,060850
2026-10-08,2300.0,2370.0,2270.0,2280.0,53157.0,089140
2026-10-08,2215.0,2350.0,2155.0,2200.0,4189.0,290120
2026-10-08,1799.0,1799.0,1640.0,1710.0,132972.0,079190
2026-10-08,3150.0,3210.0,3085.0,3180.0,9303.0,186230
2026-10-08,1491.0,1790.0,1401.0,1448.0,10406.0,066360
2026-10-08,2485.0,2510.0,2425.0,2450.0,74594.0,452300
2026-10-08,4710.0,4995.0,4600.0,4665.0,7388.0,290090
2026-10-08,1331.0,1399.0,1290.0,1325.0,13534.0,060540
2026-10-08,3040.0,3285.0,2850.0,2910.0,12845.0,127980
2026-10-08,7300.0,7380.0,7060.0,7310.0,15088.0,417860
2026-10-08,6220.0,6270.0,6080.0,6190.0,7652.0,318410
2026-10-08,2095.0,2140.0,2050.0,2100.0,13391.0,057030
2026-10-08,4160.0,4160.0,3720.0,3930.0,9179.0,039290
2026-10-08,1206.0,1349.0,1150.0,1209.0,47920.0,065950
2026-10-08,3190.0,3255.0,3000.0,3130.0,137586.0,430690
2026-10-08,3005.0,3350.0,3005.0,3230.0,158383.0,045300
2026-10-08,2390.0,2470.0,2300.0,2380.0,33442.0,377030
2026-10-08,4310.0,4700.0,4310.0,4530.0,83181.0,431190
2026-10-08,2145.0,2145.0,2070.0,2100.0,29279.0,075130
2026-10-08,2580.0,2835.0,2320.0,2385.0,1227467.0,406820
2026-10-08,4125.0,4185.0,4085.0,4170.0,16767.0,476080
2026-10-08,5180.0,5390.0,5180.0,5350.0,10661.0,099220
2026-10-08,2690.0,3035.0,2685.0,2785.0,131421.0,073570
2026-10-08,1779.0,1882.0,1779.0,1830.0,54461.0,169330
2026-10-08,881.0,881.0,808.0,835.0,711368.0,270520
2026-10-08,1272.0,1277.0,1201.0,1253.0,72611.0,106240
2026-10-08,1200.0,1239.0,1186.0,1227.0,81033.0,032790
2026-10-08,6470.0,6470.0,6200.0,6430.0,11650.0,296640
2026-10-08,1492.0,1700.0,1452.0,1515.0,3860.0,335810
2026-10-08,4360.0,4450.0,4230.0,4340.0,15198.0,131090
2026-10-08,3700.0,3710.0,3675.0,3695.0,530.0,270870
2026-10-08,1474.0,1500.0,1439.0,1484.0,4649.0,064520
2026-10-08,0.0,0.0,0.0,689.0,0.0,038060
2026-10-08,1422.0,1430.0,1373.0,1430.0,17418.0,215090
2026-10-08,6530.0,6970.0,6270.0,6410.0,1130.0,397810
2026-10-08,1354.0,1379.0,1287.0,1379.0,9518.0,220180
2026-10-08,2815.0,2875.0,2790.0,2850.0,10556.0,052600
2026-10-08,1559.0,1559.0,1482.0,1500.0,83905.0,310870
2026-10-08,3180.0,3245.0,3100.0,3230.0,4694.0,148930
2026-10-08,3670.0,3780.0,3520.0,3620.0,12396.0,196450
2026-10-08,1698.0,1741.0,1675.0,1734.0,13117.0,033830
2026-10-08,3140.0,3270.0,3075.0,3175.0,8063.0,153490
2026-10-08,3015.0,3030.0,2960.0,2990.0,24146.0,006920
2026-10-08,1381.0,1420.0,1358.0,1392.0,5618.0,133750
2026-10-08,2090.0,2200.0,2025.0,2150.0,2668.0,038620
2026-10-08,2035.0,2035.0,1965.0,1970.0,30370.0,432430
2026-10-08,3080.0,3080.0,3005.0,3045.0,1422.0,200780
2026-10-08,2155.0,2540.0,2080.0,2540.0,261133.0,383930
2026-10-08,1370.0,1500.0,1275.0,1346.0,358358.0,069920
2026-10-08,2285.0,2295.0,2235.0,2280.0,24733.0,419120
2026-10-08,1095.0,1115.0,1070.0,1099.0,86888.0,271830
2026-10-08,1000.0,1000.0,941.0,989.0,21565.0,408900
2026-10-08,2825.0,2890.0,2750.0,2855.0,8939.0,080520
2026-10-08,3075.0,3075.0,2970.0,3060.0,14032.0,159910
2026-10-08,7260.0,7490.0,7100.0,7270.0,2488.0,012620
2026-10-08,3890.0,3990.0,3860.0,3915.0,335.0,087600
2026-10-08,1755.0,1770.0,1706.0,1750.0,22612.0,462980
2026-10-08,0.0,0.0,0.0,726.0,0.0,037330
2026-10-08,2610.0,2760.0,2610.0,2720.0,48556.0,091340
2026-10-08,3770.0,3910.0,3750.0,3830.0,12050.0,364950
2026-10-08,1936.0,1943.0,1925.0,1943.0,560.0,021650
2026-10-08,2585.0,2585.0,2495.0,2540.0,33050.0,900270
2026-10-08,1129.0,1140.0,1121.0,1130.0,10189.0,031510
2026-10-08,2645.0,2645.0,2525.0,2560.0,4747.0,318020
2026-10-08,2565.0,2700.0,2555.0,2625.0,33764.0,064480
2026-10-08,2190.0,2250.0,2180.0,2240.0,9446.0,016600
2026-10-08,2655.0,2725.0,2510.0,2615.0,23388.0,356890
2026-10-08,0.0,0.0,0.0,412.0,0.0,258830
2026-10-08,2300.0,2395.0,2300.0,2395.0,13605.0,197140
2026-10-08,2495.0,2580.0,2330.0,2460.0,32195.0,311390
2026-10-08,9250.0,9260.0,8930.0,9140.0,1962.0,208860
2026-10-08,3155.0,3200.0,3090.0,3180.0,14000.0,025440
2026-10-08,2760.0,2810.0,2690.0,2710.0,27056.0,073540
2026-10-08,3250.0,3250.0,3100.0,3140.0,4854.0,263920
2026-10-08,1666.0,1750.0,1662.0,1671.0,65188.0,075970
2026-10-08,3205.0,3225.0,3015.0,3145.0,9795.0,376980
2026-10-08,2000.0,2000.0,1967.0,1985.0,7748.0,173940
2026-10-08,2125.0,2245.0,2035.0,2180.0,12018.0,038870
2026-10-08,530.0,623.0,526.0,538.0,1830278.0,101670
2026-10-08,5600.0,5640.0,5450.0,5520.0,6619.0,464280
2026-10-08,3390.0,3410.0,3125.0,3310.0,4241.0,090410
2026-10-08,3170.0,3175.0,3090.0,3160.0,2860.0,452160
2026-10-08,3020.0,3020.0,2725.0,2890.0,11461.0,019570
2026-10-08,3655.0,4200.0,3500.0,3685.0,17151.0,099390
2026-10-08,4730.0,4875.0,4500.0,4700.0,2869.0,444530
2026-10-08,0.0,0.0,0.0,1969.0,0.0,246250
2026-10-08,1635.0,1680.0,1576.0,1639.0,2607.0,464580
2026-10-08,3815.0,4070.0,3790.0,3810.0,8137.0,462310
2026-10-08,1440.0,1525.0,1440.0,1480.0,9258.0,097780
2026-10-08,3510.0,3785.0,3480.0,3570.0,3429.0,367000
2026-10-08,2080.0,2155.0,2010.0,2045.0,22999.0,407400
2026-10-08,1135.0,1135.0,1077.0,1120.0,18617.0,128540
2026-10-08,3485.0,3610.0,3380.0,3395.0,35274.0,462510
2026-10-08,2900.0,2940.0,2845.0,2915.0,18605.0,262840
2026-10-08,1221.0,1282.0,1205.0,1227.0,59400.0,226330
2026-10-08,3870.0,3895.0,3820.0,3865.0,21213.0,020180
2026-10-08,3025.0,3075.0,2950.0,3000.0,21927.0,300120
2026-10-08,2160.0,2160.0,2080.0,2140.0,7578.0,070590
2026-10-08,2990.0,2990.0,2890.0,2975.0,8523.0,369370
2026-10-08,3115.0,3195.0,3030.0,3070.0,2078.0,336060
2026-10-08,2790.0,2830.0,2750.0,2815.0,4725.0,033540
2026-10-08,3265.0,3985.0,3260.0,3640.0,92282.0,032860
2026-10-08,1205.0,1229.0,1190.0,1210.0,11663.0,071850
2026-10-08,998.0,998.0,950.0,986.0,47588.0,031310
2026-10-08,5620.0,5640.0,5450.0,5630.0,944.0,079170
2026-10-08,5850.0,6000.0,5680.0,5940.0,8056.0,333050
2026-10-08,585.0,617.0,582.0,614.0,20089.0,043340
2026-10-08,1865.0,1937.0,1865.0,1927.0,1269.0,109960
2026-10-08,1090.0,1123.0,1031.0,1084.0,102534.0,900070
2026-10-08,2065.0,2100.0,2040.0,2085.0,4284.0,188260
2026-10-08,2030.0,2245.0,1985.0,2125.0,132392.0,148250
2026-10-08,2840.0,2890.0,2710.0,2830.0,1321.0,038950
2026-10-08,2295.0,2300.0,2235.0,2250.0,18192.0,237820
2026-10-08,5040.0,5110.0,4815.0,4930.0,38359.0,050110
2026-10-08,1402.0,1500.0,1401.0,1492.0,48306.0,225220
2026-10-08,1605.0,1703.0,1605.0,1703.0,6860.0,008470
2026-10-08,3530.0,3530.0,3330.0,3440.0,9505.0,351330
2026-10-08,999.0,1003.0,967.0,974.0,124378.0,317240
2026-10-08,1022.0,1043.0,934.0,1023.0,70038.0,068050
2026-10-08,3565.0,3570.0,3510.0,3560.0,540.0,318010
2026-10-08,0.0,0.0,0.0,1710.0,0.0,043220
2026-10-08,7650.0,8000.0,7650.0,7990.0,631.0,007770
2026-10-08,5200.0,5200.0,5020.0,5200.0,452.0,239610
2026-10-08,988.0,1010.0,988.0,1004.0,16172.0,160550
2026-10-08,3920.0,4070.0,3610.0,3610.0,118991.0,002680
2026-10-08,0.0,0.0,0.0,910.0,0.0,254120
2026-10-08,1806.0,1851.0,1710.0,1841.0,109330.0,101400
2026-10-08,2530.0,2575.0,2525.0,2560.0,22257.0,067010
2026-10-08,1881.0,1881.0,1810.0,1844.0,15361.0,373170
2026-10-08,2790.0,2835.0,2720.0,2745.0,3564.0,187270
2026-10-08,6440.0,6580.0,6280.0,6380.0,5001.0,088340
2026-10-08,3500.0,3785.0,3340.0,3695.0,33122.0,091970
2026-10-08,2365.0,2375.0,2325.0,2350.0,25405.0,119500
2026-10-08,5700.0,5700.0,5220.0,5220.0,24657.0,388610
2026-10-08,1979.0,1979.0,1837.0,1910.0,24547.0,130500
2026-10-08,2395.0,2650.0,2355.0,2480.0,22942.0,351870
2026-10-08,1718.0,1732.0,1680.0,1732.0,41627.0,195500
2026-10-08,2335.0,2335.0,2210.0,2320.0,7405.0,068100
2026-10-08,1720.0,1805.0,1651.0,1796.0,74957.0,066910
2026-10-08,3750.0,3750.0,3585.0,3705.0,3716.0,131220
2026-10-08,2300.0,2335.0,2260.0,2330.0,36310.0,398120
2026-10-08,2285.0,2335.0,2160.0,2270.0,9372.0,115480
2026-10-08,1644.0,1644.0,1600.0,1601.0,32011.0,089150
2026-10-08,3660.0,3720.0,3560.0,3650.0,10484.0,038880
2026-10-08,1890.0,2030.0,1854.0,1940.0,7528.0,139670
2026-10-08,1861.0,1907.0,1726.0,1860.0,66393.0,450520
2026-10-08,2740.0,2750.0,2580.0,2735.0,40374.0,078590
2026-10-08,3995.0,4605.0,3810.0,3940.0,6688.0,297570
2026-10-08,1359.0,1379.0,1330.0,1367.0,26036.0,198940
2026-10-08,1574.0,1741.0,1533.0,1581.0,15181.0,114630
2026-10-08,2810.0,2820.0,2750.0,2750.0,10534.0,093380
2026-10-08,2820.0,2930.0,2755.0,2790.0,13561.0,048470
2026-10-08,1595.0,1644.0,1547.0,1586.0,18790.0,236810
2026-10-08,2345.0,2450.0,2345.0,2395.0,75836.0,368970
2026-10-08,1458.0,1760.0,1391.0,1462.0,292230.0,365590
2026-10-08,0.0,0.0,0.0,666.0,0.0,215790
2026-10-08,1457.0,1499.0,1441.0,1445.0,17847.0,376180
2026-10-08,1081.0,1094.0,1035.0,1080.0,25981.0,047080
2026-10-08,1651.0,1729.0,1630.0,1719.0,5080.0,123840
2026-10-08,2350.0,2375.0,2140.0,2325.0,12274.0,359090
2026-10-08,3980.0,3980.0,3700.0,3825.0,10304.0,288620
2026-10-08,1722.0,1742.0,1690.0,1721.0,88850.0,191410
2026-10-08,1629.0,1850.0,1600.0,1681.0,43962.0,096630
2026-10-08,2420.0,2435.0,2325.0,2400.0,11380.0,080530
2026-10-08,2270.0,2600.0,2200.0,2345.0,12923.0,238490
2026-10-08,1751.0,1758.0,1710.0,1757.0,10308.0,069140
2026-10-08,1656.0,1695.0,1567.0,1685.0,19400.0,290520
2026-10-08,2005.0,2005.0,1875.0,1900.0,117292.0,027040
2026-10-08,2305.0,2305.0,2265.0,2265.0,11693.0,017000
2026-10-08,4000.0,4160.0,3950.0,4090.0,5637.0,363260
2026-10-08,1020.0,1021.0,999.0,1021.0,18102.0,016920
2026-10-08,2910.0,2930.0,2870.0,2905.0,2491.0,032750
2026-10-08,2805.0,2880.0,2715.0,2730.0,21561.0,290270
2026-10-08,1243.0,1275.0,1236.0,1252.0,45271.0,043200
2026-10-08,1686.0,1687.0,1544.0,1630.0,93243.0,058110
2026-10-08,2545.0,2565.0,2480.0,2535.0,11431.0,069410
2026-10-08,3110.0,3110.0,2945.0,2990.0,18394.0,458350
2026-10-08,2620.0,2620.0,2510.0,2545.0,2840.0,016670
2026-10-08,5270.0,5500.0,5210.0,5440.0,2270.0,134060
2026-10-08,1632.0,1769.0,1593.0,1700.0,13429.0,322780
2026-10-08,3570.0,3650.0,3505.0,3595.0,2775.0,079000
2026-10-08,1611.0,1799.0,1571.0,1633.0,80592.0,057680
2026-10-08,1082.0,1163.0,1045.0,1073.0,10376.0,146060
2026-10-08,1755.0,1760.0,1548.0,1612.0,308867.0,355390
2026-10-08,1274.0,1355.0,1204.0,1345.0,5092.0,016100
2026-10-08,2120.0,2120.0,1947.0,2005.0,4812.0,900310
2026-10-08,2515.0,2520.0,2300.0,2400.0,154380.0,140430
2026-10-08,2130.0,2130.0,2080.0,2100.0,6780.0,013720
2026-10-08,1643.0,1660.0,1626.0,1631.0,23006.0,105550
2026-10-08,808.0,819.0,799.0,802.0,9594.0,033050
2026-10-08,1630.0,1630.0,1530.0,1568.0,26978.0,052300
2026-10-08,1560.0,1590.0,1529.0,1556.0,29625.0,103840
2026-10-08,4110.0,4390.0,4100.0,4335.0,703.0,131180
2026-10-08,0.0,0.0,0.0,612.0,0.0,072770
2026-10-08,1162.0,1300.0,1138.0,1196.0,7187.0,021880
2026-10-08,6110.0,6550.0,6070.0,6300.0,923.0,096690
2026-10-08,1298.0,1330.0,1261.0,1285.0,6486.0,060380
2026-10-08,1009.0,1029.0,982.0,1013.0,25155.0,054090
2026-10-08,676.0,684.0,636.0,670.0,92504.0,206400
2026-10-08,2170.0,2275.0,2155.0,2195.0,16710.0,415380
2026-10-08,1338.0,1346.0,1276.0,1285.0,45487.0,060230
2026-10-08,1979.0,1979.0,1621.0,1850.0,169823.0,043590
2026-10-08,1220.0,1225.0,1121.0,1121.0,134411.0,290560
2026-10-08,2640.0,2900.0,2600.0,2780.0,46039.0,023770
2026-10-08,2110.0,2220.0,2110.0,2195.0,22595.0,177830
2026-10-08,2715.0,2720.0,2640.0,2680.0,44745.0,378800
2026-10-08,5380.0,5400.0,5130.0,5390.0,2639.0,083640
2026-10-08,1415.0,1447.0,1338.0,1410.0,42631.0,138070
2026-10-08,3560.0,3747.0,3560.0,3600.0,7784.0,328380
2026-10-08,0.0,0.0,0.0,956.0,0.0,368600
2026-10-08,1821.0,1876.0,1700.0,1839.0,15462.0,193250
2026-10-08,6130.0,6130.0,5860.0,5870.0,1629.0,090150
2026-10-08,1475.0,1569.0,1410.0,1485.0,16620.0,053290
2026-10-08,3415.0,3420.0,3060.0,3090.0,29844.0,475660
2026-10-08,3985.0,4040.0,3780.0,3890.0,36912.0,148780
2026-10-08,2920.0,3260.0,2850.0,3050.0,7136.0,039740
2026-10-08,1939.0,1939.0,1800.0,1898.0,12306.0,405920
2026-10-08,2960.0,2960.0,2605.0,2840.0,14393.0,115530
2026-10-08,1119.0,1120.0,1080.0,1100.0,21819.0,001810
2026-10-08,2770.0,2835.0,2740.0,2775.0,3852.0,318000
2026-10-08,1620.0,1685.0,1546.0,1589.0,49985.0,317120
2026-10-08,1422.0,1475.0,1357.0,1388.0,14314.0,083660
2026-10-08,3560.0,3795.0,3495.0,3645.0,112576.0,054940
2026-10-08,1311.0,1360.0,1273.0,1302.0,26582.0,044780
2026-10-08,1735.0,1737.0,1655.0,1727.0,6358.0,123750
2026-10-08,1725.0,1760.0,1675.0,1702.0,18296.0,464500
2026-10-08,5720.0,5720.0,5300.0,5500.0,4934.0,115160
2026-10-08,1850.0,1850.0,1773.0,1810.0,9645.0,219750
2026-10-08,1921.0,1971.0,1921.0,1968.0,17091.0,065690
2026-10-08,1811.0,2005.0,1756.0,1890.0,6739.0,257370
2026-10-08,2500.0,2660.0,2500.0,2550.0,16966.0,035200
2026-10-08,990.0,1055.0,979.0,1018.0,117883.0,032680
2026-10-08,3095.0,3095.0,3000.0,3050.0,2664.0,267790
2026-10-08,2005.0,2285.0,1989.0,2155.0,4865.0,352940
2026-10-08,3240.0,3240.0,3015.0,3170.0,14290.0,065370
2026-10-08,2895.0,3020.0,2710.0,2810.0,74580.0,389680
2026-10-08,1796.0,1800.0,1621.0,1777.0,9627.0,301300
2026-10-08,2795.0,2905.0,2655.0,2865.0,2401.0,377330
2026-10-08,5000.0,5080.0,4700.0,4980.0,4448.0,188040
2026-10-08,3250.0,3395.0,3100.0,3225.0,205029.0,429270
2026-10-08,1506.0,1510.0,1495.0,1510.0,9313.0,051380
2026-10-08,907.0,935.0,905.0,911.0,50094.0,206560
2026-10-08,6050.0,6150.0,5960.0,6050.0,3088.0,036480
2026-10-08,1058.0,1115.0,1050.0,1090.0,17577.0,017250
2026-10-08,2610.0,2905.0,2610.0,2800.0,1627.0,238200
2026-10-08,3890.0,3890.0,3460.0,3685.0,181585.0,247660
2026-10-08,2755.0,2830.0,2585.0,2710.0,10518.0,101680
2026-10-08,2005.0,2055.0,1940.0,1972.0,9099.0,187220
2026-10-08,1933.0,1950.0,1905.0,1945.0,10178.0,018680
2026-10-08,3930.0,4080.0,3750.0,4000.0,12540.0,361670
2026-10-08,1865.0,1900.0,1850.0,1894.0,22103.0,192390
2026-10-08,3965.0,4075.0,3840.0,3965.0,1823.0,417180
2026-10-08,1020.0,1044.0,995.0,998.0,17023.0,076080
2026-10-08,3495.0,3600.0,3460.0,3470.0,5063.0,237750
2026-10-08,2710.0,2720.0,2555.0,2620.0,3992.0,432980
2026-10-08,2435.0,2480.0,2360.0,2440.0,1786.0,033200
2026-10-08,1480.0,1489.0,1480.0,1486.0,8285.0,032800
2026-10-08,2850.0,2935.0,2740.0,2770.0,7964.0,208350
2026-10-08,940.0,1000.0,907.0,990.0,179704.0,347770
2026-10-08,2345.0,2375.0,2305.0,2320.0,3972.0,298060
2026-10-08,2530.0,2595.0,2450.0,2450.0,17032.0,020400
2026-10-08,1102.0,1126.0,1090.0,1101.0,7778.0,007720
2026-10-08,2700.0,2775.0,2655.0,2775.0,5038.0,115570
2026-10-08,1909.0,1920.0,1825.0,1869.0,34032.0,027580
2026-10-08,3055.0,3055.0,2940.0,3005.0,4866.0,303530
2026-10-08,1980.0,2025.0,1959.0,1999.0,11658.0,222980
2026-10-08,1235.0,1251.0,1223.0,1245.0,47063.0,053060
2026-10-08,678.0,707.0,604.0,617.0,2508055.0,070300
2026-10-08,2145.0,2230.0,2145.0,2160.0,25311.0,424760
2026-10-08,5630.0,6010.0,5400.0,5670.0,3371.0,277410
2026-10-08,1518.0,1520.0,1452.0,1486.0,35143.0,013810
2026-10-08,1168.0,1209.0,1168.0,1198.0,10434.0,039310
2026-10-08,0.0,0.0,0.0,1010.0,0.0,032080
2026-10-08,1702.0,1750.0,1702.0,1735.0,5944.0,098660
2026-10-08,2605.0,2665.0,2300.0,2380.0,104429.0,092600
2026-10-08,2010.0,2070.0,1988.0,1997.0,6143.0,215480
2026-10-08,3145.0,3400.0,3080.0,3205.0,5849.0,044480
2026-10-08,1998.0,1998.0,1780.0,1803.0,96803.0,115610
2026-10-08,4145.0,4195.0,3410.0,4050.0,1454.0,275630
2026-10-08,0.0,0.0,0.0,583.0,0.0,095910
2026-10-08,1266.0,1275.0,1206.0,1270.0,12102.0,018700
2026-10-08,3860.0,3965.0,3800.0,3895.0,13510.0,342870
2026-10-08,1321.0,1360.0,1306.0,1308.0,23831.0,032280
2026-10-08,2355.0,2355.0,2190.0,2235.0,22589.0,200230
2026-10-08,1697.0,1700.0,1515.0,1679.0,61236.0,054220
2026-10-08,2240.0,2240.0,2105.0,2210.0,26065.0,241840
2026-10-08,2230.0,2230.0,2135.0,2145.0,9011.0,331520
2026-10-08,2260.0,2520.0,2230.0,2305.0,22008.0,274400
2026-10-08,901.0,1000.0,900.0,937.0,35080.0,289220
2026-10-08,3285.0,3285.0,3200.0,3200.0,10138.0,045520
2026-10-08,990.0,1113.0,906.0,974.0,839643.0,083470
2026-10-08,2190.0,2190.0,2130.0,2145.0,9162.0,067730
2026-10-08,2165.0,2405.0,2135.0,2220.0,27794.0,063760
2026-10-08,3550.0,3575.0,3065.0,3200.0,49351.0,131100
2026-10-08,917.0,1090.0,917.0,949.0,106838.0,021040
2026-10-08,2145.0,2145.0,2055.0,2060.0,10690.0,440320
2026-10-08,2060.0,2080.0,2025.0,2055.0,31010.0,024940
2026-10-08,10180.0,10260.0,9260.0,9480.0,7236.0,154040
2026-10-08,2905.0,2905.0,2810.0,2905.0,74648.0,372800
2026-10-08,3320.0,3415.0,3235.0,3410.0,2037.0,065060
2026-10-08,994.0,1112.0,971.0,1051.0,50175.0,227610
2026-10-08,1289.0,1415.0,1257.0,1384.0,106185.0,455180
2026-10-08,2640.0,2640.0,2330.0,2435.0,67835.0,096870
2026-10-08,1819.0,1849.0,1763.0,1799.0,13462.0,130740
2026-10-08,1877.0,1885.0,1803.0,1818.0,10517.0,438700
2026-10-08,1425.0,1433.0,1371.0,1433.0,14150.0,085810
2026-10-08,1565.0,1578.0,1532.0,1573.0,7965.0,353590
2026-10-08,3200.0,3200.0,3025.0,3100.0,7284.0,113810
2026-10-08,2295.0,2295.0,2210.0,2245.0,4810.0,043360
2026-10-08,1229.0,1229.0,1201.0,1201.0,4133.0,362990
2026-10-08,3880.0,4190.0,3640.0,3755.0,8405.0,405000
2026-10-08,3730.0,3730.0,3505.0,3550.0,37766.0,340440
2026-10-08,2515.0,2540.0,2440.0,2525.0,20014.0,088290
2026-10-08,853.0,861.0,830.0,851.0,22405.0,276730
2026-10-08,1426.0,1441.0,1397.0,1440.0,24778.0,019660
2026-10-08,2705.0,2915.0,2705.0,2750.0,3319.0,080470
2026-10-08,1442.0,1487.0,1440.0,1453.0,24335.0,079950
2026-10-08,2610.0,2610.0,2500.0,2540.0,9740.0,353190
2026-10-08,1573.0,1573.0,1475.0,1529.0,315925.0,023790
2026-10-08,4260.0,4260.0,3675.0,3840.0,10787.0,038530
2026-10-08,1209.0,1240.0,1178.0,1209.0,31949.0,050760
2026-10-08,2470.0,2485.0,2350.0,2380.0,6649.0,252500
2026-10-08,1211.0,1211.0,1160.0,1160.0,11996.0,069330
2026-10-08,1630.0,1630.0,1620.0,1621.0,9972.0,154030
2026-10-08,1298.0,1356.0,1251.0,1292.0,65157.0,344860
2026-10-08,0.0,0.0,0.0,1622.0,0.0,073190
2026-10-08,1261.0,1280.0,1217.0,1217.0,28138.0,065150
2026-10-08,1035.0,1066.0,994.0,1028.0,145564.0,048830
2026-10-08,0.0,0.0,0.0,2290.0,0.0,214610
2026-10-08,2610.0,2740.0,2610.0,2740.0,9626.0,018620
2026-10-08,2065.0,2100.0,1995.0,2065.0,6860.0,403490
2026-10-08,1345.0,1349.0,1202.0,1273.0,13803.0,056730
2026-10-08,0.0,0.0,0.0,6930.0,0.0,031860
2026-10-08,2310.0,2450.0,2260.0,2350.0,90198.0,026910
2026-10-08,3840.0,4350.0,3605.0,3610.0,1317056.0,224060
2026-10-08,2035.0,2140.0,2000.0,2050.0,19097.0,110020
2026-10-08,1265.0,1346.0,1259.0,1290.0,26389.0,196700
2026-10-08,3780.0,3945.0,3780.0,3945.0,2153.0,279600
2026-10-08,2915.0,3015.0,2895.0,2975.0,10466.0,078860
2026-10-08,1533.0,1585.0,1520.0,1556.0,20214.0,014100
2026-10-08,1031.0,1149.0,1026.0,1057.0,77864.0,373110
2026-10-08,2560.0,2560.0,2465.0,2500.0,53797.0,365900
2026-10-08,4910.0,5450.0,4750.0,4775.0,2995.0,084440
2026-10-08,2370.0,2480.0,2365.0,2400.0,15183.0,051780
2026-10-08,3360.0,3720.0,3360.0,3465.0,40785.0,037400
2026-10-08,1852.0,1975.0,1822.0,1848.0,21795.0,137940
2026-10-08,1100.0,1121.0,1094.0,1103.0,11670.0,195990
2026-10-08,900.0,982.0,865.0,921.0,18691.0,309930
2026-10-08,1917.0,1920.0,1906.0,1914.0,58751.0,0197V0
2026-10-08,2840.0,3020.0,2840.0,2875.0,6696.0,419540
2026-10-08,1836.0,1955.0,1755.0,1841.0,293491.0,306040
2026-10-08,0.0,0.0,0.0,2055.0,0.0,482680
2026-10-08,0.0,0.0,0.0,6040.0,0.0,241820
2026-10-08,2075.0,2080.0,2040.0,2070.0,14695.0,477380
2026-10-08,1910.0,1917.0,1903.0,1909.0,202109.0,0200G0
2026-10-08,1993.0,2195.0,1993.0,2075.0,134767.0,009730
2026-10-08,3045.0,3230.0,2960.0,3200.0,75287.0,225590
2026-10-08,0.0,0.0,0.0,696.0,0.0,050090
2026-10-08,4635.0,4815.0,4585.0,4620.0,14401.0,009620
2026-10-08,3780.0,3895.0,3675.0,3815.0,102432.0,469480
2026-10-08,2745.0,2745.0,2530.0,2600.0,61996.0,034940
2026-10-08,1515.0,1601.0,1462.0,1538.0,44615.0,376930
2026-10-08,1988.0,1988.0,1978.0,1980.0,6737.0,0072Z0
2026-10-08,1463.0,1639.0,1402.0,1415.0,30505.0,065650
2026-10-08,2065.0,2070.0,2060.0,2060.0,1054.0,477340
2026-10-08,4265.0,4350.0,4015.0,4285.0,9682.0,285800
2026-10-08,1972.0,1987.0,1972.0,1986.0,870.0,0101C0
2026-10-08,1995.0,1999.0,1989.0,1989.0,1795.0,0130H0
2026-10-08,2740.0,3700.0,2625.0,2690.0,113152.0,475460
2026-10-08,0.0,0.0,0.0,973.0,0.0,030350
2026-10-08,1900.0,2345.0,1479.0,1552.0,2556963.0,210120
2026-10-08,1998.0,1999.0,1982.0,1982.0,9237.0,0044K0
2026-10-08,2105.0,2110.0,2100.0,2105.0,371554.0,473050
2026-10-08,1996.0,2010.0,1977.0,1991.0,2171.0,0115H0
2026-10-08,0.0,0.0,0.0,2200.0,0.0,489480
2026-10-08,2065.0,2070.0,2060.0,2070.0,7663.0,478440
2026-10-08,2070.0,2070.0,2060.0,2070.0,7845.0,479880
2026-10-08,1542.0,1574.0,1409.0,1427.0,72235.0,101000
2026-10-08,1939.0,1943.0,1936.0,1940.0,6064.0,0165X0
2026-10-08,1982.0,1990.0,1982.0,1985.0,72.0,0099W0
2026-10-08,2500.0,2505.0,2375.0,2410.0,23464.0,054410
2026-10-08,1905.0,1907.0,1897.0,1904.0,178739.0,0209J0
2026-10-08,0.0,0.0,0.0,561.0,0.0,304840
2026-10-08,2790.0,2795.0,2665.0,2750.0,120770.0,498390
2026-10-08,0.0,0.0,0.0,5250.0,0.0,352770
2026-10-08,0.0,0.0,0.0,1651.0,0.0,244460
2026-10-08,1985.0,1990.0,1978.0,1988.0,45931.0,0134X0
2026-10-08,1350.0,1360.0,1331.0,1343.0,22570.0,177350
2026-10-08,2065.0,2075.0,2060.0,2075.0,17698.0,481890
2026-10-08,2205.0,2220.0,2160.0,2200.0,105101.0,0099X0
2026-10-08,1989.0,1998.0,1971.0,1997.0,15715.0,0096B0
2026-10-08,1953.0,1955.0,1946.0,1946.0,36360.0,0164H0
2026-10-08,3920.0,3955.0,3705.0,3875.0,5046.0,335870
2026-10-08,1991.0,1991.0,1979.0,1991.0,97.0,0097F0
2026-10-08,2035.0,2050.0,2035.0,2042.0,1312.0,489730
2026-10-08,2065.0,2070.0,2065.0,2070.0,10958.0,478390
2026-10-08,1988.0,1995.0,1988.0,1992.0,226.0,0093G0
2026-10-08,0.0,0.0,0.0,2295.0,0.0,054180
2026-10-08,708.0,900.0,708.0,788.0,2045852.0,354200
2026-10-08,2035.0,2045.0,2030.0,2040.0,3683.0,492220
2026-10-08,1108.0,1330.0,1005.0,1140.0,406247.0,060480
2026-10-08,1995.0,1998.0,1984.0,1995.0,31050.0,0037T0
2026-10-08,0.0,0.0,0.0,2065.0,0.0,482520
2026-10-08,0.0,0.0,0.0,5170.0,0.0,028080
2026-10-08,531.0,537.0,397.0,406.0,2961783.0,418620
2026-10-08,2040.0,2055.0,2040.0,2050.0,943.0,0091W0
2026-10-08,1963.0,1972.0,1963.0,1969.0,9783.0,0131D0
2026-10-08,2000.0,2000.0,1994.0,1996.0,14199.0,0054V0
2026-10-08,0.0,0.0,0.0,764.0,0.0,065570
2026-10-08,620.0,655.0,603.0,655.0,278401.0,035620
2026-10-08,2000.0,2010.0,1999.0,2010.0,12734.0,0041L0
2026-10-08,2070.0,2075.0,2067.0,2070.0,5052.0,477760
2026-10-08,951.0,1145.0,895.0,1145.0,842683.0,065770
2026-10-08,2075.0,2075.0,2055.0,2075.0,3231.0,0088D0
2026-10-08,1996.0,1998.0,1995.0,1996.0,9688.0,0132G0
2026-10-08,2480.0,2480.0,2180.0,2200.0,22238.0,239340
2026-10-08,1541.0,1688.0,1541.0,1645.0,84482.0,103230
2026-10-08,2085.0,2105.0,2080.0,2105.0,2550.0,482690
2026-10-08,2100.0,2100.0,2095.0,2095.0,83045.0,469900
2026-10-08,2090.0,2095.0,2085.0,2095.0,94100.0,474660
2026-10-08,1997.0,2010.0,1997.0,2005.0,15383.0,0071M0
2026-10-08,1060.0,1060.0,860.0,865.0,759026.0,060260
2026-10-08,2080.0,2092.0,2080.0,2090.0,5972.0,474490
2026-10-08,1805.0,1885.0,1706.0,1750.0,112846.0,060900
2026-10-08,2030.0,2035.0,2030.0,2030.0,6071.0,487360
2026-10-08,2070.0,2075.0,2060.0,2075.0,10046.0,477470
2026-10-08,768.0,972.0,768.0,814.0,563963.0,289010
2026-10-08,1999.0,2000.0,1999.0,2000.0,81.0,0105P0
2026-10-08,2010.0,2010.0,2000.0,2005.0,743.0,496070
2026-10-08,1308.0,1369.0,1258.0,1288.0,105020.0,131760
2026-10-08,1979.0,1984.0,1973.0,1976.0,5927.0,0129K0
2026-10-08,1998.0,1998.0,1990.0,1990.0,8.0,0096D0
2026-10-08,2055.0,2060.0,2045.0,2055.0,1035.0,486630
2026-10-08,1746.0,2245.0,1746.0,2245.0,647146.0,001000
2026-10-08,485.0,574.0,485.0,516.0,1685072.0,142760
2026-10-08,2010.0,2010.0,2000.0,2005.0,20016.0,0098T0
2026-10-08,2025.0,2025.0,2020.0,2022.0,5727.0,493790
2026-10-08,386.0,486.0,379.0,486.0,2793510.0,012340
2026-10-08,2050.0,2065.0,2050.0,2065.0,5337.0,489210
2026-10-08,1950.0,1986.0,1870.0,1873.0,30552.0,377220
2026-10-08,2000.0,2020.0,1995.0,1995.0,691.0,0004Y0
2026-10-08,1115.0,1199.0,1100.0,1155.0,52436.0,303030
2026-10-08,1961.0,1979.0,1960.0,1968.0,1863.0,0130D0
2026-10-08,0.0,0.0,0.0,520.0,0.0,043100
2026-10-08,2055.0,2070.0,2055.0,2070.0,1954.0,478110
2026-10-08,2770.0,3335.0,2770.0,2970.0,104335.0,006050
2026-10-08,2015.0,2020.0,2000.0,2015.0,12383.0,466690
2026-10-08,2010.0,2020.0,2000.0,2020.0,17640.0,0041B0
2026-10-08,0.0,0.0,0.0,538.0,0.0,305090
2026-10-08,1000.0,1170.0,1000.0,1170.0,543152.0,240600
2026-10-08,2040.0,2050.0,2040.0,2050.0,4266.0,488060
2026-10-08,211.0,263.0,210.0,263.0,3242496.0,288980
2026-10-08,0.0,0.0,0.0,1650.0,0.0,106080
2026-10-08,665.0,776.0,649.0,682.0,410049.0,208640
2026-10-08,2040.0,2045.0,2040.0,2045.0,18751.0,484130
2026-10-08,2055.0,2065.0,2055.0,2062.0,1860.0,473950
2026-10-08,2135.0,2135.0,2090.0,2120.0,2724.0,487720
2026-10-08,2045.0,2045.0,2035.0,2045.0,5734.0,487830
2026-10-08,0.0,0.0,0.0,2080.0,0.0,468760
2026-10-08,2105.0,2110.0,2105.0,2105.0,165494.0,472230
2026-10-08,0.0,0.0,0.0,1031.0,0.0,067770
2026-10-08,1992.0,2005.0,1986.0,1991.0,4855.0,0068Y0
2026-10-08,302.0,326.0,302.0,326.0,1137014.0,308100
2026-10-08,1993.0,1998.0,1987.0,1998.0,10756.0,0041J0
2026-10-08,5860.0,5860.0,5770.0,5860.0,121.0,03481K
2026-10-08,0.0,0.0,0.0,247.0,0.0,087260
2026-10-08,2090.0,2095.0,2090.0,2095.0,15.0,475250
2026-10-08,1160.0,1160.0,1160.0,1160.0,15154.0,250930
2026-10-08,0.0,0.0,0.0,596.0,0.0,079970
2026-10-08,2100.0,2100.0,2090.0,2100.0,2427.0,474930
2026-10-08,0.0,0.0,0.0,940.0,0.0,065420
2026-10-08,0.0,0.0,0.0,327.0,0.0,276040
2026-10-08,2080.0,2085.0,2080.0,2082.0,78.0,473000
2026-10-08,2095.0,2095.0,2090.0,2095.0,5188.0,475240
2026-10-08,0.0,0.0,0.0,1096.0,0.0,900100
2026-10-08,0.0,0.0,0.0,409.0,0.0,291810
2026-10-08,0.0,0.0,0.0,205.0,0.0,044180
2026-10-08,0.0,0.0,0.0,468.0,0.0,313760
2026-10-08,0.0,0.0,0.0,312.0,0.0,052770
2026-10-08,0.0,0.0,0.0,698.0,0.0,225430
2026-10-08,903.0,903.0,903.0,903.0,77515.0,199730
2026-10-08,0.0,0.0,0.0,1059.0,0.0,025870
2026-10-08,559.0,559.0,559.0,559.0,455122.0,011080
2026-10-08,0.0,0.0,0.0,599.0,0.0,058450
2026-10-08,0.0,0.0,0.0,384.0,0.0,035290
2026-10-08,2000.0,2000.0,1957.0,1992.0,1651.0,021045
2026-10-08,0.0,0.0,0.0,37.0,0.0,312610
2026-10-08,6500.0,7810.0,6150.0,6150.0,11139.0,032685
