date,open,high,low,close,volume,code
2026-10-02,273500.0,277000.0,271500.0,276000.0,11408387.0,005930
2026-10-02,1830000.0,1855000.0,1825000.0,1842000.0,2014287.0,000660
2026-10-02,200500.0,204500.0,199500.0,201500.0,2537796.0,005935
2026-10-02,1151000.0,1164000.0,1142000.0,1156000.0,346879.0,402340
2026-10-02,1545000.0,1582000.0,1532000.0,1577000.0,480105.0,009150
2026-10-02,360500.0,372000.0,357500.0,369000.0,210285.0,373220
2026-10-02,346500.0,348000.0,343500.0,347000.0,451604.0,005380
2026-10-02,1428000.0,1429000.0,1350000.0,1366000.0,51556.0,207940
2026-10-02,167000.0,170100.0,166400.0,168400.0,564592.0,105560
2026-10-02,283000.0,289000.0,281000.0,288000.0,183046.0,032830
2026-10-02,342500.0,347000.0,338000.0,347000.0,223341.0,028260
2026-10-02,1038000.0,1079000.0,1025000.0,1069000.0,105107.0,012450
2026-10-02,82100.0,82300.0,80400.0,81400.0,1806290.0,034020
2026-10-02,103700.0,105900.0,103700.0,105900.0,720780.0,055550
2026-10-02,429500.0,431500.0,420500.0,426000.0,212914.0,329180
2026-10-02,111800.0,113200.0,110600.0,113200.0,780472.0,000270
2026-10-02,512000.0,530000.0,508000.0,529000.0,235435.0,006400
2026-10-02,183000.0,183750.0,180600.0,182600.0,303612.0,068270
2026-10-02,585000.0,585000.0,567000.0,578000.0,89870.0,034730
2026-10-02,128800.0,130000.0,127200.0,129600.0,396097.0,086790
2026-10-02,211500.0,216500.0,208500.0,215500.0,395945.0,066570
2026-10-02,379000.0,385500.0,375000.0,385500.0,162623.0,012330
2026-10-02,208500.0,210500.0,205500.0,209000.0,289926.0,010120
2026-10-02,192800.0,193100.0,191000.0,192200.0,436417.0,035420
2026-10-02,628000.0,631000.0,619000.0,629000.0,41591.0,000810
2026-10-02,2802000.0,2810000.0,2765000.0,2790000.0,24554.0,298040
2026-10-02,274500.0,281000.0,267500.0,272000.0,658461.0,042700
2026-10-02,142100.0,154700.0,140700.0,151300.0,1199550.0,096770
2026-10-02,33350.0,33750.0,33050.0,33750.0,2930108.0,316140
2026-10-02,306500.0,312000.0,304500.0,311500.0,168229.0,005490
2026-10-02,664000.0,679000.0,659000.0,678000.0,104822.0,267260
2026-10-02,78600.0,78800.0,77800.0,78700.0,535759.0,042660
2026-10-02,324500.0,326500.0,317000.0,326500.0,97035.0,009540
2026-10-02,1069000.0,1087000.0,1066000.0,1083000.0,9625.0,010130
2026-10-02,1384000.0,1384000.0,1286000.0,1338000.0,152860.0,000150
2026-10-02,127800.0,129900.0,127200.0,128800.0,93978.0,138040
2026-10-02,21100.0,21550.0,21100.0,21400.0,785203.0,011200
2026-10-02,30200.0,30250.0,29800.0,30100.0,647691.0,015760
2026-10-02,88200.0,89600.0,87300.0,88600.0,575006.0,017670
2026-10-02,153900.0,166800.0,153500.0,164900.0,466323.0,010950
2026-10-02,255500.0,263000.0,252500.0,262000.0,129176.0,051910
2026-10-02,175200.0,176900.0,174300.0,176800.0,146149.0,033780
2026-10-02,19760.0,19980.0,19640.0,19920.0,1922545.0,010140
2026-10-02,31750.0,31750.0,31050.0,31600.0,644610.0,006800
2026-10-02,221000.0,221500.0,215500.0,219000.0,111681.0,018260
2026-10-02,110500.0,111800.0,108800.0,111400.0,103265.0,003550
2026-10-02,724000.0,765000.0,717000.0,759000.0,94362.0,079550
2026-10-02,182400.0,188500.0,180900.0,186800.0,228889.0,003670
2026-10-02,20200.0,20450.0,20150.0,20300.0,585232.0,024110
2026-10-02,198700.0,201500.0,198000.0,200500.0,148361.0,267250
2026-10-02,78000.0,83000.0,77100.0,82000.0,942564.0,272210
2026-10-02,198400.0,201500.0,196700.0,201000.0,90292.0,086280
2026-10-02,33550.0,33600.0,33050.0,33400.0,1164476.0,035720
2026-10-02,370500.0,376000.0,363500.0,367000.0,175776.0,278470
2026-10-02,580000.0,580000.0,560000.0,574000.0,157131.0,011070
2026-10-02,51700.0,52200.0,51600.0,52000.0,156297.0,030200
2026-10-02,127300.0,133500.0,126800.0,133300.0,257487.0,047810
2026-10-02,116100.0,116200.0,113000.0,114700.0,705754.0,000720
2026-10-02,112600.0,116600.0,112300.0,115800.0,441757.0,064350
2026-10-02,184400.0,184500.0,179600.0,182500.0,94314.0,005830
2026-10-02,30900.0,31150.0,30250.0,30850.0,1868125.0,003490
2026-10-02,379000.0,385500.0,374000.0,383500.0,35419.0,307950
2026-10-02,236500.0,238500.0,231000.0,234500.0,61956.0,443060
2026-10-02,179400.0,181200.0,176100.0,180400.0,137029.0,071050
2026-10-02,55800.0,57300.0,55500.0,56600.0,413878.0,047050
2026-10-02,26700.0,26950.0,26350.0,26850.0,338242.0,005940
2026-10-02,103700.0,107000.0,103300.0,105100.0,390440.0,078930
2026-10-02,326500.0,334000.0,317000.0,327500.0,194747.0,000500
2026-10-02,19810.0,19830.0,19610.0,19730.0,630564.0,323410
2026-10-02,47500.0,47950.0,47150.0,47850.0,1065918.0,028050
2026-10-02,297500.0,300500.0,293000.0,299000.0,107849.0,006260
2026-10-02,200000.0,200000.0,195800.0,199500.0,67809.0,259960
2026-10-02,1233000.0,1245000.0,1205000.0,1215000.0,24045.0,003230
2026-10-02,367500.0,380000.0,364000.0,367500.0,25667.0,0126Z0
2026-10-02,122800.0,123700.0,119000.0,122000.0,472175.0,007660
2026-10-02,133100.0,133200.0,129500.0,132800.0,53178.0,180640
2026-10-02,34250.0,36400.0,33700.0,36100.0,5534468.0,009830
2026-10-02,90100.0,91000.0,89100.0,90300.0,176031.0,016360
2026-10-02,136000.0,136800.0,129300.0,132500.0,192984.0,090430
2026-10-02,58800.0,60100.0,58200.0,60000.0,127236.0,161390
2026-10-02,149400.0,154200.0,143500.0,149200.0,1108856.0,353200
2026-10-02,17760.0,17760.0,17450.0,17690.0,3166858.0,047040
2026-10-02,99200.0,102400.0,98400.0,102400.0,107030.0,021240
2026-10-02,70200.0,72000.0,69500.0,72000.0,368239.0,064400
2026-10-02,217500.0,227000.0,211500.0,227000.0,430010.0,062040
2026-10-02,124500.0,129500.0,123400.0,127600.0,72270.0,000880
2026-10-02,262000.0,262000.0,254500.0,259000.0,59085.0,039490
2026-10-02,157200.0,157600.0,153300.0,155400.0,144963.0,352820
2026-10-02,501000.0,507000.0,492500.0,504000.0,55128.0,128940
2026-10-02,14460.0,14630.0,14450.0,14570.0,377603.0,032640
2026-10-02,30500.0,31800.0,30050.0,31500.0,3577789.0,001440
2026-10-02,142000.0,144500.0,139100.0,141300.0,317918.0,000990
2026-10-02,176600.0,176700.0,174200.0,175800.0,81012.0,005387
2026-10-02,76700.0,76800.0,75100.0,76400.0,64206.0,326030
2026-10-02,118700.0,118900.0,116000.0,118000.0,351346.0,267270
2026-10-02,75200.0,75200.0,73300.0,74200.0,120454.0,000100
2026-10-02,40200.0,40450.0,39700.0,40150.0,98054.0,377300
2026-10-02,28350.0,29200.0,28350.0,29000.0,269416.0,175330
2026-10-02,54900.0,55500.0,54500.0,55500.0,83081.0,241560
2026-10-02,104100.0,113800.0,103500.0,106800.0,628414.0,011790
2026-10-02,232000.0,244500.0,229000.0,244500.0,190012.0,036570
2026-10-02,15860.0,16180.0,15790.0,16020.0,516011.0,138930
2026-10-02,41850.0,42300.0,41600.0,42200.0,42880.0,029780
2026-10-02,125300.0,128400.0,124200.0,126700.0,245905.0,052690
2026-10-02,71500.0,73400.0,70700.0,73100.0,371254.0,454910
2026-10-02,9750.0,9840.0,9750.0,9820.0,424912.0,088980
2026-10-02,111900.0,115800.0,110100.0,114100.0,360458.0,066970
2026-10-02,5270.0,5330.0,5190.0,5320.0,2115062.0,088350
2026-10-02,222000.0,239500.0,219500.0,236000.0,384807.0,010060
2026-10-02,8510.0,8640.0,8480.0,8570.0,2139890.0,034220
2026-10-02,105900.0,107500.0,104550.0,105700.0,106030.0,271560
2026-10-02,88500.0,88500.0,85100.0,86000.0,654554.0,103590
2026-10-02,273000.0,274000.0,263500.0,271500.0,56820.0,051900
2026-10-02,47250.0,47850.0,46500.0,47650.0,296392.0,001450
2026-10-02,472000.0,473000.0,465000.0,472000.0,10450.0,002380
2026-10-02,48750.0,49350.0,48000.0,48600.0,382908.0,082740
2026-10-02,30100.0,30350.0,29700.0,30100.0,462524.0,004020
2026-10-02,175700.0,175900.0,173000.0,175400.0,31805.0,005385
2026-10-02,3650.0,3867.0,3610.0,3840.0,18945142.0,018880
2026-10-02,131700.0,132000.0,130000.0,131000.0,48555.0,001040
2026-10-02,52600.0,55700.0,51000.0,55000.0,162367.0,008930
2026-10-02,5940.0,6430.0,5930.0,6250.0,4854631.0,028670
2026-10-02,35050.0,36100.0,34800.0,35850.0,194155.0,036460
2026-10-02,146600.0,148700.0,132000.0,137100.0,689017.0,161890
2026-10-02,83000.0,84200.0,82200.0,84100.0,35477.0,012750
2026-10-02,20550.0,21150.0,20350.0,20950.0,208174.0,022100
2026-10-02,332500.0,333000.0,327000.0,332000.0,49671.0,004170
2026-10-02,280500.0,285000.0,257000.0,271000.0,127719.0,192820
2026-10-02,14300.0,14680.0,14200.0,14330.0,181612.0,035250
2026-10-02,44800.0,46000.0,44250.0,45950.0,408327.0,336260
2026-10-02,276000.0,284000.0,269000.0,277500.0,68632.0,014680
2026-10-02,69600.0,69700.0,66100.0,67300.0,63523.0,111770
2026-10-02,18400.0,18740.0,18290.0,18680.0,221889.0,139130
2026-10-02,117100.0,117900.0,115700.0,117500.0,30400.0,011780
2026-10-02,49650.0,51700.0,49300.0,50500.0,104270.0,007340
2026-10-02,42650.0,42650.0,39800.0,42250.0,28978.0,031210
2026-10-02,35250.0,35400.0,34550.0,35250.0,145939.0,251270
2026-10-02,75700.0,75800.0,73700.0,75700.0,241340.0,375500
2026-10-02,101200.0,102500.0,99200.0,101800.0,60274.0,023530
2026-10-02,37100.0,37150.0,36050.0,36500.0,46272.0,302440
2026-10-02,72400.0,73400.0,71900.0,73100.0,70964.0,017800
2026-10-02,33000.0,33300.0,31750.0,33150.0,1142778.0,006360
2026-10-02,26100.0,27850.0,26050.0,27550.0,237234.0,026960
2026-10-02,36700.0,39100.0,36350.0,38200.0,522347.0,450080
2026-10-02,179100.0,179800.0,177100.0,179600.0,21886.0,097950
2026-10-02,43500.0,51900.0,43200.0,51100.0,1399138.0,020150
2026-10-02,69200.0,69800.0,68600.0,69200.0,24470.0,383220
2026-10-02,158200.0,158500.0,153000.0,158000.0,9396.0,004800
2026-10-02,19250.0,19680.0,18510.0,19480.0,49609.0,085620
2026-10-02,62000.0,62100.0,58800.0,60900.0,133587.0,011170
2026-10-02,52400.0,53000.0,50600.0,51400.0,210811.0,489790
2026-10-02,14400.0,14410.0,14120.0,14400.0,130073.0,003690
2026-10-02,79300.0,82100.0,77400.0,81900.0,369967.0,457190
2026-10-02,404000.0,404500.0,394500.0,402000.0,12192.0,004370
2026-10-02,52100.0,52500.0,50900.0,52500.0,40235.0,005850
2026-10-02,48050.0,48850.0,45450.0,46400.0,261279.0,009420
2026-10-02,25250.0,25550.0,25050.0,25450.0,32081.0,000240
2026-10-02,23750.0,23900.0,23550.0,23900.0,43041.0,004990
2026-10-02,54500.0,56800.0,54300.0,55300.0,417600.0,112610
2026-10-02,12600.0,12910.0,12440.0,12690.0,459958.0,005440
2026-10-02,184700.0,186200.0,181000.0,183400.0,57269.0,483650
2026-10-02,139300.0,139900.0,136300.0,139400.0,13841.0,001720
2026-10-02,46300.0,47300.0,46150.0,47300.0,145634.0,204320
2026-10-02,240500.0,244500.0,238000.0,239500.0,7262.0,018670
2026-10-02,78000.0,79800.0,77100.0,79100.0,84494.0,103140
2026-10-02,127300.0,130500.0,125500.0,128000.0,33199.0,282330
2026-10-02,5400.0,5510.0,5370.0,5390.0,358369.0,279570
2026-10-02,18780.0,18990.0,18650.0,18770.0,210569.0,030000
2026-10-02,162300.0,172800.0,158200.0,164600.0,9442.0,009970
2026-10-02,37750.0,39700.0,37350.0,39050.0,111049.0,081660
2026-10-02,66500.0,67400.0,64600.0,66900.0,233625.0,229640
2026-10-02,44300.0,45100.0,44000.0,45050.0,83430.0,051600
2026-10-02,82600.0,87800.0,79000.0,82900.0,935221.0,007810
2026-10-02,71200.0,72000.0,70500.0,72000.0,72916.0,139480
2026-10-02,6860.0,6980.0,6860.0,6890.0,498175.0,073240
2026-10-02,25850.0,26000.0,24600.0,25300.0,157988.0,002790
2026-10-02,89000.0,89800.0,87500.0,88800.0,55212.0,069960
2026-10-02,50900.0,51800.0,49800.0,51400.0,111763.0,089860
2026-10-02,22200.0,22300.0,21750.0,22200.0,68875.0,007070
2026-10-02,57000.0,58000.0,56100.0,57300.0,132766.0,181710
2026-10-02,91500.0,93000.0,88100.0,92100.0,155962.0,281820
2026-10-02,31150.0,31300.0,30650.0,31000.0,25346.0,462870
2026-10-02,471000.0,471000.0,435500.0,451000.0,13820.0,000155
2026-10-02,15650.0,16470.0,15390.0,16400.0,5427377.0,093370
2026-10-02,46000.0,46450.0,45600.0,46050.0,19772.0,439260
2026-10-02,42050.0,44100.0,41750.0,43850.0,146065.0,001120
2026-10-02,49450.0,50300.0,49100.0,49800.0,576745.0,475150
2026-10-02,8350.0,8350.0,8140.0,8220.0,57120.0,020560
2026-10-02,55100.0,56400.0,54600.0,56400.0,86607.0,120110
2026-10-02,46950.0,47450.0,46200.0,46900.0,65124.0,001430
2026-10-02,48600.0,49200.0,48050.0,49050.0,98826.0,071970
2026-10-02,38500.0,38700.0,37650.0,37950.0,30212.0,023590
2026-10-02,158100.0,159900.0,154800.0,157800.0,607042.0,001820
2026-10-02,70400.0,70800.0,69600.0,70700.0,33255.0,000120
2026-10-02,5260.0,5330.0,5220.0,5300.0,169394.0,395400
2026-10-02,35400.0,35450.0,34900.0,35450.0,16490.0,006040
2026-10-02,44750.0,47300.0,44400.0,47100.0,292753.0,005070
2026-10-02,131400.0,141600.0,130300.0,139200.0,401008.0,322000
2026-10-02,39200.0,39800.0,38900.0,39400.0,115760.0,008770
2026-10-02,522000.0,527000.0,515000.0,525000.0,8843.0,009155
2026-10-02,129100.0,129800.0,124300.0,126600.0,14875.0,006280
2026-10-02,22700.0,22700.0,22200.0,22350.0,63883.0,294870
2026-10-02,16400.0,17850.0,16340.0,17760.0,655822.0,361610
2026-10-02,52600.0,53300.0,51800.0,53300.0,37635.0,011210
2026-10-02,24550.0,24750.0,23350.0,23500.0,122383.0,012630
2026-10-02,22900.0,23150.0,22750.0,23100.0,43891.0,001800
2026-10-02,15000.0,15400.0,14920.0,15330.0,216690.0,097230
2026-10-02,6460.0,6610.0,6360.0,6520.0,955783.0,001740
2026-10-02,10240.0,10250.0,9940.0,10190.0,335975.0,00680K
2026-10-02,73000.0,75100.0,73000.0,75000.0,43058.0,066575
2026-10-02,314500.0,328000.0,312500.0,318000.0,2100.0,007310
2026-10-02,110900.0,110900.0,106900.0,109300.0,15122.0,069620
2026-10-02,10050.0,10100.0,9990.0,10040.0,38607.0,415640
2026-10-02,58500.0,59100.0,57600.0,57800.0,19970.0,192080
2026-10-02,25450.0,25550.0,25200.0,25450.0,15555.0,003540
2026-10-02,41200.0,43900.0,40850.0,42500.0,1285976.0,003160
2026-10-02,275000.0,276000.0,270000.0,274500.0,21241.0,298020
2026-10-02,16200.0,16200.0,16020.0,16100.0,24926.0,300720
2026-10-02,395000.0,395000.0,386500.0,392000.0,8587.0,000815
2026-10-02,65700.0,68200.0,65100.0,67600.0,47956.0,006120
2026-10-02,4000.0,4065.0,3960.0,4055.0,149698.0,330590
2026-10-02,9970.0,10000.0,9880.0,9970.0,11407.0,030610
2026-10-02,67100.0,69200.0,63900.0,65500.0,187910.0,195870
2026-10-02,42700.0,43000.0,42350.0,42850.0,23742.0,004000
2026-10-02,121100.0,122400.0,118200.0,120100.0,13597.0,280360
2026-10-02,30450.0,33100.0,30000.0,32850.0,217038.0,003570
2026-10-02,20350.0,20800.0,20250.0,20650.0,115348.0,017960
2026-10-02,13250.0,13500.0,13130.0,13430.0,1966854.0,006340
2026-10-02,14760.0,14820.0,14680.0,14810.0,31085.0,000080
2026-10-02,48600.0,48900.0,47700.0,48700.0,29732.0,000210
2026-10-02,4630.0,4750.0,4605.0,4675.0,960694.0,003530
2026-10-02,905000.0,905000.0,872000.0,892000.0,1590.0,003240
2026-10-02,5230.0,5640.0,5230.0,5370.0,72077.0,451800
2026-10-02,16230.0,16680.0,16160.0,16460.0,86444.0,030190
2026-10-02,26950.0,27150.0,26750.0,26950.0,6213.0,192400
2026-10-02,60000.0,65300.0,59400.0,62900.0,261585.0,006110
2026-10-02,39200.0,39750.0,38700.0,39550.0,22829.0,009240
2026-10-02,78500.0,79500.0,78300.0,79500.0,10165.0,071320
2026-10-02,22600.0,22900.0,22350.0,22750.0,76206.0,077970
2026-10-02,65500.0,65500.0,64500.0,65300.0,11871.0,185750
2026-10-02,50900.0,52000.0,50600.0,51900.0,28238.0,285130
2026-10-02,114400.0,117000.0,113600.0,116300.0,12319.0,051915
2026-10-02,61900.0,61900.0,60700.0,61300.0,25035.0,009450
2026-10-02,15590.0,15780.0,15160.0,15310.0,55924.0,003090
2026-10-02,95500.0,96500.0,94500.0,95500.0,6842.0,005300
2026-10-02,11590.0,11600.0,10610.0,10910.0,1301611.0,032350
2026-10-02,9440.0,9580.0,9060.0,9390.0,294435.0,034230
2026-10-02,61900.0,62600.0,61200.0,62200.0,38190.0,004490
2026-10-02,7260.0,7380.0,7140.0,7380.0,270030.0,000370
2026-10-02,4360.0,4380.0,4305.0,4345.0,180855.0,003470
2026-10-02,142300.0,142900.0,141100.0,142900.0,7275.0,071055
2026-10-02,5020.0,5980.0,4940.0,5010.0,218692.0,079160
2026-10-02,15730.0,17290.0,15520.0,16710.0,1237252.0,248070
2026-10-02,3095.0,3120.0,3060.0,3120.0,120390.0,365550
2026-10-02,6260.0,6340.0,6230.0,6340.0,64355.0,137310
2026-10-02,38250.0,38250.0,37100.0,38150.0,67153.0,499790
2026-10-02,12070.0,12120.0,11880.0,12030.0,320634.0,100090
2026-10-02,40300.0,41250.0,39900.0,40600.0,20256.0,000670
2026-10-02,12630.0,12710.0,12180.0,12400.0,946380.0,005690
2026-10-02,45550.0,45650.0,45200.0,45500.0,4886.0,036530
2026-10-02,83900.0,85300.0,82750.0,83700.0,43932.0,005180
2026-10-02,161600.0,163200.0,160500.0,163200.0,5670.0,298050
2026-10-02,7780.0,7880.0,7780.0,7870.0,30705.0,094800
2026-10-02,8420.0,8510.0,8340.0,8500.0,35743.0,003850
2026-10-02,18290.0,18290.0,18090.0,18190.0,35371.0,214320
2026-10-02,36650.0,36700.0,35750.0,36650.0,109921.0,100840
2026-10-02,26900.0,28300.0,26650.0,26950.0,38569.0,064960
2026-10-02,23700.0,24300.0,23550.0,24200.0,45964.0,093050
2026-10-02,20550.0,21050.0,20300.0,20850.0,532307.0,090460
2026-10-02,2100.0,2170.0,2090.0,2155.0,1740471.0,005880
2026-10-02,2135.0,2285.0,2130.0,2230.0,1055714.0,000400
2026-10-02,47300.0,49000.0,47150.0,47500.0,59447.0,005090
2026-10-02,516000.0,520000.0,516000.0,517000.0,269.0,002960
2026-10-02,5610.0,5610.0,5490.0,5550.0,104656.0,293940
2026-10-02,73600.0,74600.0,72700.0,74100.0,35070.0,456040
2026-10-02,15830.0,16000.0,15730.0,15990.0,28959.0,069260
2026-10-02,126100.0,134800.0,124500.0,129100.0,831.0,268280
2026-10-02,11780.0,12390.0,11620.0,12070.0,1361335.0,004710
2026-10-02,44750.0,45600.0,43400.0,43650.0,9885.0,317450
2026-10-02,94300.0,96000.0,93800.0,94500.0,12659.0,000640
2026-10-02,0.0,0.0,0.0,9900.0,0.0,001570
2026-10-02,27000.0,27400.0,26600.0,26800.0,21175.0,001060
2026-10-02,9090.0,9470.0,8980.0,9400.0,1243208.0,192650
2026-10-02,21050.0,21450.0,21050.0,21350.0,15611.0,014820
2026-10-02,17740.0,17830.0,17560.0,17810.0,40157.0,001680
2026-10-02,18820.0,19040.0,18650.0,18900.0,21466.0,453340
2026-10-02,8040.0,8090.0,8000.0,8040.0,60872.0,383800
2026-10-02,8140.0,8880.0,8090.0,8730.0,336348.0,336370
2026-10-02,38300.0,38350.0,37250.0,37600.0,38840.0,108320
2026-10-02,27750.0,28300.0,27100.0,28300.0,89571.0,033240
2026-10-02,132800.0,139800.0,132800.0,135700.0,1018.0,002840
2026-10-02,87500.0,88900.0,86600.0,88700.0,8479.0,017940
2026-10-02,90600.0,91600.0,88900.0,91600.0,36689.0,006650
2026-10-02,19480.0,20400.0,19350.0,20150.0,68006.0,178920
2026-10-02,40100.0,40700.0,39950.0,40550.0,25017.0,079900
2026-10-02,38700.0,39600.0,38000.0,39400.0,14379.0,00088K
2026-10-02,5640.0,5900.0,5550.0,5720.0,446625.0,016380
2026-10-02,9980.0,10060.0,9910.0,10010.0,111307.0,075580
2026-10-02,9820.0,10000.0,9730.0,9820.0,1677338.0,017900
2026-10-02,55700.0,56300.0,55500.0,56200.0,6628.0,025540
2026-10-02,5690.0,5820.0,5680.0,5800.0,75411.0,002350
2026-10-02,24900.0,25000.0,24400.0,24800.0,9874.0,284740
2026-10-02,17400.0,18190.0,17330.0,17820.0,3102.0,003300
2026-10-02,2315.0,2380.0,2315.0,2360.0,1569341.0,001510
2026-10-02,127300.0,129100.0,126700.0,128800.0,3125.0,00104K
2026-10-02,10880.0,11050.0,10680.0,11040.0,493823.0,161000
2026-10-02,50500.0,51400.0,49900.0,51400.0,1707.0,001270
2026-10-02,37750.0,37750.0,36250.0,36950.0,8214.0,005810
2026-10-02,8720.0,8730.0,8480.0,8560.0,158153.0,114090
2026-10-02,13360.0,13430.0,13330.0,13380.0,2840.0,007700
2026-10-02,1645.0,1648.0,1607.0,1635.0,221896.0,009410
2026-10-02,130000.0,130200.0,126200.0,127800.0,566.0,058650
2026-10-02,25350.0,26100.0,24850.0,24950.0,13103.0,001530
2026-10-02,2510.0,2555.0,2500.0,2545.0,251797.0,003620
2026-10-02,17300.0,18890.0,17260.0,18520.0,175198.0,484870
2026-10-02,15940.0,16350.0,15500.0,16090.0,127645.0,008060
2026-10-02,2635.0,2655.0,2545.0,2590.0,1145009.0,452260
2026-10-02,9740.0,9990.0,9540.0,9910.0,407185.0,460860
2026-10-02,20100.0,20200.0,19930.0,20100.0,24771.0,003545
2026-10-02,9350.0,9470.0,9220.0,9310.0,111506.0,019170
2026-10-02,44900.0,45350.0,43400.0,44100.0,33974.0,029460
2026-10-02,7740.0,7830.0,7740.0,7790.0,13489.0,001500
2026-10-02,5600.0,5760.0,5560.0,5670.0,925552.0,0220W0
2026-10-02,4695.0,4720.0,4635.0,4695.0,28645.0,377740
2026-10-02,110100.0,117200.0,109000.0,115400.0,22079.0,003030
2026-10-02,46000.0,46800.0,45550.0,46250.0,3552.0,145990
2026-10-02,21300.0,22200.0,20900.0,22050.0,214039.0,020000
2026-10-02,29950.0,30100.0,29800.0,30100.0,15431.0,039130
2026-10-02,128600.0,128700.0,126100.0,127300.0,2784.0,004690
2026-10-02,14630.0,14970.0,14430.0,14530.0,136276.0,249420
2026-10-02,17090.0,17160.0,16810.0,16970.0,43383.0,002240
2026-10-02,5040.0,5040.0,4840.0,5020.0,31848.0,448730
2026-10-02,12340.0,12570.0,12140.0,12250.0,920163.0,002990
2026-10-02,9740.0,9800.0,9650.0,9700.0,29703.0,005250
2026-10-02,8460.0,8600.0,8460.0,8550.0,148633.0,009900
2026-10-02,1834.0,1866.0,1832.0,1858.0,2876162.0,003280
2026-10-02,10420.0,10510.0,10350.0,10500.0,26803.0,016610
2026-10-02,57600.0,57800.0,56000.0,57300.0,22082.0,000070
2026-10-02,14570.0,18440.0,14310.0,18440.0,5833870.0,217590
2026-10-02,66300.0,67900.0,66300.0,66600.0,533.0,004700
2026-10-02,11770.0,11950.0,11730.0,11880.0,6487.0,034310
2026-10-02,147400.0,156000.0,146400.0,153700.0,21079.0,306200
2026-10-02,15000.0,15000.0,14560.0,14660.0,92025.0,010780
2026-10-02,10560.0,11240.0,10540.0,11230.0,160940.0,005420
2026-10-02,10880.0,11630.0,10880.0,11280.0,35706.0,403550
2026-10-02,11420.0,11790.0,11250.0,11750.0,49825.0,271940
2026-10-02,22400.0,22550.0,22250.0,22500.0,24835.0,005945
2026-10-02,40950.0,40950.0,39500.0,40150.0,16059.0,090435
2026-10-02,206000.0,208000.0,201000.0,203000.0,1246.0,002030
2026-10-02,89100.0,91700.0,88700.0,89200.0,737.0,072710
2026-10-02,60200.0,61500.0,59800.0,61100.0,7680.0,014830
2026-10-02,4165.0,4230.0,4080.0,4120.0,207832.0,003000
2026-10-02,2020.0,2080.0,1989.0,2020.0,900631.0,012030
2026-10-02,18890.0,20250.0,18740.0,19940.0,677973.0,011930
2026-10-02,12350.0,12490.0,12250.0,12410.0,145258.0,130660
2026-10-02,173300.0,173500.0,171900.0,173000.0,2010.0,005389
2026-10-02,4095.0,4250.0,4055.0,4080.0,41571.0,357120
2026-10-02,4085.0,4110.0,4055.0,4095.0,182309.0,001200
2026-10-02,21650.0,21650.0,20900.0,21100.0,12894.0,002810
2026-10-02,9730.0,10100.0,9570.0,9990.0,540732.0,317400
2026-10-02,14700.0,14860.0,14690.0,14700.0,9810.0,015360
2026-10-02,23700.0,24300.0,23550.0,24100.0,8334.0,344820
2026-10-02,95800.0,100000.0,94200.0,96900.0,1053.0,092230
2026-10-02,39100.0,39200.0,38450.0,38700.0,2990.0,029530
2026-10-02,12560.0,13080.0,12510.0,12850.0,49933.0,194370
2026-10-02,3395.0,3440.0,3370.0,3410.0,34981.0,126560
2026-10-02,6100.0,6270.0,6000.0,6170.0,16233.0,950210
2026-10-02,9360.0,9360.0,9050.0,9180.0,10103.0,016590
2026-10-02,14810.0,14970.0,14640.0,14850.0,29655.0,008730
2026-10-02,10660.0,10660.0,10300.0,10490.0,121058.0,031430
2026-10-02,10210.0,10220.0,10070.0,10180.0,21377.0,183190
2026-10-02,9550.0,9720.0,9510.0,9670.0,98529.0,006220
2026-10-02,7220.0,7820.0,7220.0,7400.0,112622.0,015860
2026-10-02,13890.0,14160.0,13790.0,14020.0,425338.0,092790
2026-10-02,4575.0,4575.0,4475.0,4520.0,159020.0,089590
2026-10-02,25750.0,25750.0,24900.0,25650.0,4081.0,001940
2026-10-02,41200.0,42450.0,41150.0,41950.0,5359.0,005610
2026-10-02,49400.0,49700.0,47500.0,48450.0,22793.0,0120G0
2026-10-02,3690.0,3790.0,3675.0,3725.0,42339.0,027410
2026-10-02,13600.0,13900.0,13210.0,13590.0,507467.0,002710
2026-10-02,37800.0,38800.0,37750.0,38450.0,11553.0,007690
2026-10-02,82900.0,89500.0,81700.0,87700.0,32493.0,010955
2026-10-02,8700.0,8830.0,8700.0,8780.0,34370.0,105630
2026-10-02,16700.0,16880.0,15210.0,15470.0,936723.0,003350
2026-10-02,38300.0,38500.0,37950.0,38350.0,9422.0,060980
2026-10-02,9490.0,9490.0,9320.0,9390.0,30456.0,104700
2026-10-02,206000.0,211500.0,205500.0,211500.0,1586.0,006405
2026-10-02,6140.0,6490.0,6100.0,6490.0,155210.0,005720
2026-10-02,19500.0,19770.0,19290.0,19530.0,36465.0,097520
2026-10-02,35350.0,35500.0,34700.0,34900.0,3789.0,170900
2026-10-02,8780.0,8800.0,8700.0,8750.0,15796.0,017810
2026-10-02,38250.0,39100.0,37850.0,38650.0,24257.0,145720
2026-10-02,25200.0,25400.0,24650.0,25000.0,17569.0,011760
2026-10-02,6570.0,6670.0,6480.0,6580.0,137178.0,009290
2026-10-02,225500.0,225500.0,219000.0,222500.0,3218.0,02826K
2026-10-02,369000.0,370000.0,353000.0,364000.0,259.0,000157
2026-10-02,4370.0,4395.0,4255.0,4395.0,45788.0,096760
2026-10-02,4990.0,4990.0,4875.0,4930.0,25799.0,009160
2026-10-02,6430.0,6630.0,6400.0,6540.0,556269.0,010820
2026-10-02,9420.0,9430.0,9150.0,9290.0,23628.0,024720
2026-10-02,2020.0,2070.0,2000.0,2030.0,394279.0,001230
2026-10-02,7860.0,7900.0,7770.0,7900.0,25825.0,002310
2026-10-02,100700.0,100700.0,96900.0,97700.0,5764.0,005430
2026-10-02,5900.0,5960.0,5830.0,5910.0,51597.0,272450
2026-10-02,7890.0,8140.0,7810.0,7920.0,34608.0,026890
2026-10-02,21400.0,21750.0,21400.0,21450.0,13304.0,126720
2026-10-02,6250.0,6320.0,6220.0,6270.0,13447.0,381970
2026-10-02,24000.0,24150.0,23400.0,23650.0,23975.0,002020
2026-10-02,8540.0,8750.0,8090.0,8230.0,270776.0,020120
2026-10-02,11050.0,11280.0,10950.0,11280.0,29159.0,200880
2026-10-02,8760.0,8930.0,8620.0,8860.0,256441.0,084010
2026-10-02,11380.0,11880.0,11290.0,11560.0,379875.0,005950
2026-10-02,6040.0,6070.0,5970.0,6030.0,147177.0,025860
2026-10-02,33250.0,33650.0,32700.0,33400.0,21870.0,108670
2026-10-02,11170.0,11330.0,11170.0,11220.0,22474.0,018250
2026-10-02,2420.0,2430.0,2385.0,2410.0,122377.0,123890
2026-10-02,22050.0,22300.0,21950.0,22150.0,4705.0,003120
2026-10-02,19100.0,19220.0,19070.0,19190.0,2044.0,001750
2026-10-02,7860.0,7910.0,7770.0,7850.0,13425.0,084690
2026-10-02,1130.0,1132.0,1116.0,1124.0,202263.0,034830
2026-10-02,4220.0,4250.0,4190.0,4235.0,56717.0,001390
2026-10-02,4660.0,4660.0,4480.0,4535.0,109172.0,000430
2026-10-02,17640.0,17790.0,17510.0,17640.0,18070.0,033270
2026-10-02,11210.0,11580.0,11150.0,11550.0,92654.0,004430
2026-10-02,13500.0,13720.0,13260.0,13690.0,264031.0,105840
2026-10-02,24750.0,24800.0,23850.0,24000.0,1507.0,016800
2026-10-02,4600.0,4655.0,4520.0,4600.0,271157.0,058430
2026-10-02,12350.0,12550.0,12060.0,12200.0,18990.0,244920
2026-10-02,11230.0,11350.0,10890.0,10990.0,60838.0,078520
2026-10-02,8160.0,8240.0,8120.0,8200.0,53218.0,122900
2026-10-02,12000.0,12170.0,11760.0,11950.0,97517.0,044450
2026-10-02,8510.0,8560.0,8320.0,8400.0,522815.0,004310
2026-10-02,7550.0,7800.0,7550.0,7670.0,194893.0,010690
2026-10-02,54400.0,65000.0,53600.0,54000.0,4590.0,017390
2026-10-02,2610.0,2620.0,2575.0,2615.0,29986.0,091810
2026-10-02,6430.0,6500.0,6330.0,6440.0,260592.0,002900
2026-10-02,17390.0,17390.0,17270.0,17340.0,6392.0,286940
2026-10-02,34000.0,34200.0,33650.0,33950.0,13383.0,037710
2026-10-02,13250.0,13450.0,13160.0,13450.0,16851.0,004360
2026-10-02,19490.0,19490.0,18970.0,19090.0,41276.0,005500
2026-10-02,3625.0,3685.0,3605.0,3660.0,31897.0,334890
2026-10-02,12500.0,12740.0,12400.0,12570.0,15512.0,005680
2026-10-02,2310.0,2310.0,2225.0,2240.0,333589.0,010580
2026-10-02,27450.0,27450.0,26900.0,27100.0,2061.0,003960
2026-10-02,10660.0,10810.0,10660.0,10800.0,21496.0,003200
2026-10-02,1634.0,1677.0,1622.0,1639.0,215268.0,432320
2026-10-02,2835.0,3030.0,2780.0,2975.0,1311292.0,001250
2026-10-02,1513.0,1515.0,1500.0,1504.0,42064.0,298690
2026-10-02,2790.0,2880.0,2765.0,2815.0,60335.0,001790
2026-10-02,15310.0,15600.0,15210.0,15560.0,23662.0,002320
2026-10-02,10050.0,10170.0,9960.0,10130.0,24606.0,136490
2026-10-02,3925.0,3935.0,3840.0,3900.0,44124.0,404990
2026-10-02,25500.0,26000.0,23550.0,25000.0,33487.0,044820
2026-10-02,42100.0,43400.0,41950.0,42250.0,4842.0,003920
2026-10-02,48000.0,48250.0,46850.0,47800.0,1328.0,007160
2026-10-02,5150.0,5300.0,5110.0,5280.0,141253.0,001340
2026-10-02,2975.0,2995.0,2930.0,2995.0,84451.0,000680
2026-10-02,10650.0,10720.0,10580.0,10710.0,10511.0,226320
2026-10-02,20200.0,20500.0,19990.0,20300.0,8128.0,008490
2026-10-02,3835.0,3895.0,3805.0,3855.0,33097.0,030210
2026-10-02,3845.0,4080.0,3760.0,3920.0,16244.0,0030R0
2026-10-02,0.0,0.0,0.0,1182.0,0.0,348950
2026-10-02,56100.0,56800.0,55700.0,56100.0,4818.0,025000
2026-10-02,14550.0,15150.0,14400.0,14870.0,152172.0,011500
2026-10-02,9160.0,9280.0,9060.0,9140.0,10967.0,003070
2026-10-02,8300.0,8640.0,8110.0,8350.0,489152.0,025560
2026-10-02,12450.0,13120.0,12450.0,13040.0,179458.0,017860
2026-10-02,1188.0,1215.0,1175.0,1187.0,295417.0,900140
2026-10-02,21600.0,21600.0,20500.0,20800.0,118499.0,053690
2026-10-02,0.0,0.0,0.0,5820.0,0.0,001470
2026-10-02,10680.0,10720.0,10220.0,10450.0,298998.0,077500
2026-10-02,3980.0,4095.0,3930.0,4010.0,379305.0,005010
2026-10-02,5710.0,5880.0,5620.0,5770.0,166084.0,092200
2026-10-02,35400.0,35900.0,35250.0,35900.0,800.0,001460
2026-10-02,19760.0,20200.0,19630.0,19860.0,16901.0,028100
2026-10-02,10060.0,10130.0,10060.0,10130.0,6860.0,134380
2026-10-02,3385.0,3695.0,3335.0,3435.0,46750.0,000540
2026-10-02,7550.0,7670.0,7550.0,7650.0,69086.0,000490
2026-10-02,6430.0,6660.0,6400.0,6470.0,164129.0,003720
2026-10-02,10050.0,10090.0,10030.0,10050.0,8208.0,009680
2026-10-02,7950.0,7960.0,7870.0,7960.0,14538.0,000050
2026-10-02,15350.0,15650.0,15300.0,15450.0,83907.0,035510
2026-10-02,11710.0,11710.0,11500.0,11610.0,7542.0,034120
2026-10-02,123000.0,123000.0,121000.0,123000.0,1947.0,003650
2026-10-02,14310.0,14480.0,14260.0,14390.0,13302.0,475560
2026-10-02,374000.0,374500.0,372000.0,374000.0,164.0,03473K
2026-10-02,7460.0,7460.0,7300.0,7420.0,15619.0,033920
2026-10-02,10360.0,10560.0,10360.0,10480.0,11918.0,035150
2026-10-02,3245.0,3285.0,3185.0,3255.0,29514.0,088260
2026-10-02,15530.0,15990.0,15410.0,15510.0,4874.0,000320
2026-10-02,53100.0,54300.0,52700.0,53900.0,12758.0,298000
2026-10-02,4295.0,4320.0,4235.0,4320.0,9187.0,000480
2026-10-02,67600.0,67600.0,66700.0,67000.0,1862.0,003555
2026-10-02,141600.0,144600.0,139800.0,140700.0,1376.0,000650
2026-10-02,8220.0,8290.0,8120.0,8160.0,69539.0,004980
2026-10-02,3110.0,3120.0,3060.0,3100.0,79090.0,037270
2026-10-02,93300.0,94400.0,92100.0,93500.0,7417.0,051905
2026-10-02,7020.0,7130.0,7020.0,7100.0,57666.0,117580
2026-10-02,3075.0,3075.0,3030.0,3045.0,23668.0,100250
2026-10-02,7400.0,7490.0,7380.0,7490.0,1304.0,039570
2026-10-02,4285.0,4300.0,4230.0,4280.0,47480.0,095570
2026-10-02,3865.0,4080.0,3840.0,3875.0,23971.0,339770
2026-10-02,8230.0,8520.0,8160.0,8430.0,25992.0,005960
2026-10-02,7100.0,7170.0,7000.0,7100.0,27724.0,000390
2026-10-02,21400.0,22000.0,21200.0,21550.0,36838.0,013580
2026-10-02,1050.0,1077.0,1039.0,1052.0,249225.0,003520
2026-10-02,4000.0,4030.0,3970.0,4005.0,17162.0,053210
2026-10-02,3715.0,3760.0,3690.0,3750.0,66236.0,102260
2026-10-02,6300.0,6300.0,6000.0,6090.0,3749.0,002420
2026-10-02,10110.0,10250.0,10040.0,10180.0,28179.0,016580
2026-10-02,4090.0,4220.0,4085.0,4185.0,60295.0,128820
2026-10-02,10230.0,10410.0,9960.0,10130.0,30218.0,102460
2026-10-02,11070.0,11150.0,10980.0,11090.0,5651.0,001130
2026-10-02,8230.0,8640.0,8150.0,8640.0,99722.0,000520
2026-10-02,37450.0,37750.0,37100.0,37400.0,1552.0,001630
2026-10-02,12440.0,12730.0,12310.0,12360.0,16250.0,004560
2026-10-02,50500.0,51300.0,49250.0,49950.0,2639.0,487570
2026-10-02,19340.0,19340.0,19170.0,19300.0,1363.0,003547
2026-10-02,6750.0,6840.0,6700.0,6810.0,25153.0,033530
2026-10-02,27250.0,27700.0,27100.0,27600.0,47621.0,009470
2026-10-02,7750.0,7780.0,7550.0,7750.0,12904.0,007860
2026-10-02,7810.0,7890.0,7770.0,7800.0,1447.0,000140
2026-10-02,6460.0,6630.0,6420.0,6540.0,25202.0,015230
2026-10-02,9000.0,9130.0,8960.0,9090.0,18129.0,002100
2026-10-02,7840.0,7900.0,7820.0,7890.0,7005.0,003220
2026-10-02,5450.0,5550.0,5440.0,5500.0,23863.0,003610
2026-10-02,1997.0,2000.0,1979.0,1997.0,106362.0,377190
2026-10-02,11090.0,11130.0,10950.0,11070.0,3957.0,234080
2026-10-02,0.0,0.0,0.0,4200.0,0.0,000300
2026-10-02,4330.0,4340.0,4300.0,4330.0,6303.0,016450
2026-10-02,7290.0,7320.0,7190.0,7230.0,27473.0,213500
2026-10-02,6660.0,6780.0,6500.0,6600.0,41097.0,000700
2026-10-02,2990.0,3000.0,2970.0,2990.0,5145.0,003460
2026-10-02,5010.0,5010.0,4915.0,4995.0,37326.0,002150
2026-10-02,2745.0,2845.0,2640.0,2750.0,20771.0,241590
2026-10-02,10010.0,10010.0,9580.0,9610.0,4400.0,014710
2026-10-02,7700.0,7960.0,7610.0,7840.0,18092.0,004380
2026-10-02,8000.0,8150.0,7990.0,8100.0,51819.0,090350
2026-10-02,5320.0,5430.0,5290.0,5390.0,19080.0,460850
2026-10-02,0.0,0.0,0.0,5530.0,0.0,101530
2026-10-02,1599.0,1635.0,1593.0,1627.0,310868.0,001780
2026-10-02,12060.0,12270.0,11540.0,12040.0,8728.0,000860
2026-10-02,8050.0,8200.0,7980.0,8160.0,15667.0,007570
2026-10-02,52600.0,52800.0,51400.0,51800.0,838.0,002170
2026-10-02,2820.0,2820.0,2795.0,2815.0,58074.0,400760
2026-10-02,12770.0,12900.0,12730.0,12900.0,1425.0,462520
2026-10-02,11840.0,12040.0,11800.0,11980.0,151278.0,004090
2026-10-02,6830.0,6910.0,6730.0,6890.0,13625.0,013890
2026-10-02,11390.0,11390.0,11000.0,11220.0,26183.0,006805
2026-10-02,6600.0,6680.0,6540.0,6600.0,2738.0,000970
2026-10-02,50200.0,50200.0,49200.0,49750.0,4000.0,011785
2026-10-02,66500.0,66900.0,66100.0,66400.0,933.0,001045
2026-10-02,3610.0,3665.0,3590.0,3635.0,96754.0,004150
2026-10-02,8320.0,8660.0,8280.0,8370.0,14944.0,293480
2026-10-02,21150.0,21325.0,20600.0,20850.0,6509.0,00279K
2026-10-02,9790.0,9870.0,9730.0,9800.0,10703.0,272550
2026-10-02,1835.0,1852.0,1804.0,1838.0,45864.0,016880
2026-10-02,10090.0,10340.0,9890.0,9960.0,7704.0,271980
2026-10-02,109900.0,110600.0,108500.0,109500.0,3377.0,097955
2026-10-02,109700.0,110300.0,106000.0,109400.0,144.0,003830
2026-10-02,9020.0,9190.0,8930.0,9060.0,7536.0,004970
2026-10-02,4260.0,4390.0,4260.0,4295.0,86648.0,025820
2026-10-02,5150.0,5180.0,5080.0,5100.0,24683.0,000020
2026-10-02,5950.0,6200.0,5910.0,6030.0,6101.0,071840
2026-10-02,3360.0,3510.0,3345.0,3420.0,237152.0,012610
2026-10-02,1417.0,1438.0,1323.0,1361.0,5579356.0,008970
2026-10-02,3855.0,4135.0,3855.0,4000.0,30579.0,001080
2026-10-02,4745.0,4805.0,4730.0,4770.0,20080.0,015890
2026-10-02,4735.0,4800.0,4650.0,4720.0,32646.0,003480
2026-10-02,1071.0,1110.0,1059.0,1074.0,367655.0,008350
2026-10-02,60300.0,60300.0,59700.0,59700.0,110.0,107590
2026-10-02,12000.0,12030.0,11900.0,11940.0,1605.0,094280
2026-10-02,1466.0,1500.0,1410.0,1449.0,721084.0,001360
2026-10-02,3590.0,3865.0,3590.0,3715.0,336167.0,011690
2026-10-02,14500.0,15200.0,14300.0,14460.0,3706.0,004080
2026-10-02,9290.0,9480.0,9190.0,9460.0,22468.0,081000
2026-10-02,4690.0,4700.0,4375.0,4560.0,192806.0,014280
2026-10-02,5190.0,5280.0,5110.0,5240.0,48727.0,018470
2026-10-02,11470.0,11510.0,11390.0,11510.0,1470.0,024090
2026-10-02,5440.0,5570.0,5370.0,5460.0,22669.0,214390
2026-10-02,3220.0,3340.0,3180.0,3225.0,451718.0,092220
2026-10-02,2530.0,2615.0,2510.0,2540.0,62470.0,013520
2026-10-02,2425.0,2440.0,2350.0,2380.0,139399.0,015590
2026-10-02,10980.0,11060.0,10800.0,10960.0,19318.0,004960
2026-10-02,1095.0,1136.0,1085.0,1099.0,199419.0,009270
2026-10-02,13520.0,13700.0,13380.0,13640.0,627.0,078000
2026-10-02,1297.0,1316.0,1277.0,1300.0,30877.0,002210
2026-10-02,21000.0,21650.0,20850.0,21250.0,3473.0,267290
2026-10-02,4085.0,4155.0,4085.0,4140.0,93628.0,009070
2026-10-02,13580.0,13720.0,13360.0,13720.0,1075.0,005800
2026-10-02,11090.0,11180.0,11090.0,11180.0,15986.0,210540
2026-10-02,2220.0,2275.0,2170.0,2225.0,32658.0,006060
2026-10-02,5100.0,5300.0,5010.0,5080.0,32531.0,214420
2026-10-02,1120.0,1145.0,1116.0,1137.0,195577.0,001520
2026-10-02,3790.0,3815.0,3725.0,3790.0,54635.0,089470
2026-10-02,10020.0,10030.0,9230.0,9500.0,343669.0,003010
2026-10-02,3325.0,3400.0,3250.0,3275.0,43903.0,350520
2026-10-02,8540.0,8950.0,8520.0,8740.0,1496.0,002390
2026-10-02,9480.0,10420.0,9210.0,9490.0,3880122.0,001210
2026-10-02,7300.0,7540.0,7300.0,7480.0,3540.0,002620
2026-10-02,3165.0,3295.0,3160.0,3255.0,349839.0,004100
2026-10-02,1521.0,1599.0,1505.0,1532.0,129490.0,037560
2026-10-02,3365.0,3495.0,3335.0,3395.0,75681.0,014530
2026-10-02,1840.0,1870.0,1840.0,1870.0,156496.0,017550
2026-10-02,12730.0,12950.0,12600.0,12720.0,9840.0,227840
2026-10-02,26350.0,26350.0,25950.0,26300.0,3934.0,034590
2026-10-02,5630.0,5690.0,5550.0,5660.0,12188.0,079430
2026-10-02,4030.0,4040.0,3960.0,3970.0,11529.0,016740
2026-10-02,4675.0,4830.0,4610.0,4740.0,21303.0,083420
2026-10-02,10910.0,11070.0,10850.0,11070.0,3900.0,002460
2026-10-02,32200.0,32350.0,32000.0,32000.0,633.0,023450
2026-10-02,4200.0,4350.0,4135.0,4240.0,26925.0,013570
2026-10-02,3140.0,3200.0,3080.0,3125.0,530377.0,012200
2026-10-02,6930.0,6930.0,6830.0,6880.0,10611.0,016710
2026-10-02,1194.0,1221.0,1194.0,1213.0,323136.0,012800
2026-10-02,1713.0,1769.0,1713.0,1760.0,162915.0,009580
2026-10-02,0.0,0.0,0.0,3530.0,0.0,011810
2026-10-02,13090.0,13390.0,13010.0,13180.0,142554.0,006660
2026-10-02,3740.0,3910.0,3740.0,3880.0,118080.0,014580
2026-10-02,7630.0,7650.0,7320.0,7540.0,11130.0,008040
2026-10-02,3430.0,3500.0,3405.0,3485.0,42161.0,010100
2026-10-02,58500.0,60600.0,57700.0,59600.0,2955.0,078935
2026-10-02,11130.0,11130.0,10500.0,10600.0,7994.0,021820
2026-10-02,2870.0,3000.0,2850.0,2880.0,5777.0,004250
2026-10-02,1395.0,1549.0,1395.0,1482.0,91423.0,011280
2026-10-02,83300.0,83500.0,81800.0,83000.0,413.0,120030
2026-10-02,6510.0,6530.0,6410.0,6480.0,43798.0,123690
2026-10-02,44300.0,45400.0,42050.0,43450.0,2141.0,012320
2026-10-02,9360.0,9360.0,9210.0,9240.0,2617.0,267850
2026-10-02,2690.0,2725.0,2660.0,2695.0,3260.0,027970
2026-10-02,0.0,0.0,0.0,918.0,0.0,119650
2026-10-02,48150.0,48150.0,47500.0,47500.0,1018.0,37550L
2026-10-02,21700.0,22000.0,21700.0,21900.0,17156.0,248170
2026-10-02,6120.0,6180.0,6080.0,6150.0,259266.0,035000
2026-10-02,1079.0,1140.0,1079.0,1096.0,73125.0,002450
2026-10-02,2020.0,2035.0,1998.0,2020.0,10090.0,070960
2026-10-02,6500.0,7960.0,6470.0,6630.0,190244.0,002780
2026-10-02,2385.0,2385.0,2370.0,2385.0,68834.0,417310
2026-10-02,7670.0,7670.0,7580.0,7650.0,6119.0,264900
2026-10-02,1239.0,1253.0,1236.0,1242.0,74782.0,008700
2026-10-02,3320.0,3350.0,3300.0,3325.0,45899.0,008260
2026-10-02,2520.0,2590.0,2485.0,2510.0,25227.0,014790
2026-10-02,1575.0,1590.0,1560.0,1590.0,74582.0,013700
2026-10-02,2030.0,2090.0,2005.0,2085.0,4396.0,363280
2026-10-02,4660.0,4735.0,4635.0,4735.0,10303.0,014440
2026-10-02,5230.0,5290.0,5080.0,5200.0,12936.0,025620
2026-10-02,5500.0,5640.0,5470.0,5550.0,16271.0,032560
2026-10-02,1429.0,1500.0,1419.0,1439.0,50651.0,007210
2026-10-02,46500.0,46900.0,46250.0,46550.0,7496.0,007540
2026-10-02,6990.0,7080.0,6900.0,7080.0,4645.0,006840
2026-10-02,2785.0,2795.0,2720.0,2795.0,17626.0,002200
2026-10-02,2280.0,2310.0,2265.0,2265.0,41039.0,067830
2026-10-02,5020.0,5140.0,5010.0,5100.0,55915.0,019180
2026-10-02,4140.0,4360.0,4140.0,4230.0,50076.0,001290
2026-10-02,2200.0,2220.0,2190.0,2210.0,42251.0,058850
2026-10-02,2510.0,2510.0,2465.0,2490.0,23800.0,036580
2026-10-02,30250.0,30300.0,30100.0,30300.0,97.0,001275
2026-10-02,1846.0,1846.0,1760.0,1791.0,303149.0,003580
2026-10-02,69500.0,73400.0,69400.0,72100.0,5400.0,096775
2026-10-02,2570.0,2680.0,2565.0,2585.0,132524.0,058860
2026-10-02,2310.0,2335.0,2290.0,2290.0,18015.0,139990
2026-10-02,2220.0,2225.0,2175.0,2215.0,3178.0,023000
2026-10-02,1800.0,1819.0,1790.0,1818.0,118763.0,004140
2026-10-02,8890.0,9070.0,8870.0,9030.0,2416.0,006090
2026-10-02,6180.0,6300.0,6110.0,6300.0,4863.0,33626K
2026-10-02,1800.0,1800.0,1761.0,1794.0,175134.0,007980
2026-10-02,35350.0,35350.0,34450.0,34650.0,499.0,004890
2026-10-02,139300.0,139300.0,139000.0,139000.0,4.0,002600
2026-10-02,2525.0,2585.0,2515.0,2565.0,156451.0,011700
2026-10-02,37600.0,37900.0,36800.0,37300.0,1548.0,000850
2026-10-02,70200.0,70400.0,69400.0,70300.0,238.0,000590
2026-10-02,16390.0,16950.0,16300.0,16850.0,21839.0,055490
2026-10-02,8000.0,8300.0,8000.0,8170.0,63420.0,001260
2026-10-02,5040.0,5080.0,5010.0,5050.0,19684.0,023800
2026-10-02,5490.0,5620.0,5410.0,5500.0,17417.0,069730
2026-10-02,12920.0,12920.0,12550.0,12920.0,2828.0,111380
2026-10-02,2780.0,2815.0,2770.0,2810.0,33064.0,009180
2026-10-02,5170.0,5270.0,5140.0,5250.0,8769.0,005740
2026-10-02,7450.0,7730.0,7230.0,7360.0,27540.0,109070
2026-10-02,5550.0,5650.0,5500.0,5580.0,7686.0,163560
2026-10-02,4450.0,4480.0,4250.0,4305.0,661424.0,007610
2026-10-02,3935.0,4010.0,3925.0,4010.0,46107.0,004840
2026-10-02,5580.0,5690.0,5550.0,5580.0,4837.0,007590
2026-10-02,2815.0,2880.0,2750.0,2815.0,49563.0,002220
2026-10-02,3050.0,3110.0,3050.0,3095.0,33571.0,010960
2026-10-02,1392.0,1392.0,1366.0,1380.0,91662.0,013360
2026-10-02,7050.0,7130.0,6900.0,7120.0,26596.0,214330
2026-10-02,64800.0,66900.0,63800.0,64500.0,473.0,000105
2026-10-02,2220.0,2265.0,2190.0,2260.0,83209.0,024900
2026-10-02,1993.0,2260.0,1892.0,2250.0,1034587.0,480370
2026-10-02,3890.0,3890.0,3800.0,3820.0,5303.0,013870
2026-10-02,3835.0,3890.0,3835.0,3890.0,45458.0,338100
2026-10-02,6150.0,6250.0,6020.0,6250.0,14163.0,000230
2026-10-02,0.0,0.0,0.0,655.0,0.0,014160
2026-10-02,13120.0,13130.0,12650.0,12930.0,5699.0,063160
2026-10-02,11230.0,11230.0,10910.0,11020.0,6437.0,002795
2026-10-02,4280.0,4285.0,4200.0,4230.0,17879.0,005750
2026-10-02,1950.0,1968.0,1947.0,1968.0,4047.0,001020
2026-10-02,25100.0,25450.0,24900.0,25300.0,630.0,120115
2026-10-02,3290.0,3350.0,3270.0,3305.0,28029.0,002720
2026-10-02,3550.0,3610.0,3410.0,3460.0,811347.0,071090
2026-10-02,9060.0,9770.0,8950.0,9190.0,1441.0,001560
2026-10-02,5670.0,5760.0,5650.0,5760.0,7385.0,031820
2026-10-02,1005.0,1012.0,999.0,1012.0,603620.0,002700
2026-10-02,4330.0,4365.0,4220.0,4335.0,34111.0,155660
2026-10-02,5530.0,5530.0,5360.0,5440.0,23940.0,004440
2026-10-02,3065.0,3185.0,3060.0,3130.0,93971.0,010660
2026-10-02,28250.0,28500.0,27300.0,27500.0,3955.0,009770
2026-10-02,1200.0,1217.0,1189.0,1205.0,32016.0,095720
2026-10-02,1901.0,1905.0,1882.0,1895.0,21685.0,011150
2026-10-02,23550.0,24000.0,23000.0,23450.0,6008.0,084670
2026-10-02,1720.0,1720.0,1639.0,1648.0,33845.0,010040
2026-10-02,1922.0,1999.0,1913.0,1952.0,36080.0,079980
2026-10-02,2335.0,2425.0,2125.0,2350.0,10016.0,007280
2026-10-02,4815.0,4825.0,4735.0,4825.0,31882.0,000180
2026-10-02,2690.0,2750.0,2320.0,2340.0,153178.0,084680
2026-10-02,8930.0,9990.0,8810.0,8940.0,3573.0,085310
2026-10-02,1945.0,1970.0,1829.0,1854.0,1408596.0,004770
2026-10-02,2880.0,2915.0,2825.0,2905.0,9917.0,004720
2026-10-02,3550.0,3595.0,3490.0,3585.0,7883.0,017370
2026-10-02,1629.0,1637.0,1600.0,1623.0,13388.0,019680
2026-10-02,5110.0,5110.0,4945.0,5000.0,13376.0,100220
2026-10-02,4550.0,4610.0,4410.0,4570.0,61323.0,005870
2026-10-02,3155.0,3235.0,3110.0,3175.0,158155.0,058730
2026-10-02,1377.0,1428.0,1332.0,1365.0,54618.0,018500
2026-10-02,1507.0,1535.0,1500.0,1532.0,39356.0,009200
2026-10-02,3560.0,3560.0,3345.0,3390.0,92369.0,210980
2026-10-02,20900.0,21400.0,20900.0,21250.0,503.0,007815
2026-10-02,1407.0,1410.0,1398.0,1410.0,12675.0,016090
2026-10-02,6160.0,6200.0,6040.0,6120.0,11337.0,068290
2026-10-02,3935.0,4085.0,3810.0,4060.0,208653.0,014990
2026-10-02,4850.0,4850.0,4615.0,4780.0,14025.0,072130
2026-10-02,27800.0,28500.0,27650.0,28150.0,833.0,004450
2026-10-02,30300.0,31700.0,30150.0,31700.0,4165.0,003925
2026-10-02,1000.0,1000.0,995.0,999.0,42491.0,002760
2026-10-02,3815.0,3815.0,3745.0,3785.0,22463.0,000220
2026-10-02,2135.0,2195.0,2125.0,2140.0,156708.0,372910
2026-10-02,27750.0,27875.0,27100.0,27700.0,10736.0,35320K
2026-10-02,6440.0,6490.0,6370.0,6400.0,1493.0,111110
2026-10-02,1888.0,1999.0,1888.0,1939.0,13440.0,129260
2026-10-02,26800.0,26850.0,26300.0,26800.0,1939.0,37550K
2026-10-02,25800.0,26300.0,25500.0,26200.0,4264.0,001465
2026-10-02,4880.0,4880.0,4780.0,4855.0,11125.0,006890
2026-10-02,2945.0,2945.0,2890.0,2930.0,3335.0,075180
2026-10-02,1027.0,1134.0,1006.0,1022.0,65160.0,090080
2026-10-02,0.0,0.0,0.0,902.0,0.0,020760
2026-10-02,3160.0,3165.0,3025.0,3165.0,272.0,003465
2026-10-02,2310.0,2370.0,2305.0,2335.0,112615.0,0220WL
2026-10-02,3625.0,3695.0,3590.0,3680.0,3152.0,025530
2026-10-02,1976.0,2195.0,1976.0,2135.0,362977.0,007460
2026-10-02,53000.0,53000.0,51000.0,51600.0,3723.0,000725
2026-10-02,1835.0,1864.0,1826.0,1862.0,40661.0,092440
2026-10-02,4165.0,4175.0,4100.0,4175.0,95406.0,003780
2026-10-02,25450.0,26300.0,25300.0,25650.0,875.0,28513K
2026-10-02,2850.0,2880.0,2800.0,2840.0,19097.0,378850
2026-10-02,1351.0,1455.0,1341.0,1360.0,45645.0,396690
2026-10-02,42300.0,44050.0,42150.0,43400.0,3518.0,006125
2026-10-02,1117.0,1180.0,1100.0,1125.0,99567.0,021050
2026-10-02,4165.0,4170.0,4140.0,4160.0,3835.0,003475
2026-10-02,0.0,0.0,0.0,1935.0,0.0,002410
2026-10-02,10190.0,10280.0,10120.0,10210.0,8644.0,001550
2026-10-02,5310.0,5400.0,5140.0,5300.0,8393.0,023810
2026-10-02,4835.0,5230.0,4600.0,5230.0,7795.0,101140
2026-10-02,3320.0,3375.0,3185.0,3345.0,23186.0,004830
2026-10-02,1419.0,1430.0,1407.0,1423.0,34204.0,012690
2026-10-02,16910.0,16910.0,16710.0,16800.0,3087.0,006980
2026-10-02,3505.0,3560.0,3490.0,3540.0,12432.0,010770
2026-10-02,2670.0,2710.0,2600.0,2675.0,155766.0,011230
2026-10-02,3265.0,3460.0,3240.0,3280.0,14448.0,123700
2026-10-02,66100.0,66100.0,65600.0,66000.0,104.0,005305
2026-10-02,46800.0,49700.0,46750.0,48400.0,1950.0,011390
2026-10-02,4340.0,4340.0,4155.0,4255.0,8348.0,006880
2026-10-02,2920.0,2920.0,2765.0,2885.0,44106.0,011300
2026-10-02,1647.0,1689.0,1628.0,1668.0,27445.0,002630
2026-10-02,29650.0,31000.0,29100.0,29100.0,657.0,000950
2026-10-02,2185.0,2225.0,2150.0,2195.0,7531.0,001620
2026-10-02,0.0,0.0,0.0,2670.0,0.0,011000
2026-10-02,1330.0,1441.0,1308.0,1417.0,403223.0,005320
2026-10-02,1923.0,1945.0,1913.0,1940.0,100376.0,002140
2026-10-02,1216.0,1226.0,1200.0,1225.0,97067.0,004410
2026-10-02,963.0,972.0,953.0,972.0,63534.0,009320
2026-10-02,18530.0,19000.0,18430.0,18710.0,9766.0,009835
2026-10-02,2210.0,2210.0,2140.0,2185.0,2522.0,041650
2026-10-02,1848.0,2320.0,1811.0,1867.0,6937.0,357250
2026-10-02,1240.0,1258.0,1204.0,1244.0,8617.0,004540
2026-10-02,0.0,0.0,0.0,2660.0,0.0,069460
2026-10-02,2955.0,2990.0,2935.0,2965.0,18984.0,000910
2026-10-02,1766.0,1805.0,1766.0,1783.0,60140.0,002920
2026-10-02,2185.0,2285.0,2120.0,2235.0,7036.0,084870
2026-10-02,2225.0,2270.0,2190.0,2245.0,19194.0,003080
2026-10-02,3390.0,3485.0,3370.0,3405.0,35921.0,092780
2026-10-02,0.0,0.0,0.0,5110.0,0.0,074610
2026-10-02,3400.0,3465.0,3365.0,3445.0,4698.0,004910
2026-10-02,1976.0,2030.0,1971.0,2005.0,154651.0,014910
2026-10-02,1269.0,1293.0,1258.0,1277.0,46704.0,017180
2026-10-02,1125.0,1256.0,1111.0,1235.0,248722.0,002870
2026-10-02,4065.0,4095.0,3975.0,4045.0,36254.0,446070
2026-10-02,2085.0,2110.0,2075.0,2085.0,37284.0,008420
2026-10-02,980.0,983.0,965.0,978.0,9401.0,481850
2026-10-02,2075.0,2140.0,2070.0,2095.0,66341.0,004060
2026-10-02,2140.0,2140.0,2105.0,2110.0,113950.0,026940
2026-10-02,4035.0,4240.0,3960.0,4165.0,94765.0,011330
2026-10-02,0.0,0.0,0.0,541.0,0.0,019490
2026-10-02,3865.0,3875.0,3710.0,3750.0,18974.0,023350
2026-10-02,24250.0,25250.0,24050.0,24300.0,131.0,000215
2026-10-02,0.0,0.0,0.0,932.0,0.0,017040
2026-10-02,1945.0,2050.0,1882.0,2005.0,94929.0,049800
2026-10-02,9000.0,9070.0,7600.0,7670.0,80386.0,004920
2026-10-02,999.0,1056.0,993.0,1046.0,18895.0,023960
2026-10-02,1442.0,1479.0,1420.0,1444.0,24550.0,011420
2026-10-02,1880.0,1980.0,1800.0,1950.0,6174.0,009810
2026-10-02,39100.0,39400.0,38950.0,39400.0,524.0,008870
2026-10-02,2780.0,2780.0,2510.0,2540.0,368002.0,007110
2026-10-02,800.0,804.0,791.0,803.0,69461.0,145270
2026-10-02,919.0,930.0,870.0,910.0,98066.0,047400
2026-10-02,990.0,1047.0,972.0,1006.0,20471.0,133820
2026-10-02,18920.0,18920.0,18580.0,18600.0,135.0,134790
2026-10-02,1158.0,1170.0,1140.0,1168.0,21766.0,027740
2026-10-02,3620.0,3620.0,2855.0,3325.0,309229.0,002360
2026-10-02,1311.0,1334.0,1307.0,1322.0,93259.0,000890
2026-10-02,3500.0,3650.0,3470.0,3595.0,14415.0,012280
2026-10-02,3670.0,3975.0,3630.0,3800.0,34275.0,002880
2026-10-02,2095.0,2290.0,2045.0,2235.0,11634.0,012160
2026-10-02,2060.0,2110.0,2000.0,2085.0,58600.0,010640
2026-10-02,1192.0,1218.0,1180.0,1203.0,26364.0,013000
2026-10-02,2740.0,2785.0,2690.0,2770.0,6781.0,009460
2026-10-02,3155.0,3250.0,3060.0,3120.0,25626.0,008250
2026-10-02,11950.0,12230.0,11950.0,12190.0,325.0,000760
2026-10-02,9160.0,9210.0,9130.0,9170.0,644.0,004365
2026-10-02,0.0,0.0,0.0,1199.0,0.0,143210
2026-10-02,14600.0,14780.0,14010.0,14500.0,194.0,005820
2026-10-02,3080.0,3105.0,2950.0,3020.0,54640.0,006370
2026-10-02,1543.0,1574.0,1460.0,1540.0,329663.0,051630
2026-10-02,1229.0,1229.0,1170.0,1188.0,11401.0,090370
2026-10-02,2720.0,2720.0,2650.0,2715.0,17148.0,014130
2026-10-02,4070.0,4245.0,4065.0,4185.0,19190.0,010400
2026-10-02,2505.0,2540.0,2460.0,2540.0,18904.0,088790
2026-10-02,6510.0,6640.0,6420.0,6540.0,13220.0,003535
2026-10-02,19520.0,20300.0,19320.0,19900.0,1085.0,009140
2026-10-02,1443.0,1719.0,1358.0,1429.0,28902.0,069640
2026-10-02,5700.0,5910.0,5560.0,5790.0,8355.0,001070
2026-10-02,2030.0,2185.0,1942.0,1999.0,7840.0,024070
2026-10-02,1890.0,1901.0,1881.0,1899.0,5546.0,025750
2026-10-02,1613.0,1613.0,1570.0,1584.0,21783.0,036420
2026-10-02,2625.0,2780.0,2615.0,2730.0,5143.0,025890
2026-10-02,1908.0,1988.0,1825.0,1987.0,28608.0,006570
2026-10-02,3360.0,3450.0,3255.0,3390.0,6357.0,308170
2026-10-02,4865.0,5040.0,4800.0,4885.0,1812.0,006740
2026-10-02,693.0,725.0,571.0,627.0,1938032.0,009190
2026-10-02,4500.0,4800.0,4300.0,4535.0,54936.0,023150
2026-10-02,14150.0,14150.0,13850.0,14080.0,133.0,019175
2026-10-02,4560.0,4580.0,4370.0,4470.0,84093.0,003680
2026-10-02,1259.0,1272.0,1160.0,1233.0,11958.0,118000
2026-10-02,4105.0,4255.0,4060.0,4240.0,40441.0,033250
2026-10-02,1335.0,1335.0,1300.0,1327.0,39878.0,002690
2026-10-02,981.0,996.0,958.0,984.0,81333.0,007120
2026-10-02,1103.0,1268.0,1094.0,1190.0,349660.0,001380
2026-10-02,9980.0,10500.0,9910.0,9990.0,16242.0,006345
2026-10-02,1423.0,1500.0,1330.0,1466.0,91353.0,006490
2026-10-02,1500.0,1545.0,1490.0,1534.0,26787.0,33637K
2026-10-02,1544.0,1620.0,1511.0,1582.0,199501.0,003060
2026-10-02,3945.0,3945.0,3935.0,3940.0,152.0,002355
2026-10-02,5550.0,5590.0,5330.0,5560.0,13103.0,004270
2026-10-02,21900.0,21900.0,21750.0,21850.0,920.0,003495
2026-10-02,812.0,812.0,711.0,790.0,125066.0,357430
2026-10-02,1644.0,1684.0,1600.0,1628.0,47979.0,071950
2026-10-02,0.0,0.0,0.0,5330.0,0.0,009310
2026-10-02,7425.0,7600.0,7310.0,7560.0,1024.0,33626L
2026-10-02,994.0,1020.0,981.0,985.0,43965.0,004870
2026-10-02,2950.0,2995.0,2895.0,2900.0,16738.0,001420
2026-10-02,2905.0,3080.0,2905.0,2990.0,11792.0,012170
2026-10-02,4755.0,4955.0,4610.0,4665.0,13754.0,030720
2026-10-02,0.0,0.0,0.0,1129.0,0.0,005360
2026-10-02,27800.0,28250.0,27800.0,28050.0,293.0,008775
2026-10-02,14700.0,14800.0,14630.0,14800.0,435.0,001685
2026-10-02,24900.0,24900.0,24650.0,24900.0,844.0,00499K
2026-10-02,0.0,0.0,0.0,928.0,0.0,015020
2026-10-02,1020.0,1020.0,1002.0,1009.0,27193.0,000040
2026-10-02,18160.0,18500.0,18150.0,18500.0,77.0,108675
2026-10-02,3815.0,3815.0,3665.0,3785.0,16575.0,002070
2026-10-02,0.0,0.0,0.0,296.0,0.0,093240
2026-10-02,0.0,0.0,0.0,2620.0,0.0,008600
2026-10-02,0.0,0.0,0.0,756.0,0.0,009440
2026-10-02,2250.0,2325.0,2210.0,2240.0,108779.0,465770
2026-10-02,30400.0,30400.0,29750.0,30300.0,319.0,18064K
2026-10-02,4300.0,4475.0,4300.0,4460.0,2074.0,005725
2026-10-02,1330.0,1348.0,1255.0,1338.0,184266.0,011090
2026-10-02,18330.0,18350.0,18200.0,18350.0,44.0,005257
2026-10-02,20365.0,20465.0,20365.0,20465.0,116.0,0106J0
2026-10-02,1702.0,1711.0,1615.0,1620.0,93698.0,006200
2026-10-02,12900.0,13040.0,12700.0,13020.0,2031.0,002025
2026-10-02,4490.0,4625.0,4350.0,4535.0,98240.0,004105
2026-10-02,2145.0,2180.0,2100.0,2140.0,5294.0,001795
2026-10-02,12280.0,12400.0,12180.0,12180.0,405.0,000087
2026-10-02,10980.0,11140.0,10760.0,10920.0,2750.0,00806K
2026-10-02,4500.0,4500.0,4420.0,4425.0,2227.0,45226K
2026-10-02,14130.0,14130.0,13980.0,14050.0,1333.0,084695
2026-10-02,15200.0,15450.0,15200.0,15390.0,946.0,00781K
2026-10-02,32400.0,32400.0,31700.0,32000.0,3609.0,145995
2026-10-02,1597.0,1748.0,1400.0,1428.0,81067.0,024890
2026-10-02,968.0,1037.0,922.0,954.0,118878.0,002820
2026-10-02,7790.0,7790.0,7310.0,7410.0,1636.0,38380K
2026-10-02,49950.0,51000.0,49950.0,51000.0,19.0,001067
2026-10-02,10100.0,10100.0,10100.0,10100.0,0.0,0120X0
2026-10-02,1890.0,1924.0,1861.0,1910.0,33810.0,004255
2026-10-02,975.0,1012.0,973.0,982.0,9139.0,019685
2026-10-02,241.0,244.0,194.0,202.0,2135456.0,015260
2026-10-02,0.0,0.0,0.0,2240.0,0.0,145210
2026-10-02,12490.0,12500.0,12390.0,12490.0,525.0,003075
2026-10-02,19270.0,19320.0,19270.0,19290.0,39.0,001755
2026-10-02,2270.0,2400.0,2215.0,2300.0,1654.0,33637L
2026-10-02,3585.0,3635.0,3580.0,3625.0,851.0,000225
2026-10-02,4000.0,4030.0,3950.0,4010.0,4655.0,001515
2026-10-02,22150.0,22600.0,22050.0,22600.0,14.0,001065
2026-10-02,28850.0,28850.0,27550.0,28800.0,23.0,000325
2026-10-02,9300.0,9300.0,8910.0,9020.0,1885.0,004985
2026-10-02,4545.0,4640.0,4280.0,4525.0,11447.0,004835
2026-10-02,0.0,0.0,0.0,436.0,0.0,044380
2026-10-02,5020.0,5050.0,4905.0,4980.0,6233.0,012205
2026-10-02,7300.0,7620.0,7300.0,7400.0,202.0,26490K
2026-10-02,12000.0,12290.0,12000.0,12290.0,23.0,090355
2026-10-02,4000.0,4000.0,3400.0,3925.0,65628.0,001770
2026-10-02,9100.0,9160.0,9000.0,9160.0,407.0,000145
2026-10-02,5650.0,5770.0,5600.0,5600.0,11.0,000545
2026-10-02,14710.0,14930.0,14580.0,14580.0,5138.0,002995
2026-10-02,6170.0,6270.0,6170.0,6170.0,1704.0,009415
2026-10-02,17190.0,17190.0,17190.0,17190.0,114.0,005965
2026-10-02,13490.0,13690.0,13490.0,13690.0,30.0,014825
2026-10-02,7870.0,8010.0,7850.0,8010.0,824.0,007575
2026-10-02,2825.0,2990.0,2770.0,2970.0,5530.0,36328K
2026-10-02,5830.0,5830.0,5600.0,5600.0,1069.0,014285
2026-10-02,4820.0,5180.0,4820.0,5170.0,595.0,014915
2026-10-02,5110.0,5110.0,5080.0,5090.0,1318.0,005745
2026-10-02,44.0,44.0,27.0,27.0,17749585.0,005030
2026-10-02,7590.0,7650.0,7580.0,7630.0,357.0,000227
2026-10-02,85.0,114.0,85.0,112.0,10011000.0,005110
2026-10-02,8240.0,8920.0,8150.0,8920.0,492.0,001525
2026-10-02,7020.0,7300.0,6900.0,7300.0,110.0,008355
2026-10-02,3600.0,3760.0,3600.0,3630.0,471.0,004545
2026-10-02,5580.0,5700.0,5580.0,5580.0,925.0,011155
2026-10-02,5000.0,5100.0,4950.0,5100.0,1065.0,001527
2026-10-02,3700.0,3980.0,3690.0,3800.0,801.0,004415
2026-10-02,7440.0,7440.0,7160.0,7180.0,1247.0,002785
2026-10-02,10750.0,10750.0,9820.0,9820.0,1449.0,002787
2026-10-02,263500.0,268000.0,257000.0,259500.0,234723.0,196170
2026-10-02,85200.0,90400.0,84900.0,89100.0,1101306.0,086520
2026-10-02,114000.0,117800.0,113100.0,115600.0,334576.0,247540
2026-10-02,242000.0,254000.0,233500.0,239500.0,1363805.0,036930
2026-10-02,436000.0,452000.0,432500.0,448500.0,64409.0,277810
2026-10-02,143200.0,145900.0,135200.0,139400.0,1320502.0,240810
2026-10-02,561000.0,562000.0,525000.0,537000.0,108226.0,039030
2026-10-02,161700.0,171000.0,159100.0,170200.0,1104881.0,222800
2026-10-02,81800.0,86900.0,81100.0,85100.0,2273353.0,058470
2026-10-02,69000.0,69400.0,64300.0,66200.0,3595894.0,403870
2026-10-02,39900.0,41050.0,39450.0,40650.0,701513.0,028300
2026-10-02,198000.0,219500.0,194300.0,210000.0,299953.0,000250
2026-10-02,296500.0,316000.0,294000.0,312000.0,285587.0,108490
2026-10-02,224500.0,225000.0,204500.0,210000.0,229819.0,095340
2026-10-02,161900.0,162000.0,145700.0,152000.0,467185.0,319660
2026-10-02,89700.0,90700.0,83800.0,86900.0,654719.0,440110
2026-10-02,194000.0,195500.0,183300.0,193600.0,203642.0,031980
2026-10-02,184900.0,186200.0,173100.0,179400.0,181897.0,084370
2026-10-02,51200.0,54400.0,50800.0,52200.0,2192408.0,067310
2026-10-02,183900.0,187400.0,175000.0,178400.0,233922.0,095610
2026-10-02,314500.0,316000.0,290500.0,298000.0,69675.0,064760
2026-10-02,430000.0,433500.0,412000.0,426500.0,30401.0,357780
2026-10-02,301500.0,305000.0,286000.0,292500.0,118743.0,131290
2026-10-02,88800.0,95500.0,87300.0,92800.0,4370853.0,080220
2026-10-02,321000.0,325500.0,304000.0,307000.0,128164.0,214450
2026-10-02,86000.0,87800.0,81700.0,83000.0,213253.0,141080
2026-10-02,142600.0,145200.0,129400.0,130600.0,212922.0,087010
2026-10-02,53600.0,54700.0,50000.0,51800.0,266151.0,298380
2026-10-02,17580.0,18280.0,17320.0,17860.0,15084450.0,010170
2026-10-02,151600.0,154000.0,141100.0,144900.0,54635.0,310210
2026-10-02,53200.0,53800.0,50700.0,52500.0,611102.0,005290
2026-10-02,40300.0,43200.0,39700.0,41850.0,2017407.0,178320
2026-10-02,116200.0,119200.0,113100.0,116800.0,182339.0,226950
2026-10-02,38600.0,39100.0,36950.0,37200.0,782305.0,257720
2026-10-02,29800.0,32900.0,29300.0,31400.0,9363821.0,043260
2026-10-02,33800.0,34550.0,33150.0,34450.0,1612609.0,098460
2026-10-02,20600.0,20950.0,20400.0,20900.0,716220.0,319400
2026-10-02,99600.0,104600.0,99000.0,103400.0,257689.0,058610
2026-10-02,42900.0,43700.0,42350.0,42500.0,51643.0,214370
2026-10-02,28000.0,29800.0,27700.0,29350.0,1787220.0,030530
2026-10-02,180600.0,183700.0,179400.0,180400.0,39279.0,145020
2026-10-02,12540.0,12850.0,12290.0,12800.0,2158288.0,032820
2026-10-02,108500.0,111500.0,105200.0,109000.0,344040.0,131970
2026-10-02,33600.0,33800.0,33200.0,33450.0,109981.0,263750
2026-10-02,299000.0,307000.0,292500.0,299000.0,27844.0,140860
2026-10-02,73000.0,74900.0,67600.0,68000.0,156305.0,140410
2026-10-02,57300.0,57900.0,54200.0,55700.0,953864.0,089030
2026-10-02,31400.0,31600.0,30200.0,30850.0,180104.0,214150
2026-10-02,45300.0,45800.0,42750.0,43600.0,425458.0,347850
2026-10-02,95000.0,96000.0,92400.0,93300.0,62574.0,237690
2026-10-02,11000.0,11750.0,10880.0,11460.0,6949617.0,036540
2026-10-02,61200.0,61400.0,58500.0,60400.0,344055.0,323280
2026-10-02,60100.0,60300.0,58700.0,59500.0,184557.0,083650
2026-10-02,77400.0,79700.0,74700.0,78800.0,161371.0,041510
2026-10-02,70800.0,72000.0,65600.0,67400.0,830465.0,089970
2026-10-02,33000.0,34300.0,32250.0,33900.0,192845.0,060370
2026-10-02,35650.0,35650.0,33700.0,34450.0,436761.0,183300
2026-10-02,37300.0,37650.0,36350.0,36750.0,243828.0,096530
2026-10-02,39500.0,39750.0,38250.0,38500.0,99025.0,068760
2026-10-02,98100.0,110400.0,97200.0,108700.0,563923.0,078600
2026-10-02,61700.0,63200.0,61000.0,62200.0,772381.0,218410
2026-10-02,50200.0,52300.0,49600.0,52100.0,307551.0,437730
2026-10-02,134300.0,139700.0,126800.0,129300.0,115304.0,420770
2026-10-02,25400.0,25900.0,24250.0,25050.0,106646.0,0009K0
2026-10-02,25350.0,25800.0,24600.0,24950.0,191512.0,007390
2026-10-02,55600.0,56600.0,53000.0,54000.0,295149.0,290650
2026-10-02,28950.0,29350.0,27800.0,28600.0,608375.0,950260
2026-10-02,38350.0,38550.0,36150.0,36650.0,114016.0,039200
2026-10-02,16130.0,17330.0,15950.0,16930.0,4042536.0,232140
2026-10-02,16380.0,16500.0,15920.0,16230.0,425246.0,950160
2026-10-02,29250.0,29850.0,28900.0,29700.0,195032.0,082920
2026-10-02,37700.0,37750.0,37000.0,37500.0,151068.0,035900
2026-10-02,22650.0,25600.0,22500.0,24700.0,2253758.0,347700
2026-10-02,10950.0,11330.0,10850.0,11310.0,382058.0,003380
2026-10-02,21750.0,22900.0,21400.0,21800.0,858865.0,204270
2026-10-02,63500.0,65000.0,62400.0,63300.0,120487.0,166090
2026-10-02,20000.0,20400.0,19490.0,19920.0,647498.0,252990
2026-10-02,116500.0,116800.0,109000.0,110700.0,175894.0,241710
2026-10-02,48600.0,50400.0,47550.0,48700.0,696198.0,356860
2026-10-02,40600.0,40850.0,38800.0,40300.0,40323.0,195940
2026-10-02,53200.0,54200.0,51700.0,53500.0,494763.0,101490
2026-10-02,30750.0,32000.0,30250.0,31100.0,361664.0,056190
2026-10-02,30400.0,30400.0,29000.0,29700.0,166864.0,127120
2026-10-02,9920.0,10360.0,9750.0,10180.0,578949.0,293490
2026-10-02,22800.0,23350.0,22200.0,22900.0,762868.0,086450
2026-10-02,27300.0,28050.0,26500.0,27000.0,230811.0,458870
2026-10-02,14200.0,15320.0,14000.0,15300.0,2780232.0,417200
2026-10-02,44500.0,49450.0,44100.0,48950.0,245672.0,036830
2026-10-02,54700.0,54900.0,52500.0,53900.0,224719.0,083450
2026-10-02,59300.0,60800.0,55900.0,56500.0,59113.0,445680
2026-10-02,40050.0,42250.0,39500.0,41050.0,618085.0,161580
2026-10-02,17980.0,18330.0,17630.0,18050.0,452647.0,100790
2026-10-02,52300.0,57500.0,51200.0,53200.0,2030522.0,327260
2026-10-02,25050.0,25200.0,24150.0,24700.0,59268.0,115180
2026-10-02,36800.0,37750.0,35450.0,36200.0,203533.0,491000
2026-10-02,94900.0,98600.0,92600.0,94300.0,162700.0,388210
2026-10-02,79600.0,83700.0,79000.0,82500.0,88627.0,099320
2026-10-02,32000.0,33500.0,31900.0,32800.0,100002.0,065350
2026-10-02,28500.0,29200.0,28100.0,29100.0,117760.0,160190
2026-10-02,74200.0,76700.0,70000.0,72600.0,123728.0,425420
2026-10-02,20200.0,21650.0,19950.0,21000.0,553575.0,032500
2026-10-02,8810.0,9000.0,8720.0,8830.0,445284.0,031330
2026-10-02,54900.0,54900.0,52000.0,53400.0,563539.0,119850
2026-10-02,78000.0,78600.0,76500.0,78400.0,48504.0,053800
2026-10-02,9100.0,10250.0,9010.0,10090.0,3437444.0,033790
2026-10-02,64000.0,70200.0,63500.0,69700.0,272767.0,295310
2026-10-02,32650.0,33050.0,31950.0,32650.0,220936.0,074600
2026-10-02,69800.0,71000.0,69300.0,70700.0,21322.0,388720
2026-10-02,12230.0,13030.0,11820.0,12630.0,893787.0,281740
2026-10-02,30800.0,30900.0,30300.0,30650.0,104775.0,014620
2026-10-02,23350.0,24700.0,23100.0,23950.0,608743.0,059090
2026-10-02,49600.0,49750.0,48800.0,49700.0,109401.0,033100
2026-10-02,8680.0,8720.0,8410.0,8530.0,127012.0,085660
2026-10-02,29800.0,30800.0,27350.0,28250.0,382917.0,476830
2026-10-02,69100.0,73800.0,68400.0,73600.0,119377.0,189300
2026-10-02,10930.0,11040.0,10520.0,10570.0,563147.0,328130
2026-10-02,6370.0,6550.0,6300.0,6490.0,1315973.0,090710
2026-10-02,78200.0,80200.0,77600.0,79500.0,92735.0,090360
2026-10-02,72900.0,78200.0,72200.0,76500.0,76887.0,171090
2026-10-02,31350.0,32700.0,31150.0,32650.0,209197.0,137400
2026-10-02,35250.0,36650.0,33500.0,35700.0,310552.0,036810
2026-10-02,35500.0,35800.0,34300.0,35100.0,76534.0,035760
2026-10-02,84200.0,87300.0,83400.0,85400.0,44809.0,053610
2026-10-02,60900.0,62600.0,57100.0,59100.0,467796.0,064290
2026-10-02,37750.0,38600.0,37500.0,38050.0,97896.0,044490
2026-10-02,41600.0,41600.0,39900.0,40700.0,84658.0,122870
2026-10-02,63000.0,64500.0,59000.0,60900.0,153247.0,251970
2026-10-02,30250.0,30600.0,29500.0,30150.0,107661.0,213420
2026-10-02,6750.0,6920.0,6690.0,6850.0,266464.0,038500
2026-10-02,9820.0,9980.0,9780.0,9890.0,89691.0,041960
2026-10-02,23100.0,23950.0,22950.0,23800.0,234734.0,466100
2026-10-02,31800.0,32750.0,30800.0,31800.0,292377.0,033640
2026-10-02,34500.0,34750.0,33250.0,33850.0,315857.0,122640
2026-10-02,10970.0,11510.0,10880.0,11400.0,466159.0,006730
2026-10-02,42800.0,44250.0,42400.0,43850.0,276910.0,456160
2026-10-02,57200.0,59800.0,56900.0,59400.0,96171.0,121600
2026-10-02,28200.0,28300.0,27550.0,28100.0,79544.0,023160
2026-10-02,19480.0,19520.0,18730.0,18910.0,100907.0,032190
2026-10-02,16060.0,16160.0,15540.0,15700.0,174730.0,476060
2026-10-02,10860.0,10990.0,10650.0,10790.0,60076.0,225570
2026-10-02,20300.0,21200.0,20100.0,20750.0,1787989.0,490470
2026-10-02,54200.0,54200.0,50800.0,52100.0,90468.0,041830
2026-10-02,49650.0,49800.0,47050.0,48600.0,68798.0,102710
2026-10-02,53000.0,54000.0,50600.0,53000.0,411932.0,092870
2026-10-02,29400.0,30000.0,28650.0,29550.0,158865.0,124500
2026-10-02,14500.0,16030.0,14350.0,15580.0,2448739.0,253590
2026-10-02,7070.0,7370.0,7040.0,7080.0,1195843.0,048410
2026-10-02,93700.0,96200.0,92000.0,94900.0,98902.0,126340
2026-10-02,8090.0,8400.0,7980.0,8360.0,701485.0,222080
2026-10-02,10220.0,11050.0,10110.0,10690.0,4234676.0,050890
2026-10-02,14090.0,14580.0,13820.0,14110.0,795611.0,077360
2026-10-02,10950.0,11090.0,10760.0,10940.0,303172.0,046890
2026-10-02,20500.0,20800.0,20300.0,20600.0,29688.0,253450
2026-10-02,128000.0,128000.0,123000.0,126000.0,4451.0,093320
2026-10-02,26500.0,29500.0,25950.0,29150.0,1342389.0,080580
2026-10-02,35150.0,35650.0,34400.0,34850.0,114605.0,045100
2026-10-02,36350.0,38300.0,35850.0,36450.0,263473.0,089890
2026-10-02,91700.0,96600.0,88000.0,92300.0,30599.0,219130
2026-10-02,9460.0,9740.0,8780.0,8970.0,413299.0,358570
2026-10-02,13160.0,13390.0,13000.0,13230.0,867323.0,144960
2026-10-02,48600.0,49450.0,47450.0,48500.0,131192.0,399720
2026-10-02,77800.0,79300.0,74100.0,77900.0,84326.0,214430
2026-10-02,16410.0,16950.0,16070.0,16450.0,125364.0,024850
2026-10-02,27000.0,29700.0,26750.0,28250.0,330955.0,174900
2026-10-02,50000.0,52900.0,48150.0,50700.0,136801.0,468530
2026-10-02,27250.0,27650.0,26600.0,26750.0,57716.0,094170
2026-10-02,13630.0,13890.0,13540.0,13860.0,134250.0,060250
2026-10-02,12750.0,13280.0,12630.0,13280.0,345823.0,009520
2026-10-02,38350.0,38650.0,37550.0,37800.0,39966.0,052400
2026-10-02,18300.0,19360.0,18070.0,19260.0,3310088.0,356680
2026-10-02,34600.0,37600.0,34300.0,36000.0,572034.0,078350
2026-10-02,33250.0,33700.0,32550.0,33100.0,48409.0,101160
2026-10-02,32250.0,33600.0,32150.0,33250.0,64397.0,037460
2026-10-02,8110.0,8220.0,7640.0,7840.0,160791.0,052020
2026-10-02,15730.0,15850.0,15460.0,15660.0,65240.0,112040
2026-10-02,20950.0,22650.0,20250.0,22600.0,592760.0,348340
2026-10-02,39200.0,39700.0,38750.0,39150.0,6858.0,079940
2026-10-02,42050.0,44700.0,40550.0,41650.0,93952.0,104830
2026-10-02,24650.0,26200.0,24400.0,24850.0,371626.0,383310
2026-10-02,6040.0,6600.0,5950.0,6410.0,9147079.0,041190
2026-10-02,11350.0,11730.0,11120.0,11240.0,104350.0,082270
2026-10-02,57600.0,61000.0,56400.0,60600.0,175146.0,098120
2026-10-02,21900.0,23350.0,21600.0,22900.0,268941.0,348370
2026-10-02,17140.0,17430.0,16740.0,16900.0,26728.0,099190
2026-10-02,5040.0,5120.0,4965.0,5120.0,695716.0,025980
2026-10-02,4265.0,4400.0,4190.0,4400.0,9549126.0,069540
2026-10-02,21200.0,21600.0,17860.0,20500.0,1414991.0,042000
2026-10-02,37100.0,38750.0,36600.0,38050.0,49880.0,365340
2026-10-02,18800.0,20950.0,18640.0,20000.0,2207418.0,033160
2026-10-02,16100.0,16440.0,16000.0,16380.0,66221.0,033500
2026-10-02,66900.0,67400.0,66600.0,66900.0,17831.0,086900
2026-10-02,29150.0,29600.0,27550.0,27850.0,87692.0,376900
2026-10-02,12150.0,12700.0,12000.0,12680.0,441744.0,056080
2026-10-02,13760.0,14980.0,13760.0,14720.0,485859.0,368770
2026-10-02,9950.0,9980.0,9530.0,9780.0,53417.0,211050
2026-10-02,12200.0,13710.0,12020.0,13190.0,5780078.0,125490
2026-10-02,12780.0,13140.0,12500.0,12880.0,619242.0,019210
2026-10-02,3845.0,3980.0,3800.0,3950.0,1613834.0,027360
2026-10-02,22500.0,24150.0,22050.0,23900.0,620507.0,290550
2026-10-02,28100.0,30450.0,27750.0,28300.0,445681.0,089010
2026-10-02,5870.0,6100.0,5770.0,5930.0,171221.0,015750
2026-10-02,104400.0,104400.0,102700.0,103000.0,718.0,034950
2026-10-02,37750.0,38950.0,37500.0,38150.0,25185.0,278280
2026-10-02,36900.0,36900.0,34050.0,34600.0,74412.0,475960
2026-10-02,19560.0,19640.0,16860.0,16880.0,1657247.0,397030
2026-10-02,13030.0,13180.0,13000.0,13090.0,56596.0,460930
2026-10-02,2200.0,2270.0,2175.0,2230.0,207327.0,035890
2026-10-02,43700.0,44600.0,42650.0,43650.0,125657.0,170920
2026-10-02,23200.0,23550.0,20950.0,21050.0,541140.0,475830
2026-10-02,37800.0,37900.0,37200.0,37600.0,85288.0,078340
2026-10-02,22650.0,23050.0,22200.0,22750.0,121316.0,272290
2026-10-02,5010.0,5150.0,4985.0,5070.0,511488.0,336570
2026-10-02,10200.0,10480.0,10010.0,10320.0,958312.0,200470
2026-10-02,7470.0,7780.0,6950.0,7040.0,1333129.0,187660
2026-10-02,18970.0,19250.0,18400.0,18790.0,90537.0,376300
2026-10-02,14600.0,14910.0,13950.0,14360.0,677337.0,079370
2026-10-02,28000.0,28000.0,27400.0,27600.0,50998.0,340570
2026-10-02,12730.0,12840.0,12380.0,12600.0,119073.0,018290
2026-10-02,20150.0,20500.0,20000.0,20500.0,195083.0,486990
2026-10-02,3630.0,3740.0,3550.0,3575.0,446568.0,067630
2026-10-02,15620.0,16110.0,15390.0,15480.0,226351.0,114810
2026-10-02,32150.0,32550.0,31200.0,32100.0,87286.0,159010
2026-10-02,18690.0,19540.0,18130.0,18650.0,978254.0,417840
2026-10-02,36750.0,36900.0,36050.0,36350.0,11765.0,013030
2026-10-02,9000.0,9390.0,8950.0,9280.0,2331894.0,332570
2026-10-02,3530.0,3745.0,3485.0,3700.0,157428.0,078130
2026-10-02,17580.0,17620.0,17100.0,17200.0,47956.0,030520
2026-10-02,42300.0,42750.0,39600.0,40650.0,28217.0,241770
2026-10-02,8970.0,9510.0,8820.0,9030.0,184486.0,092190
2026-10-02,39900.0,40300.0,37800.0,39200.0,75408.0,348210
2026-10-02,36500.0,36700.0,36150.0,36300.0,25685.0,067160
2026-10-02,22550.0,23750.0,22300.0,22850.0,302747.0,477850
2026-10-02,30900.0,34500.0,30450.0,32650.0,1331213.0,138080
2026-10-02,26450.0,26500.0,25500.0,25950.0,165433.0,039440
2026-10-02,29700.0,30300.0,29100.0,29700.0,162414.0,200710
2026-10-02,32300.0,33750.0,31700.0,32750.0,301703.0,330860
2026-10-02,5880.0,5900.0,5620.0,5660.0,806608.0,204620
2026-10-02,9420.0,9550.0,9320.0,9400.0,385013.0,441270
2026-10-02,21600.0,21650.0,20450.0,21000.0,568201.0,052710
2026-10-02,37400.0,38150.0,37200.0,37800.0,35779.0,215200
2026-10-02,18200.0,18200.0,17820.0,18090.0,34664.0,095660
2026-10-02,4715.0,4720.0,4600.0,4640.0,169855.0,101730
2026-10-02,32700.0,38700.0,32100.0,34150.0,12742620.0,468670
2026-10-02,57200.0,57600.0,54700.0,55600.0,18901.0,236200
2026-10-02,7960.0,8750.0,7770.0,8480.0,446933.0,036800
2026-10-02,42300.0,42650.0,41350.0,42300.0,79969.0,107640
2026-10-02,9470.0,9840.0,9240.0,9690.0,71315.0,078160
2026-10-02,28800.0,30400.0,28200.0,28450.0,106626.0,389470
2026-10-02,7320.0,7490.0,7250.0,7450.0,69516.0,025900
2026-10-02,23500.0,23500.0,22500.0,23350.0,60302.0,092730
2026-10-02,24950.0,25650.0,24150.0,25500.0,1120014.0,456010
2026-10-02,4005.0,4080.0,3950.0,3995.0,413794.0,025320
2026-10-02,10420.0,11060.0,10290.0,10840.0,276473.0,393890
2026-10-02,7250.0,7450.0,7150.0,7450.0,691215.0,006910
2026-10-02,7700.0,8650.0,7510.0,8340.0,13345572.0,046970
2026-10-02,19190.0,19670.0,18840.0,19210.0,146595.0,110990
2026-10-02,11720.0,11730.0,11560.0,11700.0,93954.0,069080
2026-10-02,8640.0,8900.0,8530.0,8780.0,263898.0,060280
2026-10-02,6540.0,6600.0,6320.0,6520.0,35978.0,078020
2026-10-02,17000.0,17100.0,15880.0,16040.0,802541.0,168360
2026-10-02,32200.0,32500.0,31850.0,32200.0,1985.0,003800
2026-10-02,29550.0,30000.0,29000.0,29750.0,13846.0,093520
2026-10-02,23000.0,23450.0,22600.0,23150.0,31345.0,372320
2026-10-02,55200.0,58200.0,54600.0,57400.0,64741.0,448900
2026-10-02,4475.0,4585.0,4415.0,4565.0,807936.0,064260
2026-10-02,15470.0,16220.0,15260.0,15680.0,489034.0,482630
2026-10-02,14820.0,15220.0,14760.0,15090.0,142595.0,117730
2026-10-02,4865.0,4905.0,4650.0,4845.0,379656.0,061970
2026-10-02,18280.0,18870.0,18020.0,18090.0,669590.0,386380
2026-10-02,21750.0,22000.0,21350.0,21850.0,29295.0,455900
2026-10-02,23200.0,24100.0,23000.0,23950.0,422864.0,234340
2026-10-02,3760.0,3780.0,3690.0,3720.0,155862.0,036620
2026-10-02,10650.0,11070.0,10640.0,10900.0,386623.0,036200
2026-10-02,1126.0,1147.0,1110.0,1142.0,778285.0,018000
2026-10-02,10750.0,11720.0,10500.0,11490.0,254132.0,488900
2026-10-02,10240.0,10520.0,9940.0,10040.0,1494727.0,047920
2026-10-02,7700.0,7970.0,7570.0,7670.0,16613.0,121440
2026-10-02,2380.0,2390.0,2350.0,2360.0,357654.0,215600
2026-10-02,16050.0,16140.0,15680.0,15790.0,91008.0,017890
2026-10-02,31350.0,35200.0,30650.0,31750.0,6098371.0,0035S0
2026-10-02,15010.0,15200.0,14690.0,14770.0,793336.0,425040
2026-10-02,3635.0,3720.0,3430.0,3480.0,355277.0,900290
2026-10-02,15150.0,15680.0,14850.0,15210.0,295944.0,086390
2026-10-02,11120.0,11250.0,10610.0,10890.0,518787.0,446540
2026-10-02,3560.0,3615.0,3430.0,3435.0,1195133.0,424870
2026-10-02,8620.0,8680.0,8440.0,8530.0,81475.0,206650
2026-10-02,38800.0,39300.0,36300.0,37850.0,100348.0,452430
2026-10-02,35800.0,35900.0,34200.0,34600.0,34767.0,199800
2026-10-02,20600.0,21200.0,20400.0,20650.0,58548.0,265520
2026-10-02,7250.0,7600.0,7220.0,7540.0,295546.0,484590
2026-10-02,29400.0,29600.0,27700.0,28400.0,127998.0,160980
2026-10-02,22700.0,22700.0,21000.0,21700.0,77501.0,042520
2026-10-02,16900.0,17800.0,16000.0,16310.0,7025551.0,266690
2026-10-02,12560.0,12740.0,12060.0,12180.0,53731.0,228760
2026-10-02,21600.0,23000.0,21600.0,22450.0,216546.0,091580
2026-10-02,11000.0,11540.0,10920.0,11360.0,1205869.0,042370
2026-10-02,42150.0,45000.0,41200.0,44650.0,109010.0,389500
2026-10-02,18580.0,18980.0,18480.0,18800.0,69192.0,049070
2026-10-02,2775.0,2905.0,2745.0,2905.0,4170657.0,203650
2026-10-02,24450.0,24500.0,24050.0,24350.0,15744.0,054950
2026-10-02,4450.0,4595.0,4445.0,4555.0,81289.0,035810
2026-10-02,7000.0,7000.0,6410.0,6410.0,143288.0,101930
2026-10-02,7720.0,8050.0,7720.0,7820.0,15468.0,025770
2026-10-02,16390.0,17210.0,14850.0,14860.0,3846646.0,486510
2026-10-02,25800.0,26200.0,25600.0,25850.0,22981.0,200670
2026-10-02,5390.0,5620.0,5240.0,5550.0,566287.0,314130
2026-10-02,22850.0,23100.0,22400.0,22900.0,14922.0,084110
2026-10-02,16760.0,16940.0,16600.0,16830.0,9270.0,092460
2026-10-02,11640.0,11890.0,11500.0,11720.0,21060.0,071200
2026-10-02,2660.0,2675.0,2645.0,2660.0,130212.0,136480
2026-10-02,21500.0,21500.0,20500.0,20700.0,10771.0,352480
2026-10-02,6390.0,6570.0,6320.0,6450.0,1800083.0,024840
2026-10-02,42250.0,44250.0,41600.0,43800.0,181334.0,354320
2026-10-02,10490.0,10980.0,10230.0,10590.0,249725.0,394280
2026-10-02,12740.0,13090.0,12520.0,12870.0,62791.0,378340
2026-10-02,9450.0,10180.0,9220.0,9370.0,8814.0,448280
2026-10-02,26950.0,27650.0,26700.0,27400.0,81638.0,294570
2026-10-02,14000.0,14560.0,13670.0,14360.0,1108109.0,452280
2026-10-02,11850.0,12300.0,11520.0,11970.0,1085711.0,012210
2026-10-02,12850.0,13020.0,12600.0,12880.0,108623.0,094360
2026-10-02,11290.0,11790.0,11160.0,11580.0,198329.0,060720
2026-10-02,18490.0,19280.0,18350.0,18880.0,168234.0,254490
2026-10-02,18560.0,18590.0,17780.0,18100.0,20894.0,287840
2026-10-02,4790.0,4830.0,4595.0,4695.0,42760.0,472850
2026-10-02,9800.0,9820.0,9740.0,9790.0,14369.0,035600
2026-10-02,3850.0,3985.0,3835.0,3945.0,145084.0,099440
2026-10-02,0.0,0.0,0.0,21000.0,0.0,309710
2026-10-02,34000.0,35850.0,33900.0,35200.0,141604.0,073490
2026-10-02,13270.0,13540.0,12740.0,13070.0,146092.0,317330
2026-10-02,21600.0,21900.0,20850.0,21300.0,16463.0,304360
2026-10-02,0.0,0.0,0.0,3670.0,0.0,182400
2026-10-02,17960.0,17980.0,17760.0,17870.0,15234.0,043150
2026-10-02,4800.0,5080.0,4720.0,5010.0,591446.0,036710
2026-10-02,33100.0,33400.0,31600.0,31900.0,21520.0,389650
2026-10-02,16380.0,16640.0,16230.0,16500.0,33650.0,089980
2026-10-02,5180.0,5290.0,5180.0,5270.0,128051.0,091700
2026-10-02,23700.0,23750.0,23200.0,23400.0,39929.0,098070
2026-10-02,33400.0,34450.0,32850.0,33900.0,13589.0,267980
2026-10-02,32400.0,32850.0,31750.0,32350.0,95031.0,272110
2026-10-02,9380.0,9430.0,9090.0,9340.0,59268.0,068930
2026-10-02,15140.0,15910.0,15050.0,15750.0,270614.0,439090
2026-10-02,17990.0,18150.0,16880.0,17370.0,108190.0,493280
2026-10-02,21550.0,21950.0,21450.0,21700.0,3092.0,051500
2026-10-02,28000.0,28900.0,27850.0,28700.0,18090.0,100120
2026-10-02,5310.0,5520.0,5280.0,5400.0,194803.0,151860
2026-10-02,8700.0,8880.0,7710.0,7900.0,6227471.0,439960
2026-10-02,0.0,0.0,0.0,3320.0,0.0,121800
2026-10-02,5310.0,5640.0,5280.0,5420.0,115663.0,0011T0
2026-10-02,24950.0,24950.0,22150.0,23150.0,50479.0,484120
2026-10-02,3240.0,3320.0,3240.0,3280.0,209290.0,023410
2026-10-02,33200.0,35350.0,32800.0,35100.0,15882.0,376270
2026-10-02,0.0,0.0,0.0,4080.0,0.0,377460
2026-10-02,12830.0,13110.0,12320.0,12480.0,355410.0,112290
2026-10-02,11460.0,11480.0,11320.0,11450.0,40550.0,036890
2026-10-02,14380.0,14570.0,14010.0,14470.0,15421.0,377450
2026-10-02,7810.0,7980.0,7100.0,7550.0,840595.0,032580
2026-10-02,25800.0,25850.0,24250.0,24650.0,108770.0,011560
2026-10-02,22800.0,23300.0,22300.0,22700.0,29912.0,445090
2026-10-02,18320.0,19350.0,18170.0,18460.0,13166.0,461300
2026-10-02,7910.0,8020.0,7840.0,7950.0,19946.0,064820
2026-10-02,4995.0,5030.0,4975.0,5000.0,25367.0,036030
2026-10-02,8940.0,9050.0,8880.0,8990.0,112667.0,108860
2026-10-02,21150.0,21850.0,21000.0,21150.0,24256.0,064850
2026-10-02,5800.0,5850.0,5600.0,5710.0,54543.0,067390
2026-10-02,25950.0,26900.0,25800.0,26500.0,30792.0,416180
2026-10-02,13090.0,13550.0,13090.0,13350.0,92037.0,389260
2026-10-02,6350.0,6450.0,6130.0,6350.0,100373.0,450950
2026-10-02,11450.0,11450.0,11230.0,11340.0,25372.0,043370
2026-10-02,17140.0,17290.0,16610.0,17160.0,104993.0,085910
2026-10-02,4250.0,4505.0,4235.0,4420.0,262550.0,298830
2026-10-02,2450.0,2500.0,2330.0,2495.0,507484.0,115450
2026-10-02,3750.0,3965.0,3670.0,3805.0,305889.0,099430
2026-10-02,8740.0,9070.0,8690.0,8970.0,172198.0,114190
2026-10-02,5910.0,6050.0,5870.0,5970.0,255519.0,094480
2026-10-02,2325.0,2425.0,2285.0,2365.0,32085.0,180400
2026-10-02,19380.0,19590.0,19270.0,19390.0,12416.0,243070
2026-10-02,7990.0,8330.0,7950.0,8040.0,78597.0,200130
2026-10-02,14590.0,14810.0,14350.0,14540.0,30283.0,144510
2026-10-02,12190.0,13130.0,11930.0,12860.0,319301.0,083310
2026-10-02,25500.0,25900.0,25100.0,25200.0,6243.0,065680
2026-10-02,8530.0,8700.0,8390.0,8550.0,115160.0,241520
2026-10-02,10460.0,10460.0,9820.0,10260.0,42377.0,365270
2026-10-02,18660.0,19580.0,18660.0,19180.0,64723.0,475400
2026-10-02,41000.0,41900.0,40750.0,41400.0,28313.0,061090
2026-10-02,15810.0,16350.0,15810.0,15990.0,69390.0,190510
2026-10-02,5920.0,6330.0,5920.0,6030.0,98479.0,216080
2026-10-02,5720.0,5980.0,5600.0,5830.0,256413.0,243840
2026-10-02,36350.0,36350.0,35450.0,35800.0,4950.0,215000
2026-10-02,23800.0,23950.0,23400.0,23800.0,9694.0,0008Z0
2026-10-02,44100.0,44100.0,43150.0,43350.0,4325.0,065710
2026-10-02,1402.0,1438.0,1399.0,1411.0,44962.0,023760
2026-10-02,7610.0,8000.0,7610.0,7900.0,103946.0,293780
2026-10-02,8500.0,8640.0,8430.0,8580.0,101094.0,064550
2026-10-02,15190.0,15240.0,14810.0,15000.0,9000.0,018310
2026-10-02,6810.0,7150.0,6810.0,7110.0,203128.0,095500
2026-10-02,2330.0,2415.0,2280.0,2315.0,2092304.0,078150
2026-10-02,24700.0,25150.0,24600.0,25050.0,78295.0,382900
2026-10-02,6130.0,6250.0,6040.0,6250.0,608889.0,125020
2026-10-02,6190.0,6730.0,6100.0,6450.0,307003.0,462350
2026-10-02,3035.0,3200.0,3025.0,3100.0,449864.0,045390
2026-10-02,12140.0,12270.0,11930.0,12060.0,19591.0,237880
2026-10-02,8480.0,8650.0,8440.0,8530.0,42182.0,0001A0
2026-10-02,2275.0,2370.0,2235.0,2305.0,290717.0,217730
2026-10-02,11550.0,11690.0,11500.0,11620.0,31444.0,067080
2026-10-02,3260.0,3275.0,3085.0,3160.0,1948294.0,256840
2026-10-02,3365.0,4250.0,3260.0,3965.0,7587498.0,005160
2026-10-02,4415.0,4485.0,4400.0,4455.0,40486.0,019010
2026-10-02,9620.0,9770.0,9620.0,9740.0,16327.0,206640
2026-10-02,5840.0,5910.0,5700.0,5770.0,172507.0,307180
2026-10-02,2895.0,2985.0,2885.0,2960.0,994313.0,462860
2026-10-02,6530.0,6590.0,6400.0,6490.0,43273.0,053030
2026-10-02,9270.0,9320.0,8590.0,8940.0,579018.0,340450
2026-10-02,24350.0,24450.0,23550.0,24000.0,187795.0,126730
2026-10-02,10400.0,10530.0,10360.0,10470.0,8172.0,005710
2026-10-02,33950.0,34900.0,33950.0,34900.0,2452.0,036190
2026-10-02,4490.0,4630.0,4490.0,4590.0,103817.0,014940
2026-10-02,16810.0,17060.0,16650.0,16890.0,14554.0,058970
2026-10-02,5130.0,5290.0,5090.0,5270.0,217223.0,053300
2026-10-02,7440.0,7440.0,7150.0,7270.0,156047.0,176750
2026-10-02,0.0,0.0,0.0,8450.0,0.0,380540
2026-10-02,4330.0,4365.0,4215.0,4235.0,3698.0,950170
2026-10-02,6300.0,6650.0,6240.0,6480.0,2272878.0,382800
2026-10-02,15600.0,15870.0,15500.0,15870.0,36158.0,459510
2026-10-02,14350.0,14570.0,13900.0,14280.0,7784.0,481070
2026-10-02,6900.0,7050.0,6770.0,6840.0,12713.0,314930
2026-10-02,16490.0,17160.0,15730.0,16540.0,82492.0,405100
2026-10-02,22600.0,22800.0,21800.0,22300.0,52606.0,049430
2026-10-02,17740.0,18050.0,17550.0,17950.0,75015.0,199430
2026-10-02,3150.0,3240.0,3125.0,3200.0,62857.0,126600
2026-10-02,6100.0,6170.0,6010.0,6060.0,53765.0,353810
2026-10-02,17050.0,18400.0,16380.0,16400.0,1749683.0,0161M0
2026-10-02,14360.0,18260.0,14120.0,17090.0,9505408.0,478340
2026-10-02,11200.0,11370.0,10670.0,10940.0,422541.0,234690
2026-10-02,15630.0,17260.0,15540.0,17070.0,163964.0,119610
2026-10-02,15240.0,15650.0,15220.0,15440.0,75364.0,304100
2026-10-02,5230.0,5430.0,5210.0,5390.0,187695.0,452450
2026-10-02,15420.0,16700.0,14980.0,16560.0,194316.0,0015G0
2026-10-02,14000.0,14980.0,14000.0,14520.0,311562.0,230240
2026-10-02,2140.0,2140.0,2070.0,2125.0,74848.0,013120
2026-10-02,19650.0,21450.0,19410.0,21250.0,223977.0,263860
2026-10-02,6360.0,6440.0,5910.0,6050.0,1406421.0,394800
2026-10-02,0.0,0.0,0.0,2410.0,0.0,080720
2026-10-02,14750.0,14820.0,14370.0,14650.0,62328.0,102940
2026-10-02,10010.0,10230.0,9900.0,10220.0,317844.0,388050
2026-10-02,12010.0,12480.0,11970.0,12330.0,83085.0,484810
2026-10-02,10430.0,10700.0,10330.0,10570.0,109704.0,464080
2026-10-02,10300.0,10490.0,10200.0,10430.0,47192.0,194700
2026-10-02,14500.0,15300.0,13500.0,14900.0,174565.0,163730
2026-10-02,12000.0,12050.0,11940.0,12050.0,4177.0,036560
2026-10-02,10080.0,10350.0,10000.0,10140.0,67405.0,041920
2026-10-02,14600.0,14960.0,14380.0,14600.0,28851.0,308430
2026-10-02,5960.0,6190.0,5780.0,5940.0,9679.0,034810
2026-10-02,19220.0,19390.0,18680.0,18890.0,32209.0,086670
2026-10-02,0.0,0.0,0.0,994.0,0.0,016790
2026-10-02,17400.0,17700.0,17250.0,17400.0,9524.0,143240
2026-10-02,12610.0,12750.0,12370.0,12700.0,39808.0,083930
2026-10-02,10400.0,10520.0,10350.0,10490.0,5816.0,052330
2026-10-02,2870.0,3115.0,2870.0,3020.0,331676.0,036170
2026-10-02,8140.0,8240.0,8100.0,8140.0,8983.0,084850
2026-10-02,7170.0,7300.0,7040.0,7150.0,64716.0,220100
2026-10-02,25100.0,25100.0,23850.0,24600.0,2641.0,066620
2026-10-02,22850.0,24300.0,22550.0,23650.0,194321.0,355150
2026-10-02,11980.0,12360.0,11860.0,12220.0,78850.0,094820
2026-10-02,5380.0,5470.0,5300.0,5430.0,391230.0,046120
2026-10-02,18380.0,18390.0,17810.0,17980.0,31839.0,419530
2026-10-02,12590.0,14600.0,12470.0,13320.0,4802036.0,274090
2026-10-02,29500.0,29700.0,29200.0,29500.0,1143.0,192440
2026-10-02,13740.0,14070.0,13590.0,14040.0,16569.0,214180
2026-10-02,2375.0,2540.0,2360.0,2490.0,965577.0,012860
2026-10-02,16280.0,16450.0,15840.0,16040.0,30675.0,138610
2026-10-02,12270.0,12440.0,12020.0,12140.0,1048310.0,024060
2026-10-02,16390.0,16600.0,15820.0,16260.0,88128.0,318060
2026-10-02,22750.0,23000.0,22150.0,22200.0,8621.0,042420
2026-10-02,2235.0,2655.0,2185.0,2390.0,3560999.0,088800
2026-10-02,5780.0,5950.0,5730.0,5940.0,394479.0,264850
2026-10-02,18510.0,19925.0,17650.0,17940.0,684913.0,0010S0
2026-10-02,18460.0,18830.0,18460.0,18770.0,8292.0,108380
2026-10-02,2960.0,3065.0,2935.0,2955.0,110223.0,082800
2026-10-02,13310.0,13610.0,12650.0,12940.0,133673.0,187870
2026-10-02,8100.0,8240.0,7950.0,8070.0,34717.0,068790
2026-10-02,31500.0,33000.0,31500.0,32600.0,3865.0,357550
2026-10-02,60000.0,61900.0,60000.0,61200.0,8608.0,260970
2026-10-02,6950.0,6990.0,6360.0,6670.0,207326.0,119830
2026-10-02,14990.0,16500.0,14850.0,16330.0,1926425.0,488280
2026-10-02,21650.0,22400.0,21300.0,22100.0,14969.0,372170
2026-10-02,11430.0,11870.0,11390.0,11790.0,71487.0,126700
2026-10-02,7800.0,7970.0,7740.0,7920.0,128223.0,199820
2026-10-02,5360.0,5800.0,5360.0,5730.0,1692863.0,388790
2026-10-02,12250.0,12350.0,12060.0,12150.0,26235.0,403850
2026-10-02,6900.0,6990.0,6560.0,6720.0,64130.0,086820
2026-10-02,10200.0,10590.0,9850.0,10130.0,117397.0,445180
2026-10-02,22650.0,22950.0,21600.0,21850.0,255696.0,123330
2026-10-02,4600.0,4660.0,4520.0,4545.0,182412.0,039860
2026-10-02,13410.0,13770.0,13410.0,13640.0,29164.0,270660
2026-10-02,30500.0,32400.0,29700.0,29950.0,123206.0,417030
2026-10-02,6760.0,6850.0,6660.0,6740.0,82748.0,122990
2026-10-02,12140.0,12340.0,11690.0,12170.0,264854.0,432720
2026-10-02,13090.0,13290.0,12640.0,12970.0,36611.0,0082N0
2026-10-02,12600.0,13050.0,12310.0,12620.0,104231.0,149950
2026-10-02,16100.0,16330.0,15800.0,16090.0,5706.0,143160
2026-10-02,11520.0,12110.0,11520.0,11750.0,157708.0,264450
2026-10-02,6720.0,6910.0,6680.0,6800.0,137518.0,054210
2026-10-02,14260.0,14410.0,14170.0,14270.0,1618.0,092130
2026-10-02,16020.0,16420.0,15580.0,15950.0,33349.0,039830
2026-10-02,11730.0,13140.0,11730.0,12690.0,213759.0,051160
2026-10-02,7260.0,7450.0,7150.0,7310.0,199460.0,049630
2026-10-02,14280.0,14400.0,13970.0,14030.0,38392.0,194480
2026-10-02,3825.0,3825.0,3615.0,3700.0,252525.0,084990
2026-10-02,28450.0,30400.0,28300.0,29600.0,48239.0,474650
2026-10-02,14750.0,14850.0,14080.0,14710.0,82588.0,092070
2026-10-02,11500.0,11700.0,11000.0,11520.0,25325.0,489460
2026-10-02,9040.0,9480.0,8960.0,9330.0,361961.0,032940
2026-10-02,5090.0,5490.0,5020.0,5270.0,136832.0,418550
2026-10-02,9050.0,9550.0,8890.0,9360.0,211912.0,251370
2026-10-02,5150.0,5240.0,5070.0,5120.0,228566.0,013990
2026-10-02,7230.0,7230.0,7000.0,7190.0,214861.0,051370
2026-10-02,9920.0,10010.0,9910.0,10000.0,11629.0,038390
2026-10-02,2800.0,2895.0,2725.0,2780.0,662910.0,289080
2026-10-02,0.0,0.0,0.0,741.0,0.0,245620
2026-10-02,3205.0,3230.0,3190.0,3200.0,30334.0,032620
2026-10-02,6050.0,6050.0,5920.0,5980.0,51588.0,123410
2026-10-02,1151.0,1180.0,1091.0,1105.0,1834281.0,255220
2026-10-02,2950.0,3010.0,2940.0,2965.0,1399627.0,067290
2026-10-02,1811.0,1899.0,1799.0,1816.0,81708.0,104480
2026-10-02,12740.0,13130.0,12740.0,13100.0,15016.0,402030
2026-10-02,6100.0,6480.0,6050.0,6170.0,5353460.0,396300
2026-10-02,3140.0,3270.0,2950.0,3070.0,1153586.0,290690
2026-10-02,2800.0,2885.0,2790.0,2830.0,2521533.0,267320
2026-10-02,8260.0,8260.0,8110.0,8170.0,17462.0,950140
2026-10-02,3005.0,3045.0,2975.0,3010.0,238802.0,475040
2026-10-02,14960.0,15260.0,14760.0,15060.0,76369.0,226590
2026-10-02,2895.0,3040.0,2860.0,2895.0,38854.0,204610
2026-10-02,3880.0,4050.0,3770.0,3955.0,51885.0,086890
2026-10-02,0.0,0.0,0.0,1153.0,0.0,066410
2026-10-02,10380.0,10650.0,10300.0,10530.0,88612.0,054450
2026-10-02,3130.0,3215.0,3130.0,3195.0,162576.0,041020
2026-10-02,12990.0,13100.0,12630.0,13020.0,19492.0,041520
2026-10-02,13190.0,13200.0,12960.0,13060.0,6762.0,123860
2026-10-02,8440.0,8490.0,8160.0,8200.0,5679.0,093190
2026-10-02,8880.0,9420.0,8700.0,9230.0,45965.0,078070
2026-10-02,13380.0,13380.0,13110.0,13200.0,10953.0,072870
2026-10-02,8710.0,8930.0,8610.0,8830.0,112164.0,101360
2026-10-02,26350.0,26350.0,25900.0,26100.0,11092.0,023910
2026-10-02,8840.0,9110.0,8640.0,8800.0,438074.0,102120
2026-10-02,24750.0,24950.0,24200.0,24450.0,30726.0,489500
2026-10-02,8250.0,8400.0,8150.0,8250.0,47526.0,080160
2026-10-02,26450.0,26450.0,26000.0,26300.0,3903.0,067280
2026-10-02,6410.0,6600.0,6250.0,6350.0,35950.0,118990
2026-10-02,4740.0,4940.0,4680.0,4840.0,235267.0,220260
2026-10-02,5010.0,5050.0,5000.0,5020.0,7739.0,011040
2026-10-02,4715.0,4875.0,4365.0,4665.0,17187.0,093640
2026-10-02,4670.0,4770.0,4525.0,4730.0,28061.0,179290
2026-10-02,1843.0,1850.0,1792.0,1832.0,53701.0,205500
2026-10-02,4575.0,4575.0,4115.0,4345.0,48530.0,024800
2026-10-02,16500.0,16850.0,15670.0,16340.0,158544.0,322310
2026-10-02,10580.0,11940.0,10380.0,11300.0,803212.0,212560
2026-10-02,4140.0,4390.0,4115.0,4170.0,543713.0,413630
2026-10-02,15190.0,15380.0,14850.0,15130.0,9683.0,065660
2026-10-02,14820.0,14820.0,14430.0,14630.0,3530.0,054800
2026-10-02,9150.0,9280.0,9000.0,9090.0,21368.0,300080
2026-10-02,9940.0,10000.0,9910.0,9950.0,4330.0,007330
2026-10-02,10620.0,10710.0,9700.0,9830.0,129611.0,494120
2026-10-02,5160.0,5340.0,4930.0,5000.0,1599869.0,052260
2026-10-02,19000.0,19440.0,18330.0,18610.0,66279.0,0007C0
2026-10-02,7990.0,8150.0,7900.0,7940.0,463298.0,0039P0
2026-10-02,4745.0,5060.0,4700.0,4805.0,656428.0,351320
2026-10-02,4040.0,4075.0,4025.0,4070.0,14871.0,046440
2026-10-02,6170.0,6370.0,6060.0,6160.0,1444794.0,452190
2026-10-02,15050.0,15240.0,14825.0,15150.0,44508.0,264660
2026-10-02,13270.0,13490.0,13130.0,13480.0,7662.0,069510
2026-10-02,7150.0,7360.0,7100.0,7350.0,200138.0,147830
2026-10-02,4055.0,4220.0,3930.0,4100.0,1089926.0,950250
2026-10-02,9020.0,9140.0,8900.0,9140.0,11701.0,023600
2026-10-02,15400.0,15710.0,15300.0,15510.0,12310.0,049960
2026-10-02,11000.0,11280.0,10780.0,10980.0,103745.0,232680
2026-10-02,7740.0,7990.0,7620.0,7940.0,614503.0,059120
2026-10-02,9600.0,9800.0,9480.0,9800.0,4067.0,115310
2026-10-02,11100.0,11500.0,11100.0,11330.0,21112.0,146320
2026-10-02,9560.0,10350.0,9380.0,9790.0,3758.0,101970
2026-10-02,19100.0,19600.0,18650.0,18940.0,537035.0,387690
2026-10-02,8400.0,9440.0,8340.0,8730.0,804103.0,451760
2026-10-02,9190.0,9630.0,9150.0,9550.0,128276.0,211270
2026-10-02,6820.0,7380.0,6690.0,7120.0,76916.0,256940
2026-10-02,4090.0,4100.0,3965.0,4015.0,57740.0,148150
2026-10-02,8450.0,8980.0,8250.0,8900.0,58611.0,105330
2026-10-02,14730.0,14800.0,14110.0,14390.0,107554.0,0088M0
2026-10-02,8630.0,8660.0,8250.0,8570.0,59367.0,228850
2026-10-02,4320.0,4465.0,4240.0,4325.0,340706.0,417500
2026-10-02,15700.0,15980.0,15600.0,15820.0,36397.0,469610
2026-10-02,4810.0,5070.0,4755.0,5010.0,1793753.0,054920
2026-10-02,6260.0,6490.0,6200.0,6310.0,100806.0,156100
2026-10-02,1589.0,1610.0,1576.0,1597.0,84186.0,048870
2026-10-02,2970.0,3095.0,2790.0,2850.0,177781.0,134580
2026-10-02,3590.0,3730.0,3570.0,3705.0,396902.0,047770
2026-10-02,8320.0,8490.0,8280.0,8380.0,12582.0,114840
2026-10-02,5440.0,5740.0,5410.0,5690.0,820595.0,158430
2026-10-02,16590.0,18210.0,16580.0,17250.0,9522615.0,072950
2026-10-02,6680.0,6800.0,6600.0,6680.0,194502.0,142210
2026-10-02,3845.0,3970.0,3820.0,3950.0,493608.0,126640
2026-10-02,12180.0,12300.0,11970.0,12120.0,14449.0,089600
2026-10-02,10650.0,10930.0,10550.0,10720.0,80383.0,140670
2026-10-02,4935.0,4940.0,4485.0,4580.0,231683.0,321550
2026-10-02,8180.0,8250.0,7950.0,8070.0,232658.0,402490
2026-10-02,4910.0,5110.0,4850.0,5010.0,83836.0,297090
2026-10-02,7690.0,7800.0,7530.0,7630.0,29173.0,052860
2026-10-02,10680.0,10690.0,10160.0,10250.0,3074.0,005990
2026-10-02,2910.0,3005.0,2910.0,2990.0,29243.0,060150
2026-10-02,6210.0,6940.0,6210.0,6740.0,505648.0,417010
2026-10-02,20550.0,20800.0,20450.0,20600.0,3824.0,003100
2026-10-02,12110.0,12110.0,10600.0,10930.0,133670.0,042600
2026-10-02,12690.0,12690.0,12370.0,12520.0,13735.0,038290
2026-10-02,7320.0,7500.0,7110.0,7250.0,485608.0,053260
2026-10-02,6600.0,6810.0,6560.0,6770.0,72434.0,037070
2026-10-02,10580.0,10690.0,9880.0,10090.0,330707.0,039840
2026-10-02,10600.0,11190.0,10500.0,11170.0,88166.0,141000
2026-10-02,13280.0,14040.0,13200.0,13860.0,52280.0,361390
2026-10-02,12230.0,12830.0,12230.0,12700.0,49790.0,285490
2026-10-02,4950.0,4950.0,4855.0,4895.0,15777.0,035610
2026-10-02,12300.0,13280.0,12010.0,12400.0,3020231.0,115440
2026-10-02,7090.0,7520.0,7030.0,7500.0,103764.0,474170
2026-10-02,3290.0,3355.0,3265.0,3320.0,150291.0,073010
2026-10-02,6410.0,6430.0,6240.0,6370.0,108863.0,240550
2026-10-02,2840.0,3100.0,2840.0,3080.0,45160.0,408920
2026-10-02,5210.0,5240.0,5100.0,5160.0,88311.0,322510
2026-10-02,14210.0,15000.0,14120.0,14810.0,125258.0,172670
2026-10-02,7470.0,7610.0,7400.0,7420.0,219085.0,265740
2026-10-02,4300.0,4450.0,4220.0,4300.0,129124.0,418420
2026-10-02,8530.0,8700.0,8430.0,8570.0,19971.0,338840
2026-10-02,8790.0,8850.0,8460.0,8630.0,115840.0,071280
2026-10-02,10660.0,11310.0,10660.0,10750.0,5580.0,136540
2026-10-02,11080.0,11840.0,10900.0,11270.0,125908.0,282880
2026-10-02,0.0,0.0,0.0,14130.0,0.0,457550
2026-10-02,7050.0,7550.0,7050.0,7480.0,64071.0,009780
2026-10-02,11190.0,12000.0,10960.0,11820.0,437260.0,042510
2026-10-02,6710.0,6780.0,6200.0,6360.0,594297.0,222040
2026-10-02,1733.0,1911.0,1723.0,1856.0,8757871.0,321370
2026-10-02,9120.0,9160.0,9080.0,9150.0,9129.0,049720
2026-10-02,10620.0,10900.0,10550.0,10890.0,232196.0,115500
2026-10-02,13300.0,13490.0,13000.0,13300.0,12524.0,094840
2026-10-02,11530.0,11630.0,11300.0,11620.0,12206.0,035080
2026-10-02,10100.0,10180.0,9810.0,9910.0,37540.0,001540
2026-10-02,16960.0,17230.0,16380.0,17070.0,11976.0,079960
2026-10-02,2615.0,3120.0,2600.0,3005.0,2824451.0,039560
2026-10-02,8360.0,8650.0,8300.0,8470.0,265045.0,037350
2026-10-02,2805.0,2875.0,2750.0,2815.0,85263.0,095700
2026-10-02,2350.0,2395.0,2330.0,2370.0,169457.0,307750
2026-10-02,10610.0,10860.0,10040.0,10100.0,257201.0,0015N0
2026-10-02,9740.0,9780.0,9580.0,9740.0,14917.0,950190
2026-10-02,0.0,0.0,0.0,2885.0,0.0,036690
2026-10-02,9250.0,9800.0,9200.0,9640.0,92166.0,053080
2026-10-02,1530.0,1530.0,1385.0,1423.0,1781535.0,138360
2026-10-02,15440.0,15730.0,15290.0,15630.0,45665.0,299030
2026-10-02,1565.0,1567.0,1551.0,1567.0,597.0,080420
2026-10-02,1113.0,1121.0,1111.0,1118.0,91116.0,027710
2026-10-02,8310.0,8810.0,8190.0,8600.0,163842.0,474610
2026-10-02,9940.0,10270.0,9740.0,10140.0,148693.0,259630
2026-10-02,3300.0,3345.0,3210.0,3255.0,125775.0,108230
2026-10-02,1848.0,1910.0,1848.0,1888.0,21611.0,095190
2026-10-02,2260.0,2480.0,2235.0,2330.0,175831.0,166480
2026-10-02,6390.0,6480.0,6330.0,6420.0,169079.0,008830
2026-10-02,0.0,0.0,0.0,1190.0,0.0,056090
2026-10-02,5780.0,5780.0,5580.0,5700.0,6255.0,021320
2026-10-02,14760.0,15000.0,14410.0,14680.0,57337.0,083500
2026-10-02,1650.0,1687.0,1644.0,1666.0,197613.0,297890
2026-10-02,1289.0,1295.0,1269.0,1279.0,167753.0,293580
2026-10-02,7800.0,8100.0,7750.0,7930.0,192545.0,017510
2026-10-02,3905.0,3975.0,3835.0,3915.0,141762.0,333430
2026-10-02,5850.0,6020.0,5700.0,5850.0,48268.0,308080
2026-10-02,3230.0,3315.0,3200.0,3270.0,138751.0,047310
2026-10-02,8500.0,8880.0,8420.0,8800.0,40046.0,101170
2026-10-02,10250.0,12000.0,10140.0,11680.0,1705302.0,105740
2026-10-02,16100.0,17470.0,15970.0,17180.0,164716.0,389020
2026-10-02,6620.0,6680.0,6520.0,6620.0,56131.0,041440
2026-10-02,10080.0,10780.0,9930.0,10560.0,41376.0,331920
2026-10-02,3010.0,3140.0,2940.0,3095.0,94185.0,290720
2026-10-02,8260.0,8420.0,7980.0,8390.0,301982.0,338220
2026-10-02,3670.0,4340.0,3630.0,4115.0,6495075.0,209640
2026-10-02,6890.0,7330.0,6770.0,7180.0,161819.0,129920
2026-10-02,2990.0,2995.0,2945.0,2980.0,9914.0,336680
2026-10-02,7150.0,7330.0,7090.0,7230.0,132098.0,396470
2026-10-02,7720.0,7760.0,7600.0,7720.0,10802.0,458650
2026-10-02,0.0,0.0,0.0,2370.0,0.0,041590
2026-10-02,3730.0,3775.0,3690.0,3755.0,57231.0,049520
2026-10-02,7250.0,7280.0,7150.0,7200.0,11668.0,054050
2026-10-02,3880.0,3970.0,3880.0,3945.0,25956.0,067990
2026-10-02,4800.0,4870.0,4600.0,4770.0,372409.0,443670
2026-10-02,3300.0,3420.0,3240.0,3300.0,393209.0,242040
2026-10-02,2375.0,2425.0,2350.0,2405.0,274185.0,217820
2026-10-02,2130.0,2220.0,2115.0,2185.0,354341.0,310200
2026-10-02,11820.0,11820.0,11000.0,11290.0,33678.0,290740
2026-10-02,2575.0,2605.0,2480.0,2535.0,33261.0,122450
2026-10-02,10700.0,10740.0,9460.0,10220.0,194461.0,051980
2026-10-02,3325.0,3330.0,3270.0,3310.0,6090.0,063570
2026-10-02,9730.0,9810.0,9280.0,9370.0,212405.0,153890
2026-10-02,5680.0,6080.0,5540.0,5640.0,951695.0,079650
2026-10-02,1412.0,1466.0,1400.0,1450.0,83637.0,334970
2026-10-02,10310.0,10420.0,10180.0,10320.0,15201.0,473980
2026-10-02,11480.0,12030.0,11200.0,11990.0,247408.0,0011A0
2026-10-02,8190.0,8880.0,8140.0,8510.0,70801.0,289930
2026-10-02,8600.0,8920.0,8480.0,8560.0,111429.0,255440
2026-10-02,3455.0,3455.0,3355.0,3415.0,738499.0,201490
2026-10-02,11980.0,11980.0,11690.0,11920.0,6535.0,051360
2026-10-02,9060.0,9170.0,8690.0,8820.0,34406.0,311320
2026-10-02,6270.0,6460.0,6200.0,6290.0,77946.0,131030
2026-10-02,16890.0,16890.0,16530.0,16740.0,185.0,018120
2026-10-02,8150.0,8380.0,8030.0,8330.0,110002.0,036010
2026-10-02,4930.0,4945.0,4900.0,4920.0,16386.0,090850
2026-10-02,2945.0,3065.0,2895.0,2980.0,247580.0,317770
2026-10-02,2310.0,2370.0,2215.0,2305.0,131816.0,246710
2026-10-02,9750.0,10110.0,9450.0,10080.0,83574.0,475230
2026-10-02,3865.0,4535.0,3835.0,4025.0,8145007.0,097800
2026-10-02,1769.0,1769.0,1731.0,1746.0,68712.0,086980
2026-10-02,1887.0,1996.0,1863.0,1968.0,40574.0,038540
2026-10-02,2360.0,2410.0,2360.0,2385.0,19817.0,217270
2026-10-02,8340.0,8600.0,8000.0,8270.0,203068.0,217190
2026-10-02,2285.0,2335.0,2260.0,2280.0,100630.0,040300
2026-10-02,6330.0,6690.0,6270.0,6580.0,244122.0,125210
2026-10-02,6820.0,7470.0,6520.0,7430.0,833134.0,412350
2026-10-02,3925.0,4050.0,3920.0,4045.0,132422.0,053700
2026-10-02,10010.0,10200.0,9960.0,10160.0,24423.0,106190
2026-10-02,7570.0,8340.0,7570.0,7700.0,3867.0,036630
2026-10-02,2400.0,2500.0,2355.0,2395.0,9082.0,339950
2026-10-02,14100.0,14100.0,12140.0,12840.0,2656583.0,136150
2026-10-02,5980.0,5980.0,5760.0,5910.0,17414.0,067900
2026-10-02,4950.0,6250.0,4940.0,6250.0,3905604.0,100590
2026-10-02,6850.0,6970.0,6820.0,6950.0,26453.0,130580
2026-10-02,14940.0,14950.0,14500.0,14840.0,3200.0,120240
2026-10-02,4665.0,4855.0,4665.0,4840.0,52444.0,053350
2026-10-02,13030.0,13400.0,12560.0,13370.0,18757.0,453450
2026-10-02,4890.0,4900.0,4770.0,4825.0,9260.0,039340
2026-10-02,3760.0,4230.0,3745.0,4150.0,1139532.0,037030
2026-10-02,6690.0,6930.0,6550.0,6900.0,454648.0,411080
2026-10-02,2165.0,2270.0,2130.0,2195.0,364232.0,306620
2026-10-02,1501.0,1518.0,1500.0,1514.0,56074.0,073560
2026-10-02,1806.0,1864.0,1800.0,1820.0,1310683.0,419050
2026-10-02,3015.0,3115.0,2930.0,3035.0,64101.0,235980
2026-10-02,4090.0,4300.0,3955.0,4035.0,9421.0,109740
2026-10-02,1670.0,1720.0,1616.0,1656.0,70446.0,123040
2026-10-02,2900.0,2900.0,2735.0,2795.0,312183.0,091440
2026-10-02,10600.0,11040.0,10500.0,11000.0,200803.0,189330
2026-10-02,1710.0,1753.0,1650.0,1665.0,82686.0,175250
2026-10-02,3175.0,3300.0,3100.0,3180.0,191346.0,250060
2026-10-02,7450.0,7620.0,7370.0,7500.0,57684.0,475580
2026-10-02,5590.0,5990.0,5560.0,5830.0,123949.0,088130
2026-10-02,3555.0,3585.0,3500.0,3575.0,33941.0,006620
2026-10-02,11370.0,11800.0,11250.0,11540.0,31926.0,049950
2026-10-02,2075.0,2125.0,2070.0,2115.0,101521.0,021080
2026-10-02,2300.0,2430.0,2285.0,2315.0,54768.0,100700
2026-10-02,17600.0,20000.0,16400.0,17350.0,562876.0,109670
2026-10-02,3850.0,3895.0,3755.0,3840.0,61499.0,045970
2026-10-02,1015.0,1148.0,1010.0,1043.0,271378.0,048550
2026-10-02,2325.0,2385.0,2315.0,2370.0,419200.0,086960
2026-10-02,7600.0,7780.0,7490.0,7720.0,73306.0,173130
2026-10-02,6380.0,6510.0,6300.0,6450.0,43770.0,307930
2026-10-02,12110.0,12700.0,11920.0,12500.0,45576.0,493330
2026-10-02,3670.0,3850.0,3575.0,3695.0,61216.0,059210
2026-10-02,4310.0,4385.0,4205.0,4315.0,48792.0,323990
2026-10-02,2920.0,3030.0,2910.0,2965.0,528359.0,439580
2026-10-02,4280.0,4440.0,4230.0,4320.0,31645.0,309960
2026-10-02,3220.0,3295.0,3120.0,3250.0,74963.0,187790
2026-10-02,5620.0,5640.0,5480.0,5610.0,21522.0,063170
2026-10-02,4500.0,4500.0,4315.0,4400.0,29076.0,366030
2026-10-02,6550.0,6560.0,6300.0,6410.0,10322.0,182360
2026-10-02,4675.0,4680.0,4370.0,4630.0,198412.0,322180
2026-10-02,7210.0,7530.0,7190.0,7280.0,34192.0,099750
2026-10-02,0.0,0.0,0.0,6070.0,0.0,246720
2026-10-02,3695.0,3695.0,3615.0,3680.0,21176.0,352090
2026-10-02,3530.0,3570.0,3335.0,3415.0,337851.0,261780
2026-10-02,6640.0,6800.0,6520.0,6780.0,69791.0,298540
2026-10-02,7900.0,8110.0,7800.0,8030.0,92483.0,380550
2026-10-02,1453.0,1485.0,1416.0,1450.0,340515.0,205100
2026-10-02,0.0,0.0,0.0,2205.0,0.0,066790
2026-10-02,5180.0,5360.0,5180.0,5280.0,51986.0,002230
2026-10-02,3160.0,3385.0,2980.0,3225.0,2990241.0,0017J0
2026-10-02,9390.0,9500.0,8660.0,8810.0,78789.0,394420
2026-10-02,0.0,0.0,0.0,2530.0,0.0,068240
2026-10-02,9770.0,10380.0,9650.0,9860.0,17848.0,348350
2026-10-02,8300.0,8450.0,7790.0,8100.0,451127.0,357580
2026-10-02,7260.0,7340.0,7030.0,7220.0,26006.0,330350
2026-10-02,5470.0,5900.0,5420.0,5560.0,58411.0,091120
2026-10-02,6400.0,6720.0,6240.0,6510.0,159501.0,052460
2026-10-02,0.0,0.0,0.0,10800.0,0.0,017650
2026-10-02,9740.0,9850.0,9600.0,9710.0,13524.0,052420
2026-10-02,7580.0,7870.0,7540.0,7790.0,20957.0,282720
2026-10-02,1252.0,1266.0,1195.0,1230.0,1115495.0,052900
2026-10-02,4220.0,4265.0,4205.0,4230.0,77854.0,042500
2026-10-02,1565.0,1611.0,1531.0,1545.0,375754.0,198440
2026-10-02,1792.0,1798.0,1720.0,1735.0,964146.0,357880
2026-10-02,7500.0,9500.0,7460.0,8620.0,2024375.0,032300
2026-10-02,6980.0,7250.0,6950.0,7250.0,15994.0,053580
2026-10-02,6950.0,7470.0,6910.0,7180.0,215428.0,054540
2026-10-02,1042.0,1050.0,1032.0,1044.0,33428.0,074430
2026-10-02,2330.0,2370.0,2330.0,2365.0,88715.0,005860
2026-10-02,6420.0,6540.0,6400.0,6470.0,18023.0,036220
2026-10-02,7670.0,7990.0,7580.0,7850.0,31611.0,047560
2026-10-02,1888.0,1916.0,1876.0,1883.0,47103.0,109610
2026-10-02,3460.0,3940.0,3410.0,3745.0,1107547.0,085670
2026-10-02,5850.0,5860.0,5830.0,5850.0,4789.0,040420
2026-10-02,1235.0,1235.0,1200.0,1234.0,309906.0,307870
2026-10-02,7200.0,7430.0,7120.0,7270.0,6074.0,023900
2026-10-02,2910.0,3050.0,2895.0,3040.0,1479049.0,062970
2026-10-02,10350.0,11020.0,10280.0,10430.0,132821.0,432470
2026-10-02,5300.0,5390.0,5240.0,5350.0,15656.0,033560
2026-10-02,3050.0,3175.0,3045.0,3100.0,1031184.0,065450
2026-10-02,7220.0,7290.0,7030.0,7230.0,42918.0,048910
2026-10-02,3620.0,3835.0,3500.0,3685.0,463020.0,223250
2026-10-02,3875.0,4000.0,3725.0,3830.0,467850.0,234030
2026-10-02,1507.0,1794.0,1489.0,1575.0,5145449.0,100130
2026-10-02,11300.0,12100.0,11190.0,11700.0,13127.0,044990
2026-10-02,2295.0,2340.0,2285.0,2315.0,62651.0,013310
2026-10-02,4800.0,4825.0,4760.0,4820.0,7749.0,093920
2026-10-02,2300.0,2335.0,2295.0,2310.0,51083.0,066590
2026-10-02,2600.0,2680.0,2470.0,2625.0,124071.0,246960
2026-10-02,1938.0,1955.0,1856.0,1937.0,3684.0,900260
2026-10-02,13760.0,14100.0,13680.0,13960.0,854.0,009300
2026-10-02,2850.0,2935.0,2740.0,2780.0,1792625.0,303810
2026-10-02,11090.0,11160.0,10840.0,10990.0,256110.0,457370
2026-10-02,3270.0,3290.0,3205.0,3245.0,70691.0,234300
2026-10-02,2890.0,2905.0,2800.0,2845.0,44005.0,048530
2026-10-02,2330.0,2375.0,2310.0,2375.0,37283.0,140070
2026-10-02,2150.0,2165.0,2125.0,2125.0,14964.0,357230
2026-10-02,3495.0,3795.0,3325.0,3395.0,27112.0,478560
2026-10-02,3580.0,3725.0,3295.0,3480.0,68797.0,192410
2026-10-02,8480.0,8530.0,8420.0,8530.0,4652.0,096240
2026-10-02,3630.0,3800.0,3460.0,3750.0,144487.0,101330
2026-10-02,4545.0,4770.0,4535.0,4710.0,93696.0,078890
2026-10-02,4195.0,4280.0,4130.0,4185.0,28155.0,362320
2026-10-02,4060.0,4390.0,4060.0,4185.0,58264.0,226400
2026-10-02,2115.0,2115.0,2050.0,2075.0,495055.0,162300
2026-10-02,9320.0,9490.0,9270.0,9340.0,15970.0,004650
2026-10-02,7100.0,8070.0,6860.0,7010.0,5124.0,263720
2026-10-02,1518.0,1598.0,1500.0,1528.0,6069.0,033290
2026-10-02,8620.0,8760.0,8450.0,8510.0,341660.0,014950
2026-10-02,4105.0,4265.0,4030.0,4210.0,93339.0,215100
2026-10-02,9940.0,10120.0,9750.0,9850.0,24745.0,251120
2026-10-02,1225.0,1238.0,1186.0,1216.0,757163.0,067000
2026-10-02,6870.0,7000.0,6860.0,6960.0,9189.0,086710
2026-10-02,2270.0,2295.0,2210.0,2285.0,23901.0,066700
2026-10-02,9200.0,9200.0,9090.0,9170.0,4756.0,072020
2026-10-02,10010.0,10230.0,9980.0,10090.0,18664.0,025950
2026-10-02,2040.0,2090.0,2025.0,2055.0,114464.0,038110
2026-10-02,4390.0,5690.0,4335.0,5690.0,1687871.0,006140
2026-10-02,7680.0,7730.0,7550.0,7620.0,16382.0,078140
2026-10-02,4555.0,4625.0,4555.0,4625.0,9637.0,330730
2026-10-02,2445.0,2495.0,2415.0,2490.0,152110.0,037760
2026-10-02,4505.0,4570.0,3520.0,4165.0,1148062.0,123010
2026-10-02,0.0,0.0,0.0,1009.0,0.0,049180
2026-10-02,0.0,0.0,0.0,990.0,0.0,183490
2026-10-02,9620.0,10340.0,9600.0,10220.0,20013.0,360070
2026-10-02,1517.0,1600.0,1503.0,1572.0,148401.0,094860
2026-10-02,1371.0,1410.0,1371.0,1398.0,23364.0,029480
2026-10-02,0.0,0.0,0.0,562.0,0.0,058820
2026-10-02,3075.0,3180.0,3070.0,3130.0,120603.0,294630
2026-10-02,1966.0,1973.0,1870.0,1917.0,104615.0,185490
2026-10-02,4980.0,5730.0,4975.0,5200.0,6628578.0,263600
2026-10-02,1673.0,1684.0,1633.0,1642.0,439858.0,365330
2026-10-02,9840.0,10080.0,9510.0,9690.0,464834.0,049080
2026-10-02,12500.0,12610.0,12370.0,12450.0,11417.0,063080
2026-10-02,3485.0,3600.0,3485.0,3520.0,72042.0,007820
2026-10-02,5180.0,5440.0,5170.0,5360.0,81399.0,382840
2026-10-02,2090.0,2140.0,2025.0,2075.0,167843.0,389030
2026-10-02,1518.0,1541.0,1500.0,1520.0,203564.0,066980
2026-10-02,2495.0,2555.0,2420.0,2480.0,471168.0,396270
2026-10-02,6140.0,6350.0,6140.0,6210.0,51418.0,381620
2026-10-02,8000.0,8330.0,7950.0,8250.0,54837.0,0015S0
2026-10-02,8360.0,8890.0,8360.0,8770.0,99243.0,066310
2026-10-02,9790.0,11360.0,9710.0,10120.0,280888.0,323350
2026-10-02,0.0,0.0,0.0,3935.0,0.0,412540
2026-10-02,2670.0,2700.0,2600.0,2670.0,6498.0,302550
2026-10-02,5590.0,5770.0,5470.0,5660.0,24865.0,389140
2026-10-02,4950.0,4950.0,4900.0,4930.0,22651.0,036640
2026-10-02,4450.0,4520.0,4425.0,4510.0,119591.0,475430
2026-10-02,2045.0,2085.0,2040.0,2055.0,188382.0,066430
2026-10-02,2335.0,2635.0,2245.0,2635.0,149975.0,291650
2026-10-02,5990.0,6070.0,5650.0,6060.0,4075.0,058400
2026-10-02,3390.0,3450.0,3255.0,3345.0,246784.0,142280
2026-10-02,2890.0,3150.0,2880.0,2980.0,103458.0,104040
2026-10-02,1500.0,1500.0,1475.0,1497.0,46595.0,131370
2026-10-02,3490.0,3690.0,3445.0,3580.0,31240.0,137950
2026-10-02,5555.0,5650.0,5450.0,5550.0,17025.0,054670
2026-10-02,9370.0,9380.0,9200.0,9290.0,22344.0,418470
2026-10-02,3610.0,3800.0,3450.0,3695.0,74382.0,079810
2026-10-02,13440.0,14250.0,13300.0,14070.0,30142.0,107600
2026-10-02,5550.0,5890.0,5510.0,5590.0,50399.0,0117P0
2026-10-02,3880.0,3995.0,3800.0,3970.0,90884.0,024880
2026-10-02,4000.0,4120.0,3860.0,3950.0,201266.0,147760
2026-10-02,3790.0,4600.0,3600.0,3780.0,9289.0,032540
2026-10-02,5140.0,5260.0,5140.0,5260.0,16968.0,004590
2026-10-02,2075.0,2195.0,2050.0,2130.0,105884.0,331380
2026-10-02,2680.0,3065.0,2655.0,2865.0,2513461.0,067170
2026-10-02,6170.0,6250.0,5900.0,6080.0,49583.0,303360
2026-10-02,3200.0,3230.0,3160.0,3190.0,8619.0,047820
2026-10-02,4615.0,4675.0,4500.0,4535.0,16751.0,149980
2026-10-02,6120.0,6180.0,5900.0,6020.0,45837.0,388870
2026-10-02,6440.0,6560.0,6410.0,6480.0,36933.0,012790
2026-10-02,2135.0,2180.0,2085.0,2135.0,6522.0,225530
2026-10-02,6940.0,7010.0,6840.0,6970.0,6038.0,084730
2026-10-02,7860.0,7930.0,7710.0,7880.0,78218.0,302430
2026-10-02,6980.0,7110.0,6980.0,7100.0,48031.0,065510
2026-10-02,12580.0,13270.0,12350.0,12400.0,14310.0,000440
2026-10-02,8240.0,8290.0,8100.0,8220.0,5717.0,088390
2026-10-02,4150.0,4350.0,4100.0,4215.0,17129.0,040910
2026-10-02,2345.0,2410.0,2345.0,2410.0,15708.0,168330
2026-10-02,10600.0,10600.0,9670.0,9720.0,244945.0,0007J0
2026-10-02,4570.0,4640.0,4530.0,4565.0,101270.0,253840
2026-10-02,4615.0,4780.0,4565.0,4705.0,104761.0,263800
2026-10-02,2190.0,2200.0,2100.0,2170.0,49447.0,950130
2026-10-02,3900.0,4025.0,3810.0,3950.0,25762.0,011320
2026-10-02,5020.0,5040.0,4980.0,5020.0,9178.0,041930
2026-10-02,3725.0,3790.0,3710.0,3780.0,21982.0,011370
2026-10-02,1957.0,1974.0,1953.0,1967.0,9823.0,124560
2026-10-02,0.0,0.0,0.0,654.0,0.0,073640
2026-10-02,3755.0,3925.0,3755.0,3820.0,57450.0,038680
2026-10-02,6240.0,7900.0,6020.0,6390.0,8384.0,040160
2026-10-02,4830.0,4975.0,4820.0,4940.0,24627.0,170030
2026-10-02,2910.0,2930.0,2880.0,2915.0,14208.0,012700
2026-10-02,5000.0,5360.0,4855.0,5100.0,5270.0,060570
2026-10-02,4050.0,4140.0,3970.0,4025.0,44988.0,058630
2026-10-02,2910.0,2940.0,2860.0,2915.0,15583.0,102370
2026-10-02,4700.0,4880.0,4670.0,4720.0,9438.0,030960
2026-10-02,6340.0,6720.0,6340.0,6680.0,16931.0,413390
2026-10-02,7250.0,7400.0,7210.0,7340.0,6707.0,451250
2026-10-02,923.0,940.0,908.0,929.0,342986.0,019550
2026-10-02,3085.0,3130.0,3065.0,3090.0,15443.0,060590
2026-10-02,3695.0,3755.0,3650.0,3755.0,36815.0,277880
2026-10-02,5780.0,5780.0,5600.0,5720.0,45825.0,010280
2026-10-02,3280.0,3410.0,3210.0,3215.0,99848.0,217330
2026-10-02,4345.0,4390.0,4305.0,4355.0,6575.0,347890
2026-10-02,2210.0,2255.0,2205.0,2240.0,201277.0,024740
2026-10-02,9440.0,9850.0,9200.0,9320.0,54594.0,451220
2026-10-02,2250.0,2275.0,2220.0,2245.0,27487.0,208140
2026-10-02,5600.0,5600.0,5460.0,5520.0,22574.0,041910
2026-10-02,3015.0,3015.0,2840.0,2940.0,28501.0,294140
2026-10-02,2005.0,2055.0,1994.0,2040.0,69671.0,171120
2026-10-02,2835.0,2920.0,2835.0,2895.0,124034.0,038460
2026-10-02,5190.0,5190.0,4900.0,5080.0,47970.0,039980
2026-10-02,7480.0,7790.0,7330.0,7500.0,93148.0,212710
2026-10-02,8300.0,8810.0,8170.0,8430.0,7415.0,039010
2026-10-02,7390.0,7410.0,7300.0,7390.0,1245.0,080010
2026-10-02,3600.0,3630.0,3530.0,3625.0,47647.0,020710
2026-10-02,1915.0,1949.0,1806.0,1843.0,203005.0,089230
2026-10-02,1267.0,1628.0,1267.0,1518.0,8449322.0,065530
2026-10-02,4725.0,4725.0,4675.0,4700.0,13910.0,017480
2026-10-02,2910.0,2920.0,2805.0,2900.0,12379.0,053280
2026-10-02,5240.0,5630.0,5140.0,5440.0,5437.0,332370
2026-10-02,4130.0,4350.0,4010.0,4130.0,18415.0,090470
2026-10-02,10160.0,10240.0,10010.0,10140.0,21528.0,377480
2026-10-02,950.0,953.0,900.0,937.0,69037.0,083790
2026-10-02,6610.0,6920.0,6540.0,6880.0,17729.0,417790
2026-10-02,3690.0,3945.0,3670.0,3915.0,54119.0,054620
2026-10-02,10640.0,11290.0,10560.0,11240.0,13311.0,417970
2026-10-02,0.0,0.0,0.0,5310.0,0.0,234920
2026-10-02,10370.0,10780.0,10200.0,10350.0,121776.0,320000
2026-10-02,2450.0,2500.0,2350.0,2425.0,207775.0,299660
2026-10-02,1860.0,1950.0,1835.0,1889.0,185746.0,347000
2026-10-02,5170.0,5340.0,5170.0,5300.0,40853.0,460940
2026-10-02,4425.0,4445.0,4390.0,4430.0,10560.0,054040
2026-10-02,7610.0,7800.0,7530.0,7800.0,935.0,109860
2026-10-02,1650.0,1699.0,1615.0,1683.0,29186.0,067570
2026-10-02,2920.0,2950.0,2710.0,2815.0,713197.0,487580
2026-10-02,2870.0,2890.0,2820.0,2855.0,99276.0,128660
2026-10-02,3120.0,3180.0,2930.0,3005.0,72787.0,371950
2026-10-02,6070.0,6280.0,6030.0,6030.0,105733.0,091590
2026-10-02,3700.0,3870.0,3580.0,3730.0,72181.0,155650
2026-10-02,8510.0,8660.0,8470.0,8560.0,5377.0,045660
2026-10-02,982.0,1000.0,978.0,998.0,154296.0,092040
2026-10-02,6590.0,6740.0,6570.0,6680.0,6639.0,104460
2026-10-02,6560.0,7030.0,6500.0,6810.0,228239.0,089790
2026-10-02,1870.0,1928.0,1870.0,1901.0,63936.0,096350
2026-10-02,4830.0,5550.0,4810.0,5220.0,587147.0,104540
2026-10-02,11800.0,11960.0,11780.0,11880.0,29315.0,282620
2026-10-02,7840.0,8000.0,7570.0,7800.0,6280.0,214260
2026-10-02,2970.0,3000.0,2915.0,2970.0,1268.0,110790
2026-10-02,1110.0,1151.0,1095.0,1141.0,623407.0,076610
2026-10-02,4445.0,5420.0,4025.0,4930.0,4658926.0,225190
2026-10-02,10700.0,11160.0,10140.0,10420.0,50311.0,117670
2026-10-02,4185.0,4185.0,4120.0,4155.0,35074.0,032850
2026-10-02,2690.0,2770.0,2645.0,2680.0,373170.0,208370
2026-10-02,2350.0,2410.0,2340.0,2370.0,26378.0,337930
2026-10-02,3975.0,3975.0,3835.0,3920.0,12598.0,026150
2026-10-02,5060.0,5150.0,4995.0,5080.0,22363.0,019540
2026-10-02,8130.0,8400.0,8130.0,8220.0,3671.0,024830
2026-10-02,1615.0,1697.0,1599.0,1623.0,103816.0,347860
2026-10-02,6160.0,6430.0,6050.0,6210.0,192901.0,0004V0
2026-10-02,1982.0,2020.0,1950.0,1991.0,167478.0,950220
2026-10-02,5940.0,6230.0,5810.0,5910.0,32846.0,048430
2026-10-02,4500.0,4755.0,4500.0,4735.0,56862.0,095270
2026-10-02,6510.0,6590.0,6420.0,6540.0,7135.0,123420
2026-10-02,6520.0,6790.0,6480.0,6620.0,88655.0,487400
2026-10-02,12450.0,13050.0,12330.0,12850.0,14340.0,0218L0
2026-10-02,5580.0,5580.0,5390.0,5550.0,996.0,067370
2026-10-02,4440.0,4440.0,4265.0,4330.0,52411.0,228670
2026-10-02,6360.0,6370.0,6220.0,6330.0,10251.0,265560
2026-10-02,4200.0,4265.0,4155.0,4250.0,13932.0,004780
2026-10-02,3450.0,3535.0,3345.0,3375.0,243837.0,228340
2026-10-02,4450.0,4675.0,4380.0,4475.0,26736.0,262260
2026-10-02,4470.0,4470.0,4435.0,4440.0,6151.0,002800
2026-10-02,3310.0,3410.0,3195.0,3385.0,64555.0,040350
2026-10-02,3450.0,3480.0,3385.0,3420.0,4447.0,049550
2026-10-02,5590.0,5750.0,5460.0,5670.0,20907.0,096250
2026-10-02,6140.0,6190.0,5940.0,6060.0,64469.0,456070
2026-10-02,6430.0,6450.0,6260.0,6400.0,158772.0,039610
2026-10-02,4500.0,4685.0,4400.0,4530.0,10186.0,153710
2026-10-02,6460.0,6890.0,6460.0,6770.0,55261.0,331740
2026-10-02,6110.0,6180.0,6050.0,6150.0,5143.0,137080
2026-10-02,4360.0,4590.0,4325.0,4440.0,28706.0,014970
2026-10-02,4255.0,4305.0,4170.0,4240.0,23498.0,204840
2026-10-02,7240.0,7300.0,7120.0,7260.0,5286.0,061040
2026-10-02,12050.0,12390.0,11890.0,11960.0,180569.0,0155E0
2026-10-02,4790.0,4850.0,4780.0,4850.0,1427.0,222110
2026-10-02,6500.0,6650.0,6410.0,6540.0,47661.0,241790
2026-10-02,4070.0,4190.0,4030.0,4160.0,241053.0,048770
2026-10-02,3980.0,3980.0,3850.0,3910.0,23523.0,214680
2026-10-02,6330.0,6880.0,6290.0,6630.0,257750.0,056360
2026-10-02,2780.0,2850.0,2690.0,2800.0,37218.0,126880
2026-10-02,2620.0,2710.0,2585.0,2625.0,36451.0,205470
2026-10-02,5820.0,5910.0,5710.0,5890.0,46891.0,067920
2026-10-02,2180.0,2290.0,2125.0,2205.0,197694.0,315640
2026-10-02,1809.0,2150.0,1809.0,2080.0,353968.0,179530
2026-10-02,5450.0,6950.0,5440.0,5850.0,4183.0,900110
2026-10-02,3225.0,3240.0,3140.0,3140.0,8127.0,111710
2026-10-02,1648.0,1730.0,1648.0,1685.0,737833.0,122350
2026-10-02,6740.0,7040.0,6500.0,6910.0,38645.0,318160
2026-10-02,1620.0,1645.0,1608.0,1638.0,36485.0,382480
2026-10-02,1703.0,1739.0,1687.0,1733.0,14528.0,033130
2026-10-02,3810.0,3910.0,3735.0,3900.0,22607.0,424960
2026-10-02,20200.0,20200.0,19210.0,19570.0,2378.0,100030
2026-10-02,2610.0,2685.0,2575.0,2625.0,32837.0,241690
2026-10-02,5390.0,5860.0,5290.0,5840.0,74774.0,273640
2026-10-02,2800.0,2800.0,2570.0,2710.0,96333.0,049470
2026-10-02,4240.0,4330.0,4200.0,4330.0,6547.0,089850
2026-10-02,9900.0,11210.0,9820.0,10760.0,91060.0,424980
2026-10-02,1758.0,1979.0,1750.0,1810.0,52903.0,082210
2026-10-02,1405.0,1420.0,1350.0,1397.0,49019.0,214270
2026-10-02,2595.0,2650.0,2580.0,2600.0,41271.0,081150
2026-10-02,3290.0,3370.0,3280.0,3370.0,58679.0,066670
2026-10-02,1963.0,1985.0,1850.0,1921.0,141647.0,187420
2026-10-02,3500.0,3525.0,3480.0,3510.0,7966.0,043650
2026-10-02,8050.0,8150.0,7980.0,8050.0,58424.0,0156T0
2026-10-02,1429.0,1483.0,1322.0,1422.0,68403.0,127710
2026-10-02,0.0,0.0,0.0,2215.0,0.0,001840
2026-10-02,2600.0,2610.0,2575.0,2605.0,23301.0,291230
2026-10-02,1782.0,1817.0,1768.0,1797.0,11426.0,064240
2026-10-02,1949.0,1991.0,1949.0,1984.0,102261.0,049480
2026-10-02,0.0,0.0,0.0,1490.0,0.0,294090
2026-10-02,2735.0,2735.0,2670.0,2700.0,23255.0,036000
2026-10-02,1110.0,1200.0,1109.0,1171.0,278871.0,060310
2026-10-02,5060.0,5520.0,4970.0,5170.0,45067.0,008370
2026-10-02,7040.0,7070.0,6800.0,6900.0,50954.0,463020
2026-10-02,2080.0,2250.0,2080.0,2220.0,370326.0,065170
2026-10-02,12300.0,12300.0,11990.0,12280.0,2859.0,016250
2026-10-02,3875.0,3875.0,3615.0,3790.0,35059.0,221800
2026-10-02,1071.0,1105.0,1056.0,1084.0,28983.0,014470
2026-10-02,2655.0,3375.0,2655.0,3000.0,1316898.0,900300
2026-10-02,6190.0,6240.0,6120.0,6170.0,3535.0,005670
2026-10-02,1401.0,1463.0,1401.0,1448.0,341170.0,036090
2026-10-02,11310.0,11880.0,11220.0,11630.0,20510.0,448710
2026-10-02,2655.0,2700.0,2610.0,2675.0,9662.0,039420
2026-10-02,1472.0,1530.0,1450.0,1478.0,2954705.0,299170
2026-10-02,0.0,0.0,0.0,1055.0,0.0,043610
2026-10-02,5550.0,5640.0,5290.0,5490.0,33785.0,059270
2026-10-02,5220.0,5250.0,5190.0,5230.0,3841.0,010240
2026-10-02,3295.0,3345.0,3275.0,3310.0,25182.0,041460
2026-10-02,0.0,0.0,0.0,676.0,0.0,203400
2026-10-02,4945.0,5000.0,4935.0,4990.0,16237.0,216050
2026-10-02,3020.0,3095.0,2950.0,3030.0,46971.0,460870
2026-10-02,3135.0,3210.0,3135.0,3180.0,63219.0,033320
2026-10-02,2775.0,2845.0,2695.0,2740.0,316419.0,483350
2026-10-02,4830.0,4995.0,4730.0,4790.0,9159.0,352910
2026-10-02,1044.0,1052.0,1011.0,1038.0,87218.0,054300
2026-10-02,5040.0,5040.0,4990.0,5040.0,2557.0,010470
2026-10-02,5160.0,5400.0,4985.0,5230.0,112970.0,464490
2026-10-02,1643.0,1707.0,1643.0,1700.0,225242.0,003310
2026-10-02,10360.0,11700.0,10280.0,11000.0,52230.0,360350
2026-10-02,2300.0,2375.0,2285.0,2340.0,120224.0,025550
2026-10-02,3735.0,3840.0,3650.0,3740.0,8154.0,251630
2026-10-02,2625.0,2660.0,2600.0,2640.0,85287.0,039020
2026-10-02,6890.0,7050.0,6530.0,6750.0,125247.0,081180
2026-10-02,4210.0,4300.0,4110.0,4255.0,10290.0,094850
2026-10-02,8260.0,8550.0,8100.0,8400.0,33974.0,192250
2026-10-02,6260.0,6480.0,6220.0,6440.0,13075.0,215360
2026-10-02,1446.0,1498.0,1446.0,1470.0,29917.0,033310
2026-10-02,2340.0,2375.0,2305.0,2355.0,7711.0,175140
2026-10-02,7110.0,7250.0,7040.0,7240.0,3476.0,191420
2026-10-02,5150.0,5180.0,5100.0,5170.0,5721.0,263690
2026-10-02,6730.0,6880.0,6710.0,6820.0,9262.0,045340
2026-10-02,2935.0,3010.0,2930.0,3000.0,16316.0,348150
2026-10-02,0.0,0.0,0.0,1284.0,0.0,099520
2026-10-02,8460.0,8580.0,8410.0,8580.0,2095.0,050960
2026-10-02,3105.0,3115.0,2960.0,3010.0,76118.0,950200
2026-10-02,4170.0,4190.0,4085.0,4150.0,82952.0,037440
2026-10-02,7410.0,7920.0,7330.0,7810.0,34941.0,288180
2026-10-02,5550.0,5740.0,5510.0,5570.0,62963.0,261520
2026-10-02,6700.0,6750.0,6510.0,6640.0,10077.0,053620
2026-10-02,1119.0,1132.0,1101.0,1126.0,114345.0,033230
2026-10-02,1867.0,1905.0,1860.0,1889.0,56322.0,053050
2026-10-02,3140.0,3330.0,3100.0,3270.0,101935.0,088280
2026-10-02,1203.0,1250.0,1203.0,1239.0,241521.0,046210
2026-10-02,3550.0,3690.0,3410.0,3610.0,108848.0,321820
2026-10-02,5200.0,6480.0,5110.0,5200.0,3478.0,443250
2026-10-02,3965.0,3980.0,3920.0,3970.0,3994.0,007370
2026-10-02,3270.0,3330.0,3160.0,3200.0,10817.0,317530
2026-10-02,3545.0,3545.0,3230.0,3300.0,356560.0,145170
2026-10-02,9400.0,9950.0,9400.0,9900.0,34858.0,109080
2026-10-02,5090.0,5090.0,5000.0,5050.0,13143.0,333620
2026-10-02,0.0,0.0,0.0,806.0,0.0,340930
2026-10-02,1301.0,1313.0,1280.0,1291.0,237028.0,290660
2026-10-02,4165.0,4195.0,4075.0,4110.0,171689.0,365660
2026-10-02,5100.0,5110.0,4770.0,5080.0,26213.0,419080
2026-10-02,5040.0,5090.0,5010.0,5090.0,5346.0,036670
2026-10-02,0.0,0.0,0.0,499.0,0.0,217480
2026-10-02,5400.0,5620.0,5270.0,5510.0,81995.0,0013V0
2026-10-02,1476.0,1547.0,1476.0,1524.0,40232.0,024910
2026-10-02,3175.0,3315.0,3140.0,3200.0,15935.0,040610
2026-10-02,1608.0,1630.0,1539.0,1545.0,118379.0,036120
2026-10-02,3685.0,4045.0,3540.0,3950.0,228473.0,457600
2026-10-02,4010.0,4025.0,3915.0,4015.0,19146.0,459100
2026-10-02,1825.0,2005.0,1755.0,1772.0,14194.0,238090
2026-10-02,6430.0,6490.0,6320.0,6410.0,11903.0,061250
2026-10-02,1290.0,1290.0,1198.0,1264.0,130126.0,391710
2026-10-02,7010.0,7130.0,6850.0,7070.0,4723.0,435570
2026-10-02,2990.0,3105.0,2990.0,3105.0,1272.0,043710
2026-10-02,8320.0,8480.0,8230.0,8400.0,8870.0,170790
2026-10-02,3520.0,3570.0,3350.0,3430.0,406994.0,393210
2026-10-02,4825.0,5050.0,4695.0,4970.0,47793.0,317830
2026-10-02,1940.0,1969.0,1932.0,1953.0,21038.0,053270
2026-10-02,2185.0,2185.0,2030.0,2090.0,18779.0,064800
2026-10-02,5090.0,5280.0,5050.0,5240.0,37402.0,105760
2026-10-02,17640.0,18490.0,17510.0,17760.0,3479.0,054930
2026-10-02,5300.0,5360.0,5130.0,5320.0,21811.0,071670
2026-10-02,2575.0,2690.0,2575.0,2635.0,82799.0,092300
2026-10-02,3135.0,3295.0,3025.0,3095.0,297133.0,033170
2026-10-02,9480.0,9480.0,8900.0,9070.0,32815.0,420570
2026-10-02,6170.0,6220.0,6080.0,6190.0,15038.0,370090
2026-10-02,3165.0,3180.0,3080.0,3145.0,53808.0,104620
2026-10-02,1950.0,1965.0,1920.0,1945.0,42337.0,039240
2026-10-02,4200.0,4300.0,4155.0,4230.0,1722.0,024950
2026-10-02,2235.0,2240.0,2180.0,2205.0,53673.0,246690
2026-10-02,2790.0,2950.0,2780.0,2930.0,103204.0,044340
2026-10-02,6170.0,6290.0,6100.0,6260.0,34652.0,094940
2026-10-02,2095.0,2120.0,2035.0,2075.0,436376.0,459550
2026-10-02,3835.0,3900.0,3805.0,3845.0,27135.0,163280
2026-10-02,6250.0,6320.0,6200.0,6230.0,56808.0,317850
2026-10-02,8730.0,8730.0,8320.0,8640.0,6108.0,053160
2026-10-02,1282.0,1315.0,1265.0,1294.0,49736.0,027050
2026-10-02,5270.0,5530.0,5270.0,5400.0,84941.0,355690
2026-10-02,4750.0,4865.0,4605.0,4720.0,33518.0,052790
2026-10-02,1586.0,1633.0,1563.0,1620.0,143200.0,217500
2026-10-02,4365.0,4435.0,4330.0,4435.0,3070.0,256630
2026-10-02,2865.0,2895.0,2730.0,2895.0,2437.0,376290
2026-10-02,5210.0,5370.0,5120.0,5230.0,36805.0,019990
2026-10-02,2965.0,2965.0,2900.0,2910.0,10282.0,015710
2026-10-02,5880.0,5910.0,5760.0,5870.0,19350.0,314140
2026-10-02,1728.0,1829.0,1723.0,1790.0,222715.0,321260
2026-10-02,1967.0,1983.0,1948.0,1961.0,71882.0,088910
2026-10-02,0.0,0.0,0.0,2825.0,0.0,393970
2026-10-02,3030.0,3030.0,2835.0,2885.0,172734.0,278650
2026-10-02,2180.0,2370.0,2160.0,2315.0,188081.0,179900
2026-10-02,1629.0,1663.0,1621.0,1663.0,14325.0,347740
2026-10-02,2755.0,2780.0,2720.0,2760.0,25116.0,046940
2026-10-02,5060.0,5150.0,4980.0,5130.0,133368.0,189860
2026-10-02,980.0,1068.0,974.0,1029.0,322305.0,042110
2026-10-02,1092.0,1098.0,1087.0,1095.0,37061.0,063440
2026-10-02,2950.0,3050.0,2805.0,2995.0,177652.0,232830
2026-10-02,5330.0,5540.0,5260.0,5500.0,25403.0,038010
2026-10-02,4750.0,4850.0,4600.0,4680.0,36246.0,408470
2026-10-02,3855.0,3990.0,3705.0,3845.0,40951.0,348080
2026-10-02,1198.0,1211.0,1167.0,1191.0,8928.0,219550
2026-10-02,3800.0,3800.0,3625.0,3770.0,6703.0,311690
2026-10-02,3305.0,3380.0,3260.0,3310.0,31636.0,053450
2026-10-02,3750.0,3790.0,3670.0,3750.0,26045.0,382150
2026-10-02,6080.0,6100.0,5590.0,5830.0,468622.0,226340
2026-10-02,2750.0,2900.0,2695.0,2890.0,16083.0,037950
2026-10-02,3440.0,3440.0,3190.0,3275.0,6308.0,199550
2026-10-02,1922.0,1990.0,1900.0,1915.0,10002.0,060560
2026-10-02,3310.0,3425.0,3290.0,3340.0,3171.0,122310
2026-10-02,3925.0,3930.0,3825.0,3915.0,5589.0,463480
2026-10-02,5260.0,5370.0,5250.0,5340.0,4634.0,452400
2026-10-02,2950.0,3130.0,2940.0,3010.0,67221.0,065130
2026-10-02,3530.0,3545.0,3380.0,3450.0,160652.0,340810
2026-10-02,2785.0,2900.0,2780.0,2870.0,120576.0,094970
2026-10-02,6750.0,6760.0,6640.0,6740.0,12083.0,059100
2026-10-02,0.0,0.0,0.0,6550.0,0.0,418250
2026-10-02,2810.0,2810.0,2595.0,2695.0,60586.0,032960
2026-10-02,975.0,995.0,969.0,979.0,129900.0,222420
2026-10-02,1731.0,1745.0,1713.0,1723.0,5572.0,440290
2026-10-02,924.0,928.0,876.0,883.0,122935.0,340360
2026-10-02,1706.0,1970.0,1705.0,1884.0,116654.0,373200
2026-10-02,1333.0,1347.0,1303.0,1332.0,51860.0,014190
2026-10-02,2625.0,2655.0,2570.0,2625.0,37433.0,384470
2026-10-02,3570.0,3570.0,3410.0,3435.0,2120.0,277070
2026-10-02,0.0,0.0,0.0,521.0,0.0,023440
2026-10-02,2315.0,2350.0,2260.0,2330.0,36776.0,317690
2026-10-02,3900.0,4060.0,3830.0,4005.0,61137.0,150900
2026-10-02,7460.0,7460.0,6990.0,7100.0,19084.0,476040
2026-10-02,5200.0,5250.0,5140.0,5240.0,976.0,073110
2026-10-02,1165.0,1173.0,1140.0,1161.0,17371.0,189980
2026-10-02,4015.0,4335.0,4000.0,4120.0,22482.0,471820
2026-10-02,1027.0,1052.0,1000.0,1043.0,90407.0,143540
2026-10-02,2400.0,2470.0,2400.0,2445.0,18164.0,053980
2026-10-02,5120.0,5790.0,4970.0,5230.0,56644.0,317870
2026-10-02,7660.0,7660.0,6940.0,7150.0,49143.0,453860
2026-10-02,2380.0,2480.0,2325.0,2470.0,51604.0,178780
2026-10-02,3330.0,3395.0,3270.0,3395.0,7286.0,083550
2026-10-02,1285.0,1490.0,1285.0,1332.0,416662.0,227950
2026-10-02,2950.0,3190.0,2900.0,3040.0,30136.0,460470
2026-10-02,0.0,0.0,0.0,1957.0,0.0,229000
2026-10-02,1600.0,1619.0,1550.0,1592.0,5696.0,361570
2026-10-02,3090.0,3155.0,3085.0,3150.0,20534.0,072990
2026-10-02,0.0,0.0,0.0,766.0,0.0,131400
2026-10-02,8890.0,8930.0,8470.0,8930.0,2405.0,0010V0
2026-10-02,1012.0,1050.0,1011.0,1029.0,56816.0,068330
2026-10-02,2255.0,2320.0,2255.0,2270.0,52376.0,114450
2026-10-02,2310.0,2450.0,2270.0,2345.0,35137.0,260930
2026-10-02,1239.0,1300.0,1211.0,1272.0,64313.0,900340
2026-10-02,6320.0,6390.0,6100.0,6350.0,11035.0,479960
2026-10-02,2090.0,2130.0,2085.0,2100.0,20906.0,198080
2026-10-02,3915.0,4000.0,3900.0,3975.0,4368.0,051390
2026-10-02,8850.0,8920.0,8700.0,8860.0,1667.0,466410
2026-10-02,0.0,0.0,0.0,460.0,0.0,033340
2026-10-02,1225.0,1264.0,1223.0,1244.0,84834.0,900250
2026-10-02,1200.0,1255.0,1192.0,1220.0,8349.0,258610
2026-10-02,4450.0,4595.0,4425.0,4590.0,24995.0,082850
2026-10-02,2375.0,2390.0,2250.0,2355.0,3604.0,072470
2026-10-02,3490.0,3490.0,3435.0,3455.0,4129.0,066130
2026-10-02,4950.0,5120.0,4550.0,5100.0,2059.0,042040
2026-10-02,3440.0,3440.0,3230.0,3260.0,770.0,050120
2026-10-02,1410.0,1832.0,1408.0,1619.0,7495262.0,065440
2026-10-02,0.0,0.0,0.0,416.0,0.0,288330
2026-10-02,3295.0,3295.0,3070.0,3235.0,5418.0,373160
2026-10-02,5260.0,5720.0,5260.0,5590.0,24715.0,290670
2026-10-02,3155.0,3250.0,3105.0,3165.0,41754.0,263020
2026-10-02,1981.0,2550.0,1950.0,2225.0,1069278.0,054780
2026-10-02,927.0,960.0,926.0,960.0,207997.0,129890
2026-10-02,2330.0,2370.0,2200.0,2240.0,22108.0,263700
2026-10-02,4675.0,4680.0,4480.0,4580.0,12864.0,196300
2026-10-02,3095.0,3100.0,3035.0,3080.0,31705.0,099410
2026-10-02,4940.0,5050.0,4800.0,5000.0,21541.0,086060
2026-10-02,6050.0,6050.0,5690.0,5960.0,15305.0,413640
2026-10-02,840.0,844.0,818.0,820.0,4452.0,022220
2026-10-02,2095.0,2130.0,2030.0,2120.0,15775.0,159580
2026-10-02,1992.0,2015.0,1986.0,2000.0,10384.0,140520
2026-10-02,5990.0,6060.0,5920.0,5950.0,5493.0,307280
2026-10-02,5030.0,5030.0,4960.0,5020.0,1499.0,256150
2026-10-02,2610.0,2665.0,2600.0,2660.0,13843.0,261200
2026-10-02,3305.0,3435.0,3285.0,3385.0,7432.0,002290
2026-10-02,2970.0,3020.0,2900.0,2925.0,19762.0,461030
2026-10-02,1490.0,1548.0,1471.0,1523.0,36671.0,189690
2026-10-02,6490.0,6510.0,6470.0,6500.0,1318.0,190650
2026-10-02,3235.0,3295.0,3135.0,3295.0,24290.0,100660
2026-10-02,6480.0,6750.0,6390.0,6750.0,71.0,049830
2026-10-02,3740.0,3880.0,3685.0,3750.0,12950.0,136410
2026-10-02,1655.0,1697.0,1644.0,1697.0,68751.0,452200
2026-10-02,1413.0,1415.0,1400.0,1414.0,22351.0,056700
2026-10-02,4080.0,4180.0,3880.0,4040.0,5948.0,199480
2026-10-02,4860.0,5180.0,4670.0,5030.0,5249.0,450330
2026-10-02,2580.0,2590.0,2535.0,2580.0,25685.0,263810
2026-10-02,1700.0,1725.0,1650.0,1722.0,18504.0,263770
2026-10-02,2540.0,2685.0,2510.0,2540.0,24715.0,286750
2026-10-02,1320.0,1496.0,1315.0,1359.0,10594.0,037230
2026-10-02,7980.0,7990.0,7610.0,7940.0,6892.0,224110
2026-10-02,2820.0,3000.0,2730.0,2860.0,39052.0,203450
2026-10-02,1727.0,1770.0,1727.0,1770.0,17509.0,066900
2026-10-02,3025.0,3095.0,2995.0,3040.0,5865.0,007680
2026-10-02,4030.0,4030.0,3895.0,3960.0,10384.0,465480
2026-10-02,9570.0,9900.0,9460.0,9900.0,70.0,221980
2026-10-02,2020.0,2115.0,2010.0,2115.0,44844.0,184230
2026-10-02,0.0,0.0,0.0,798.0,0.0,064090
2026-10-02,1897.0,1980.0,1897.0,1935.0,64882.0,218150
2026-10-02,2475.0,2685.0,2475.0,2645.0,273435.0,035460
2026-10-02,2650.0,2700.0,2495.0,2700.0,8282.0,234100
2026-10-02,2770.0,2795.0,2650.0,2655.0,57821.0,084650
2026-10-02,2285.0,2365.0,2275.0,2340.0,37648.0,215380
2026-10-02,3120.0,3160.0,3070.0,3115.0,14178.0,044960
2026-10-02,2010.0,2025.0,1988.0,2005.0,45334.0,053950
2026-10-02,1701.0,1780.0,1680.0,1748.0,11288.0,050860
2026-10-02,6440.0,6440.0,5160.0,5690.0,904623.0,469750
2026-10-02,2770.0,2770.0,2690.0,2725.0,17304.0,238120
2026-10-02,2320.0,2340.0,2295.0,2315.0,13624.0,025880
2026-10-02,2330.0,2360.0,2310.0,2350.0,27036.0,046310
2026-10-02,1456.0,1464.0,1451.0,1464.0,6338.0,352700
2026-10-02,2050.0,2100.0,2025.0,2055.0,7490.0,221840
2026-10-02,3545.0,3600.0,3335.0,3485.0,15992.0,446840
2026-10-02,3270.0,3310.0,3250.0,3290.0,7329.0,019770
2026-10-02,2735.0,2895.0,2720.0,2880.0,125494.0,121890
2026-10-02,1845.0,1845.0,1681.0,1716.0,19262.0,007530
2026-10-02,1646.0,1759.0,1611.0,1659.0,35417.0,052220
2026-10-02,2510.0,2680.0,2420.0,2450.0,134503.0,081580
2026-10-02,2630.0,2655.0,2585.0,2645.0,21356.0,171010
2026-10-02,1210.0,1256.0,1166.0,1201.0,29914.0,045510
2026-10-02,3805.0,3895.0,3795.0,3845.0,2200.0,273060
2026-10-02,3385.0,3400.0,3275.0,3315.0,2580.0,101240
2026-10-02,3245.0,3300.0,3210.0,3275.0,8695.0,219420
2026-10-02,1620.0,1648.0,1595.0,1625.0,10708.0,122690
2026-10-02,4410.0,4585.0,4320.0,4410.0,4719.0,097870
2026-10-02,3895.0,4040.0,3880.0,4020.0,19443.0,038070
2026-10-02,5530.0,5530.0,5430.0,5520.0,1020.0,250000
2026-10-02,4230.0,4355.0,4185.0,4305.0,9209.0,037370
2026-10-02,666.0,687.0,642.0,686.0,331235.0,027830
2026-10-02,5250.0,5430.0,5210.0,5420.0,15239.0,042940
2026-10-02,2820.0,2885.0,2725.0,2805.0,59129.0,208710
2026-10-02,7250.0,7450.0,7130.0,7380.0,12600.0,258790
2026-10-02,1630.0,1648.0,1600.0,1648.0,10123.0,123570
2026-10-02,2230.0,2350.0,2165.0,2220.0,36860.0,026040
2026-10-02,3180.0,3240.0,3150.0,3220.0,11621.0,043910
2026-10-02,1773.0,1876.0,1761.0,1876.0,3673.0,204020
2026-10-02,4175.0,4200.0,4015.0,4195.0,1340.0,039290
2026-10-02,2805.0,2965.0,2800.0,2960.0,102942.0,434480
2026-10-02,2495.0,2585.0,2495.0,2560.0,26719.0,051490
2026-10-02,2550.0,3240.0,2540.0,3020.0,618437.0,073570
2026-10-02,3605.0,3715.0,3605.0,3650.0,17365.0,239890
2026-10-02,2265.0,2285.0,2220.0,2270.0,3972.0,086040
2026-10-02,2515.0,2595.0,2457.0,2555.0,44745.0,452300
2026-10-02,3760.0,3810.0,3665.0,3760.0,15945.0,177900
2026-10-02,2130.0,2175.0,2020.0,2095.0,27305.0,046390
2026-10-02,6300.0,6460.0,6160.0,6430.0,3438.0,387570
2026-10-02,1003.0,1039.0,997.0,1008.0,97237.0,065500
2026-10-02,3250.0,3350.0,3240.0,3275.0,1280.0,014570
2026-10-02,0.0,0.0,0.0,1087.0,0.0,284620
2026-10-02,1345.0,1417.0,1314.0,1353.0,18960.0,106240
2026-10-02,3180.0,3290.0,3130.0,3290.0,31612.0,186230
2026-10-02,4370.0,4430.0,4365.0,4415.0,3068.0,060850
2026-10-02,6480.0,6480.0,6200.0,6450.0,6322.0,318410
2026-10-02,2835.0,2905.0,2775.0,2820.0,6412.0,049120
2026-10-02,1500.0,1500.0,1465.0,1492.0,30880.0,066360
2026-10-02,0.0,0.0,0.0,602.0,0.0,057540
2026-10-02,0.0,0.0,0.0,778.0,0.0,068940
2026-10-02,3965.0,3980.0,3760.0,3940.0,2928.0,196450
2026-10-02,0.0,0.0,0.0,959.0,0.0,263050
2026-10-02,2315.0,2495.0,2315.0,2380.0,56324.0,104200
2026-10-02,2090.0,2095.0,2025.0,2080.0,40080.0,045060
2026-10-02,3040.0,3150.0,3015.0,3060.0,11230.0,024120
2026-10-02,2290.0,2300.0,2250.0,2290.0,17215.0,260660
2026-10-02,4165.0,4500.0,3920.0,4125.0,5276.0,363250
2026-10-02,4430.0,4485.0,4350.0,4420.0,9035.0,332290
2026-10-02,5290.0,5390.0,5210.0,5350.0,5244.0,153460
2026-10-02,2980.0,3250.0,2865.0,3200.0,207123.0,430690
2026-10-02,1345.0,1349.0,1315.0,1332.0,11964.0,060540
2026-10-02,7230.0,7400.0,6830.0,7350.0,23071.0,417860
2026-10-02,2100.0,2465.0,2055.0,2120.0,4446.0,057030
2026-10-02,4550.0,4660.0,4525.0,4640.0,1957.0,290090
2026-10-02,4625.0,4635.0,4455.0,4580.0,49308.0,431190
2026-10-02,2510.0,2545.0,2400.0,2420.0,356786.0,406820
2026-10-02,2160.0,2185.0,2105.0,2160.0,17676.0,290120
2026-10-02,2140.0,2245.0,2060.0,2120.0,8046.0,075130
2026-10-02,2080.0,2100.0,2030.0,2055.0,7155.0,207760
2026-10-02,1772.0,1950.0,1707.0,1864.0,81474.0,169330
2026-10-02,6700.0,6700.0,6310.0,6600.0,136.0,397810
2026-10-02,2030.0,2090.0,1992.0,2060.0,30422.0,432430
2026-10-02,3140.0,3350.0,3005.0,3040.0,1250273.0,0010F0
2026-10-02,5360.0,5420.0,5210.0,5360.0,11011.0,099220
2026-10-02,4120.0,4180.0,4040.0,4160.0,9719.0,476080
2026-10-02,1701.0,1830.0,1660.0,1772.0,26430.0,033830
2026-10-02,2750.0,2930.0,2680.0,2825.0,11749.0,127980
2026-10-02,2990.0,3090.0,2990.0,3055.0,13563.0,006920
2026-10-02,1474.0,1500.0,1450.0,1491.0,6365.0,064520
2026-10-02,2880.0,2880.0,2850.0,2880.0,6827.0,052600
2026-10-02,2970.0,3360.0,2960.0,3330.0,178591.0,200350
2026-10-02,998.0,1050.0,950.0,1013.0,47264.0,408900
2026-10-02,4320.0,4365.0,4270.0,4330.0,16092.0,131090
2026-10-02,2080.0,2170.0,2065.0,2165.0,43561.0,089140
2026-10-02,0.0,0.0,0.0,689.0,0.0,038060
2026-10-02,3590.0,3665.0,3525.0,3660.0,4062.0,270870
2026-10-02,1456.0,1477.0,1401.0,1421.0,28722.0,215090
2026-10-02,3140.0,3155.0,2945.0,3135.0,14992.0,159910
2026-10-02,1506.0,1518.0,1470.0,1496.0,73710.0,310870
2026-10-02,1549.0,1578.0,1470.0,1492.0,10633.0,335810
2026-10-02,835.0,884.0,802.0,818.0,1040730.0,270520
2026-10-02,1096.0,1150.0,1036.0,1110.0,154130.0,271830
2026-10-02,2860.0,3000.0,2780.0,2890.0,7872.0,080520
2026-10-02,3260.0,3500.0,3025.0,3350.0,10011.0,376980
2026-10-02,9740.0,9740.0,9620.0,9620.0,624.0,208860
2026-10-02,2105.0,2195.0,2090.0,2155.0,18142.0,038620
2026-10-02,2585.0,2840.0,2555.0,2615.0,164169.0,900270
2026-10-02,1099.0,1349.0,1040.0,1349.0,1306705.0,069920
2026-10-02,2990.0,3070.0,2980.0,3050.0,5348.0,200780
2026-10-02,2245.0,2340.0,2235.0,2280.0,24415.0,419120
2026-10-02,7150.0,7500.0,6950.0,7350.0,795.0,012620
2026-10-02,1936.0,1997.0,1934.0,1975.0,2785.0,021650
2026-10-02,2640.0,2640.0,2570.0,2615.0,5461.0,318020
2026-10-02,1274.0,1289.0,1220.0,1249.0,93341.0,032790
2026-10-02,1349.0,1385.0,1310.0,1340.0,5344.0,220180
2026-10-02,1355.0,1366.0,1345.0,1366.0,7980.0,133750
2026-10-02,2515.0,2685.0,2490.0,2670.0,39402.0,356890
2026-10-02,1131.0,1150.0,1112.0,1130.0,20111.0,065950
2026-10-02,1173.0,1173.0,1132.0,1151.0,14615.0,068050
2026-10-02,3965.0,4000.0,3710.0,3890.0,9875.0,087600
2026-10-02,3250.0,3250.0,3080.0,3230.0,1523.0,263920
2026-10-02,1145.0,1161.0,1115.0,1131.0,48426.0,031510
2026-10-02,2545.0,2545.0,2425.0,2500.0,8116.0,311390
2026-10-02,3665.0,3890.0,3655.0,3810.0,23985.0,364950
2026-10-02,475.0,586.0,471.0,556.0,5648849.0,101670
2026-10-02,3125.0,3125.0,3030.0,3100.0,2659.0,148930
2026-10-02,6010.0,6140.0,5980.0,6090.0,14121.0,296640
2026-10-02,0.0,0.0,0.0,1079.0,0.0,050110
2026-10-02,3275.0,3275.0,3150.0,3230.0,3954.0,025440
2026-10-02,2645.0,2695.0,2610.0,2690.0,21645.0,091340
2026-10-02,2275.0,2310.0,2100.0,2250.0,49696.0,016600
2026-10-02,3640.0,3650.0,3460.0,3560.0,81715.0,462510
2026-10-02,3400.0,3405.0,3250.0,3400.0,13264.0,090410
2026-10-02,3020.0,3100.0,2995.0,3035.0,5577.0,153490
2026-10-02,0.0,0.0,0.0,412.0,0.0,258830
2026-10-02,1554.0,1600.0,1466.0,1528.0,11300.0,109820
2026-10-02,3740.0,3835.0,3505.0,3785.0,5139.0,099390
2026-10-02,2540.0,2745.0,2535.0,2725.0,69877.0,073540
2026-10-02,1547.0,1548.0,1453.0,1520.0,1214.0,097780
2026-10-02,2090.0,2230.0,1996.0,2155.0,73914.0,377030
2026-10-02,2800.0,2980.0,2790.0,2920.0,43354.0,045300
2026-10-02,2565.0,2580.0,2530.0,2575.0,23516.0,064480
2026-10-02,1640.0,1685.0,1615.0,1671.0,17531.0,075970
2026-10-02,3850.0,3890.0,3800.0,3890.0,4477.0,462310
2026-10-02,1327.0,1327.0,1258.0,1266.0,53186.0,226330
2026-10-02,2000.0,2010.0,1979.0,1994.0,9664.0,173940
2026-10-02,2310.0,2410.0,2310.0,2390.0,22456.0,237820
2026-10-02,3010.0,3070.0,2935.0,3070.0,3706.0,369370
2026-10-02,1640.0,1678.0,1615.0,1674.0,9394.0,462980
2026-10-02,2930.0,3180.0,2900.0,3005.0,4057.0,187270
2026-10-02,4830.0,4830.0,4710.0,4730.0,2740.0,444530
2026-10-02,2195.0,2205.0,2100.0,2190.0,12467.0,070590
2026-10-02,3145.0,3150.0,3090.0,3150.0,8862.0,336060
2026-10-02,3190.0,3205.0,2880.0,3070.0,16276.0,093380
2026-10-02,0.0,0.0,0.0,1969.0,0.0,246250
2026-10-02,1615.0,1644.0,1589.0,1638.0,5931.0,464580
2026-10-02,1217.0,1245.0,1201.0,1242.0,29777.0,071850
2026-10-02,3450.0,4355.0,3230.0,3580.0,14723.0,367000
2026-10-02,690.0,692.0,673.0,684.0,49877.0,037330
2026-10-02,3045.0,3080.0,2850.0,3030.0,26097.0,300120
2026-10-02,965.0,1022.0,965.0,1008.0,166460.0,031310
2026-10-02,3895.0,4085.0,3850.0,3895.0,15949.0,020180
2026-10-02,2340.0,2350.0,2280.0,2300.0,13663.0,197140
2026-10-02,3075.0,3130.0,3000.0,3110.0,9009.0,452160
2026-10-02,2890.0,2995.0,2885.0,2925.0,1298.0,038950
2026-10-02,5370.0,5460.0,5330.0,5400.0,7180.0,464280
2026-10-02,2225.0,2225.0,2025.0,2125.0,10571.0,038870
2026-10-02,1350.0,1580.0,1257.0,1462.0,415702.0,079190
2026-10-02,1066.0,1163.0,1057.0,1095.0,278034.0,900070
2026-10-02,5670.0,5670.0,5400.0,5480.0,11691.0,388610
2026-10-02,1001.0,1010.0,984.0,1000.0,85869.0,317240
2026-10-02,2905.0,2905.0,2705.0,2830.0,16653.0,262840
2026-10-02,1331.0,1331.0,1276.0,1297.0,113220.0,290560
2026-10-02,5400.0,5560.0,5370.0,5550.0,1620.0,079170
2026-10-02,1095.0,1115.0,1078.0,1080.0,24365.0,128540
2026-10-02,1940.0,1987.0,1940.0,1969.0,23800.0,407400
2026-10-02,5810.0,5890.0,5670.0,5850.0,4851.0,333050
2026-10-02,2120.0,2135.0,2065.0,2070.0,8511.0,188260
2026-10-02,3425.0,3530.0,3370.0,3470.0,15557.0,351330
2026-10-02,2295.0,2360.0,2260.0,2350.0,4430.0,115480
2026-10-02,1414.0,1438.0,1356.0,1419.0,30178.0,198940
2026-10-02,2680.0,2835.0,2605.0,2775.0,13889.0,016670
2026-10-02,1877.0,1928.0,1775.0,1867.0,4760.0,109960
2026-10-02,1610.0,1730.0,1608.0,1680.0,12139.0,008470
2026-10-02,2330.0,2395.0,2300.0,2365.0,5470.0,068100
2026-10-02,0.0,0.0,0.0,1710.0,0.0,043220
2026-10-02,1621.0,1649.0,1611.0,1643.0,17870.0,089150
2026-10-02,2360.0,2400.0,2330.0,2375.0,43503.0,119500
2026-10-02,5190.0,5210.0,5150.0,5210.0,766.0,239610
2026-10-02,6440.0,6600.0,6360.0,6430.0,9246.0,088340
2026-10-02,1657.0,1820.0,1604.0,1800.0,16038.0,123840
2026-10-02,1620.0,1630.0,1590.0,1624.0,8148.0,114630
2026-10-02,0.0,0.0,0.0,910.0,0.0,254120
2026-10-02,1898.0,1953.0,1854.0,1903.0,39164.0,450520
2026-10-02,599.0,599.0,580.0,589.0,22669.0,043340
2026-10-02,1818.0,1851.0,1764.0,1845.0,21955.0,373170
2026-10-02,3470.0,3570.0,3350.0,3510.0,452.0,318010
2026-10-02,1467.0,1480.0,1405.0,1450.0,48075.0,225220
2026-10-02,1499.0,1520.0,1449.0,1498.0,25494.0,376180
2026-10-02,7730.0,8010.0,7720.0,7910.0,301.0,007770
2026-10-02,1020.0,1025.0,978.0,994.0,91687.0,160550
2026-10-02,2645.0,2750.0,2615.0,2645.0,24129.0,033540
2026-10-02,1927.0,1981.0,1894.0,1900.0,16017.0,130500
2026-10-02,2510.0,2590.0,2495.0,2535.0,27657.0,067010
2026-10-02,2560.0,2560.0,2405.0,2455.0,120311.0,368970
2026-10-02,1820.0,1820.0,1616.0,1789.0,29979.0,066910
2026-10-02,1711.0,1725.0,1682.0,1717.0,20769.0,195500
2026-10-02,1678.0,1678.0,1523.0,1608.0,21025.0,236810
2026-10-02,1692.0,1810.0,1692.0,1728.0,14518.0,057680
2026-10-02,3880.0,3995.0,3815.0,3910.0,8256.0,288620
2026-10-02,2795.0,2835.0,2765.0,2835.0,8975.0,290270
2026-10-02,4070.0,4240.0,4070.0,4225.0,8808.0,363260
2026-10-02,2670.0,2810.0,2650.0,2720.0,34809.0,078590
2026-10-02,2275.0,2440.0,2250.0,2325.0,62695.0,017000
2026-10-02,2050.0,2050.0,1901.0,1991.0,27620.0,148250
2026-10-02,1877.0,2000.0,1851.0,1918.0,6492.0,139670
2026-10-02,986.0,986.0,703.0,721.0,973368.0,206400
2026-10-02,700.0,700.0,601.0,651.0,311673.0,072770
2026-10-02,3590.0,3590.0,3410.0,3585.0,11520.0,091970
2026-10-02,3535.0,3680.0,3400.0,3620.0,9131.0,131220
2026-10-02,2790.0,2810.0,2755.0,2795.0,24161.0,048470
2026-10-02,1362.0,1480.0,1344.0,1379.0,175194.0,060230
2026-10-02,1060.0,1150.0,1023.0,1083.0,96719.0,047080
2026-10-02,2515.0,2565.0,2360.0,2420.0,14720.0,080530
2026-10-02,647.0,706.0,647.0,663.0,1415798.0,215790
2026-10-02,3900.0,3900.0,3730.0,3895.0,7453.0,328380
2026-10-02,2650.0,2840.0,2530.0,2775.0,26037.0,348030
2026-10-02,2070.0,2090.0,2005.0,2080.0,1144.0,900310
2026-10-02,1666.0,1695.0,1645.0,1676.0,33900.0,096630
2026-10-02,2395.0,2395.0,2250.0,2350.0,15462.0,238490
2026-10-02,2140.0,2200.0,2120.0,2185.0,4817.0,013720
2026-10-02,2500.0,2520.0,2430.0,2485.0,50515.0,140430
2026-10-02,2805.0,3095.0,2770.0,2780.0,10644.0,019570
2026-10-02,1034.0,1042.0,1011.0,1032.0,52570.0,016920
2026-10-02,3400.0,3520.0,3310.0,3410.0,38564.0,002680
2026-10-02,2215.0,2320.0,2145.0,2230.0,45215.0,398120
2026-10-02,2925.0,2935.0,2920.0,2920.0,1222.0,032750
2026-10-02,3820.0,3935.0,3760.0,3795.0,4364.0,297570
2026-10-02,1770.0,1779.0,1672.0,1740.0,5434.0,069140
2026-10-02,2290.0,2290.0,2120.0,2275.0,16088.0,359090
2026-10-02,1305.0,1330.0,1292.0,1326.0,6828.0,060380
2026-10-02,1630.0,1685.0,1604.0,1684.0,93124.0,191410
2026-10-02,2545.0,2610.0,2505.0,2545.0,18023.0,069410
2026-10-02,1248.0,1248.0,1222.0,1244.0,36257.0,043200
2026-10-02,5370.0,5570.0,5300.0,5440.0,3763.0,134060
2026-10-02,1467.0,1516.0,1421.0,1482.0,8258.0,138070
2026-10-02,3600.0,3610.0,3570.0,3595.0,2659.0,079000
2026-10-02,1599.0,1699.0,1580.0,1593.0,42209.0,052300
2026-10-02,810.0,815.0,799.0,810.0,44291.0,033050
2026-10-02,6140.0,6520.0,6140.0,6410.0,2216.0,096690
2026-10-02,2030.0,2120.0,1960.0,2015.0,94248.0,383930
2026-10-02,1606.0,1650.0,1585.0,1643.0,19115.0,105550
2026-10-02,1575.0,1580.0,1560.0,1572.0,22820.0,103840
2026-10-02,1070.0,1100.0,1023.0,1070.0,37230.0,146060
2026-10-02,1681.0,1776.0,1533.0,1686.0,149824.0,322780
2026-10-02,1919.0,2040.0,1902.0,1918.0,35795.0,193250
2026-10-02,1641.0,1641.0,1457.0,1628.0,30444.0,290520
2026-10-02,1568.0,1585.0,1506.0,1549.0,7476.0,053290
2026-10-02,2930.0,2945.0,2880.0,2940.0,12064.0,458350
2026-10-02,3305.0,3400.0,3250.0,3395.0,9003.0,038880
2026-10-02,3520.0,3630.0,3475.0,3540.0,112223.0,429270
2026-10-02,6000.0,6190.0,5850.0,6010.0,8961.0,090150
2026-10-02,3905.0,4055.0,3830.0,3985.0,43190.0,148780
2026-10-02,1143.0,1143.0,1127.0,1131.0,1551.0,001810
2026-10-02,996.0,1047.0,953.0,1000.0,22561.0,054090
2026-10-02,1900.0,1954.0,1796.0,1938.0,12611.0,405920
2026-10-02,4230.0,4365.0,4145.0,4245.0,1162.0,131180
2026-10-02,1203.0,1287.0,1126.0,1171.0,18927.0,021880
2026-10-02,3045.0,3225.0,3000.0,3225.0,5330.0,267790
2026-10-02,1629.0,1646.0,1591.0,1634.0,11040.0,101400
2026-10-02,2275.0,2275.0,2170.0,2215.0,10711.0,351870
2026-10-02,0.0,0.0,0.0,956.0,0.0,368600
2026-10-02,2015.0,2015.0,1871.0,1970.0,28360.0,257370
2026-10-02,2980.0,3070.0,2900.0,2955.0,66437.0,389680
2026-10-02,1350.0,1350.0,1312.0,1327.0,22324.0,044780
2026-10-02,2840.0,2945.0,2730.0,2860.0,21236.0,115530
2026-10-02,2600.0,2800.0,2595.0,2705.0,5722.0,020400
2026-10-02,1478.0,1545.0,1471.0,1524.0,68167.0,058110
2026-10-02,1428.0,1475.0,1349.0,1401.0,41372.0,083660
2026-10-02,2935.0,3025.0,2865.0,2900.0,9951.0,101680
2026-10-02,2565.0,2750.0,2535.0,2635.0,111566.0,378800
2026-10-02,1752.0,1760.0,1723.0,1758.0,8003.0,123750
2026-10-02,2800.0,3190.0,2710.0,2980.0,29829.0,223310
2026-10-02,1769.0,1874.0,1710.0,1740.0,144938.0,027040
2026-10-02,2710.0,2800.0,2705.0,2765.0,10319.0,318000
2026-10-02,2090.0,2130.0,2055.0,2110.0,15926.0,415380
2026-10-02,5330.0,5340.0,5200.0,5250.0,2434.0,083640
2026-10-02,1288.0,1322.0,1275.0,1309.0,46144.0,365590
2026-10-02,1975.0,2095.0,1953.0,2085.0,18601.0,187220
2026-10-02,2110.0,2345.0,2075.0,2115.0,5612.0,177830
2026-10-02,1267.0,1268.0,1249.0,1252.0,50660.0,016100
2026-10-02,5430.0,5570.0,5390.0,5530.0,4032.0,115160
2026-10-02,3030.0,3095.0,2915.0,3000.0,9569.0,475660
2026-10-02,2610.0,2630.0,2550.0,2575.0,24654.0,035200
2026-10-02,2960.0,2990.0,2850.0,2960.0,3521.0,039740
2026-10-02,2695.0,2935.0,2695.0,2935.0,11614.0,032860
2026-10-02,912.0,950.0,908.0,931.0,93689.0,206560
2026-10-02,1639.0,1860.0,1639.0,1688.0,126723.0,464500
2026-10-02,2190.0,2190.0,2075.0,2140.0,1499.0,222980
2026-10-02,3500.0,3690.0,3440.0,3545.0,29979.0,054940
2026-10-02,2540.0,2635.0,2540.0,2610.0,13419.0,023770
2026-10-02,5000.0,5000.0,4710.0,4975.0,3213.0,188040
2026-10-02,1940.0,1988.0,1905.0,1960.0,80604.0,027580
2026-10-02,997.0,1014.0,992.0,1006.0,16019.0,032680
2026-10-02,2730.0,2860.0,2700.0,2840.0,3430.0,377330
2026-10-02,2175.0,2175.0,2095.0,2150.0,17230.0,215480
2026-10-02,2905.0,2905.0,2825.0,2850.0,7324.0,208350
2026-10-02,1498.0,1520.0,1481.0,1492.0,7484.0,051380
2026-10-02,1001.0,1049.0,996.0,1013.0,31431.0,076080
2026-10-02,2655.0,2755.0,2575.0,2655.0,16659.0,432980
2026-10-02,6060.0,6060.0,5920.0,5990.0,3210.0,036480
2026-10-02,1743.0,1743.0,1675.0,1735.0,5779.0,219750
2026-10-02,2655.0,3445.0,2605.0,2775.0,1759.0,238200
2026-10-02,1899.0,1899.0,1854.0,1885.0,14441.0,065690
2026-10-02,1938.0,1941.0,1920.0,1941.0,2376.0,018680
2026-10-02,1575.0,1673.0,1504.0,1544.0,19407.0,013810
2026-10-02,1819.0,1913.0,1819.0,1887.0,8563.0,192390
2026-10-02,2005.0,2175.0,1955.0,2075.0,5982.0,352940
2026-10-02,1419.0,1482.0,1381.0,1420.0,152069.0,355390
2026-10-02,2420.0,2420.0,2325.0,2330.0,8594.0,298060
2026-10-02,1481.0,1550.0,1481.0,1486.0,14694.0,032800
2026-10-02,3390.0,3500.0,3355.0,3455.0,2457.0,237750
2026-10-02,1067.0,1133.0,1052.0,1110.0,73500.0,007720
2026-10-02,2980.0,3090.0,2930.0,3030.0,6381.0,065370
2026-10-02,1688.0,1692.0,1641.0,1645.0,11983.0,043590
2026-10-02,1060.0,1060.0,1041.0,1055.0,6826.0,017250
2026-10-02,3030.0,3140.0,2935.0,3025.0,9066.0,303530
2026-10-02,2525.0,2525.0,2395.0,2410.0,9553.0,033200
2026-10-02,2250.0,2470.0,2220.0,2330.0,65990.0,200230
2026-10-02,4455.0,4455.0,4105.0,4265.0,247179.0,224060
2026-10-02,3720.0,3895.0,3700.0,3870.0,15149.0,361670
2026-10-02,3805.0,4100.0,3750.0,3830.0,3366.0,417180
2026-10-02,1425.0,1480.0,1412.0,1425.0,48129.0,317120
2026-10-02,2185.0,2495.0,2110.0,2215.0,5443.0,331520
2026-10-02,0.0,0.0,0.0,1010.0,0.0,032080
2026-10-02,1223.0,1229.0,1210.0,1224.0,12857.0,053060
2026-10-02,1301.0,1301.0,1250.0,1291.0,26555.0,018700
2026-10-02,3970.0,4200.0,3970.0,4125.0,13014.0,247660
2026-10-02,621.0,740.0,595.0,605.0,6453028.0,070300
2026-10-02,0.0,0.0,0.0,756.0,0.0,340440
2026-10-02,1718.0,2150.0,1668.0,1703.0,39930.0,054220
2026-10-02,2795.0,2800.0,2645.0,2675.0,21831.0,115570
2026-10-02,5650.0,5650.0,5250.0,5560.0,4846.0,277410
2026-10-02,1199.0,1245.0,1177.0,1177.0,11527.0,039310
2026-10-02,549.0,630.0,549.0,583.0,489715.0,095910
2026-10-02,2210.0,2210.0,2150.0,2195.0,7697.0,067730
2026-10-02,1308.0,1319.0,1305.0,1309.0,6403.0,032280
2026-10-02,3295.0,3350.0,3265.0,3265.0,4128.0,045520
2026-10-02,1598.0,1653.0,1573.0,1613.0,434660.0,023790
2026-10-02,2115.0,2135.0,2055.0,2075.0,28542.0,424760
2026-10-02,1580.0,1600.0,1525.0,1591.0,35831.0,301300
2026-10-02,2240.0,2240.0,2135.0,2190.0,9529.0,241840
2026-10-02,1601.0,1697.0,1601.0,1671.0,64981.0,098660
2026-10-02,1845.0,1949.0,1810.0,1847.0,5420.0,130740
2026-10-02,2130.0,2130.0,2050.0,2085.0,16605.0,440320
2026-10-02,4355.0,4355.0,3785.0,4005.0,8300.0,038530
2026-10-02,2935.0,3000.0,2825.0,2930.0,12906.0,372800
2026-10-02,954.0,954.0,907.0,924.0,24680.0,289220
2026-10-02,2900.0,3250.0,2900.0,3190.0,108139.0,131100
2026-10-02,2905.0,3200.0,2905.0,3090.0,17324.0,044480
2026-10-02,2615.0,2615.0,2555.0,2600.0,1745.0,353190
2026-10-02,2280.0,2280.0,2145.0,2275.0,9232.0,043360
2026-10-02,1496.0,1496.0,1425.0,1480.0,42294.0,079950
2026-10-02,1510.0,1640.0,1484.0,1579.0,18169.0,353590
2026-10-02,2020.0,2035.0,2005.0,2030.0,13941.0,024940
2026-10-02,1807.0,1890.0,1757.0,1820.0,15810.0,438700
2026-10-02,2945.0,3320.0,2945.0,3100.0,35567.0,113810
2026-10-02,1198.0,1204.0,1182.0,1203.0,5145.0,362990
2026-10-02,950.0,950.0,930.0,930.0,20840.0,021040
2026-10-02,2500.0,2500.0,2370.0,2415.0,59080.0,096870
2026-10-02,1089.0,1121.0,1048.0,1074.0,64409.0,048830
2026-10-02,2520.0,2525.0,2420.0,2520.0,5041.0,088290
2026-10-02,1431.0,1460.0,1407.0,1439.0,9981.0,019660
2026-10-02,2195.0,2195.0,2115.0,2150.0,32295.0,063760
2026-10-02,3750.0,3760.0,3520.0,3730.0,6306.0,405000
2026-10-02,8890.0,9340.0,8800.0,9270.0,5841.0,154040
2026-10-02,1140.0,1191.0,1130.0,1178.0,12334.0,069330
2026-10-02,2095.0,2250.0,2050.0,2200.0,11902.0,110020
2026-10-02,3190.0,3430.0,3050.0,3320.0,12498.0,065060
2026-10-02,844.0,871.0,826.0,842.0,49292.0,276730
2026-10-02,2710.0,2885.0,2680.0,2715.0,791.0,080470
2026-10-02,1448.0,1448.0,1260.0,1310.0,101702.0,344860
2026-10-02,1405.0,1434.0,1326.0,1390.0,16944.0,085810
2026-10-02,2090.0,2180.0,2090.0,2160.0,6558.0,274400
2026-10-02,911.0,930.0,879.0,916.0,48442.0,083470
2026-10-02,3800.0,3800.0,3550.0,3715.0,15677.0,275630
2026-10-02,1608.0,1698.0,1608.0,1650.0,56791.0,115610
2026-10-02,3525.0,3575.0,3495.0,3575.0,3723.0,342870
2026-10-02,994.0,1113.0,972.0,1003.0,25173.0,227610
2026-10-02,1562.0,1666.0,1536.0,1610.0,5619.0,154030
2026-10-02,0.0,0.0,0.0,1622.0,0.0,073190
2026-10-02,1156.0,1189.0,1156.0,1183.0,37107.0,050760
2026-10-02,0.0,0.0,0.0,2290.0,0.0,214610
2026-10-02,834.0,850.0,808.0,837.0,127901.0,347770
2026-10-02,2275.0,2330.0,2210.0,2280.0,5165.0,252500
2026-10-02,1550.0,1598.0,1498.0,1598.0,14353.0,014100
2026-10-02,1194.0,1194.0,1144.0,1180.0,20051.0,065150
2026-10-02,1235.0,1400.0,1226.0,1276.0,67128.0,455180
2026-10-02,0.0,0.0,0.0,6930.0,0.0,031860
2026-10-02,2040.0,2135.0,1975.0,2035.0,7825.0,403490
2026-10-02,2385.0,2570.0,2350.0,2455.0,45554.0,051780
2026-10-02,1774.0,2040.0,1772.0,1884.0,44994.0,137940
2026-10-02,3945.0,3975.0,3830.0,3945.0,1914.0,279600
2026-10-02,2670.0,2715.0,2655.0,2665.0,4345.0,018620
2026-10-02,5060.0,5120.0,4800.0,4810.0,1536.0,084440
2026-10-02,1140.0,1145.0,1120.0,1129.0,9594.0,195990
2026-10-02,1936.0,1965.0,1810.0,1965.0,261141.0,306040
2026-10-02,2970.0,3020.0,2810.0,3020.0,6935.0,419540
2026-10-02,2500.0,2510.0,2420.0,2450.0,9814.0,365900
2026-10-02,5650.0,5650.0,5030.0,5110.0,30985.0,009620
2026-10-02,2960.0,2970.0,2870.0,2890.0,6331.0,078860
2026-10-02,1240.0,1258.0,1216.0,1235.0,20519.0,196700
2026-10-02,3330.0,3365.0,3330.0,3360.0,5466.0,037400
2026-10-02,981.0,1039.0,974.0,1017.0,71927.0,373110
2026-10-02,1199.0,1248.0,1152.0,1185.0,29825.0,056730
2026-10-02,0.0,0.0,0.0,1040.0,0.0,900120
2026-10-02,1905.0,1916.0,1893.0,1914.0,89673.0,0197V0
2026-10-02,855.0,919.0,828.0,899.0,106996.0,309930
2026-10-02,1785.0,1801.0,1725.0,1753.0,33027.0,210120
2026-10-02,0.0,0.0,0.0,2055.0,0.0,482680
2026-10-02,2080.0,2080.0,2075.0,2075.0,7975.0,477380
2026-10-02,0.0,0.0,0.0,6040.0,0.0,241820
2026-10-02,1903.0,1920.0,1900.0,1914.0,291075.0,0200G0
2026-10-02,2870.0,2910.0,2770.0,2895.0,23705.0,054410
2026-10-02,2675.0,2725.0,2605.0,2665.0,33825.0,034940
2026-10-02,0.0,0.0,0.0,696.0,0.0,050090
2026-10-02,2030.0,2430.0,1950.0,2035.0,527897.0,026910
2026-10-02,2780.0,2875.0,2700.0,2850.0,34931.0,475460
2026-10-02,1963.0,2055.0,1963.0,1995.0,31482.0,009730
2026-10-02,4465.0,4465.0,4275.0,4400.0,29057.0,285800
2026-10-02,1977.0,1977.0,1970.0,1971.0,10291.0,0072Z0
2026-10-02,2065.0,2070.0,2065.0,2065.0,3744.0,477340
2026-10-02,1995.0,1998.0,1985.0,1996.0,931.0,0130H0
2026-10-02,1971.0,1988.0,1971.0,1973.0,255.0,0101C0
2026-10-02,0.0,0.0,0.0,973.0,0.0,030350
2026-10-02,1500.0,1572.0,1403.0,1518.0,67151.0,101000
2026-10-02,1992.0,2015.0,1978.0,2000.0,6335.0,0044K0
2026-10-02,1398.0,1744.0,1329.0,1360.0,60005.0,065650
2026-10-02,2105.0,2105.0,2100.0,2105.0,129441.0,473050
2026-10-02,1995.0,1995.0,1983.0,1995.0,3050.0,0115H0
2026-10-02,1487.0,1499.0,1396.0,1420.0,114618.0,376930
2026-10-02,0.0,0.0,0.0,2200.0,0.0,489480
2026-10-02,2845.0,2875.0,2785.0,2835.0,40470.0,225590
2026-10-02,2065.0,2067.0,2065.0,2067.0,2105.0,478440
2026-10-02,2070.0,2080.0,2065.0,2075.0,10042.0,479880
2026-10-02,3170.0,3695.0,3125.0,3360.0,127859.0,469480
2026-10-02,1929.0,1946.0,1928.0,1946.0,12655.0,0165X0
2026-10-02,2735.0,2880.0,2730.0,2805.0,268691.0,498390
2026-10-02,1975.0,1983.0,1974.0,1983.0,14620.0,0099W0
2026-10-02,4145.0,4280.0,4085.0,4100.0,3550.0,335870
2026-10-02,1897.0,1906.0,1896.0,1901.0,277883.0,0209J0
2026-10-02,1359.0,1440.0,1358.0,1377.0,38697.0,177350
2026-10-02,0.0,0.0,0.0,561.0,0.0,304840
2026-10-02,0.0,0.0,0.0,5250.0,0.0,352770
2026-10-02,0.0,0.0,0.0,1651.0,0.0,244460
2026-10-02,2250.0,2270.0,2185.0,2235.0,133548.0,0099X0
2026-10-02,1973.0,1980.0,1964.0,1973.0,10574.0,0134X0
2026-10-02,1945.0,1959.0,1941.0,1941.0,8517.0,0164H0
2026-10-02,1984.0,2010.0,1969.0,1991.0,1001.0,0096B0
2026-10-02,2075.0,2090.0,2050.0,2050.0,5579.0,481890
2026-10-02,1986.0,1992.0,1970.0,1989.0,108.0,0097F0
2026-10-02,2070.0,2075.0,2070.0,2075.0,779.0,478390
2026-10-02,2045.0,2065.0,2020.0,2030.0,1237.0,489730
2026-10-02,1995.0,2010.0,1980.0,2010.0,5608.0,0037T0
2026-10-02,2620.0,2790.0,2530.0,2530.0,78579.0,092600
2026-10-02,0.0,0.0,0.0,2295.0,0.0,054180
2026-10-02,2490.0,2500.0,2300.0,2350.0,19491.0,239340
2026-10-02,1981.0,1981.0,1966.0,1980.0,661.0,0093G0
2026-10-02,2035.0,2040.0,2025.0,2030.0,758.0,492220
2026-10-02,0.0,0.0,0.0,2065.0,0.0,482520
2026-10-02,0.0,0.0,0.0,5170.0,0.0,028080
2026-10-02,2040.0,2060.0,2020.0,2060.0,18183.0,0091W0
2026-10-02,2005.0,2005.0,1995.0,2000.0,207.0,0054V0
2026-10-02,1958.0,1966.0,1958.0,1960.0,3782.0,0131D0
2026-10-02,0.0,0.0,0.0,764.0,0.0,065570
2026-10-02,818.0,827.0,762.0,764.0,619218.0,354200
2026-10-02,2070.0,2075.0,2065.0,2075.0,1044.0,477760
2026-10-02,2060.0,2080.0,2060.0,2080.0,102.0,0088D0
2026-10-02,1996.0,1999.0,1996.0,1996.0,23786.0,0041L0
2026-10-02,1994.0,1997.0,1992.0,1992.0,6068.0,0132G0
2026-10-02,2100.0,2100.0,2100.0,2100.0,34169.0,469900
2026-10-02,2080.0,2080.0,2070.0,2080.0,161.0,482690
2026-10-02,2035.0,2045.0,2025.0,2045.0,7546.0,487360
2026-10-02,2085.0,2090.0,2085.0,2085.0,32251.0,474660
2026-10-02,1994.0,1994.0,1992.0,1994.0,8543.0,0071M0
2026-10-02,2080.0,2085.0,2080.0,2080.0,56.0,474490
2026-10-02,2075.0,2095.0,2065.0,2065.0,9553.0,477470
2026-10-02,732.0,732.0,608.0,608.0,274915.0,035620
2026-10-02,1997.0,1998.0,1988.0,1996.0,309.0,0105P0
2026-10-02,2000.0,2010.0,2000.0,2010.0,62.0,496070
2026-10-02,473.0,496.0,428.0,430.0,1240754.0,418620
2026-10-02,1972.0,1982.0,1966.0,1967.0,1490.0,0129K0
2026-10-02,2050.0,2060.0,2045.0,2050.0,2437.0,486630
2026-10-02,2005.0,2010.0,2000.0,2000.0,1452.0,0098T0
2026-10-02,801.0,820.0,784.0,809.0,44349.0,060260
2026-10-02,1150.0,1256.0,1150.0,1240.0,90380.0,131760
2026-10-02,2020.0,2025.0,2015.0,2025.0,186.0,493790
2026-10-02,1969.0,1986.0,1952.0,1952.0,180.0,0096D0
2026-10-02,2055.0,2070.0,2050.0,2070.0,909.0,489210
2026-10-02,2000.0,2060.0,1877.0,1888.0,76845.0,377220
2026-10-02,1642.0,2025.0,1586.0,1630.0,777648.0,060900
2026-10-02,1970.0,1986.0,1960.0,1986.0,274.0,0130D0
2026-10-02,2005.0,2005.0,1990.0,1990.0,5250.0,0004Y0
2026-10-02,0.0,0.0,0.0,520.0,0.0,043100
2026-10-02,2055.0,2060.0,2055.0,2055.0,649.0,478110
2026-10-02,2000.0,2010.0,1999.0,2010.0,10324.0,466690
2026-10-02,0.0,0.0,0.0,538.0,0.0,305090
2026-10-02,2010.0,2015.0,2005.0,2015.0,284.0,0041B0
2026-10-02,481.0,494.0,472.0,479.0,53837.0,142760
2026-10-02,1443.0,1467.0,1387.0,1402.0,89013.0,103230
2026-10-02,2895.0,2895.0,2660.0,2835.0,61494.0,006050
2026-10-02,751.0,771.0,676.0,696.0,330934.0,208640
2026-10-02,1082.0,1137.0,1031.0,1055.0,125566.0,303030
2026-10-02,2040.0,2045.0,2040.0,2040.0,1668.0,488060
2026-10-02,0.0,0.0,0.0,1650.0,0.0,106080
2026-10-02,1060.0,1133.0,835.0,857.0,756975.0,060480
2026-10-02,750.0,750.0,630.0,680.0,266943.0,289010
2026-10-02,2035.0,2050.0,2035.0,2045.0,845.0,484130
2026-10-02,2055.0,2060.0,2055.0,2060.0,3.0,473950
2026-10-02,2040.0,2055.0,2030.0,2055.0,55887.0,487830
2026-10-02,0.0,0.0,0.0,2080.0,0.0,468760
2026-10-02,2105.0,2105.0,2105.0,2105.0,54835.0,472230
2026-10-02,2080.0,2080.0,2055.0,2060.0,464.0,487720
2026-10-02,909.0,1059.0,908.0,1031.0,108866.0,067770
2026-10-02,1990.0,1990.0,1986.0,1986.0,10.0,0068Y0
2026-10-02,805.0,843.0,770.0,794.0,190239.0,065770
2026-10-02,389.0,389.0,362.0,373.0,265513.0,012340
2026-10-02,1995.0,1995.0,1979.0,1986.0,2035.0,0041J0
2026-10-02,5880.0,5940.0,5800.0,5900.0,189.0,03481K
2026-10-02,1670.0,1684.0,1651.0,1669.0,8236.0,001000
2026-10-02,0.0,0.0,0.0,247.0,0.0,087260
2026-10-02,219.0,225.0,207.0,214.0,932648.0,288980
2026-10-02,2090.0,2095.0,2085.0,2095.0,5205.0,475250
2026-10-02,2100.0,2115.0,2085.0,2115.0,102332.0,474930
2026-10-02,0.0,0.0,0.0,596.0,0.0,079970
2026-10-02,0.0,0.0,0.0,940.0,0.0,065420
2026-10-02,922.0,982.0,843.0,860.0,92680.0,240600
2026-10-02,0.0,0.0,0.0,327.0,0.0,276040
2026-10-02,2080.0,2085.0,2080.0,2080.0,1234.0,473000
2026-10-02,2090.0,2095.0,2090.0,2090.0,15158.0,475240
2026-10-02,254.0,308.0,241.0,256.0,1633338.0,308100
2026-10-02,0.0,0.0,0.0,1096.0,0.0,900100
2026-10-02,0.0,0.0,0.0,409.0,0.0,291810
2026-10-02,0.0,0.0,0.0,205.0,0.0,044180
2026-10-02,0.0,0.0,0.0,468.0,0.0,313760
2026-10-02,0.0,0.0,0.0,312.0,0.0,052770
2026-10-02,0.0,0.0,0.0,698.0,0.0,225430
2026-10-02,0.0,0.0,0.0,1059.0,0.0,025870
2026-10-02,497.0,534.0,441.0,529.0,90484.0,250930
2026-10-02,595.0,689.0,595.0,663.0,90283.0,199730
2026-10-02,380.0,489.0,353.0,450.0,1542507.0,011080
2026-10-02,541.0,541.0,490.0,540.0,214014.0,058450
2026-10-02,0.0,0.0,0.0,384.0,0.0,035290
2026-10-02,1979.0,1994.0,1930.0,1994.0,1841.0,021045
2026-10-02,107.0,107.0,90.0,100.0,1124065.0,196490
2026-10-02,40.0,40.0,33.0,37.0,1373794.0,312610
2026-10-02,5860.0,5860.0,5510.0,5730.0,1020.0,032685
