date,open,high,low,close,volume,code
2026-09-23,284500.0,285000.0,281000.0,284750.0,15404044.0,005930
2026-09-23,1899000.0,1900000.0,1836000.0,1857000.0,2475757.0,000660
2026-09-23,217000.0,220000.0,216500.0,220000.0,4551460.0,005935
2026-09-23,1179000.0,1196000.0,1161000.0,1179000.0,502860.0,402340
2026-09-23,1543000.0,1544000.0,1472000.0,1503000.0,433484.0,009150
2026-09-23,353500.0,359000.0,349500.0,350000.0,200095.0,373220
2026-09-23,364000.0,365500.0,352000.0,353500.0,442484.0,005380
2026-09-23,1390000.0,1394000.0,1360000.0,1360000.0,30792.0,207940
2026-09-23,176000.0,176900.0,172300.0,173000.0,551733.0,105560
2026-09-23,374000.0,379500.0,365000.0,366000.0,230618.0,028260
2026-09-23,297500.0,299000.0,291500.0,293500.0,189130.0,032830
2026-09-23,1057000.0,1062000.0,1015000.0,1018000.0,96670.0,012450
2026-09-23,86100.0,86100.0,80500.0,81200.0,4073099.0,034020
2026-09-23,112800.0,113300.0,109100.0,109400.0,712797.0,055550
2026-09-23,451500.0,451500.0,438000.0,439500.0,153596.0,329180
2026-09-23,119100.0,119800.0,115200.0,115200.0,600957.0,000270
2026-09-23,600000.0,618000.0,591000.0,608000.0,103050.0,034730
2026-09-23,529000.0,529000.0,510000.0,519000.0,329027.0,006400
2026-09-23,179000.0,179700.0,176800.0,177300.0,252905.0,068270
2026-09-23,135800.0,136700.0,132100.0,132400.0,461371.0,086790
2026-09-23,215500.0,216000.0,207000.0,207500.0,470660.0,066570
2026-09-23,379000.0,379500.0,365000.0,367500.0,137384.0,012330
2026-09-23,214500.0,214500.0,203000.0,205500.0,285182.0,010120
2026-09-23,201000.0,201500.0,194100.0,194200.0,1016443.0,035420
2026-09-23,652000.0,656000.0,644000.0,648000.0,46210.0,000810
2026-09-23,2950000.0,2950000.0,2828000.0,2880000.0,22829.0,298040
2026-09-23,35850.0,36250.0,35250.0,35250.0,1121732.0,316140
2026-09-23,722000.0,723000.0,701000.0,707000.0,56522.0,267260
2026-09-23,143000.0,151100.0,142100.0,149200.0,883900.0,096770
2026-09-23,319000.0,320000.0,309500.0,309500.0,156354.0,005490
2026-09-23,1477000.0,1519000.0,1452000.0,1510000.0,68633.0,000150
2026-09-23,81900.0,82000.0,79500.0,79700.0,726923.0,042660
2026-09-23,342000.0,342500.0,330500.0,332000.0,79495.0,009540
2026-09-23,243500.0,243500.0,237000.0,243000.0,289812.0,042700
2026-09-23,1118000.0,1119000.0,1108000.0,1109000.0,6361.0,010130
2026-09-23,128500.0,128900.0,124800.0,124900.0,128914.0,138040
2026-09-23,21200.0,21300.0,20750.0,20750.0,452327.0,011200
2026-09-23,30950.0,30950.0,30150.0,30200.0,1294767.0,015760
2026-09-23,88000.0,89100.0,86300.0,86600.0,477855.0,017670
2026-09-23,177700.0,178800.0,173300.0,174200.0,225928.0,033780
2026-09-23,256500.0,260500.0,252000.0,252000.0,112702.0,051910
2026-09-23,20700.0,20750.0,20200.0,20200.0,1717952.0,010140
2026-09-23,154600.0,160600.0,153200.0,156200.0,327367.0,010950
2026-09-23,33250.0,33250.0,31900.0,32200.0,685941.0,006800
2026-09-23,226500.0,226500.0,217500.0,219500.0,78962.0,018260
2026-09-23,116800.0,117200.0,112000.0,112000.0,92125.0,003550
2026-09-23,20300.0,21050.0,20250.0,20400.0,1278039.0,024110
2026-09-23,207000.0,210000.0,201500.0,205500.0,111184.0,267250
2026-09-23,186200.0,193500.0,179200.0,179800.0,475570.0,003670
2026-09-23,704000.0,713000.0,688000.0,695000.0,50452.0,079550
2026-09-23,34200.0,34600.0,33550.0,33550.0,1079298.0,035720
2026-09-23,203500.0,203500.0,194500.0,196400.0,179416.0,086280
2026-09-23,77700.0,78600.0,72800.0,73600.0,817649.0,272210
2026-09-23,361500.0,372500.0,357000.0,368500.0,167623.0,278470
2026-09-23,130000.0,130000.0,120200.0,120600.0,1086486.0,000720
2026-09-23,53300.0,53500.0,52600.0,52700.0,153095.0,030200
2026-09-23,549000.0,549000.0,525000.0,534000.0,97461.0,011070
2026-09-23,118100.0,119100.0,114700.0,115800.0,174680.0,064350
2026-09-23,130000.0,130100.0,127400.0,127600.0,140254.0,047810
2026-09-23,185900.0,186600.0,182000.0,184300.0,126929.0,005830
2026-09-23,31500.0,32100.0,31100.0,31450.0,3745441.0,003490
2026-09-23,247000.0,247000.0,238500.0,239000.0,38474.0,443060
2026-09-23,188000.0,192100.0,184700.0,186000.0,141111.0,071050
2026-09-23,390000.0,391500.0,374500.0,378000.0,35525.0,307950
2026-09-23,110600.0,114500.0,108000.0,110700.0,297993.0,078930
2026-09-23,333500.0,338000.0,320000.0,322000.0,60484.0,006260
2026-09-23,57200.0,57200.0,54900.0,55300.0,334385.0,047050
2026-09-23,51600.0,51600.0,48600.0,49000.0,1898322.0,028050
2026-09-23,26350.0,26800.0,25900.0,25975.0,337472.0,005940
2026-09-23,20200.0,20450.0,19910.0,19940.0,782840.0,323410
2026-09-23,326000.0,326000.0,313500.0,317500.0,131877.0,000500
2026-09-23,142700.0,143400.0,139400.0,140200.0,59056.0,180640
2026-09-23,1238000.0,1238000.0,1205000.0,1214000.0,52784.0,003230
2026-09-23,204000.0,204000.0,197500.0,197600.0,41031.0,259960
2026-09-23,117100.0,119700.0,114000.0,118700.0,820579.0,007660
2026-09-23,141000.0,144400.0,140600.0,142000.0,130021.0,090430
2026-09-23,336000.0,338500.0,327500.0,329000.0,20631.0,0126Z0
2026-09-23,91000.0,93000.0,90400.0,91100.0,408308.0,016360
2026-09-23,18800.0,18800.0,17330.0,17350.0,8707072.0,047040
2026-09-23,58300.0,58400.0,56900.0,57100.0,199179.0,161390
2026-09-23,100000.0,100400.0,97700.0,99600.0,124081.0,021240
2026-09-23,264000.0,269000.0,261500.0,265500.0,46837.0,039490
2026-09-23,132400.0,133400.0,129700.0,130100.0,46480.0,000880
2026-09-23,71700.0,71700.0,69300.0,69350.0,454553.0,064400
2026-09-23,156600.0,158400.0,153900.0,155700.0,212590.0,352820
2026-09-23,506000.0,534000.0,506000.0,517000.0,115620.0,128940
2026-09-23,28050.0,29750.0,27650.0,29150.0,3558651.0,009830
2026-09-23,208500.0,208500.0,200500.0,204000.0,107743.0,062040
2026-09-23,14590.0,14720.0,14570.0,14580.0,682333.0,032640
2026-09-23,137600.0,138100.0,128100.0,129600.0,378396.0,267270
2026-09-23,32150.0,32200.0,30550.0,30925.0,2620451.0,001440
2026-09-23,176700.0,178400.0,175800.0,176600.0,91454.0,005387
2026-09-23,113600.0,120300.0,111000.0,119800.0,1381729.0,353200
2026-09-23,77000.0,77400.0,75300.0,75800.0,78777.0,326030
2026-09-23,131000.0,132500.0,128400.0,132000.0,344520.0,000990
2026-09-23,30650.0,31150.0,30000.0,30100.0,245969.0,175330
2026-09-23,58800.0,58900.0,57200.0,57700.0,128700.0,241560
2026-09-23,41250.0,41300.0,40300.0,40600.0,122873.0,377300
2026-09-23,75000.0,75000.0,73700.0,73900.0,141288.0,000100
2026-09-23,136200.0,136400.0,129200.0,129700.0,417159.0,052690
2026-09-23,43000.0,43250.0,42500.0,42500.0,85326.0,029780
2026-09-23,5640.0,5680.0,5550.0,5630.0,1804081.0,088350
2026-09-23,16070.0,16630.0,15870.0,15870.0,903959.0,138930
2026-09-23,9820.0,9830.0,9780.0,9790.0,586283.0,088980
2026-09-23,72300.0,72800.0,69200.0,70100.0,228282.0,454910
2026-09-23,222500.0,222500.0,209500.0,210500.0,80019.0,036570
2026-09-23,109500.0,112700.0,107300.0,109000.0,320724.0,066970
2026-09-23,90000.0,90400.0,87900.0,89200.0,84258.0,011790
2026-09-23,297000.0,300000.0,292500.0,292500.0,25628.0,051900
2026-09-23,111500.0,111500.0,109700.0,109800.0,60590.0,271560
2026-09-23,8510.0,8870.0,8470.0,8510.0,3210478.0,034220
2026-09-23,35600.0,35750.0,31700.0,31750.0,1065216.0,004020
2026-09-23,473000.0,482000.0,467000.0,473500.0,15829.0,002380
2026-09-23,47550.0,47900.0,47050.0,47450.0,268010.0,001450
2026-09-23,175800.0,177400.0,174700.0,176300.0,40154.0,005385
2026-09-23,49100.0,49250.0,47200.0,47500.0,661705.0,082740
2026-09-23,77900.0,83700.0,76500.0,81700.0,931246.0,103590
2026-09-23,194900.0,207500.0,192200.0,205500.0,400685.0,010060
2026-09-23,129900.0,132300.0,129000.0,129300.0,70829.0,001040
2026-09-23,51000.0,53400.0,51000.0,52200.0,111131.0,008930
2026-09-23,144300.0,150000.0,142000.0,149200.0,234782.0,161890
2026-09-23,3350.0,3355.0,3225.0,3227.0,2606340.0,018880
2026-09-23,359500.0,360500.0,346000.0,346500.0,56545.0,004170
2026-09-23,35850.0,36000.0,35300.0,35300.0,77725.0,036460
2026-09-23,84000.0,84000.0,82000.0,83000.0,29577.0,012750
2026-09-23,84900.0,84900.0,80100.0,80100.0,329485.0,375500
2026-09-23,265500.0,275000.0,260000.0,272500.0,61618.0,192820
2026-09-23,48050.0,49200.0,46850.0,47100.0,467976.0,336260
2026-09-23,14430.0,14460.0,14310.0,14310.0,179278.0,035250
2026-09-23,72300.0,72400.0,69000.0,69000.0,63379.0,111770
2026-09-23,20550.0,20650.0,19910.0,19970.0,160086.0,022100
2026-09-23,5760.0,5800.0,5560.0,5570.0,2055071.0,028670
2026-09-23,109500.0,110600.0,103600.0,103700.0,91531.0,023530
2026-09-23,117900.0,118900.0,115500.0,116800.0,39285.0,011780
2026-09-23,37400.0,37400.0,34100.0,34300.0,2148663.0,006360
2026-09-23,41400.0,41400.0,41000.0,41300.0,33317.0,031210
2026-09-23,74300.0,74700.0,73300.0,73400.0,55519.0,017800
2026-09-23,35000.0,35100.0,34300.0,34400.0,73288.0,251270
2026-09-23,18100.0,18200.0,17670.0,17700.0,307299.0,139130
2026-09-23,49600.0,49600.0,47100.0,47800.0,113427.0,007340
2026-09-23,35550.0,36100.0,35450.0,35550.0,50076.0,302440
2026-09-23,168200.0,168200.0,161200.0,163000.0,15487.0,004800
2026-09-23,175000.0,178800.0,174300.0,176100.0,54286.0,097950
2026-09-23,19790.0,20000.0,19350.0,19360.0,61664.0,085620
2026-09-23,14720.0,14790.0,14560.0,14590.0,165642.0,003690
2026-09-23,68600.0,68600.0,66700.0,67400.0,50944.0,383220
2026-09-23,63200.0,64000.0,60000.0,60000.0,90425.0,011170
2026-09-23,226000.0,240000.0,222000.0,236000.0,44941.0,014680
2026-09-23,25650.0,25700.0,25300.0,25450.0,32508.0,026960
2026-09-23,35700.0,36100.0,34650.0,34750.0,202654.0,450080
2026-09-23,46900.0,48000.0,46200.0,46600.0,116503.0,009420
2026-09-23,24500.0,24700.0,24250.0,24350.0,64491.0,004990
2026-09-23,48300.0,48850.0,47000.0,47950.0,116263.0,489790
2026-09-23,13360.0,13360.0,12990.0,13010.0,266433.0,005440
2026-09-23,392000.0,394000.0,388000.0,390500.0,13137.0,004370
2026-09-23,24700.0,25050.0,24550.0,24650.0,74820.0,000240
2026-09-23,134000.0,134900.0,132600.0,132700.0,16258.0,282330
2026-09-23,179000.0,189000.0,178100.0,182700.0,149532.0,483650
2026-09-23,139600.0,139600.0,137500.0,137500.0,4412.0,001720
2026-09-23,49650.0,49650.0,47850.0,48050.0,92565.0,005850
2026-09-23,240000.0,243500.0,238500.0,240000.0,6026.0,018670
2026-09-23,5340.0,5380.0,5320.0,5330.0,228770.0,279570
2026-09-23,79900.0,80900.0,76600.0,76800.0,73843.0,103140
2026-09-23,169900.0,170000.0,162900.0,163100.0,5575.0,009970
2026-09-23,46250.0,46300.0,44800.0,45100.0,236207.0,204320
2026-09-23,50400.0,51000.0,49600.0,50000.0,167723.0,112610
2026-09-23,40600.0,41050.0,39550.0,39900.0,84046.0,020150
2026-09-23,99300.0,100500.0,95200.0,95900.0,88179.0,069960
2026-09-23,46800.0,46850.0,45600.0,45700.0,60486.0,051600
2026-09-23,17690.0,17765.0,17630.0,17690.0,149663.0,030000
2026-09-23,26300.0,26650.0,26100.0,26400.0,69244.0,002790
2026-09-23,38000.0,38100.0,37100.0,37800.0,118356.0,081660
2026-09-23,60300.0,67800.0,59600.0,64500.0,590870.0,229640
2026-09-23,73000.0,73300.0,71300.0,71400.0,78787.0,139480
2026-09-23,484500.0,498000.0,477500.0,492000.0,6980.0,000155
2026-09-23,65000.0,65300.0,63500.0,64000.0,72128.0,457190
2026-09-23,23250.0,23250.0,22700.0,22850.0,112300.0,007070
2026-09-23,6700.0,6730.0,6480.0,6510.0,1280297.0,073240
2026-09-23,31050.0,31850.0,30850.0,31400.0,34676.0,462870
2026-09-23,49700.0,49950.0,49400.0,49600.0,21155.0,089860
2026-09-23,57200.0,57700.0,54800.0,55700.0,138371.0,181710
2026-09-23,8340.0,8550.0,8280.0,8430.0,253998.0,020560
2026-09-23,46100.0,46150.0,45450.0,45500.0,25067.0,439260
2026-09-23,51300.0,51900.0,50200.0,50600.0,472888.0,475150
2026-09-23,82600.0,87800.0,81800.0,86600.0,270137.0,281820
2026-09-23,39800.0,40200.0,38950.0,39000.0,32835.0,023590
2026-09-23,50000.0,50000.0,48450.0,48750.0,175290.0,071970
2026-09-23,55800.0,55900.0,53000.0,53800.0,148875.0,120110
2026-09-23,5370.0,5400.0,5270.0,5330.0,239919.0,395400
2026-09-23,71600.0,71600.0,69900.0,69900.0,41888.0,000120
2026-09-23,45950.0,45950.0,44300.0,44300.0,106359.0,001430
2026-09-23,40500.0,40700.0,40050.0,40100.0,85630.0,008770
2026-09-23,23500.0,23800.0,23100.0,23600.0,88242.0,294870
2026-09-23,41500.0,41700.0,39950.0,40050.0,61589.0,001120
2026-09-23,66000.0,66200.0,62200.0,64700.0,602925.0,007810
2026-09-23,35200.0,35300.0,34800.0,35050.0,28905.0,006040
2026-09-23,151200.0,154600.0,145700.0,147000.0,563189.0,001820
2026-09-23,25850.0,25850.0,25100.0,25300.0,45444.0,012630
2026-09-23,525000.0,528000.0,503000.0,515000.0,22956.0,009155
2026-09-23,13750.0,15050.0,13740.0,13920.0,7092968.0,093370
2026-09-23,123800.0,125400.0,123100.0,123300.0,12543.0,006280
2026-09-23,53800.0,53900.0,52200.0,52200.0,40659.0,011210
2026-09-23,23950.0,23950.0,23400.0,23600.0,71525.0,001800
2026-09-23,16400.0,17460.0,16340.0,17150.0,575778.0,361610
2026-09-23,40850.0,42200.0,40550.0,41350.0,85490.0,005070
2026-09-23,11070.0,11100.0,10650.0,10690.0,140884.0,00680K
2026-09-23,119600.0,123900.0,118000.0,120100.0,291118.0,322000
2026-09-23,315000.0,316500.0,307500.0,309500.0,5730.0,298020
2026-09-23,15160.0,15170.0,14550.0,14630.0,350916.0,097230
2026-09-23,315500.0,315500.0,310500.0,312000.0,2247.0,007310
2026-09-23,10420.0,10420.0,10080.0,10140.0,163928.0,415640
2026-09-23,26500.0,26700.0,26000.0,26100.0,54548.0,003540
2026-09-23,109600.0,109700.0,106100.0,106200.0,11787.0,069620
2026-09-23,58900.0,58900.0,57500.0,58000.0,38013.0,192080
2026-09-23,410000.0,413000.0,405500.0,406500.0,5319.0,000815
2026-09-23,72300.0,72500.0,70300.0,70900.0,39080.0,066575
2026-09-23,6190.0,6240.0,6000.0,6030.0,700950.0,001740
2026-09-23,4055.0,4090.0,4030.0,4085.0,145775.0,330590
2026-09-23,16370.0,16370.0,16030.0,16060.0,34608.0,300720
2026-09-23,124200.0,126300.0,122700.0,123900.0,11768.0,280360
2026-09-23,10150.0,10150.0,9980.0,10000.0,17573.0,030610
2026-09-23,43900.0,44250.0,42800.0,42950.0,32989.0,004000
2026-09-23,13860.0,13860.0,13420.0,13450.0,1340623.0,006340
2026-09-23,52100.0,52600.0,50300.0,50300.0,25623.0,000210
2026-09-23,15080.0,15090.0,14940.0,15010.0,59895.0,000080
2026-09-23,20700.0,20800.0,20050.0,20100.0,101051.0,017960
2026-09-23,35250.0,36850.0,34950.0,36700.0,679563.0,003160
2026-09-23,61000.0,62300.0,60000.0,60900.0,171263.0,195870
2026-09-23,57600.0,59200.0,57200.0,58700.0,33655.0,006120
2026-09-23,915000.0,915000.0,893000.0,906000.0,622.0,003240
2026-09-23,4675.0,4700.0,4575.0,4590.0,558938.0,003530
2026-09-23,26950.0,27100.0,26700.0,27100.0,6666.0,192400
2026-09-23,5370.0,5380.0,5280.0,5340.0,107631.0,451800
2026-09-23,39950.0,39950.0,39250.0,39650.0,19064.0,009240
2026-09-23,11510.0,11740.0,11400.0,11700.0,109912.0,032350
2026-09-23,16140.0,16310.0,15720.0,15810.0,59846.0,003090
2026-09-23,15440.0,15750.0,15440.0,15620.0,31041.0,030190
2026-09-23,78600.0,80200.0,77500.0,77900.0,26997.0,071320
2026-09-23,64000.0,65400.0,64000.0,64500.0,13464.0,185750
2026-09-23,95700.0,96000.0,95000.0,95700.0,8430.0,005300
2026-09-23,7760.0,7810.0,7500.0,7570.0,609936.0,000370
2026-09-23,9630.0,9650.0,9470.0,9500.0,145285.0,034230
2026-09-23,22850.0,22850.0,21850.0,21900.0,163214.0,077970
2026-09-23,115500.0,116100.0,113700.0,114100.0,7234.0,051915
2026-09-23,61200.0,61200.0,59900.0,59900.0,23886.0,009450
2026-09-23,27250.0,27350.0,26050.0,26150.0,56470.0,003570
2026-09-23,49900.0,50700.0,49450.0,49750.0,29114.0,285130
2026-09-23,5250.0,5270.0,5140.0,5170.0,343891.0,079160
2026-09-23,147800.0,148100.0,145100.0,145300.0,6002.0,071055
2026-09-23,4450.0,4465.0,4370.0,4395.0,172603.0,003470
2026-09-23,56200.0,56600.0,53900.0,54000.0,90740.0,006110
2026-09-23,59300.0,59400.0,58300.0,58900.0,37403.0,004490
2026-09-23,43900.0,43900.0,42600.0,43200.0,55325.0,000670
2026-09-23,3160.0,3225.0,3135.0,3215.0,225319.0,365550
2026-09-23,37900.0,37900.0,36550.0,36650.0,167265.0,100840
2026-09-23,12800.0,12800.0,12410.0,12490.0,716664.0,005690
2026-09-23,85200.0,85300.0,83500.0,84600.0,19918.0,005180
2026-09-23,45700.0,46250.0,45250.0,45350.0,10470.0,036530
2026-09-23,6150.0,6150.0,6030.0,6050.0,83899.0,137310
2026-09-23,36500.0,37200.0,35750.0,36600.0,45741.0,499790
2026-09-23,18070.0,18200.0,17960.0,18000.0,42133.0,214320
2026-09-23,7760.0,7790.0,7620.0,7670.0,49863.0,094800
2026-09-23,158500.0,160300.0,157400.0,158400.0,4719.0,298050
2026-09-23,11550.0,11660.0,11250.0,11340.0,323306.0,100090
2026-09-23,8380.0,8380.0,8200.0,8260.0,43561.0,003850
2026-09-23,52600.0,53100.0,48300.0,49200.0,198266.0,005090
2026-09-23,74400.0,77700.0,74200.0,76700.0,35659.0,456040
2026-09-23,20100.0,20250.0,19750.0,20150.0,469052.0,090460
2026-09-23,5550.0,5580.0,5540.0,5570.0,78400.0,293940
2026-09-23,25550.0,25700.0,25400.0,25450.0,20231.0,064960
2026-09-23,16280.0,16320.0,16130.0,16140.0,26146.0,069260
2026-09-23,132900.0,134000.0,131300.0,131900.0,1041.0,268280
2026-09-23,504000.0,507000.0,502000.0,505000.0,624.0,002960
2026-09-23,2040.0,2040.0,1982.0,1984.0,786214.0,005880
2026-09-23,0.0,0.0,0.0,9900.0,0.0,001570
2026-09-23,92200.0,93900.0,91900.0,91900.0,3773.0,017940
2026-09-23,21500.0,21700.0,21300.0,21500.0,10863.0,093050
2026-09-23,19100.0,19430.0,18600.0,19290.0,38697.0,453340
2026-09-23,26750.0,27150.0,26650.0,26800.0,15968.0,001060
2026-09-23,2030.0,2040.0,1988.0,2010.0,275911.0,000400
2026-09-23,92600.0,93800.0,91700.0,91700.0,9102.0,000640
2026-09-23,8120.0,8120.0,8050.0,8110.0,24723.0,383800
2026-09-23,42600.0,42600.0,41550.0,42150.0,45466.0,079900
2026-09-23,137500.0,137500.0,135600.0,136900.0,1149.0,002840
2026-09-23,17870.0,17880.0,17730.0,17780.0,35939.0,001680
2026-09-23,13130.0,13150.0,12730.0,12850.0,60666.0,248070
2026-09-23,42100.0,42500.0,41950.0,42000.0,5846.0,317450
2026-09-23,21150.0,21200.0,20600.0,20700.0,17020.0,014820
2026-09-23,36450.0,37300.0,36200.0,36600.0,30286.0,108320
2026-09-23,40000.0,41200.0,39750.0,40200.0,13071.0,00088K
2026-09-23,96300.0,97000.0,90100.0,90250.0,55624.0,006650
2026-09-23,10230.0,10430.0,9720.0,9940.0,2813943.0,017900
2026-09-23,10110.0,10150.0,9950.0,9960.0,99410.0,075580
2026-09-23,56500.0,56700.0,55800.0,55900.0,8430.0,025540
2026-09-23,8500.0,8590.0,8310.0,8430.0,757002.0,192650
2026-09-23,27000.0,27200.0,25600.0,25650.0,131839.0,033240
2026-09-23,5620.0,5630.0,5500.0,5500.0,135785.0,016380
2026-09-23,8930.0,8930.0,8850.0,8850.0,41591.0,114090
2026-09-23,5600.0,5600.0,5530.0,5570.0,68729.0,002350
2026-09-23,6570.0,6580.0,6390.0,6400.0,746503.0,0220W0
2026-09-23,2690.0,2815.0,2690.0,2785.0,1393136.0,452260
2026-09-23,7880.0,7890.0,7550.0,7630.0,111662.0,336370
2026-09-23,17510.0,17980.0,17450.0,17460.0,5526.0,003300
2026-09-23,2350.0,2375.0,2320.0,2320.0,1125147.0,001510
2026-09-23,23800.0,24050.0,23750.0,23900.0,5105.0,284740
2026-09-23,127800.0,129200.0,125600.0,126400.0,3930.0,00104K
2026-09-23,18290.0,18290.0,18060.0,18180.0,18782.0,178920
2026-09-23,37700.0,37800.0,36900.0,36950.0,10273.0,005810
2026-09-23,51100.0,51300.0,50700.0,51100.0,1211.0,001270
2026-09-23,9900.0,10360.0,9850.0,9890.0,422582.0,004710
2026-09-23,13470.0,13470.0,13230.0,13260.0,7580.0,007700
2026-09-23,25450.0,25800.0,25000.0,25050.0,11703.0,001530
2026-09-23,1641.0,1641.0,1618.0,1619.0,163855.0,009410
2026-09-23,131800.0,131800.0,127000.0,127600.0,689.0,058650
2026-09-23,2540.0,2540.0,2470.0,2475.0,498387.0,003620
2026-09-23,20450.0,20500.0,20175.0,20200.0,20699.0,003545
2026-09-23,9310.0,9360.0,9220.0,9250.0,116677.0,019170
2026-09-23,7980.0,7980.0,7830.0,7840.0,29680.0,001500
2026-09-23,17850.0,18040.0,17530.0,17620.0,48824.0,484870
2026-09-23,13410.0,13430.0,12980.0,12990.0,705965.0,002990
2026-09-23,10000.0,10100.0,9840.0,9860.0,91022.0,161000
2026-09-23,43300.0,43850.0,42800.0,43550.0,30560.0,029460
2026-09-23,30700.0,30700.0,30300.0,30450.0,16873.0,039130
2026-09-23,130100.0,130600.0,129000.0,130200.0,3389.0,004690
2026-09-23,4670.0,4675.0,4510.0,4610.0,33838.0,377740
2026-09-23,45700.0,46100.0,45200.0,45300.0,2600.0,145990
2026-09-23,10020.0,10020.0,9340.0,9360.0,201844.0,460860
2026-09-23,14630.0,14840.0,14450.0,14730.0,47860.0,008060
2026-09-23,58100.0,58600.0,57800.0,58200.0,1523.0,000070
2026-09-23,42050.0,43000.0,41700.0,42650.0,30792.0,090435
2026-09-23,16950.0,16950.0,16550.0,16550.0,11807.0,002240
2026-09-23,15500.0,15500.0,14950.0,14970.0,67303.0,010780
2026-09-23,9500.0,9570.0,9400.0,9410.0,29093.0,005250
2026-09-23,215000.0,219000.0,207000.0,214000.0,1434.0,002030
2026-09-23,10270.0,10370.0,10250.0,10310.0,28884.0,016610
2026-09-23,4860.0,4995.0,4805.0,4805.0,120181.0,448730
2026-09-23,14090.0,14200.0,13800.0,13810.0,88069.0,249420
2026-09-23,66400.0,66400.0,65100.0,65500.0,219.0,004700
2026-09-23,23150.0,23150.0,22850.0,22950.0,18394.0,005945
2026-09-23,11710.0,11900.0,11710.0,11790.0,7576.0,034310
2026-09-23,8360.0,8390.0,8160.0,8200.0,92477.0,009900
2026-09-23,1801.0,1813.0,1774.0,1777.0,1575307.0,003280
2026-09-23,20000.0,20350.0,19510.0,19650.0,105273.0,020000
2026-09-23,108400.0,108400.0,101000.0,101100.0,28922.0,003030
2026-09-23,89800.0,89900.0,89500.0,89800.0,897.0,072710
2026-09-23,4230.0,4265.0,4170.0,4230.0,58452.0,357120
2026-09-23,60100.0,60400.0,59800.0,60200.0,5596.0,014830
2026-09-23,96700.0,97300.0,95300.0,96100.0,1336.0,092230
2026-09-23,175000.0,175300.0,173100.0,174200.0,4179.0,005389
2026-09-23,11390.0,11390.0,11060.0,11090.0,14313.0,271940
2026-09-23,10960.0,10960.0,10260.0,10600.0,8703.0,403550
2026-09-23,4220.0,4220.0,4120.0,4135.0,203415.0,001200
2026-09-23,12990.0,12990.0,12260.0,12310.0,328396.0,130660
2026-09-23,9730.0,10000.0,9660.0,9790.0,11798.0,016590
2026-09-23,10280.0,10430.0,10110.0,10220.0,58430.0,005420
2026-09-23,3990.0,4000.0,3930.0,3945.0,67409.0,003000
2026-09-23,143900.0,145400.0,136200.0,136500.0,6865.0,306200
2026-09-23,21450.0,21600.0,20950.0,20950.0,6753.0,002810
2026-09-23,14510.0,14770.0,14510.0,14590.0,6685.0,015360
2026-09-23,10030.0,10170.0,9570.0,9820.0,740692.0,317400
2026-09-23,39150.0,39150.0,38450.0,38600.0,3706.0,029530
2026-09-23,10560.0,10560.0,10370.0,10430.0,15739.0,183190
2026-09-23,27500.0,27500.0,26100.0,26300.0,5431.0,001940
2026-09-23,23550.0,23700.0,23200.0,23550.0,12193.0,344820
2026-09-23,14670.0,15200.0,14600.0,14870.0,43501.0,008730
2026-09-23,12990.0,13000.0,12600.0,12680.0,27664.0,194370
2026-09-23,3360.0,3365.0,3335.0,3350.0,39179.0,126560
2026-09-23,4585.0,4740.0,4510.0,4515.0,195794.0,089590
2026-09-23,9710.0,9710.0,9550.0,9570.0,76988.0,006220
2026-09-23,10550.0,10550.0,10010.0,10260.0,46346.0,031430
2026-09-23,14920.0,16100.0,14610.0,15800.0,855625.0,003350
2026-09-23,401000.0,403000.0,392500.0,401000.0,277.0,000157
2026-09-23,5900.0,6050.0,5700.0,5930.0,24262.0,950210
2026-09-23,3765.0,3765.0,3700.0,3715.0,53596.0,027410
2026-09-23,242500.0,248000.0,238000.0,240500.0,3847.0,02826K
2026-09-23,47800.0,49200.0,46450.0,46600.0,31525.0,0120G0
2026-09-23,39500.0,39900.0,38350.0,38550.0,12500.0,060980
2026-09-23,14120.0,14120.0,13290.0,13310.0,438077.0,092790
2026-09-23,14650.0,14720.0,14160.0,14260.0,607192.0,217590
2026-09-23,16760.0,17740.0,16730.0,16920.0,251745.0,011930
2026-09-23,214500.0,215000.0,209500.0,211500.0,3261.0,006405
2026-09-23,8690.0,8690.0,8520.0,8550.0,42209.0,105630
2026-09-23,6990.0,7100.0,6930.0,6940.0,89044.0,015860
2026-09-23,9460.0,9570.0,9340.0,9350.0,11406.0,104700
2026-09-23,37400.0,37450.0,36800.0,36850.0,10757.0,007690
2026-09-23,77900.0,84500.0,77200.0,83500.0,71994.0,010955
2026-09-23,35300.0,35300.0,34350.0,34450.0,4879.0,170900
2026-09-23,1696.0,1724.0,1664.0,1668.0,429329.0,012030
2026-09-23,39100.0,39650.0,38700.0,38750.0,1435.0,005610
2026-09-23,8870.0,8890.0,8750.0,8750.0,13595.0,017810
2026-09-23,25900.0,25900.0,24950.0,25100.0,26356.0,011760
2026-09-23,2140.0,2160.0,2105.0,2110.0,208772.0,001230
2026-09-23,8330.0,8380.0,8080.0,8200.0,40115.0,002310
2026-09-23,9420.0,9450.0,9240.0,9300.0,18732.0,024720
2026-09-23,4270.0,4380.0,4270.0,4295.0,36241.0,096760
2026-09-23,18600.0,18600.0,18160.0,18240.0,14155.0,097520
2026-09-23,37500.0,37600.0,36700.0,36700.0,8122.0,145720
2026-09-23,6460.0,6510.0,6350.0,6360.0,74324.0,009290
2026-09-23,6070.0,6210.0,5940.0,5990.0,123377.0,272450
2026-09-23,4750.0,4960.0,4725.0,4770.0,78863.0,009160
2026-09-23,6380.0,6380.0,6300.0,6330.0,18116.0,381970
2026-09-23,24150.0,24400.0,23500.0,23800.0,35518.0,002020
2026-09-23,6320.0,6390.0,6240.0,6270.0,159217.0,010820
2026-09-23,21600.0,21700.0,21300.0,21350.0,9999.0,126720
2026-09-23,5060.0,5060.0,4835.0,4885.0,63625.0,000430
2026-09-23,7970.0,7970.0,7790.0,7790.0,19199.0,026890
2026-09-23,6150.0,6210.0,6070.0,6090.0,232565.0,025860
2026-09-23,2435.0,2450.0,2415.0,2415.0,59811.0,123890
2026-09-23,10990.0,10990.0,10810.0,10830.0,23133.0,200880
2026-09-23,11720.0,11720.0,11170.0,11180.0,92668.0,002710
2026-09-23,22550.0,22550.0,21750.0,21900.0,5084.0,003120
2026-09-23,32850.0,33050.0,32500.0,32500.0,10794.0,108670
2026-09-23,19320.0,19340.0,19170.0,19230.0,3765.0,001750
2026-09-23,11120.0,11140.0,10980.0,10990.0,23461.0,018250
2026-09-23,2710.0,2930.0,2575.0,2605.0,2517785.0,010580
2026-09-23,7510.0,7950.0,7010.0,7810.0,233359.0,020120
2026-09-23,12800.0,13100.0,12370.0,12740.0,23348.0,244920
2026-09-23,1155.0,1155.0,1131.0,1131.0,294534.0,034830
2026-09-23,8970.0,9200.0,8850.0,8850.0,1008810.0,004310
2026-09-23,5520.0,5520.0,5380.0,5410.0,22988.0,005720
2026-09-23,17690.0,17770.0,17600.0,17640.0,12003.0,033270
2026-09-23,7870.0,7870.0,7660.0,7730.0,19548.0,084690
2026-09-23,8360.0,8420.0,8310.0,8390.0,89043.0,122900
2026-09-23,25350.0,25350.0,24150.0,24300.0,1352.0,016800
2026-09-23,10620.0,10760.0,10530.0,10580.0,102985.0,005950
2026-09-23,14510.0,14550.0,13550.0,13740.0,419880.0,105840
2026-09-23,4250.0,4260.0,4165.0,4170.0,102542.0,001390
2026-09-23,6730.0,6780.0,6530.0,6570.0,268417.0,002900
2026-09-23,11310.0,11450.0,11240.0,11270.0,46114.0,004430
2026-09-23,4650.0,4685.0,4510.0,4515.0,137587.0,058430
2026-09-23,54700.0,54700.0,54100.0,54400.0,4271.0,017390
2026-09-23,8040.0,8110.0,7810.0,7850.0,12517.0,084010
2026-09-23,11400.0,12090.0,11280.0,11870.0,846673.0,044450
2026-09-23,82500.0,84800.0,80100.0,84200.0,4264.0,005430
2026-09-23,2635.0,2665.0,2500.0,2595.0,49101.0,091810
2026-09-23,34750.0,34800.0,34300.0,34700.0,15570.0,037710
2026-09-23,10700.0,10770.0,10490.0,10510.0,25612.0,078520
2026-09-23,17810.0,18060.0,17170.0,17190.0,19581.0,286940
2026-09-23,7510.0,7540.0,7300.0,7320.0,147487.0,010690
2026-09-23,12660.0,12740.0,12560.0,12680.0,19482.0,005680
2026-09-23,13480.0,13480.0,13200.0,13210.0,14074.0,004360
2026-09-23,3600.0,3690.0,3585.0,3620.0,42966.0,334890
2026-09-23,24950.0,26250.0,24500.0,26050.0,16245.0,044820
2026-09-23,1555.0,1555.0,1524.0,1530.0,35601.0,298690
2026-09-23,11090.0,11170.0,10720.0,10830.0,68373.0,003200
2026-09-23,1648.0,1653.0,1625.0,1635.0,175575.0,432320
2026-09-23,18580.0,18580.0,18020.0,18470.0,10521.0,005500
2026-09-23,10280.0,10450.0,10180.0,10330.0,43715.0,136490
2026-09-23,50400.0,50400.0,48800.0,48800.0,930.0,007160
2026-09-23,26650.0,26900.0,26500.0,26650.0,1127.0,003960
2026-09-23,2835.0,2845.0,2805.0,2820.0,106457.0,001790
2026-09-23,3855.0,3960.0,3805.0,3900.0,71440.0,030210
2026-09-23,42150.0,43300.0,42000.0,42000.0,1758.0,003920
2026-09-23,3845.0,3900.0,3835.0,3845.0,26752.0,404990
2026-09-23,56400.0,57000.0,56400.0,56700.0,2510.0,025000
2026-09-23,22350.0,22350.0,21350.0,21500.0,108476.0,053690
2026-09-23,0.0,0.0,0.0,1182.0,0.0,348950
2026-09-23,9210.0,9240.0,9100.0,9130.0,11852.0,003070
2026-09-23,4995.0,5250.0,4915.0,5100.0,267040.0,001340
2026-09-23,2950.0,2990.0,2920.0,2920.0,35435.0,000680
2026-09-23,10450.0,10540.0,10360.0,10430.0,12053.0,226320
2026-09-23,20500.0,20500.0,19710.0,19730.0,14152.0,008490
2026-09-23,0.0,0.0,0.0,5820.0,0.0,001470
2026-09-23,3690.0,3920.0,3660.0,3770.0,6130.0,0030R0
2026-09-23,10030.0,10310.0,10030.0,10130.0,1154.0,134380
2026-09-23,19200.0,19880.0,18880.0,19700.0,86415.0,028100
2026-09-23,3450.0,3560.0,3420.0,3435.0,37458.0,000540
2026-09-23,10150.0,10190.0,10070.0,10120.0,6710.0,009680
2026-09-23,14260.0,14260.0,14020.0,14100.0,14886.0,002320
2026-09-23,126100.0,127900.0,125500.0,125900.0,898.0,003650
2026-09-23,6460.0,6590.0,6400.0,6440.0,94180.0,003720
2026-09-23,11880.0,11940.0,11740.0,11750.0,2057.0,034120
2026-09-23,386000.0,389000.0,382500.0,389000.0,1027.0,03473K
2026-09-23,7990.0,8100.0,7910.0,7930.0,21480.0,000050
2026-09-23,15900.0,15950.0,15520.0,15550.0,96450.0,035510
2026-09-23,36550.0,36550.0,34750.0,34750.0,5770.0,001460
2026-09-23,7670.0,7750.0,7510.0,7510.0,96985.0,000490
2026-09-23,4010.0,4020.0,3840.0,3840.0,198315.0,005010
2026-09-23,14620.0,14750.0,14470.0,14560.0,11241.0,475560
2026-09-23,5680.0,5780.0,5500.0,5540.0,132691.0,092200
2026-09-23,12110.0,12310.0,11980.0,12190.0,36139.0,017860
2026-09-23,7520.0,7540.0,7420.0,7440.0,13397.0,033920
2026-09-23,1107.0,1121.0,1094.0,1097.0,214484.0,900140
2026-09-23,2560.0,2585.0,2510.0,2530.0,313367.0,001250
2026-09-23,16000.0,16380.0,15640.0,15700.0,3622.0,000320
2026-09-23,3280.0,3325.0,3240.0,3280.0,15657.0,088260
2026-09-23,99200.0,99200.0,97500.0,97500.0,6300.0,051905
2026-09-23,12960.0,13200.0,12910.0,13100.0,25899.0,011500
2026-09-23,10390.0,10500.0,10300.0,10340.0,4169.0,035150
2026-09-23,68400.0,68600.0,67800.0,68000.0,3101.0,003555
2026-09-23,147400.0,148000.0,142200.0,142200.0,778.0,000650
2026-09-23,4325.0,4325.0,4260.0,4300.0,7653.0,000480
2026-09-23,22900.0,22900.0,22250.0,22400.0,31677.0,013580
2026-09-23,8580.0,9200.0,8560.0,9150.0,723108.0,077500
2026-09-23,8150.0,8210.0,8050.0,8060.0,27059.0,004980
2026-09-23,3075.0,3095.0,3065.0,3085.0,14380.0,100250
2026-09-23,2245.0,2245.0,2215.0,2220.0,102314.0,377190
2026-09-23,7490.0,7550.0,7490.0,7520.0,1352.0,039570
2026-09-23,52600.0,52600.0,51100.0,51400.0,9338.0,298000
2026-09-23,3085.0,3110.0,3000.0,3055.0,69021.0,037270
2026-09-23,4220.0,4325.0,4165.0,4280.0,167625.0,095570
2026-09-23,7050.0,7110.0,7010.0,7020.0,76022.0,117580
2026-09-23,7060.0,7120.0,6980.0,7100.0,61242.0,000390
2026-09-23,8600.0,8650.0,8300.0,8350.0,46065.0,005960
2026-09-23,6300.0,6320.0,6040.0,6110.0,19155.0,002420
2026-09-23,3805.0,3820.0,3755.0,3775.0,22088.0,339770
2026-09-23,4000.0,4030.0,3960.0,3960.0,36589.0,053210
2026-09-23,12540.0,12770.0,12400.0,12430.0,30209.0,004560
2026-09-23,37600.0,37850.0,37200.0,37250.0,2714.0,001630
2026-09-23,1029.0,1033.0,1017.0,1020.0,149956.0,003520
2026-09-23,10010.0,10090.0,9910.0,10030.0,14443.0,102460
2026-09-23,19620.0,19620.0,19340.0,19360.0,20962.0,003547
2026-09-23,10040.0,10060.0,9970.0,9990.0,7489.0,016580
2026-09-23,11040.0,11110.0,10770.0,10850.0,17694.0,001130
2026-09-23,48200.0,49450.0,47850.0,49000.0,12405.0,487570
2026-09-23,3555.0,3645.0,3555.0,3600.0,47091.0,102260
2026-09-23,5720.0,5730.0,5650.0,5680.0,24651.0,003610
2026-09-23,4030.0,4075.0,4015.0,4025.0,82708.0,128820
2026-09-23,6750.0,6800.0,6660.0,6710.0,35937.0,033530
2026-09-23,6410.0,6600.0,6370.0,6530.0,302618.0,025560
2026-09-23,7780.0,7860.0,7780.0,7780.0,2772.0,000140
2026-09-23,6780.0,6800.0,6590.0,6590.0,49619.0,015230
2026-09-23,7480.0,7550.0,7460.0,7470.0,24659.0,213500
2026-09-23,7820.0,7890.0,7790.0,7850.0,12186.0,003220
2026-09-23,7860.0,8240.0,7270.0,8080.0,92530.0,000520
2026-09-23,9020.0,9030.0,8960.0,8990.0,10543.0,002100
2026-09-23,0.0,0.0,0.0,4200.0,0.0,000300
2026-09-23,10990.0,11020.0,10900.0,10960.0,6154.0,234080
2026-09-23,6710.0,6740.0,6640.0,6640.0,20654.0,000700
2026-09-23,4310.0,4350.0,4300.0,4300.0,3903.0,016450
2026-09-23,26800.0,26900.0,25900.0,26000.0,31001.0,009470
2026-09-23,7370.0,7370.0,7270.0,7280.0,21711.0,007860
2026-09-23,2980.0,3000.0,2955.0,2965.0,41568.0,003460
2026-09-23,5020.0,5070.0,4955.0,4965.0,25450.0,002150
2026-09-23,9800.0,9800.0,9310.0,9350.0,4041.0,014710
2026-09-23,0.0,0.0,0.0,5530.0,0.0,101530
2026-09-23,2715.0,2725.0,2630.0,2640.0,37085.0,241590
2026-09-23,53500.0,53600.0,53200.0,53200.0,53.0,002170
2026-09-23,7510.0,7510.0,7240.0,7270.0,8232.0,013890
2026-09-23,11920.0,12050.0,11720.0,11760.0,10376.0,006805
2026-09-23,5340.0,5340.0,5220.0,5260.0,37767.0,460850
2026-09-23,12230.0,12250.0,12000.0,12010.0,13493.0,000860
2026-09-23,7740.0,7860.0,7740.0,7790.0,15314.0,090350
2026-09-23,21300.0,21800.0,21300.0,21400.0,1953.0,00279K
2026-09-23,7590.0,7820.0,7370.0,7390.0,31069.0,004380
2026-09-23,2795.0,2800.0,2765.0,2780.0,46829.0,400760
2026-09-23,12770.0,12770.0,12560.0,12640.0,2628.0,462520
2026-09-23,1533.0,1555.0,1531.0,1547.0,130498.0,001780
2026-09-23,6590.0,6590.0,6530.0,6550.0,3230.0,000970
2026-09-23,50000.0,50200.0,49200.0,49300.0,7121.0,011785
2026-09-23,65800.0,66400.0,65500.0,65800.0,1960.0,001045
2026-09-23,7870.0,8060.0,7740.0,7750.0,15655.0,007570
2026-09-23,11470.0,11680.0,11340.0,11590.0,78252.0,004090
2026-09-23,1836.0,1870.0,1822.0,1832.0,53830.0,016880
2026-09-23,10050.0,10120.0,9850.0,9930.0,6151.0,271980
2026-09-23,110000.0,111200.0,109700.0,110100.0,3822.0,097955
2026-09-23,111400.0,111400.0,109700.0,110000.0,148.0,003830
2026-09-23,8190.0,8200.0,8120.0,8170.0,11276.0,293480
2026-09-23,4395.0,4480.0,4325.0,4325.0,134452.0,025820
2026-09-23,9690.0,9700.0,9520.0,9540.0,6845.0,272550
2026-09-23,9040.0,9090.0,8930.0,8980.0,17951.0,004970
2026-09-23,6000.0,6100.0,5950.0,5990.0,17830.0,071840
2026-09-23,3470.0,3490.0,3435.0,3445.0,32801.0,004150
2026-09-23,60800.0,61500.0,60800.0,60800.0,20.0,107590
2026-09-23,5000.0,5040.0,4985.0,4995.0,28640.0,000020
2026-09-23,4750.0,4750.0,4700.0,4720.0,14943.0,003480
2026-09-23,12070.0,12070.0,11980.0,11990.0,2306.0,094280
2026-09-23,4760.0,4790.0,4725.0,4740.0,9905.0,015890
2026-09-23,1067.0,1067.0,1052.0,1065.0,384675.0,008350
2026-09-23,14700.0,14700.0,14450.0,14590.0,4575.0,004080
2026-09-23,47050.0,47950.0,46650.0,47050.0,15403.0,007540
2026-09-23,3215.0,3225.0,3165.0,3180.0,60379.0,012610
2026-09-23,11460.0,11550.0,11460.0,11500.0,432.0,024090
2026-09-23,9250.0,9300.0,9160.0,9180.0,7045.0,081000
2026-09-23,3825.0,3830.0,3710.0,3715.0,6401.0,001080
2026-09-23,5100.0,5160.0,5060.0,5130.0,45484.0,018470
2026-09-23,5400.0,5470.0,5320.0,5400.0,14339.0,214390
2026-09-23,1133.0,1133.0,1104.0,1110.0,151720.0,009270
2026-09-23,21450.0,21550.0,21400.0,21500.0,4365.0,267290
2026-09-23,3020.0,3440.0,2975.0,3160.0,1422236.0,092220
2026-09-23,11380.0,11380.0,10840.0,10920.0,38204.0,004960
2026-09-23,2445.0,2500.0,2440.0,2490.0,91513.0,013520
2026-09-23,10210.0,10500.0,9800.0,9840.0,1164960.0,001210
2026-09-23,13340.0,13500.0,13300.0,13300.0,841.0,078000
2026-09-23,1292.0,1306.0,1260.0,1269.0,62368.0,002210
2026-09-23,3370.0,3370.0,3230.0,3325.0,36469.0,350520
2026-09-23,11250.0,11250.0,11070.0,11090.0,9485.0,210540
2026-09-23,1325.0,1325.0,1295.0,1300.0,148104.0,001360
2026-09-23,1162.0,1183.0,1138.0,1142.0,783998.0,001520
2026-09-23,2230.0,2230.0,2200.0,2210.0,27795.0,006060
2026-09-23,13600.0,13610.0,13530.0,13580.0,25529.0,005800
2026-09-23,3355.0,3400.0,3260.0,3295.0,54758.0,011690
2026-09-23,5020.0,5050.0,4985.0,4990.0,32940.0,214420
2026-09-23,4145.0,4170.0,3980.0,3995.0,120657.0,009070
2026-09-23,7640.0,7660.0,7360.0,7500.0,976.0,002620
2026-09-23,9990.0,9990.0,9310.0,9340.0,322409.0,003010
2026-09-23,3800.0,3805.0,3695.0,3710.0,45746.0,089470
2026-09-23,1575.0,1575.0,1515.0,1524.0,119771.0,037560
2026-09-23,1184.0,1188.0,1127.0,1127.0,568023.0,008970
2026-09-23,12920.0,12920.0,12730.0,12750.0,5845.0,227840
2026-09-23,8370.0,8450.0,8300.0,8380.0,3581.0,002390
2026-09-23,3285.0,3310.0,3230.0,3300.0,62667.0,014530
2026-09-23,3975.0,4070.0,3955.0,4005.0,38237.0,016740
2026-09-23,26400.0,26400.0,26200.0,26250.0,672.0,034590
2026-09-23,2110.0,2155.0,2060.0,2130.0,68741.0,015590
2026-09-23,5650.0,5700.0,5600.0,5640.0,9066.0,079430
2026-09-23,1863.0,1863.0,1816.0,1816.0,128089.0,017550
2026-09-23,3060.0,3140.0,3025.0,3065.0,510582.0,004100
2026-09-23,7000.0,7000.0,6940.0,6940.0,7113.0,016710
2026-09-23,1845.0,2120.0,1771.0,1786.0,5024238.0,009580
2026-09-23,10950.0,11090.0,10880.0,10970.0,4149.0,002460
2026-09-23,32000.0,32250.0,31625.0,31700.0,780.0,023450
2026-09-23,4710.0,4710.0,4595.0,4610.0,16619.0,083420
2026-09-23,0.0,0.0,0.0,3530.0,0.0,011810
2026-09-23,4155.0,4180.0,4110.0,4135.0,14746.0,013570
2026-09-23,1186.0,1206.0,1165.0,1167.0,428221.0,012800
2026-09-23,52500.0,53100.0,49900.0,50200.0,12063.0,37550L
2026-09-23,7900.0,7900.0,7450.0,7470.0,16377.0,008040
2026-09-23,44300.0,45200.0,44200.0,44300.0,4325.0,012320
2026-09-23,3800.0,3810.0,3760.0,3785.0,23854.0,014580
2026-09-23,83500.0,83800.0,82300.0,82700.0,156.0,120030
2026-09-23,10740.0,10740.0,10370.0,10390.0,2197.0,021820
2026-09-23,59200.0,59500.0,57800.0,58200.0,12963.0,078935
2026-09-23,6380.0,6410.0,6300.0,6360.0,36411.0,123690
2026-09-23,2730.0,2765.0,2690.0,2695.0,8516.0,027970
2026-09-23,6350.0,6350.0,6280.0,6310.0,15782.0,035000
2026-09-23,9160.0,9280.0,9150.0,9190.0,4389.0,267850
2026-09-23,22300.0,22500.0,22200.0,22250.0,16803.0,248170
2026-09-23,3390.0,3390.0,3330.0,3340.0,27687.0,010100
2026-09-23,12680.0,12790.0,12400.0,12400.0,69538.0,006660
2026-09-23,0.0,0.0,0.0,918.0,0.0,119650
2026-09-23,6770.0,6800.0,6720.0,6750.0,30397.0,002780
2026-09-23,2000.0,2050.0,1998.0,2025.0,21979.0,070960
2026-09-23,1088.0,1088.0,1070.0,1072.0,89135.0,002450
2026-09-23,1396.0,1396.0,1338.0,1366.0,32956.0,011280
2026-09-23,1257.0,1260.0,1230.0,1250.0,97469.0,008700
2026-09-23,7800.0,7800.0,7690.0,7690.0,4346.0,264900
2026-09-23,2395.0,2395.0,2385.0,2390.0,50458.0,417310
2026-09-23,2815.0,2830.0,2800.0,2810.0,3197.0,002200
2026-09-23,4675.0,4735.0,4670.0,4685.0,7016.0,014440
2026-09-23,2300.0,2300.0,2250.0,2280.0,30166.0,067830
2026-09-23,5520.0,5540.0,5460.0,5480.0,6890.0,032560
2026-09-23,1621.0,1632.0,1560.0,1565.0,168474.0,013700
2026-09-23,2025.0,2045.0,1960.0,2040.0,12270.0,363280
2026-09-23,3285.0,3285.0,3230.0,3245.0,41722.0,008260
2026-09-23,1431.0,1431.0,1405.0,1416.0,67990.0,007210
2026-09-23,2490.0,2650.0,2440.0,2445.0,50591.0,014790
2026-09-23,2500.0,2605.0,2480.0,2505.0,21772.0,036580
2026-09-23,30000.0,30450.0,30000.0,30150.0,870.0,001275
2026-09-23,2095.0,2220.0,2095.0,2165.0,913727.0,058850
2026-09-23,2475.0,2930.0,2455.0,2580.0,4884469.0,058860
2026-09-23,6870.0,7000.0,6700.0,6750.0,4548.0,006840
2026-09-23,68400.0,72100.0,68400.0,71400.0,8388.0,096775
2026-09-23,4970.0,5020.0,4880.0,4930.0,103019.0,019180
2026-09-23,3280.0,3430.0,3180.0,3225.0,2782871.0,012200
2026-09-23,4800.0,4880.0,4690.0,4820.0,14342.0,025620
2026-09-23,2185.0,2210.0,2185.0,2200.0,4318.0,023000
2026-09-23,4050.0,4115.0,3990.0,4020.0,27763.0,001290
2026-09-23,6480.0,6610.0,6420.0,6440.0,14937.0,33626K
2026-09-23,35300.0,35300.0,34350.0,34650.0,1185.0,004890
2026-09-23,1730.0,1810.0,1724.0,1784.0,601356.0,007980
2026-09-23,1784.0,1784.0,1742.0,1743.0,130656.0,004140
2026-09-23,8800.0,8960.0,8780.0,8840.0,7791.0,006090
2026-09-23,2120.0,2155.0,2120.0,2140.0,6380.0,139990
2026-09-23,138000.0,138700.0,137500.0,137500.0,36.0,002600
2026-09-23,0.0,0.0,0.0,1550.0,0.0,109070
2026-09-23,38100.0,38200.0,37200.0,37200.0,5417.0,000850
2026-09-23,1588.0,1600.0,1562.0,1581.0,66157.0,003580
2026-09-23,13140.0,13140.0,12800.0,13040.0,2530.0,111380
2026-09-23,4520.0,4585.0,4420.0,4425.0,297059.0,007610
2026-09-23,5090.0,5150.0,5000.0,5020.0,15352.0,023800
2026-09-23,68200.0,68200.0,66200.0,67300.0,2206.0,000590
2026-09-23,2765.0,2765.0,2745.0,2755.0,5746.0,009180
2026-09-23,2470.0,2490.0,2370.0,2390.0,114061.0,011700
2026-09-23,2960.0,2970.0,2885.0,2895.0,61486.0,002220
2026-09-23,5350.0,5450.0,5340.0,5360.0,9826.0,069730
2026-09-23,5120.0,5230.0,5120.0,5190.0,8711.0,005740
2026-09-23,5410.0,5470.0,5390.0,5440.0,10904.0,163560
2026-09-23,66000.0,66500.0,65200.0,65800.0,359.0,000105
2026-09-23,5580.0,5590.0,5530.0,5540.0,1303.0,007590
2026-09-23,0.0,0.0,0.0,532.0,0.0,084680
2026-09-23,3970.0,3995.0,3860.0,3895.0,19563.0,004840
2026-09-23,7560.0,7820.0,7500.0,7590.0,13920.0,001260
2026-09-23,1383.0,1384.0,1370.0,1380.0,62031.0,013360
2026-09-23,3075.0,3090.0,3040.0,3060.0,35302.0,010960
2026-09-23,11350.0,11430.0,11310.0,11410.0,7904.0,002795
2026-09-23,3850.0,3850.0,3790.0,3805.0,11548.0,013870
2026-09-23,4445.0,4445.0,4310.0,4375.0,9034.0,005750
2026-09-23,2195.0,2195.0,1990.0,2005.0,24819.0,001020
2026-09-23,1896.0,2045.0,1896.0,2020.0,781913.0,004770
2026-09-23,0.0,0.0,0.0,655.0,0.0,014160
2026-09-23,2125.0,2275.0,2125.0,2190.0,445378.0,024900
2026-09-23,12920.0,12930.0,12560.0,12850.0,9548.0,063160
2026-09-23,3830.0,3830.0,3745.0,3765.0,54194.0,338100
2026-09-23,1213.0,1240.0,1212.0,1230.0,19759.0,095720
2026-09-23,14950.0,14950.0,14370.0,14570.0,13900.0,055490
2026-09-23,25250.0,25350.0,24850.0,25050.0,3615.0,120115
2026-09-23,4375.0,4375.0,4305.0,4315.0,4627.0,155660
2026-09-23,28000.0,28150.0,27250.0,27600.0,936.0,009770
2026-09-23,6540.0,6650.0,6520.0,6550.0,25696.0,214330
2026-09-23,24000.0,24450.0,23550.0,23700.0,5951.0,084670
2026-09-23,5140.0,5140.0,4915.0,4915.0,6137.0,000180
2026-09-23,3450.0,3455.0,3345.0,3400.0,543430.0,071090
2026-09-23,9060.0,9190.0,8950.0,8990.0,480.0,001560
2026-09-23,5710.0,5790.0,5600.0,5650.0,43102.0,031820
2026-09-23,5980.0,5980.0,5860.0,5880.0,7503.0,000230
2026-09-23,1900.0,1907.0,1873.0,1880.0,25092.0,011150
2026-09-23,3230.0,3245.0,3175.0,3195.0,24864.0,002720
2026-09-23,1950.0,1950.0,1901.0,1907.0,24396.0,079980
2026-09-23,2990.0,3025.0,2905.0,2995.0,65953.0,010660
2026-09-23,8800.0,8820.0,8650.0,8770.0,15852.0,085310
2026-09-23,1637.0,1644.0,1600.0,1607.0,21193.0,019680
2026-09-23,3200.0,3225.0,3170.0,3185.0,154413.0,058730
2026-09-23,4915.0,5000.0,4915.0,4955.0,18358.0,100220
2026-09-23,4270.0,4285.0,4080.0,4270.0,284394.0,014990
2026-09-23,2825.0,2890.0,2825.0,2835.0,8005.0,004720
2026-09-23,5120.0,5170.0,5000.0,5020.0,19535.0,004440
2026-09-23,1561.0,1620.0,1540.0,1546.0,11398.0,010040
2026-09-23,2320.0,2320.0,2200.0,2210.0,27315.0,007280
2026-09-23,928.0,940.0,920.0,922.0,177624.0,002700
2026-09-23,1500.0,1585.0,1497.0,1501.0,128673.0,009200
2026-09-23,28100.0,28850.0,26500.0,28800.0,3542.0,004450
2026-09-23,1403.0,1404.0,1393.0,1398.0,19878.0,016090
2026-09-23,3385.0,3465.0,3265.0,3315.0,62784.0,210980
2026-09-23,1330.0,1350.0,1301.0,1319.0,57857.0,018500
2026-09-23,4485.0,4485.0,4340.0,4355.0,19150.0,005870
2026-09-23,3450.0,3450.0,3310.0,3330.0,17003.0,017370
2026-09-23,6200.0,6200.0,6070.0,6070.0,6533.0,068290
2026-09-23,4760.0,4780.0,4710.0,4725.0,9746.0,072130
2026-09-23,1003.0,1003.0,986.0,987.0,45250.0,002760
2026-09-23,31400.0,31500.0,30300.0,31250.0,331.0,003925
2026-09-23,2520.0,2530.0,2490.0,2490.0,127231.0,0220WL
2026-09-23,2065.0,2135.0,2065.0,2115.0,210953.0,372910
2026-09-23,3735.0,3735.0,3655.0,3695.0,48450.0,000220
2026-09-23,6380.0,6400.0,6340.0,6390.0,9437.0,111110
2026-09-23,1887.0,1895.0,1760.0,1772.0,203539.0,480370
2026-09-23,5080.0,5080.0,4915.0,4940.0,15718.0,006890
2026-09-23,2995.0,3005.0,2925.0,2950.0,14942.0,075180
2026-09-23,27050.0,27100.0,26500.0,26700.0,4157.0,37550K
2026-09-23,1445.0,1448.0,1420.0,1421.0,38088.0,396690
2026-09-23,26850.0,26850.0,26000.0,26000.0,2571.0,001465
2026-09-23,54300.0,54400.0,51500.0,52700.0,3565.0,000725
2026-09-23,0.0,0.0,0.0,902.0,0.0,020760
2026-09-23,4305.0,4350.0,4200.0,4250.0,35666.0,003780
2026-09-23,1871.0,1888.0,1856.0,1859.0,18366.0,129260
2026-09-23,981.0,1019.0,977.0,996.0,231322.0,090080
2026-09-23,3615.0,3660.0,3600.0,3645.0,3332.0,025530
2026-09-23,10580.0,10670.0,10490.0,10500.0,17983.0,001550
2026-09-23,1880.0,1899.0,1845.0,1851.0,111370.0,092440
2026-09-23,1813.0,1867.0,1813.0,1822.0,32167.0,002630
2026-09-23,4280.0,4285.0,4195.0,4210.0,14629.0,003475
2026-09-23,17720.0,17720.0,17340.0,17430.0,685.0,006980
2026-09-23,2835.0,2850.0,2805.0,2820.0,13739.0,378850
2026-09-23,25400.0,25400.0,25150.0,25250.0,340.0,28513K
2026-09-23,18160.0,18160.0,17510.0,17980.0,2236.0,007815
2026-09-23,0.0,0.0,0.0,1935.0,0.0,002410
2026-09-23,3000.0,3000.0,3000.0,3000.0,1017.0,003465
2026-09-23,24250.0,25000.0,23700.0,25000.0,9376.0,35320K
2026-09-23,50100.0,50100.0,48650.0,49600.0,3863.0,011390
2026-09-23,3340.0,3365.0,3320.0,3340.0,3545.0,123700
2026-09-23,42700.0,42800.0,41700.0,41800.0,689.0,006125
2026-09-23,2730.0,2730.0,2645.0,2685.0,84400.0,011230
2026-09-23,1420.0,1420.0,1395.0,1403.0,45566.0,012690
2026-09-23,3535.0,3535.0,3475.0,3495.0,6054.0,010770
2026-09-23,5090.0,5120.0,5020.0,5100.0,4780.0,023810
2026-09-23,1080.0,1095.0,1068.0,1070.0,108317.0,021050
2026-09-23,3270.0,3290.0,3215.0,3230.0,16801.0,004830
2026-09-23,65200.0,65200.0,64800.0,65200.0,443.0,005305
2026-09-23,2635.0,2950.0,2635.0,2870.0,135199.0,011300
2026-09-23,4305.0,4305.0,4200.0,4245.0,17220.0,006880
2026-09-23,2030.0,2110.0,2000.0,2010.0,102445.0,007460
2026-09-23,29700.0,30050.0,29400.0,29550.0,484.0,000950
2026-09-23,998.0,1005.0,984.0,1002.0,60023.0,009320
2026-09-23,2210.0,2260.0,2155.0,2185.0,20416.0,001620
2026-09-23,0.0,0.0,0.0,2670.0,0.0,011000
2026-09-23,4540.0,4825.0,4540.0,4820.0,5211.0,101140
2026-09-23,1959.0,1959.0,1910.0,1920.0,98891.0,002140
2026-09-23,1193.0,1234.0,1193.0,1224.0,56099.0,004410
2026-09-23,1850.0,1869.0,1807.0,1840.0,125472.0,002920
2026-09-23,0.0,0.0,0.0,907.0,0.0,004920
2026-09-23,0.0,0.0,0.0,603.0,0.0,007110
2026-09-23,2210.0,2210.0,2155.0,2160.0,3441.0,041650
2026-09-23,0.0,0.0,0.0,2660.0,0.0,069460
2026-09-23,1877.0,1877.0,1835.0,1835.0,45103.0,357250
2026-09-23,3000.0,3015.0,2925.0,2930.0,34167.0,000910
2026-09-23,3595.0,3595.0,3420.0,3460.0,111357.0,092780
2026-09-23,1230.0,1230.0,1205.0,1217.0,9837.0,004540
2026-09-23,0.0,0.0,0.0,486.0,0.0,005030
2026-09-23,3550.0,3550.0,3460.0,3505.0,6492.0,004910
2026-09-23,0.0,0.0,0.0,5110.0,0.0,074610
2026-09-23,2285.0,2285.0,2205.0,2205.0,4748.0,003080
2026-09-23,2160.0,2175.0,2130.0,2150.0,5742.0,084870
2026-09-23,1227.0,1276.0,1202.0,1275.0,157008.0,005320
2026-09-23,2095.0,2095.0,1956.0,1965.0,244681.0,014910
2026-09-23,4020.0,4050.0,3875.0,3910.0,21378.0,023350
2026-09-23,2125.0,2150.0,2095.0,2115.0,73420.0,004060
2026-09-23,987.0,1047.0,802.0,973.0,3526338.0,009190
2026-09-23,16190.0,17450.0,16190.0,16800.0,7309.0,009835
2026-09-23,2110.0,2120.0,2070.0,2075.0,17580.0,008420
2026-09-23,977.0,980.0,969.0,970.0,8415.0,481850
2026-09-23,25150.0,25300.0,24800.0,24800.0,733.0,000215
2026-09-23,2130.0,2150.0,2070.0,2070.0,104044.0,026940
2026-09-23,1254.0,1254.0,1212.0,1218.0,50181.0,017180
2026-09-23,0.0,0.0,0.0,541.0,0.0,019490
2026-09-23,3875.0,3900.0,3835.0,3885.0,22378.0,446070
2026-09-23,4280.0,4280.0,4050.0,4065.0,72557.0,011330
2026-09-23,990.0,993.0,946.0,970.0,202104.0,047400
2026-09-23,0.0,0.0,0.0,932.0,0.0,017040
2026-09-23,41000.0,41000.0,39700.0,40350.0,19.0,008870
2026-09-23,1446.0,1447.0,1409.0,1433.0,9913.0,011420
2026-09-23,1904.0,1962.0,1904.0,1937.0,2918.0,009810
2026-09-23,1015.0,1033.0,1015.0,1018.0,19835.0,023960
2026-09-23,1223.0,1223.0,1057.0,1112.0,430750.0,002870
2026-09-23,794.0,794.0,790.0,792.0,22140.0,145270
2026-09-23,18980.0,19070.0,18870.0,18870.0,86.0,134790
2026-09-23,1178.0,1221.0,1165.0,1179.0,34446.0,027740
2026-09-23,1809.0,1834.0,1800.0,1821.0,6031.0,049800
2026-09-23,998.0,1001.0,950.0,976.0,59255.0,133820
2026-09-23,1305.0,1305.0,1286.0,1295.0,111754.0,000890
2026-09-23,12720.0,12720.0,12100.0,12530.0,140.0,000760
2026-09-23,3635.0,3635.0,3475.0,3540.0,24049.0,012280
2026-09-23,1605.0,1644.0,1530.0,1643.0,165405.0,051630
2026-09-23,22350.0,22350.0,21550.0,21650.0,2200.0,009140
2026-09-23,1199.0,1200.0,1180.0,1182.0,43165.0,013000
2026-09-23,14500.0,14730.0,14230.0,14730.0,1539.0,005820
2026-09-23,9210.0,9260.0,9160.0,9160.0,4485.0,004365
2026-09-23,0.0,0.0,0.0,1199.0,0.0,143210
2026-09-23,2180.0,2220.0,2130.0,2130.0,7370.0,012160
2026-09-23,3070.0,3140.0,3030.0,3055.0,31362.0,008250
2026-09-23,2610.0,2675.0,2585.0,2615.0,7273.0,009460
2026-09-23,3490.0,3605.0,3440.0,3465.0,6063.0,002880
2026-09-23,1181.0,1230.0,1181.0,1185.0,8235.0,090370
2026-09-23,4130.0,4210.0,4055.0,4185.0,8180.0,010400
2026-09-23,3030.0,3030.0,2875.0,2940.0,77476.0,006370
2026-09-23,5870.0,5900.0,5800.0,5860.0,2696.0,001070
2026-09-23,6530.0,6530.0,6310.0,6460.0,3179.0,003535
2026-09-23,2635.0,2635.0,2575.0,2605.0,15257.0,014130
2026-09-23,1899.0,1903.0,1890.0,1901.0,9656.0,025750
2026-09-23,2020.0,2025.0,1989.0,1996.0,6516.0,024070
2026-09-23,2405.0,2490.0,2380.0,2445.0,60824.0,088790
2026-09-23,2100.0,2750.0,1950.0,2680.0,1306150.0,002360
2026-09-23,1536.0,1569.0,1525.0,1534.0,16417.0,036420
2026-09-23,2675.0,2675.0,2610.0,2635.0,13250.0,025890
2026-09-23,1908.0,1939.0,1905.0,1923.0,5195.0,006570
2026-09-23,3355.0,3455.0,3320.0,3385.0,3005.0,308170
2026-09-23,4770.0,5020.0,4770.0,4855.0,1250.0,006740
2026-09-23,1318.0,1343.0,1274.0,1298.0,17354.0,069640
2026-09-23,1421.0,1450.0,1385.0,1394.0,28827.0,002690
2026-09-23,4570.0,4690.0,4515.0,4535.0,43203.0,003680
2026-09-23,1282.0,1308.0,1265.0,1266.0,9641.0,118000
2026-09-23,1013.0,1034.0,985.0,1015.0,95404.0,007120
2026-09-23,13910.0,14200.0,13790.0,13790.0,2186.0,019175
2026-09-23,896.0,896.0,885.0,887.0,11284.0,357430
2026-09-23,1604.0,1680.0,1593.0,1648.0,104091.0,003060
2026-09-23,4180.0,4255.0,4120.0,4160.0,127429.0,033250
2026-09-23,0.0,0.0,0.0,1254.0,0.0,005110
2026-09-23,10310.0,10310.0,9980.0,10000.0,16309.0,006345
2026-09-23,5580.0,5700.0,5450.0,5670.0,12402.0,004270
2026-09-23,1172.0,1181.0,1126.0,1138.0,89763.0,001380
2026-09-23,3940.0,3945.0,3930.0,3935.0,96.0,002355
2026-09-23,4120.0,4160.0,4045.0,4065.0,1491.0,023150
2026-09-23,1495.0,1495.0,1470.0,1490.0,623.0,33637K
2026-09-23,1775.0,1824.0,1717.0,1745.0,102559.0,071950
2026-09-23,22200.0,22450.0,21900.0,22150.0,2292.0,003495
2026-09-23,1434.0,1440.0,1313.0,1364.0,83048.0,006490
2026-09-23,5220.0,5220.0,5030.0,5040.0,12665.0,030720
2026-09-23,0.0,0.0,0.0,5330.0,0.0,009310
2026-09-23,7710.0,7800.0,7590.0,7660.0,656.0,33626L
2026-09-23,1240.0,1240.0,1157.0,1176.0,271943.0,005360
2026-09-23,1009.0,1060.0,949.0,974.0,124721.0,004870
2026-09-23,3070.0,3070.0,2880.0,2890.0,59021.0,001420
2026-09-23,27900.0,28150.0,27700.0,27750.0,211.0,008775
2026-09-23,2820.0,3000.0,2795.0,2855.0,21519.0,012170
2026-09-23,1141.0,1141.0,1018.0,1028.0,29325.0,000040
2026-09-23,24850.0,24900.0,24500.0,24750.0,188.0,00499K
2026-09-23,1683.0,1750.0,1659.0,1681.0,56817.0,011090
2026-09-23,0.0,0.0,0.0,928.0,0.0,015020
2026-09-23,14440.0,14440.0,14200.0,14330.0,1555.0,001685
2026-09-23,18500.0,18500.0,18160.0,18355.0,36.0,108675
2026-09-23,2675.0,2850.0,2480.0,2510.0,280132.0,465770
2026-09-23,0.0,0.0,0.0,296.0,0.0,093240
2026-09-23,3825.0,3990.0,3610.0,3710.0,45354.0,002070
2026-09-23,1935.0,1955.0,1851.0,1903.0,17339.0,006200
2026-09-23,0.0,0.0,0.0,2620.0,0.0,008600
2026-09-23,0.0,0.0,0.0,756.0,0.0,009440
2026-09-23,1485.0,1485.0,1327.0,1334.0,241880.0,002820
2026-09-23,30950.0,31100.0,29750.0,30100.0,1444.0,18064K
2026-09-23,18490.0,19200.0,17750.0,18780.0,18.0,005257
2026-09-23,20685.0,20685.0,20685.0,20685.0,30.0,0106J0
2026-09-23,4300.0,4300.0,4300.0,4300.0,0.0,005725
2026-09-23,13090.0,13150.0,12850.0,12850.0,542.0,002025
2026-09-23,1709.0,1709.0,1681.0,1706.0,40573.0,024890
2026-09-23,12260.0,12310.0,12260.0,12290.0,68.0,000087
2026-09-23,2130.0,2135.0,2090.0,2105.0,4379.0,001795
2026-09-23,4590.0,4605.0,4550.0,4570.0,2916.0,45226K
2026-09-23,3680.0,3930.0,3590.0,3880.0,99101.0,004105
2026-09-23,10520.0,10610.0,10450.0,10550.0,2777.0,00806K
2026-09-23,261.0,282.0,250.0,265.0,841535.0,015260
2026-09-23,33000.0,33050.0,33000.0,33050.0,50.0,145995
2026-09-23,13140.0,13140.0,12900.0,13140.0,4298.0,084695
2026-09-23,14300.0,14300.0,13850.0,14100.0,577.0,00781K
2026-09-23,7490.0,7490.0,7340.0,7440.0,239.0,38380K
2026-09-23,10095.0,10095.0,10095.0,10095.0,0.0,0120X0
2026-09-23,50400.0,50400.0,50400.0,50400.0,0.0,001067
2026-09-23,1885.0,1885.0,1855.0,1885.0,219.0,004255
2026-09-23,13320.0,13540.0,13000.0,13430.0,184.0,003075
2026-09-23,980.0,990.0,977.0,979.0,19034.0,019685
2026-09-23,0.0,0.0,0.0,2240.0,0.0,145210
2026-09-23,19360.0,19520.0,19240.0,19240.0,54.0,001755
2026-09-23,2285.0,2285.0,2205.0,2255.0,2442.0,33637L
2026-09-23,3670.0,3675.0,3600.0,3620.0,2105.0,000225
2026-09-23,4075.0,4075.0,4000.0,4000.0,3415.0,001515
2026-09-23,22100.0,22100.0,22100.0,22100.0,2.0,001065
2026-09-23,28000.0,28000.0,27150.0,27350.0,73.0,000325
2026-09-23,9300.0,9300.0,8610.0,8850.0,907.0,004985
2026-09-23,4340.0,4435.0,4250.0,4330.0,4905.0,004835
2026-09-23,5100.0,5100.0,4970.0,4980.0,13617.0,012205
2026-09-23,424.0,438.0,405.0,410.0,458006.0,044380
2026-09-23,7420.0,7450.0,7220.0,7410.0,332.0,26490K
2026-09-23,11280.0,11600.0,11280.0,11570.0,198.0,090355
2026-09-23,4655.0,5090.0,4200.0,4250.0,125684.0,001770
2026-09-23,17150.0,17150.0,16730.0,16920.0,2073.0,002995
2026-09-23,5800.0,5800.0,5700.0,5700.0,27.0,000545
2026-09-23,9150.0,9150.0,9000.0,9000.0,213.0,000145
2026-09-23,6270.0,6270.0,6220.0,6250.0,1123.0,009415
2026-09-23,17300.0,17400.0,17300.0,17400.0,350.0,005965
2026-09-23,13600.0,14000.0,13530.0,13820.0,72.0,014825
2026-09-23,7700.0,7700.0,7700.0,7700.0,1.0,007575
2026-09-23,2900.0,2900.0,2615.0,2775.0,3720.0,36328K
2026-09-23,5520.0,5520.0,5500.0,5500.0,18.0,014285
2026-09-23,5700.0,5700.0,5400.0,5400.0,66.0,005745
2026-09-23,4800.0,4900.0,4800.0,4900.0,403.0,014915
2026-09-23,7690.0,7900.0,7510.0,7780.0,1321.0,000227
2026-09-23,8230.0,8290.0,8210.0,8230.0,3212.0,001525
2026-09-23,7300.0,7300.0,7010.0,7010.0,511.0,008355
2026-09-23,3340.0,3640.0,3340.0,3520.0,1007.0,004545
2026-09-23,6300.0,6300.0,5870.0,5880.0,623.0,011155
2026-09-23,5110.0,5140.0,5010.0,5080.0,1724.0,001527
2026-09-23,4305.0,4315.0,4300.0,4300.0,406.0,004415
2026-09-23,10190.0,10370.0,10080.0,10080.0,311.0,002785
2026-09-23,14120.0,14120.0,13310.0,13370.0,729.0,002787
2026-09-23,250000.0,257500.0,248500.0,250000.0,186705.0,196170
2026-09-23,80600.0,81500.0,79200.0,79600.0,291095.0,086520
2026-09-23,104400.0,107600.0,104200.0,104400.0,248496.0,247540
2026-09-23,205500.0,210000.0,202000.0,209750.0,722805.0,036930
2026-09-23,450000.0,452500.0,430500.0,432500.0,37514.0,277810
2026-09-23,133700.0,144100.0,131000.0,133800.0,2420154.0,240810
2026-09-23,481500.0,485500.0,467000.0,479250.0,60493.0,039030
2026-09-23,148200.0,152800.0,144500.0,148800.0,512892.0,222800
2026-09-23,76700.0,77500.0,71500.0,74000.0,1357889.0,058470
2026-09-23,55200.0,56100.0,54100.0,55400.0,1148338.0,403870
2026-09-23,210000.0,213000.0,205500.0,211000.0,102450.0,095340
2026-09-23,310000.0,313500.0,297000.0,301000.0,190532.0,108490
2026-09-23,134400.0,144800.0,131100.0,143900.0,478519.0,319660
2026-09-23,31300.0,31550.0,30050.0,30650.0,446441.0,028300
2026-09-23,75700.0,84300.0,75400.0,81100.0,1126461.0,440110
2026-09-23,162000.0,167400.0,162000.0,164300.0,53820.0,000250
2026-09-23,152100.0,164200.0,151000.0,163400.0,235247.0,084370
2026-09-23,159500.0,163600.0,158300.0,162200.0,87924.0,031980
2026-09-23,143400.0,148400.0,142600.0,144100.0,71169.0,087010
2026-09-23,324000.0,331000.0,320500.0,322500.0,39312.0,214450
2026-09-23,280000.0,291500.0,278500.0,289000.0,67200.0,131290
2026-09-23,277000.0,288500.0,270000.0,286000.0,41659.0,064760
2026-09-23,152000.0,161600.0,150200.0,161400.0,334767.0,095610
2026-09-23,46100.0,46850.0,45025.0,46350.0,1461578.0,067310
2026-09-23,80200.0,83000.0,80000.0,80500.0,113248.0,141080
2026-09-23,342000.0,373000.0,339000.0,370500.0,50398.0,357780
2026-09-23,49700.0,51700.0,49350.0,50600.0,424358.0,298380
2026-09-23,17950.0,18180.0,17410.0,17680.0,8041643.0,010170
2026-09-23,145100.0,151300.0,144000.0,146300.0,36663.0,310210
2026-09-23,77400.0,79200.0,75900.0,77500.0,755898.0,080220
2026-09-23,39900.0,39950.0,38800.0,38800.0,549652.0,257720
2026-09-23,78100.0,84000.0,77900.0,82250.0,120223.0,140410
2026-09-23,44000.0,47100.0,43300.0,46400.0,759955.0,005290
2026-09-23,189900.0,191300.0,185900.0,186900.0,37198.0,145020
2026-09-23,21700.0,21900.0,20800.0,20850.0,620192.0,319400
2026-09-23,102100.0,105600.0,101200.0,102400.0,109407.0,226950
2026-09-23,103300.0,105400.0,99600.0,100600.0,330738.0,058610
2026-09-23,13340.0,13340.0,12830.0,12890.0,2583550.0,032820
2026-09-23,27100.0,30400.0,26950.0,28350.0,6369960.0,030530
2026-09-23,39600.0,40500.0,39350.0,40150.0,50679.0,214370
2026-09-23,34100.0,34400.0,33550.0,33650.0,102940.0,263750
2026-09-23,43300.0,45550.0,43200.0,44450.0,456957.0,347850
2026-09-23,31900.0,32350.0,31250.0,31950.0,519773.0,178320
2026-09-23,30600.0,30900.0,30500.0,30600.0,52300.0,214150
2026-09-23,29350.0,29850.0,28650.0,29100.0,615914.0,098460
2026-09-23,26950.0,26950.0,25500.0,26100.0,2201731.0,043260
2026-09-23,91100.0,92800.0,90200.0,91000.0,40171.0,237690
2026-09-23,81900.0,84200.0,80800.0,82000.0,91493.0,041510
2026-09-23,63200.0,63200.0,59400.0,59700.0,510183.0,083650
2026-09-23,253000.0,271000.0,252500.0,263000.0,43490.0,140860
2026-09-23,48300.0,50500.0,48300.0,49200.0,767653.0,089030
2026-09-23,95100.0,95500.0,91100.0,93200.0,169989.0,131970
2026-09-23,32900.0,34150.0,32450.0,33400.0,152755.0,060370
2026-09-23,10710.0,10900.0,10260.0,10540.0,5453499.0,036540
2026-09-23,38950.0,39200.0,38700.0,38800.0,29111.0,068760
2026-09-23,61300.0,63500.0,59500.0,62300.0,967490.0,089970
2026-09-23,55000.0,55500.0,51300.0,51700.0,338205.0,437730
2026-09-23,31300.0,32350.0,30900.0,31600.0,356497.0,183300
2026-09-23,34250.0,34550.0,33800.0,33850.0,126601.0,096530
2026-09-23,24800.0,25050.0,24500.0,24550.0,91427.0,007390
2026-09-23,118900.0,125000.0,116400.0,123100.0,96126.0,420770
2026-09-23,59100.0,59900.0,58000.0,58400.0,269383.0,218410
2026-09-23,47100.0,47150.0,44300.0,46350.0,212935.0,323280
2026-09-23,25050.0,25500.0,23650.0,24050.0,887685.0,204270
2026-09-23,21150.0,21700.0,20900.0,21300.0,78448.0,0009K0
2026-09-23,125300.0,128500.0,123500.0,127300.0,58789.0,241710
2026-09-23,36100.0,36700.0,35300.0,35450.0,58283.0,039200
2026-09-23,87800.0,87900.0,85500.0,85700.0,61724.0,078600
2026-09-23,15410.0,16250.0,15350.0,15790.0,618982.0,950160
2026-09-23,37550.0,38100.0,37300.0,37600.0,74081.0,035900
2026-09-23,46450.0,47800.0,46400.0,46850.0,51557.0,290650
2026-09-23,29400.0,29850.0,27550.0,27650.0,254272.0,082920
2026-09-23,10810.0,11190.0,10750.0,11060.0,277969.0,003380
2026-09-23,23150.0,24750.0,21650.0,24300.0,3078973.0,950260
2026-09-23,22550.0,24325.0,22400.0,23200.0,1697815.0,347700
2026-09-23,32350.0,32900.0,31750.0,31800.0,57757.0,127120
2026-09-23,57700.0,59100.0,57300.0,58700.0,107145.0,166090
2026-09-23,14450.0,14490.0,14050.0,14170.0,1578928.0,232140
2026-09-23,38500.0,39150.0,38350.0,38750.0,65158.0,195940
2026-09-23,17480.0,18460.0,17320.0,17920.0,589989.0,252990
2026-09-23,44300.0,45050.0,43500.0,44500.0,505596.0,356860
2026-09-23,28100.0,28475.0,27750.0,28000.0,56135.0,056190
2026-09-23,25650.0,26200.0,24900.0,25050.0,100523.0,458870
2026-09-23,20400.0,22400.0,20150.0,21250.0,772437.0,086450
2026-09-23,8830.0,9420.0,8830.0,8990.0,250227.0,293490
2026-09-23,17550.0,18180.0,17210.0,17840.0,455167.0,100790
2026-09-23,44000.0,44350.0,42900.0,44100.0,154845.0,101490
2026-09-23,55000.0,57800.0,53800.0,56100.0,406659.0,119850
2026-09-23,50000.0,50100.0,48500.0,49400.0,78427.0,083450
2026-09-23,29700.0,30400.0,28600.0,29350.0,169411.0,160190
2026-09-23,13640.0,13820.0,13260.0,13370.0,667926.0,417200
2026-09-23,31100.0,31550.0,30750.0,31450.0,46994.0,065350
2026-09-23,77500.0,79600.0,76300.0,78000.0,41234.0,099320
2026-09-23,87000.0,89500.0,85700.0,87800.0,65324.0,388210
2026-09-23,22650.0,23000.0,22350.0,22700.0,42052.0,115180
2026-09-23,39400.0,41950.0,38750.0,41525.0,55755.0,036830
2026-09-23,37650.0,39100.0,37650.0,38750.0,50840.0,035760
2026-09-23,47500.0,48600.0,46100.0,46750.0,489391.0,327260
2026-09-23,48100.0,49600.0,47400.0,48850.0,33148.0,445680
2026-09-23,71500.0,75500.0,71300.0,74400.0,118793.0,053800
2026-09-23,8350.0,8400.0,8090.0,8200.0,337239.0,031330
2026-09-23,19640.0,19850.0,19300.0,19450.0,135246.0,032500
2026-09-23,31850.0,31850.0,30450.0,30800.0,143377.0,014620
2026-09-23,70600.0,70800.0,68300.0,68500.0,11563.0,388720
2026-09-23,42700.0,43550.0,42400.0,42900.0,81096.0,122870
2026-09-23,64500.0,66300.0,64000.0,64100.0,55522.0,425420
2026-09-23,58900.0,64000.0,57800.0,63500.0,271072.0,295310
2026-09-23,28900.0,29600.0,28800.0,29350.0,178006.0,074600
2026-09-23,48300.0,48300.0,47150.0,47550.0,40711.0,033100
2026-09-23,80600.0,81350.0,78100.0,78300.0,68341.0,090360
2026-09-23,32800.0,33300.0,32250.0,32500.0,143640.0,161580
2026-09-23,39050.0,39100.0,37600.0,37950.0,159186.0,044490
2026-09-23,29250.0,30700.0,29050.0,30050.0,141716.0,491000
2026-09-23,19840.0,19990.0,19750.0,19750.0,37966.0,032190
2026-09-23,6520.0,7030.0,6280.0,6330.0,1959245.0,090710
2026-09-23,22150.0,22800.0,21750.0,22550.0,325974.0,059090
2026-09-23,68700.0,70600.0,68000.0,69400.0,50546.0,189300
2026-09-23,9960.0,10690.0,9790.0,9860.0,476247.0,041960
2026-09-23,7830.0,7960.0,7820.0,7910.0,100100.0,085660
2026-09-23,9850.0,10080.0,9750.0,9850.0,654640.0,328130
2026-09-23,10830.0,11010.0,10710.0,10920.0,96751.0,225570
2026-09-23,55200.0,56300.0,53300.0,53400.0,40337.0,041830
2026-09-23,56700.0,58300.0,56000.0,57800.0,43819.0,251970
2026-09-23,29100.0,29300.0,28700.0,28850.0,78391.0,213420
2026-09-23,25650.0,27200.0,25350.0,25450.0,206767.0,476830
2026-09-23,6780.0,6780.0,6600.0,6600.0,185072.0,038500
2026-09-23,23800.0,23850.0,22800.0,23000.0,218361.0,466100
2026-09-23,56200.0,56500.0,53600.0,54600.0,243550.0,064290
2026-09-23,10610.0,10780.0,10560.0,10660.0,171467.0,281740
2026-09-23,69500.0,71200.0,68500.0,68500.0,28598.0,171090
2026-09-23,27050.0,27300.0,26500.0,26650.0,90957.0,023160
2026-09-23,31600.0,32950.0,31600.0,32000.0,246162.0,122640
2026-09-23,29700.0,30000.0,29250.0,29700.0,76745.0,124500
2026-09-23,74000.0,78000.0,72800.0,76400.0,49030.0,053610
2026-09-23,15410.0,15590.0,14940.0,15090.0,319865.0,476060
2026-09-23,29000.0,29200.0,28500.0,28600.0,48472.0,137400
2026-09-23,10780.0,10790.0,10520.0,10540.0,171936.0,006730
2026-09-23,30400.0,31350.0,30100.0,30950.0,116659.0,036810
2026-09-23,44100.0,46750.0,43200.0,46300.0,78557.0,102710
2026-09-23,6830.0,7070.0,6740.0,6780.0,538922.0,048410
2026-09-23,141900.0,142600.0,129100.0,131600.0,19499.0,093320
2026-09-23,51700.0,52600.0,51200.0,51900.0,37584.0,121600
2026-09-23,7550.0,7760.0,7270.0,7590.0,859325.0,033790
2026-09-23,27900.0,28250.0,26950.0,27350.0,146850.0,033640
2026-09-23,83000.0,87500.0,81300.0,87100.0,149155.0,126340
2026-09-23,10800.0,10820.0,10340.0,10450.0,278817.0,046890
2026-09-23,20150.0,20550.0,20150.0,20150.0,21000.0,253450
2026-09-23,13400.0,14730.0,13310.0,13610.0,2631648.0,253590
2026-09-23,13040.0,13460.0,12800.0,13160.0,661819.0,077360
2026-09-23,7640.0,7690.0,7440.0,7450.0,203151.0,222080
2026-09-23,9460.0,9890.0,9320.0,9530.0,1266557.0,050890
2026-09-23,27450.0,27800.0,27200.0,27300.0,24042.0,094170
2026-09-23,8810.0,9120.0,8590.0,8800.0,127475.0,358570
2026-09-23,47250.0,47900.0,46600.0,47500.0,172072.0,399720
2026-09-23,32000.0,32250.0,31650.0,32000.0,42436.0,045100
2026-09-23,38050.0,45600.0,38050.0,42800.0,1108119.0,092870
2026-09-23,12200.0,12940.0,12030.0,12690.0,1330638.0,144960
2026-09-23,41500.0,41500.0,40750.0,41000.0,25671.0,079940
2026-09-23,15950.0,16280.0,15950.0,16080.0,274956.0,490470
2026-09-23,25550.0,26450.0,24800.0,24950.0,610870.0,475830
2026-09-23,37750.0,38200.0,36600.0,36850.0,43412.0,052400
2026-09-23,7800.0,7930.0,7520.0,7890.0,88078.0,052020
2026-09-23,31900.0,33400.0,31900.0,32050.0,73507.0,456160
2026-09-23,13080.0,13330.0,13060.0,13260.0,90400.0,060250
2026-09-23,41050.0,49000.0,40900.0,47450.0,404796.0,468530
2026-09-23,23050.0,26000.0,22900.0,24700.0,992806.0,080580
2026-09-23,17530.0,19950.0,17500.0,18210.0,16354073.0,356680
2026-09-23,15090.0,15290.0,15010.0,15050.0,54072.0,112040
2026-09-23,31100.0,31250.0,30600.0,30750.0,18746.0,101160
2026-09-23,12510.0,12590.0,12200.0,12200.0,67914.0,009520
2026-09-23,77000.0,81500.0,76800.0,80900.0,33496.0,219130
2026-09-23,5400.0,5400.0,5100.0,5200.0,1776113.0,025980
2026-09-23,68700.0,70400.0,68300.0,68400.0,20311.0,214430
2026-09-23,30700.0,31000.0,30400.0,30500.0,23573.0,037460
2026-09-23,17810.0,18360.0,17720.0,18080.0,57197.0,397030
2026-09-23,28900.0,29350.0,27950.0,28150.0,46093.0,376900
2026-09-23,67700.0,67900.0,66900.0,67200.0,6837.0,086900
2026-09-23,4000.0,4165.0,3915.0,4030.0,3664611.0,027360
2026-09-23,10060.0,10060.0,9860.0,9900.0,47122.0,211050
2026-09-23,57000.0,61900.0,57000.0,58400.0,239946.0,098120
2026-09-23,10460.0,10790.0,10460.0,10650.0,89341.0,082270
2026-09-23,5990.0,6140.0,5810.0,6050.0,1848319.0,041190
2026-09-23,14300.0,15100.0,14190.0,15060.0,124081.0,024850
2026-09-23,16270.0,16360.0,15870.0,15870.0,53471.0,033500
2026-09-23,104100.0,104100.0,103100.0,103900.0,529.0,034950
2026-09-23,27600.0,29200.0,27100.0,28400.0,161064.0,089890
2026-09-23,2330.0,2330.0,2230.0,2260.0,187132.0,035890
2026-09-23,42750.0,48000.0,33350.0,46750.0,22828018.0,0010S0
2026-09-23,19900.0,20400.0,19410.0,20100.0,284968.0,348340
2026-09-23,35200.0,37300.0,35150.0,37050.0,81766.0,104830
2026-09-23,16220.0,16220.0,15750.0,15790.0,20529.0,099190
2026-09-23,5840.0,5860.0,5740.0,5750.0,95172.0,015750
2026-09-23,13150.0,13210.0,12900.0,12930.0,44276.0,460930
2026-09-23,28500.0,29150.0,28100.0,28450.0,85007.0,340570
2026-09-23,12530.0,12780.0,11900.0,11915.0,297467.0,056080
2026-09-23,22050.0,22250.0,21550.0,21600.0,80781.0,383310
2026-09-23,3935.0,4245.0,3850.0,4025.0,11043664.0,069540
2026-09-23,12800.0,12880.0,12050.0,12130.0,605923.0,019210
2026-09-23,21500.0,22450.0,21350.0,22250.0,202616.0,290550
2026-09-23,38100.0,38250.0,37000.0,37600.0,31824.0,013030
2026-09-23,12600.0,13030.0,12010.0,12150.0,1180653.0,125490
2026-09-23,35150.0,35150.0,34100.0,34250.0,16113.0,365340
2026-09-23,20200.0,20400.0,19810.0,19950.0,92229.0,348370
2026-09-23,13570.0,13610.0,13170.0,13190.0,132268.0,368770
2026-09-23,24400.0,25500.0,19760.0,20200.0,2155593.0,486990
2026-09-23,4915.0,4950.0,4835.0,4835.0,212240.0,336570
2026-09-23,24400.0,25700.0,22700.0,23050.0,3152357.0,386380
2026-09-23,15370.0,18510.0,15370.0,17710.0,852894.0,042000
2026-09-23,27600.0,28550.0,26300.0,27900.0,347577.0,078350
2026-09-23,34550.0,35200.0,34300.0,34550.0,15260.0,278280
2026-09-23,6600.0,6710.0,6460.0,6610.0,459806.0,187660
2026-09-23,21050.0,21100.0,20650.0,21050.0,60241.0,272290
2026-09-23,34800.0,35050.0,34450.0,34750.0,43110.0,078340
2026-09-23,36450.0,36850.0,36350.0,36450.0,26868.0,067160
2026-09-23,16620.0,17350.0,16510.0,17260.0,137359.0,030520
2026-09-23,40800.0,41550.0,40300.0,41050.0,10906.0,241770
2026-09-23,13780.0,14860.0,13540.0,14630.0,436150.0,114810
2026-09-23,16110.0,16690.0,15680.0,16580.0,975654.0,033160
2026-09-23,36300.0,39800.0,36050.0,38550.0,308301.0,170920
2026-09-23,8870.0,9040.0,8670.0,8840.0,1103612.0,332570
2026-09-23,5920.0,5930.0,5740.0,5750.0,250164.0,204620
2026-09-23,11210.0,13240.0,11210.0,12910.0,2041868.0,079370
2026-09-23,16720.0,17130.0,16680.0,16850.0,31182.0,376300
2026-09-23,24900.0,30950.0,24550.0,29900.0,882729.0,159010
2026-09-23,23400.0,23550.0,22900.0,23350.0,53601.0,089010
2026-09-23,3420.0,3595.0,3420.0,3475.0,87111.0,078130
2026-09-23,16140.0,17310.0,15930.0,17040.0,1845615.0,417840
2026-09-23,19420.0,20150.0,19400.0,19560.0,53105.0,174900
2026-09-23,11350.0,11420.0,11130.0,11150.0,107025.0,018290
2026-09-23,4685.0,4695.0,4600.0,4640.0,135980.0,101730
2026-09-23,17720.0,18000.0,17720.0,17780.0,22770.0,095660
2026-09-23,52200.0,55900.0,51800.0,55200.0,32674.0,236200
2026-09-23,23550.0,23900.0,22900.0,23800.0,33761.0,092730
2026-09-23,1240.0,1299.0,1231.0,1289.0,2826807.0,018000
2026-09-23,36250.0,36950.0,36000.0,36050.0,25688.0,215200
2026-09-23,27400.0,28050.0,27250.0,27700.0,13504.0,475960
2026-09-23,22400.0,22450.0,20900.0,20950.0,286845.0,477850
2026-09-23,11740.0,11850.0,11330.0,11440.0,347806.0,439960
2026-09-23,8550.0,8800.0,8450.0,8740.0,377322.0,441270
2026-09-23,8030.0,8360.0,7840.0,8010.0,119755.0,092190
2026-09-23,39400.0,41200.0,39100.0,40450.0,72453.0,107640
2026-09-23,7600.0,7610.0,7320.0,7410.0,518268.0,006910
2026-09-23,6620.0,6620.0,6520.0,6540.0,17213.0,078020
2026-09-23,26700.0,27000.0,26000.0,26800.0,66678.0,200710
2026-09-23,7940.0,8210.0,7820.0,8180.0,781544.0,200470
2026-09-23,32700.0,32700.0,32250.0,32400.0,2631.0,003800
2026-09-23,28350.0,29300.0,28300.0,29100.0,162015.0,330860
2026-09-23,10050.0,10820.0,9880.0,10500.0,310021.0,393890
2026-09-23,19350.0,19500.0,18690.0,18890.0,657560.0,052710
2026-09-23,28550.0,29150.0,27600.0,28450.0,286212.0,138080
2026-09-23,8950.0,9200.0,8910.0,8940.0,29565.0,078160
2026-09-23,3795.0,3800.0,3745.0,3790.0,224593.0,025320
2026-09-23,33400.0,33750.0,32500.0,33250.0,25227.0,348210
2026-09-23,11100.0,11430.0,11100.0,11240.0,54076.0,069080
2026-09-23,7850.0,8720.0,7730.0,7930.0,11185390.0,046970
2026-09-23,28850.0,30000.0,28050.0,29000.0,30938.0,093520
2026-09-23,6750.0,6900.0,6670.0,6730.0,24562.0,025900
2026-09-23,7490.0,7790.0,7300.0,7430.0,51796.0,036800
2026-09-23,17520.0,17960.0,17220.0,17730.0,92677.0,110990
2026-09-23,29950.0,30700.0,24300.0,27350.0,6747349.0,0161M0
2026-09-23,3660.0,3735.0,3635.0,3700.0,130116.0,036620
2026-09-23,21300.0,21550.0,20950.0,21400.0,62776.0,039440
2026-09-23,23800.0,25050.0,22550.0,22750.0,1307164.0,456010
2026-09-23,4400.0,4435.0,4345.0,4370.0,417689.0,064260
2026-09-23,40850.0,41100.0,39700.0,39950.0,41595.0,452430
2026-09-23,58000.0,58100.0,54000.0,54300.0,54504.0,448900
2026-09-23,25150.0,25300.0,24450.0,24650.0,38338.0,389470
2026-09-23,21700.0,21900.0,21000.0,21150.0,20903.0,455900
2026-09-23,14560.0,14560.0,13870.0,14400.0,131584.0,168360
2026-09-23,7700.0,7700.0,7500.0,7530.0,17302.0,121440
2026-09-23,15360.0,15360.0,14040.0,14270.0,530290.0,117730
2026-09-23,8000.0,8100.0,7770.0,7800.0,128829.0,060280
2026-09-23,21250.0,21300.0,20800.0,21100.0,12150.0,372320
2026-09-23,2625.0,2715.0,2565.0,2620.0,94638.0,067630
2026-09-23,14400.0,15720.0,14370.0,15420.0,233718.0,017890
2026-09-23,9480.0,11660.0,9480.0,10880.0,3346997.0,446540
2026-09-23,3550.0,3570.0,3390.0,3410.0,184736.0,900290
2026-09-23,21250.0,23000.0,21000.0,22500.0,380651.0,234340
2026-09-23,10620.0,10990.0,10010.0,10730.0,65946.0,488900
2026-09-23,2240.0,2255.0,2205.0,2225.0,302202.0,215600
2026-09-23,4410.0,4495.0,4260.0,4390.0,264142.0,061970
2026-09-23,13990.0,14060.0,13750.0,13910.0,108894.0,482630
2026-09-23,34400.0,34900.0,33200.0,33800.0,24934.0,199800
2026-09-23,8370.0,8440.0,8240.0,8250.0,64323.0,206650
2026-09-23,21850.0,22300.0,21850.0,21950.0,10303.0,352480
2026-09-23,26400.0,27050.0,25900.0,26850.0,100112.0,160980
2026-09-23,7980.0,7980.0,7820.0,7850.0,10365.0,025770
2026-09-23,9480.0,9620.0,9350.0,9530.0,191867.0,036200
2026-09-23,4585.0,4615.0,4490.0,4510.0,144906.0,035810
2026-09-23,11990.0,12250.0,11760.0,11870.0,41668.0,071200
2026-09-23,6470.0,6470.0,6270.0,6320.0,9359.0,101930
2026-09-23,19060.0,19170.0,18950.0,19070.0,24873.0,265520
2026-09-23,44250.0,45075.0,42500.0,43000.0,80257.0,389500
2026-09-23,13100.0,13100.0,12260.0,12420.0,2412855.0,012210
2026-09-23,18260.0,18370.0,18110.0,18160.0,27112.0,049070
2026-09-23,2750.0,3045.0,2745.0,2790.0,14721570.0,203650
2026-09-23,4200.0,4240.0,4155.0,4165.0,69740.0,099440
2026-09-23,12540.0,13450.0,12390.0,13430.0,255995.0,086390
2026-09-23,3125.0,3170.0,3070.0,3095.0,395092.0,424870
2026-09-23,4930.0,4985.0,4880.0,4895.0,16975.0,472850
2026-09-23,2650.0,2650.0,2635.0,2640.0,60515.0,136480
2026-09-23,21150.0,21300.0,20800.0,21050.0,102875.0,091580
2026-09-23,12540.0,12780.0,12310.0,12740.0,706980.0,425040
2026-09-23,16220.0,16590.0,16000.0,16290.0,15664.0,092460
2026-09-23,23200.0,23300.0,22900.0,22900.0,7493.0,054950
2026-09-23,11150.0,11250.0,10500.0,10580.0,1441342.0,042370
2026-09-23,26050.0,27900.0,25700.0,27500.0,142005.0,294570
2026-09-23,6630.0,6630.0,6250.0,6350.0,1782687.0,024840
2026-09-23,10990.0,11120.0,10730.0,11020.0,49401.0,228760
2026-09-23,9240.0,9350.0,9070.0,9240.0,11435.0,448280
2026-09-23,10000.0,10000.0,9910.0,9920.0,16985.0,035600
2026-09-23,6500.0,6800.0,6460.0,6630.0,108513.0,484590
2026-09-23,28450.0,33450.0,28150.0,32900.0,67956.0,389650
2026-09-23,24400.0,24500.0,23950.0,24250.0,18029.0,200670
2026-09-23,0.0,0.0,0.0,21000.0,0.0,309710
2026-09-23,37000.0,42900.0,36400.0,41900.0,255247.0,354320
2026-09-23,7260.0,7350.0,7110.0,7200.0,100528.0,216080
2026-09-23,21400.0,21700.0,21100.0,21150.0,14326.0,084110
2026-09-23,25400.0,25500.0,23750.0,23850.0,168996.0,098070
2026-09-23,0.0,0.0,0.0,3670.0,0.0,182400
2026-09-23,17540.0,18000.0,17300.0,17570.0,26823.0,287840
2026-09-23,15920.0,17800.0,15620.0,17640.0,282472.0,493280
2026-09-23,12090.0,12180.0,11830.0,11850.0,27263.0,036890
2026-09-23,9700.0,9950.0,9270.0,9410.0,315637.0,068930
2026-09-23,5210.0,5230.0,5170.0,5200.0,34075.0,091700
2026-09-23,12850.0,12890.0,12580.0,12660.0,25992.0,317330
2026-09-23,22750.0,24950.0,22700.0,23650.0,110570.0,484120
2026-09-23,11090.0,11090.0,10930.0,10940.0,58497.0,060720
2026-09-23,17760.0,17760.0,17420.0,17420.0,15096.0,043150
2026-09-23,5950.0,6170.0,5950.0,6130.0,86485.0,067390
2026-09-23,12020.0,12040.0,11650.0,11740.0,20385.0,378340
2026-09-23,13570.0,13740.0,13250.0,13440.0,547269.0,452280
2026-09-23,5520.0,5520.0,5370.0,5390.0,41594.0,151860
2026-09-23,21850.0,21950.0,21650.0,21650.0,3059.0,051500
2026-09-23,9930.0,10030.0,9660.0,9730.0,129490.0,394280
2026-09-23,33850.0,34000.0,33250.0,33450.0,5111.0,267980
2026-09-23,0.0,0.0,0.0,3320.0,0.0,121800
2026-09-23,5530.0,5580.0,5400.0,5410.0,98835.0,0011T0
2026-09-23,0.0,0.0,0.0,4080.0,0.0,377460
2026-09-23,15550.0,15580.0,15360.0,15400.0,38490.0,439090
2026-09-23,17480.0,17830.0,17330.0,17680.0,59381.0,042520
2026-09-23,25900.0,28450.0,25650.0,27150.0,49759.0,065680
2026-09-23,20100.0,20600.0,19850.0,19950.0,14861.0,304360
2026-09-23,3245.0,3260.0,3205.0,3215.0,140240.0,023410
2026-09-23,11690.0,11830.0,11500.0,11620.0,32723.0,094360
2026-09-23,4230.0,4770.0,4150.0,4740.0,1124631.0,314130
2026-09-23,14490.0,14600.0,14220.0,14250.0,13931.0,377450
2026-09-23,18850.0,18850.0,18470.0,18520.0,14483.0,461300
2026-09-23,15600.0,15720.0,15320.0,15370.0,22008.0,089980
2026-09-23,24100.0,24850.0,23850.0,24250.0,39752.0,011560
2026-09-23,32300.0,32500.0,31700.0,31900.0,26810.0,073490
2026-09-23,17100.0,17400.0,16450.0,16800.0,169433.0,254490
2026-09-23,4895.0,4965.0,4875.0,4940.0,74815.0,036030
2026-09-23,34800.0,34900.0,33100.0,33500.0,4582.0,376270
2026-09-23,7440.0,7540.0,7220.0,7350.0,186873.0,047920
2026-09-23,30150.0,30800.0,29850.0,30100.0,59264.0,272110
2026-09-23,4225.0,4570.0,4165.0,4510.0,925985.0,036710
2026-09-23,22200.0,22250.0,21050.0,21800.0,23541.0,445090
2026-09-23,2390.0,2445.0,2320.0,2400.0,39250.0,180400
2026-09-23,4990.0,4990.0,4870.0,4920.0,178526.0,019010
2026-09-23,8960.0,9000.0,8760.0,8810.0,107118.0,108860
2026-09-23,7900.0,7900.0,7580.0,7590.0,45658.0,064820
2026-09-23,11110.0,11540.0,11110.0,11150.0,14588.0,043370
2026-09-23,24900.0,26650.0,24000.0,25500.0,97510.0,416180
2026-09-23,25350.0,26200.0,25350.0,26000.0,10968.0,100120
2026-09-23,16360.0,17000.0,16120.0,16780.0,299549.0,085910
2026-09-23,45000.0,45350.0,44550.0,44600.0,4739.0,065710
2026-09-23,12820.0,13170.0,12760.0,12780.0,62599.0,389260
2026-09-23,18690.0,20200.0,18690.0,19900.0,36677.0,064850
2026-09-23,6460.0,6930.0,6290.0,6820.0,774970.0,032580
2026-09-23,19050.0,19070.0,18830.0,18860.0,10596.0,243070
2026-09-23,6510.0,6950.0,6480.0,6590.0,255771.0,462350
2026-09-23,35750.0,36000.0,35550.0,35600.0,7035.0,215000
2026-09-23,3260.0,3270.0,3090.0,3170.0,942924.0,045390
2026-09-23,1405.0,1408.0,1399.0,1406.0,56263.0,023760
2026-09-23,15880.0,16000.0,15660.0,15700.0,43034.0,190510
2026-09-23,23600.0,23600.0,22650.0,23400.0,28634.0,0008Z0
2026-09-23,3000.0,3180.0,2960.0,3070.0,2648144.0,462860
2026-09-23,7700.0,7710.0,7630.0,7660.0,23155.0,200130
2026-09-23,15480.0,15640.0,15200.0,15330.0,4148.0,481070
2026-09-23,14260.0,14260.0,13800.0,13880.0,16700.0,144510
2026-09-23,5550.0,5620.0,5500.0,5570.0,121619.0,094480
2026-09-23,8170.0,8280.0,8060.0,8140.0,67474.0,241520
2026-09-23,6270.0,6340.0,6140.0,6170.0,547469.0,125020
2026-09-23,12020.0,12090.0,11870.0,11950.0,36901.0,237880
2026-09-23,19010.0,19090.0,18210.0,18300.0,58075.0,475400
2026-09-23,8480.0,8490.0,8230.0,8260.0,31911.0,114190
2026-09-23,8540.0,8630.0,8410.0,8470.0,29199.0,0001A0
2026-09-23,4055.0,4115.0,4025.0,4025.0,125852.0,298830
2026-09-23,10960.0,10960.0,10610.0,10690.0,5859.0,005710
2026-09-23,14630.0,14660.0,14450.0,14490.0,11491.0,018310
2026-09-23,5780.0,5920.0,5630.0,5780.0,111540.0,307180
2026-09-23,11120.0,11550.0,11120.0,11470.0,84864.0,067080
2026-09-23,10540.0,10640.0,10250.0,10500.0,64503.0,112290
2026-09-23,3970.0,4170.0,3965.0,4000.0,372710.0,290690
2026-09-23,9300.0,9670.0,9160.0,9550.0,95894.0,365270
2026-09-23,8260.0,8350.0,8150.0,8170.0,98105.0,064550
2026-09-23,23300.0,25000.0,23000.0,24000.0,163611.0,382900
2026-09-23,5510.0,5600.0,5420.0,5420.0,49975.0,243840
2026-09-23,34150.0,36500.0,33700.0,35900.0,309006.0,417030
2026-09-23,0.0,0.0,0.0,8450.0,0.0,380540
2026-09-23,9390.0,9420.0,9260.0,9370.0,25370.0,206640
2026-09-23,18920.0,18960.0,18220.0,18350.0,53326.0,199430
2026-09-23,34400.0,34450.0,34000.0,34250.0,1192.0,036190
2026-09-23,4210.0,4230.0,4170.0,4200.0,8805.0,950170
2026-09-23,6260.0,6260.0,6140.0,6170.0,40545.0,353810
2026-09-23,16000.0,16090.0,15620.0,15660.0,30532.0,459510
2026-09-23,4580.0,4605.0,4450.0,4455.0,57993.0,014940
2026-09-23,3295.0,3315.0,3270.0,3280.0,73539.0,099430
2026-09-23,16550.0,16850.0,16000.0,16320.0,11841.0,058970
2026-09-23,37350.0,37450.0,36400.0,36550.0,6865.0,061090
2026-09-23,23500.0,23800.0,22550.0,22800.0,151990.0,126730
2026-09-23,5080.0,5200.0,5040.0,5050.0,114336.0,053300
2026-09-23,6600.0,6600.0,6360.0,6380.0,60952.0,095500
2026-09-23,6710.0,6780.0,6590.0,6640.0,14091.0,314930
2026-09-23,6080.0,6100.0,5990.0,6010.0,29722.0,053030
2026-09-23,10680.0,11130.0,10460.0,11050.0,138653.0,083310
2026-09-23,7300.0,8350.0,7120.0,8200.0,1058189.0,340450
2026-09-23,5150.0,5220.0,5080.0,5180.0,14597.0,450950
2026-09-23,24100.0,25250.0,24000.0,24300.0,122413.0,123330
2026-09-23,0.0,0.0,0.0,2410.0,0.0,080720
2026-09-23,2060.0,2095.0,2000.0,2045.0,182040.0,217730
2026-09-23,18750.0,19390.0,18300.0,19360.0,61489.0,086670
2026-09-23,5260.0,5400.0,5160.0,5330.0,120713.0,452450
2026-09-23,2050.0,2085.0,2010.0,2015.0,592931.0,078150
2026-09-23,10880.0,10890.0,10170.0,10230.0,568506.0,388050
2026-09-23,15260.0,15310.0,15030.0,15080.0,32640.0,304100
2026-09-23,2105.0,2105.0,2080.0,2090.0,40875.0,013120
2026-09-23,12090.0,12120.0,11890.0,12030.0,5193.0,036560
2026-09-23,22750.0,23350.0,22750.0,23300.0,3986.0,042420
2026-09-23,5810.0,5810.0,5500.0,5580.0,600457.0,046120
2026-09-23,3500.0,3500.0,3455.0,3470.0,548191.0,005160
2026-09-23,14130.0,14810.0,14000.0,14590.0,21955.0,308430
2026-09-23,24950.0,25800.0,24900.0,24900.0,2849.0,066620
2026-09-23,0.0,0.0,0.0,994.0,0.0,016790
2026-09-23,3030.0,3030.0,2965.0,2980.0,23696.0,126600
2026-09-23,11510.0,12440.0,11390.0,12090.0,144459.0,051160
2026-09-23,5980.0,5980.0,5900.0,5940.0,2835.0,034810
2026-09-23,17350.0,17570.0,17100.0,17320.0,13180.0,143240
2026-09-23,12530.0,12700.0,12370.0,12390.0,515113.0,024060
2026-09-23,12450.0,12520.0,11930.0,11990.0,85304.0,484810
2026-09-23,1975.0,1997.0,1923.0,1952.0,246276.0,115450
2026-09-23,30000.0,30350.0,29650.0,29700.0,3441.0,192440
2026-09-23,10130.0,10210.0,10070.0,10110.0,14823.0,194700
2026-09-23,13600.0,14300.0,13500.0,13940.0,167643.0,230240
2026-09-23,8040.0,8150.0,8040.0,8090.0,6507.0,084850
2026-09-23,10600.0,10600.0,10210.0,10300.0,21846.0,052330
2026-09-23,13810.0,14070.0,13800.0,13930.0,20819.0,102940
2026-09-23,13950.0,14100.0,13850.0,14020.0,22937.0,214180
2026-09-23,2715.0,2740.0,2635.0,2655.0,440170.0,256840
2026-09-23,5700.0,6100.0,5280.0,5670.0,2819030.0,394800
2026-09-23,6270.0,6480.0,6270.0,6460.0,26584.0,293780
2026-09-23,9760.0,10060.0,9670.0,10000.0,94512.0,464080
2026-09-23,15920.0,16270.0,15720.0,15920.0,27894.0,318060
2026-09-23,12210.0,12210.0,11750.0,11800.0,72548.0,094820
2026-09-23,12360.0,14250.0,12260.0,12900.0,3530384.0,274090
2026-09-23,12150.0,12180.0,12020.0,12060.0,18256.0,083930
2026-09-23,6310.0,6310.0,6180.0,6230.0,26526.0,176750
2026-09-23,17290.0,17400.0,17000.0,17220.0,26630.0,419530
2026-09-23,3250.0,3315.0,3125.0,3150.0,2529456.0,067290
2026-09-23,18910.0,18950.0,18240.0,18340.0,32673.0,108380
2026-09-23,14050.0,14500.0,13980.0,14270.0,21503.0,405100
2026-09-23,12340.0,12360.0,12130.0,12220.0,34035.0,403850
2026-09-23,11310.0,12000.0,11310.0,11990.0,68232.0,489460
2026-09-23,14140.0,14400.0,14140.0,14300.0,17305.0,194480
2026-09-23,15300.0,15510.0,15100.0,15220.0,28654.0,138610
2026-09-23,13800.0,14000.0,13490.0,13620.0,21858.0,270660
2026-09-23,5770.0,5920.0,5680.0,5700.0,203584.0,264850
2026-09-23,15500.0,15950.0,15230.0,15860.0,701373.0,488280
2026-09-23,14240.0,14480.0,14160.0,14210.0,1600.0,092130
2026-09-23,14210.0,14880.0,14140.0,14620.0,37931.0,0015G0
2026-09-23,2805.0,2865.0,2780.0,2790.0,94306.0,082800
2026-09-23,9500.0,10050.0,9110.0,9290.0,874134.0,032940
2026-09-23,7720.0,7860.0,7570.0,7620.0,24716.0,068790
2026-09-23,18030.0,18770.0,17670.0,18600.0,333764.0,263860
2026-09-23,15750.0,16290.0,15410.0,15740.0,21333.0,039830
2026-09-23,16000.0,16020.0,15640.0,15780.0,2331.0,143160
2026-09-23,6510.0,6620.0,6510.0,6560.0,26582.0,122990
2026-09-23,10600.0,11800.0,10480.0,11490.0,473263.0,264450
2026-09-23,7710.0,7750.0,7530.0,7540.0,77843.0,199820
2026-09-23,10070.0,10100.0,9970.0,10020.0,12740.0,038390
2026-09-23,0.0,0.0,0.0,741.0,0.0,245620
2026-09-23,6840.0,6850.0,6750.0,6810.0,69229.0,118990
2026-09-23,5200.0,5260.0,5060.0,5220.0,390977.0,382800
2026-09-23,56300.0,59500.0,55900.0,57600.0,12826.0,260970
2026-09-23,6800.0,6820.0,6500.0,6580.0,127719.0,054210
2026-09-23,2300.0,2345.0,2260.0,2265.0,336133.0,012860
2026-09-23,30000.0,30700.0,30000.0,30300.0,1680.0,357550
2026-09-23,3145.0,3170.0,3055.0,3080.0,271038.0,475040
2026-09-23,20700.0,22250.0,20350.0,21300.0,123494.0,355150
2026-09-23,2970.0,3000.0,2925.0,2970.0,44398.0,204610
2026-09-23,5790.0,5930.0,5790.0,5910.0,34666.0,123410
2026-09-23,12600.0,12950.0,12000.0,12000.0,131507.0,149950
2026-09-23,11330.0,12160.0,11120.0,11860.0,147809.0,187870
2026-09-23,2600.0,2700.0,2545.0,2695.0,147229.0,036170
2026-09-23,12850.0,16420.0,12660.0,14080.0,8549541.0,478340
2026-09-23,2200.0,2385.0,2180.0,2185.0,352439.0,088800
2026-09-23,8580.0,8930.0,8540.0,8860.0,51440.0,041920
2026-09-23,7150.0,7160.0,6870.0,7010.0,246513.0,051370
2026-09-23,14600.0,14600.0,14310.0,14320.0,17667.0,119610
2026-09-23,13270.0,13270.0,12970.0,13040.0,9261.0,402030
2026-09-23,6460.0,6460.0,6210.0,6290.0,49471.0,086820
2026-09-23,2705.0,2745.0,2655.0,2705.0,463659.0,289080
2026-09-23,7140.0,7180.0,6960.0,6970.0,135946.0,049630
2026-09-23,1820.0,1820.0,1783.0,1794.0,76530.0,104480
2026-09-23,13350.0,13510.0,13180.0,13350.0,11842.0,123860
2026-09-23,8200.0,8280.0,8120.0,8120.0,9144.0,950140
2026-09-23,12200.0,13200.0,11980.0,12520.0,336272.0,163730
2026-09-23,5250.0,5405.0,5160.0,5240.0,653801.0,388790
2026-09-23,8900.0,9120.0,8820.0,9000.0,58102.0,234690
2026-09-23,4175.0,4250.0,4140.0,4190.0,130774.0,039860
2026-09-23,0.0,0.0,0.0,1153.0,0.0,066410
2026-09-23,4710.0,6010.0,4597.0,6010.0,12683814.0,396300
2026-09-23,3245.0,3280.0,3000.0,3205.0,353579.0,134580
2026-09-23,20100.0,20100.0,19870.0,19870.0,3563.0,372170
2026-09-23,10720.0,10720.0,10500.0,10600.0,15023.0,126700
2026-09-23,3100.0,3100.0,3030.0,3030.0,17359.0,032620
2026-09-23,26250.0,26250.0,26000.0,26200.0,1487.0,023910
2026-09-23,13290.0,13290.0,13150.0,13170.0,15242.0,072870
2026-09-23,11930.0,12450.0,11730.0,11780.0,24544.0,0082N0
2026-09-23,8380.0,8480.0,8260.0,8280.0,44511.0,080160
2026-09-23,4400.0,4690.0,4385.0,4410.0,13094.0,024800
2026-09-23,4255.0,4350.0,4170.0,4300.0,687278.0,413630
2026-09-23,4850.0,4850.0,4615.0,4745.0,20109.0,093640
2026-09-23,27750.0,28350.0,27000.0,27000.0,11779.0,474650
2026-09-23,14840.0,15190.0,14320.0,14510.0,72705.0,226590
2026-09-23,8270.0,8280.0,7920.0,8080.0,12505.0,093190
2026-09-23,8000.0,9200.0,8000.0,8920.0,260065.0,445180
2026-09-23,4800.0,4830.0,4685.0,4710.0,27315.0,013990
2026-09-23,7340.0,7590.0,7060.0,7490.0,258762.0,222040
2026-09-23,25800.0,26350.0,25500.0,25850.0,14706.0,067280
2026-09-23,20700.0,20700.0,19050.0,19130.0,153854.0,0007C0
2026-09-23,5030.0,5040.0,4985.0,4995.0,14863.0,011040
2026-09-23,14750.0,15050.0,14590.0,14820.0,572.0,054800
2026-09-23,4830.0,4850.0,4710.0,4765.0,31711.0,418550
2026-09-23,12440.0,12500.0,12170.0,12400.0,7472.0,041520
2026-09-23,10100.0,10200.0,9900.0,9990.0,46641.0,054450
2026-09-23,10800.0,10820.0,10540.0,10660.0,86839.0,432720
2026-09-23,10010.0,10060.0,9980.0,10000.0,8244.0,007330
2026-09-23,3025.0,3080.0,3010.0,3030.0,91902.0,041020
2026-09-23,13070.0,13070.0,12710.0,13050.0,17906.0,092070
2026-09-23,8680.0,8960.0,8510.0,8690.0,30011.0,078070
2026-09-23,1826.0,1826.0,1755.0,1767.0,60916.0,205500
2026-09-23,11620.0,12100.0,11520.0,11800.0,10819.0,042600
2026-09-23,1720.0,1730.0,1651.0,1665.0,334710.0,138360
2026-09-23,22700.0,23100.0,22650.0,23000.0,10941.0,489500
2026-09-23,4060.0,4065.0,4020.0,4045.0,26759.0,046440
2026-09-23,7480.0,8290.0,7360.0,7780.0,2023269.0,0039P0
2026-09-23,15800.0,19630.0,15200.0,19010.0,6706050.0,387690
2026-09-23,4530.0,4540.0,4470.0,4500.0,17740.0,179290
2026-09-23,14960.0,14960.0,14240.0,14550.0,14679.0,065660
2026-09-23,9100.0,9100.0,9000.0,9030.0,3456.0,023600
2026-09-23,11460.0,12270.0,11100.0,11490.0,448006.0,0015N0
2026-09-23,3995.0,4055.0,3970.0,4055.0,52321.0,148150
2026-09-23,3530.0,3585.0,3505.0,3525.0,34285.0,086890
2026-09-23,10880.0,10920.0,10740.0,10790.0,163.0,005990
2026-09-23,13050.0,13250.0,13050.0,13100.0,680.0,069510
2026-09-23,3750.0,3775.0,3650.0,3770.0,628601.0,047770
2026-09-23,7180.0,7180.0,7050.0,7080.0,59318.0,147830
2026-09-23,9520.0,9590.0,9360.0,9570.0,5496.0,115310
2026-09-23,9670.0,9670.0,9390.0,9560.0,4162.0,101970
2026-09-23,8620.0,8700.0,8470.0,8550.0,18208.0,300080
2026-09-23,15450.0,15450.0,14950.0,15030.0,8069.0,049960
2026-09-23,10500.0,10550.0,10230.0,10480.0,81490.0,212560
2026-09-23,8400.0,8510.0,8330.0,8410.0,14239.0,114840
2026-09-23,16150.0,16600.0,15460.0,15640.0,63750.0,469610
2026-09-23,7410.0,8000.0,7310.0,7810.0,62891.0,101360
2026-09-23,12500.0,12510.0,12180.0,12230.0,12217.0,089600
2026-09-23,5980.0,6320.0,5940.0,6200.0,120601.0,220100
2026-09-23,5180.0,5260.0,5080.0,5080.0,8095.0,035610
2026-09-23,3000.0,3050.0,2975.0,2980.0,37508.0,084990
2026-09-23,7770.0,7840.0,7620.0,7680.0,107850.0,102120
2026-09-23,8160.0,8700.0,8070.0,8240.0,153207.0,451760
2026-09-23,13030.0,14180.0,12830.0,13760.0,235430.0,0088M0
2026-09-23,8820.0,9320.0,8750.0,9010.0,74212.0,211270
2026-09-23,7520.0,7790.0,7490.0,7510.0,50084.0,251370
2026-09-23,10450.0,10970.0,10400.0,10560.0,38277.0,146320
2026-09-23,7410.0,7500.0,7260.0,7360.0,286836.0,059120
2026-09-23,13970.0,14550.0,13850.0,14340.0,95094.0,322310
2026-09-23,20500.0,20500.0,20200.0,20350.0,5031.0,003100
2026-09-23,3415.0,3475.0,3310.0,3335.0,101685.0,073010
2026-09-23,4850.0,5230.0,4725.0,4775.0,4728894.0,054920
2026-09-23,10650.0,10720.0,10260.0,10430.0,21343.0,140670
2026-09-23,3935.0,3970.0,3810.0,3810.0,471345.0,126640
2026-09-23,10250.0,10455.0,10040.0,10060.0,89039.0,232680
2026-09-23,5500.0,5920.0,5440.0,5470.0,4985296.0,158430
2026-09-23,6330.0,7100.0,6330.0,6570.0,673029.0,417010
2026-09-23,7530.0,7590.0,7300.0,7440.0,309234.0,265740
2026-09-23,4550.0,4575.0,4345.0,4405.0,97931.0,321550
2026-09-23,5960.0,6030.0,5700.0,5900.0,168053.0,156100
2026-09-23,10840.0,10840.0,10730.0,10730.0,4882.0,136540
2026-09-23,11900.0,11980.0,11760.0,11800.0,22314.0,035080
2026-09-23,13360.0,13670.0,13280.0,13460.0,19476.0,264660
2026-09-23,10070.0,10100.0,9980.0,10050.0,16214.0,001540
2026-09-23,1062.0,1223.0,1053.0,1194.0,9070468.0,255220
2026-09-23,11990.0,12220.0,11900.0,12060.0,11696.0,038290
2026-09-23,10510.0,12120.0,10130.0,12120.0,7072662.0,115440
2026-09-23,7310.0,7360.0,6940.0,6960.0,332704.0,053260
2026-09-23,8200.0,8300.0,7730.0,7840.0,64531.0,228850
2026-09-23,1471.0,1515.0,1465.0,1474.0,249021.0,048870
2026-09-23,9130.0,9150.0,9050.0,9070.0,13578.0,049720
2026-09-23,4000.0,4030.0,3920.0,3930.0,75082.0,417500
2026-09-23,12240.0,12270.0,12110.0,12170.0,17008.0,285490
2026-09-23,1727.0,2030.0,1682.0,1818.0,25268185.0,321370
2026-09-23,6420.0,6450.0,6300.0,6390.0,28775.0,037070
2026-09-23,12840.0,13400.0,12710.0,13160.0,22416.0,361390
2026-09-23,14420.0,14440.0,13670.0,13720.0,58511.0,457550
2026-09-23,7860.0,8100.0,7770.0,7970.0,17444.0,105330
2026-09-23,8080.0,8460.0,8010.0,8290.0,22393.0,338840
2026-09-23,6160.0,6410.0,6070.0,6080.0,318324.0,240550
2026-09-23,9740.0,9740.0,9400.0,9450.0,37953.0,039840
2026-09-23,1613.0,1613.0,1590.0,1592.0,1410.0,080420
2026-09-23,2775.0,2795.0,2755.0,2775.0,11514.0,060150
2026-09-23,6210.0,6210.0,6040.0,6080.0,128258.0,142210
2026-09-23,17000.0,17000.0,16610.0,16650.0,12013.0,079960
2026-09-23,0.0,0.0,0.0,2885.0,0.0,036690
2026-09-23,9880.0,10090.0,9640.0,9660.0,66216.0,950190
2026-09-23,4100.0,4220.0,4050.0,4075.0,104399.0,418420
2026-09-23,11040.0,11080.0,10720.0,10730.0,18288.0,282880
2026-09-23,3870.0,3990.0,3825.0,3905.0,51320.0,220260
2026-09-23,12600.0,12880.0,12310.0,12450.0,42537.0,290740
2026-09-23,2180.0,2205.0,2155.0,2180.0,134125.0,267320
2026-09-23,6000.0,6300.0,5850.0,6170.0,955709.0,079650
2026-09-23,8000.0,8280.0,8000.0,8160.0,53514.0,494120
2026-09-23,1123.0,1125.0,1113.0,1113.0,97191.0,027710
2026-09-23,4550.0,4610.0,4440.0,4540.0,68378.0,297090
2026-09-23,2730.0,2775.0,2700.0,2715.0,103460.0,095700
2026-09-23,12100.0,12730.0,11950.0,12620.0,21887.0,094840
2026-09-23,4870.0,5000.0,4780.0,4795.0,47772.0,322510
2026-09-23,5980.0,5980.0,5750.0,5770.0,8694.0,021320
2026-09-23,7030.0,7240.0,6700.0,6920.0,88067.0,474170
2026-09-23,11010.0,13120.0,10870.0,11040.0,85188.0,331920
2026-09-23,13550.0,14200.0,13130.0,13730.0,74012.0,172670
2026-09-23,0.0,0.0,0.0,1190.0,0.0,056090
2026-09-23,2895.0,2900.0,2830.0,2840.0,20314.0,408920
2026-09-23,10800.0,11580.0,10800.0,10980.0,687448.0,042510
2026-09-23,6840.0,6990.0,6780.0,6830.0,20499.0,052860
2026-09-23,5090.0,5230.0,4920.0,5080.0,630426.0,443670
2026-09-23,5980.0,6070.0,5900.0,6050.0,24634.0,256940
2026-09-23,2275.0,2300.0,2240.0,2245.0,57801.0,307750
2026-09-23,7310.0,7330.0,7050.0,7130.0,91794.0,402490
2026-09-23,10060.0,10650.0,10020.0,10050.0,460706.0,115500
2026-09-23,10540.0,10690.0,9950.0,10060.0,216163.0,153890
2026-09-23,3740.0,4200.0,3665.0,3690.0,17447830.0,201490
2026-09-23,1226.0,1299.0,1226.0,1271.0,310290.0,293580
2026-09-23,6820.0,7000.0,6710.0,6750.0,31334.0,041440
2026-09-23,3220.0,3250.0,3150.0,3150.0,116139.0,108230
2026-09-23,3880.0,4090.0,3880.0,4000.0,90192.0,052260
2026-09-23,1829.0,1865.0,1800.0,1832.0,60295.0,095190
2026-09-23,6290.0,6330.0,6160.0,6210.0,102663.0,008830
2026-09-23,7320.0,7910.0,7140.0,7830.0,183720.0,071280
2026-09-23,6770.0,6770.0,6720.0,6750.0,2290.0,009780
2026-09-23,7840.0,7880.0,7710.0,7740.0,78803.0,017510
2026-09-23,5590.0,5790.0,5510.0,5730.0,59212.0,308080
2026-09-23,2990.0,3000.0,2955.0,2990.0,6291.0,336680
2026-09-23,3095.0,3145.0,2940.0,3050.0,116776.0,290720
2026-09-23,0.0,0.0,0.0,2370.0,0.0,041590
2026-09-23,7840.0,7840.0,7570.0,7650.0,99681.0,037350
2026-09-23,2625.0,2625.0,2560.0,2580.0,4621.0,122450
2026-09-23,8580.0,8730.0,8470.0,8570.0,20940.0,101170
2026-09-23,0.0,0.0,0.0,1035.0,0.0,051980
2026-09-23,3760.0,3780.0,3715.0,3740.0,32843.0,049520
2026-09-23,12870.0,15900.0,12650.0,14240.0,11390143.0,072950
2026-09-23,3200.0,3220.0,3080.0,3125.0,39682.0,047310
2026-09-23,3765.0,3805.0,3710.0,3715.0,45146.0,333430
2026-09-23,2995.0,3120.0,2915.0,3090.0,503022.0,091440
2026-09-23,7710.0,8130.0,7620.0,7870.0,85691.0,474610
2026-09-23,12300.0,12410.0,12000.0,12200.0,144402.0,0011A0
2026-09-23,7620.0,7620.0,7520.0,7550.0,4894.0,458650
2026-09-23,7050.0,7070.0,7010.0,7050.0,20546.0,054050
2026-09-23,9360.0,9450.0,9250.0,9310.0,38367.0,141000
2026-09-23,1587.0,1588.0,1520.0,1539.0,398849.0,297890
2026-09-23,3360.0,3440.0,3140.0,3155.0,355328.0,950250
2026-09-23,8880.0,8880.0,8600.0,8620.0,17697.0,053080
2026-09-23,4715.0,4835.0,4655.0,4690.0,182432.0,452190
2026-09-23,1776.0,1806.0,1776.0,1791.0,38506.0,086980
2026-09-23,1603.0,2030.0,1585.0,1956.0,33500162.0,419050
2026-09-23,4950.0,4985.0,4910.0,4960.0,15273.0,090850
2026-09-23,16200.0,16440.0,15880.0,16080.0,57490.0,389020
2026-09-23,2105.0,2155.0,2035.0,2095.0,94636.0,166480
2026-09-23,10450.0,10450.0,9960.0,10170.0,56328.0,475230
2026-09-23,12150.0,12150.0,11640.0,11830.0,8684.0,051360
2026-09-23,16710.0,16750.0,16660.0,16700.0,181.0,018120
2026-09-23,10270.0,10270.0,10030.0,10140.0,13525.0,473980
2026-09-23,9110.0,9170.0,8930.0,9030.0,34324.0,259630
2026-09-23,3795.0,3820.0,3755.0,3765.0,50520.0,067990
2026-09-23,3655.0,3715.0,3450.0,3535.0,166049.0,351320
2026-09-23,3225.0,3242.0,3210.0,3215.0,8039.0,063570
2026-09-23,2300.0,2325.0,2230.0,2285.0,47229.0,246710
2026-09-23,6780.0,6850.0,6700.0,6750.0,30761.0,396470
2026-09-23,7650.0,7870.0,7650.0,7770.0,1609.0,036630
2026-09-23,13630.0,13900.0,13520.0,13820.0,134795.0,0007J0
2026-09-23,9700.0,10000.0,9300.0,9820.0,60559.0,394420
2026-09-23,3710.0,4325.0,3625.0,3795.0,6816343.0,209640
2026-09-23,8230.0,8550.0,8150.0,8550.0,20233.0,311320
2026-09-23,2385.0,2450.0,2360.0,2370.0,21553.0,217270
2026-09-23,2525.0,2525.0,2465.0,2500.0,89501.0,039560
2026-09-23,13450.0,13610.0,13340.0,13360.0,17514.0,299030
2026-09-23,2370.0,2400.0,2360.0,2375.0,17096.0,339950
2026-09-23,8180.0,8180.0,7950.0,8110.0,30550.0,289930
2026-09-23,11290.0,11725.0,11100.0,11310.0,205925.0,189330
2026-09-23,4885.0,4885.0,4800.0,4825.0,1557.0,039340
2026-09-23,2265.0,2345.0,2225.0,2235.0,201287.0,217820
2026-09-23,1390.0,1390.0,1300.0,1360.0,112686.0,334970
2026-09-23,1884.0,1911.0,1831.0,1892.0,87916.0,038540
2026-09-23,5910.0,5980.0,5800.0,5820.0,26972.0,067900
2026-09-23,4410.0,4745.0,4365.0,4665.0,83870.0,366030
2026-09-23,1810.0,1811.0,1690.0,1705.0,72845.0,175250
2026-09-23,1916.0,2005.0,1908.0,1939.0,676653.0,357880
2026-09-23,1525.0,1526.0,1515.0,1520.0,53474.0,073560
2026-09-23,3045.0,3090.0,2990.0,3035.0,99214.0,242040
2026-09-23,14750.0,14750.0,14550.0,14590.0,3089.0,120240
2026-09-23,9820.0,10040.0,9810.0,9880.0,19758.0,106190
2026-09-23,6770.0,6790.0,6610.0,6770.0,20913.0,130580
2026-09-23,3275.0,3615.0,3255.0,3595.0,634805.0,261780
2026-09-23,2240.0,2250.0,2165.0,2185.0,73694.0,040300
2026-09-23,5820.0,5870.0,5750.0,5870.0,18702.0,131030
2026-09-23,4025.0,4095.0,3920.0,4065.0,7786.0,109740
2026-09-23,1075.0,1095.0,1056.0,1062.0,223308.0,048550
2026-09-23,1647.0,1659.0,1627.0,1640.0,24744.0,123040
2026-09-23,3870.0,3890.0,3830.0,3840.0,74285.0,053700
2026-09-23,6300.0,6610.0,6270.0,6560.0,11576.0,182360
2026-09-23,7640.0,7640.0,7450.0,7460.0,42705.0,475580
2026-09-23,6430.0,6590.0,6410.0,6450.0,26753.0,307930
2026-09-23,5820.0,5850.0,5650.0,5660.0,7981.0,063170
2026-09-23,2315.0,2315.0,2280.0,2290.0,59530.0,100700
2026-09-23,11770.0,12140.0,11730.0,12060.0,59167.0,083500
2026-09-23,6150.0,6220.0,6020.0,6070.0,73583.0,125210
2026-09-23,3510.0,3515.0,3450.0,3490.0,36042.0,006620
2026-09-23,1925.0,1932.0,1900.0,1916.0,141800.0,310200
2026-09-23,1623.0,1651.0,1601.0,1633.0,418503.0,198440
2026-09-23,4540.0,4570.0,4430.0,4520.0,41048.0,053350
2026-09-23,7230.0,7640.0,7230.0,7530.0,84993.0,217190
2026-09-23,0.0,0.0,0.0,6070.0,0.0,246720
2026-09-23,4290.0,4305.0,4250.0,4280.0,37962.0,309960
2026-09-23,2105.0,2105.0,2065.0,2070.0,110407.0,021080
2026-09-23,12820.0,12820.0,12400.0,12480.0,12878.0,453450
2026-09-23,3720.0,3725.0,3630.0,3635.0,99374.0,059210
2026-09-23,7190.0,7600.0,7120.0,7550.0,173531.0,173130
2026-09-23,7380.0,7470.0,7280.0,7380.0,68091.0,036010
2026-09-23,5760.0,6480.0,5560.0,6060.0,298377.0,129920
2026-09-23,3035.0,3100.0,3015.0,3035.0,108949.0,250060
2026-09-23,4245.0,4245.0,4150.0,4205.0,51387.0,323990
2026-09-23,2635.0,2665.0,2575.0,2640.0,112695.0,317770
2026-09-23,3640.0,3665.0,3580.0,3630.0,15608.0,352090
2026-09-23,7380.0,7560.0,7110.0,7140.0,80183.0,099750
2026-09-23,0.0,0.0,0.0,2205.0,0.0,066790
2026-09-23,6490.0,6620.0,6140.0,6370.0,612079.0,411080
2026-09-23,2040.0,2070.0,2000.0,2020.0,161000.0,306620
2026-09-23,5560.0,5670.0,5480.0,5520.0,48343.0,088130
2026-09-23,0.0,0.0,0.0,2530.0,0.0,068240
2026-09-23,9880.0,9950.0,9750.0,9880.0,14655.0,052420
2026-09-23,7110.0,7540.0,7110.0,7430.0,90234.0,255440
2026-09-23,6630.0,6740.0,6520.0,6620.0,2144.0,298540
2026-09-23,2715.0,2855.0,2705.0,2800.0,111268.0,235980
2026-09-23,7470.0,8920.0,7420.0,7820.0,730816.0,380550
2026-09-23,0.0,0.0,0.0,10800.0,0.0,017650
2026-09-23,1005.0,1061.0,1005.0,1061.0,57774.0,074430
2026-09-23,7180.0,7210.0,7020.0,7110.0,47790.0,330350
2026-09-23,2995.0,3240.0,2960.0,3045.0,446040.0,187790
2026-09-23,1375.0,1404.0,1351.0,1380.0,343562.0,205100
2026-09-23,3895.0,3895.0,3605.0,3665.0,25993.0,192410
2026-09-23,4260.0,4260.0,4155.0,4180.0,53252.0,042500
2026-09-23,1929.0,1929.0,1874.0,1888.0,40096.0,109610
2026-09-23,2340.0,2355.0,2320.0,2335.0,114110.0,005860
2026-09-23,3735.0,3750.0,3585.0,3620.0,208740.0,037030
2026-09-23,3050.0,3050.0,2570.0,2730.0,1679637.0,439580
2026-09-23,3030.0,3180.0,2985.0,3060.0,3049256.0,062970
2026-09-23,6500.0,6550.0,6410.0,6420.0,18412.0,036220
2026-09-23,10590.0,10680.0,10390.0,10420.0,14186.0,049950
2026-09-23,2445.0,2805.0,2420.0,2690.0,429159.0,246960
2026-09-23,5000.0,5090.0,4960.0,4975.0,22161.0,002230
2026-09-23,3510.0,3545.0,3430.0,3500.0,55078.0,045970
2026-09-23,5800.0,5820.0,5800.0,5810.0,3236.0,040420
2026-09-23,11710.0,11710.0,11250.0,11270.0,287812.0,457370
2026-09-23,1904.0,2000.0,1903.0,1966.0,19401.0,900260
2026-09-23,11500.0,12180.0,11230.0,11280.0,40528.0,493330
2026-09-23,9600.0,9700.0,9200.0,9280.0,37986.0,348350
2026-09-23,9400.0,9530.0,8970.0,9000.0,408515.0,014950
2026-09-23,2240.0,2255.0,2150.0,2180.0,517089.0,162300
2026-09-23,7210.0,7230.0,7130.0,7140.0,2608.0,023900
2026-09-23,6900.0,6970.0,6850.0,6900.0,6724.0,053580
2026-09-23,14250.0,14250.0,13910.0,14000.0,461.0,009300
2026-09-23,2300.0,2310.0,2265.0,2300.0,53307.0,066590
2026-09-23,6700.0,7170.0,6530.0,7090.0,114541.0,048910
2026-09-23,10290.0,10610.0,10070.0,10130.0,66712.0,432470
2026-09-23,7740.0,7740.0,7300.0,7310.0,8652.0,282720
2026-09-23,5980.0,6370.0,5880.0,6040.0,167473.0,052460
2026-09-23,2285.0,2305.0,2275.0,2280.0,31518.0,013310
2026-09-23,4395.0,4395.0,4205.0,4250.0,34315.0,362320
2026-09-23,4845.0,4845.0,4750.0,4750.0,5359.0,093920
2026-09-23,1206.0,1206.0,1161.0,1189.0,261434.0,307870
2026-09-23,3210.0,3275.0,2735.0,2765.0,12753541.0,303810
2026-09-23,2890.0,2900.0,2780.0,2850.0,25458.0,048530
2026-09-23,7660.0,7780.0,7460.0,7470.0,17838.0,047560
2026-09-23,2085.0,2105.0,2025.0,2035.0,301979.0,086960
2026-09-23,4065.0,4065.0,3980.0,4010.0,28718.0,322180
2026-09-23,2135.0,2155.0,2090.0,2095.0,8920.0,357230
2026-09-23,8560.0,8560.0,8350.0,8440.0,1675.0,096240
2026-09-23,1123.0,1157.0,1095.0,1122.0,796337.0,052900
2026-09-23,4920.0,5320.0,4845.0,5010.0,1553629.0,100590
2026-09-23,2920.0,2935.0,2870.0,2905.0,231369.0,065450
2026-09-23,9280.0,9330.0,9240.0,9280.0,8908.0,004650
2026-09-23,1522.0,1526.0,1503.0,1516.0,6857.0,033290
2026-09-23,4625.0,4735.0,4620.0,4680.0,14471.0,330730
2026-09-23,6700.0,6790.0,6420.0,6520.0,53425.0,054540
2026-09-23,9150.0,9280.0,9100.0,9120.0,9166.0,072020
2026-09-23,0.0,0.0,0.0,1009.0,0.0,049180
2026-09-23,0.0,0.0,0.0,990.0,0.0,183490
2026-09-23,1930.0,1960.0,1925.0,1936.0,31564.0,185490
2026-09-23,3125.0,3165.0,3055.0,3080.0,110141.0,234300
2026-09-23,6880.0,6900.0,6760.0,6820.0,9273.0,263720
2026-09-23,1385.0,1405.0,1382.0,1393.0,49243.0,029480
2026-09-23,10890.0,10920.0,10720.0,10820.0,6584.0,044990
2026-09-23,4770.0,4895.0,4690.0,4850.0,14976.0,091120
2026-09-23,9990.0,9990.0,9840.0,9880.0,11314.0,025950
2026-09-23,4130.0,4170.0,3905.0,4005.0,302921.0,226400
2026-09-23,7050.0,7100.0,6580.0,7020.0,230095.0,357580
2026-09-23,2180.0,2205.0,2090.0,2110.0,274617.0,066430
2026-09-23,2060.0,2180.0,2040.0,2145.0,100077.0,089230
2026-09-23,6960.0,6960.0,6650.0,6760.0,1863.0,086710
2026-09-23,4120.0,4170.0,4025.0,4050.0,58596.0,215100
2026-09-23,1441.0,1468.0,1425.0,1433.0,333713.0,100130
2026-09-23,9990.0,10270.0,9590.0,9690.0,391901.0,049080
2026-09-23,7330.0,7470.0,7300.0,7380.0,8530.0,078140
2026-09-23,5040.0,5070.0,4985.0,5000.0,15557.0,036640
2026-09-23,1987.0,2030.0,1971.0,1982.0,156064.0,038110
2026-09-23,2405.0,2430.0,2345.0,2415.0,21035.0,037760
2026-09-23,4530.0,4530.0,4420.0,4435.0,73228.0,078890
2026-09-23,549.0,555.0,543.0,551.0,193867.0,058820
2026-09-23,8000.0,8070.0,7920.0,8000.0,30896.0,105740
2026-09-23,0.0,0.0,0.0,3935.0,0.0,412540
2026-09-23,3480.0,3565.0,3220.0,3285.0,504537.0,223250
2026-09-23,2145.0,2270.0,2125.0,2185.0,129413.0,140070
2026-09-23,3440.0,3505.0,3430.0,3470.0,40057.0,007820
2026-09-23,9450.0,9520.0,9390.0,9410.0,11062.0,418470
2026-09-23,3200.0,3200.0,3115.0,3115.0,12166.0,478560
2026-09-23,4750.0,4795.0,4660.0,4700.0,13580.0,033560
2026-09-23,1614.0,1630.0,1568.0,1597.0,232130.0,365330
2026-09-23,3420.0,3495.0,3365.0,3400.0,62130.0,234030
2026-09-23,3090.0,3135.0,3010.0,3020.0,115829.0,294630
2026-09-23,8930.0,9250.0,8720.0,9180.0,13141.0,251120
2026-09-23,3550.0,3550.0,3440.0,3445.0,27429.0,101330
2026-09-23,3160.0,3250.0,3100.0,3185.0,26311.0,047820
2026-09-23,3580.0,3735.0,3510.0,3565.0,50577.0,137950
2026-09-23,2605.0,2645.0,2560.0,2620.0,34191.0,302550
2026-09-23,3800.0,3800.0,3760.0,3800.0,676.0,032540
2026-09-23,1477.0,1498.0,1456.0,1473.0,140995.0,066980
2026-09-23,5600.0,5630.0,5370.0,5410.0,198239.0,412350
2026-09-23,5520.0,5670.0,5480.0,5520.0,42604.0,0117P0
2026-09-23,5430.0,5560.0,5430.0,5530.0,28003.0,389140
2026-09-23,2105.0,2135.0,2075.0,2120.0,27224.0,066700
2026-09-23,6150.0,6250.0,5980.0,5990.0,26670.0,381620
2026-09-23,7240.0,7370.0,7170.0,7220.0,4538.0,032300
2026-09-23,1133.0,1142.0,1105.0,1125.0,96869.0,067000
2026-09-23,5370.0,5370.0,5230.0,5230.0,22591.0,004590
2026-09-23,4850.0,4930.0,4830.0,4900.0,13359.0,030960
2026-09-23,3695.0,4100.0,3460.0,3915.0,762652.0,147760
2026-09-23,5700.0,5810.0,5430.0,5550.0,360475.0,338220
2026-09-23,4630.0,4665.0,4500.0,4665.0,5823.0,149980
2026-09-23,11890.0,12190.0,11650.0,11780.0,9664.0,063080
2026-09-23,9380.0,9870.0,8920.0,9840.0,89225.0,323350
2026-09-23,7970.0,8410.0,7850.0,7870.0,83946.0,0015S0
2026-09-23,12390.0,12810.0,12390.0,12490.0,8390.0,000440
2026-09-23,6700.0,6800.0,6300.0,6520.0,11775.0,040160
2026-09-23,2180.0,2270.0,2175.0,2205.0,16984.0,950130
2026-09-23,5450.0,5450.0,5340.0,5410.0,9834.0,054670
2026-09-23,3000.0,3480.0,2605.0,2607.0,7536606.0,299660
2026-09-23,3005.0,3070.0,2960.0,2985.0,11075.0,102370
2026-09-23,958.0,980.0,950.0,956.0,111621.0,019550
2026-09-23,1464.0,1483.0,1443.0,1443.0,37109.0,131370
2026-09-23,5010.0,5040.0,4960.0,5010.0,14484.0,041930
2026-09-23,4550.0,4630.0,4505.0,4555.0,115770.0,253840
2026-09-23,3675.0,3675.0,3500.0,3550.0,37287.0,079810
2026-09-23,4370.0,4400.0,4220.0,4260.0,84020.0,475430
2026-09-23,0.0,0.0,0.0,654.0,0.0,073640
2026-09-23,3160.0,3270.0,3060.0,3095.0,272395.0,085670
2026-09-23,2575.0,2575.0,2500.0,2505.0,125489.0,0017J0
2026-09-23,1961.0,1983.0,1891.0,1921.0,186176.0,389030
2026-09-23,8150.0,8390.0,8050.0,8150.0,71128.0,066310
2026-09-23,2125.0,2125.0,2020.0,2045.0,10479.0,331380
2026-09-23,3855.0,3855.0,3785.0,3790.0,41840.0,024880
2026-09-23,1964.0,1994.0,1939.0,1950.0,10606.0,124560
2026-09-23,5760.0,5800.0,5640.0,5680.0,17166.0,058400
2026-09-23,2070.0,2115.0,2045.0,2075.0,5530.0,225530
2026-09-23,2895.0,2910.0,2880.0,2900.0,7069.0,012700
2026-09-23,8010.0,8270.0,7990.0,8020.0,963.0,088390
2026-09-23,3200.0,3225.0,3135.0,3140.0,222987.0,142280
2026-09-23,3870.0,3925.0,3810.0,3890.0,16774.0,011320
2026-09-23,7370.0,8030.0,7220.0,7320.0,986133.0,487400
2026-09-23,12800.0,12980.0,12660.0,12740.0,32361.0,282620
2026-09-23,2300.0,2360.0,2225.0,2270.0,176709.0,396270
2026-09-23,4200.0,4200.0,4055.0,4105.0,10785.0,040910
2026-09-23,5120.0,5120.0,4870.0,4875.0,31952.0,382840
2026-09-23,2365.0,2420.0,2305.0,2315.0,5281.0,168330
2026-09-23,10340.0,10890.0,9960.0,10370.0,135057.0,377480
2026-09-23,968.0,968.0,939.0,966.0,48612.0,083790
2026-09-23,13150.0,13540.0,13030.0,13140.0,6267.0,107600
2026-09-23,7270.0,7290.0,7190.0,7260.0,4440.0,451250
2026-09-23,4600.0,4670.0,4550.0,4565.0,74846.0,263800
2026-09-23,4310.0,4400.0,4245.0,4245.0,10276.0,090470
2026-09-23,8560.0,8770.0,8450.0,8580.0,55923.0,039010
2026-09-23,6680.0,6800.0,6590.0,6640.0,6355.0,084730
2026-09-23,3795.0,3840.0,3620.0,3710.0,51770.0,040350
2026-09-23,3680.0,3740.0,3640.0,3650.0,13825.0,011370
2026-09-23,6110.0,6140.0,6080.0,6130.0,4894.0,012790
2026-09-23,2260.0,2260.0,2240.0,2250.0,7561.0,208140
2026-09-23,1350.0,1435.0,1340.0,1383.0,85184.0,094860
2026-09-23,3730.0,3900.0,3655.0,3655.0,147587.0,020710
2026-09-23,7400.0,7520.0,7370.0,7460.0,2915.0,080010
2026-09-23,4835.0,4835.0,4740.0,4755.0,16529.0,017480
2026-09-23,10490.0,10870.0,10440.0,10560.0,85526.0,320000
2026-09-23,4770.0,4800.0,4725.0,4740.0,7686.0,170030
2026-09-23,2210.0,2255.0,2190.0,2210.0,65046.0,024740
2026-09-23,8980.0,9050.0,8830.0,8880.0,8897.0,360070
2026-09-23,3045.0,3045.0,2985.0,3000.0,41686.0,060590
2026-09-23,4260.0,4300.0,4190.0,4260.0,7122.0,347890
2026-09-23,3905.0,3915.0,3835.0,3900.0,11786.0,058630
2026-09-23,2915.0,2950.0,2810.0,2870.0,87054.0,487580
2026-09-23,3100.0,3310.0,3065.0,3245.0,710625.0,483350
2026-09-23,3680.0,3710.0,3570.0,3640.0,52730.0,038680
2026-09-23,4885.0,5070.0,4815.0,4855.0,5564.0,060570
2026-09-23,6580.0,6670.0,6570.0,6610.0,14925.0,065510
2026-09-23,0.0,0.0,0.0,5310.0,0.0,234920
2026-09-23,5420.0,5430.0,5350.0,5390.0,15465.0,041910
2026-09-23,5130.0,5180.0,4950.0,4960.0,86588.0,039980
2026-09-23,11100.0,11340.0,10610.0,10700.0,31864.0,117670
2026-09-23,3125.0,3180.0,2995.0,3020.0,95518.0,371950
2026-09-23,1998.0,1998.0,1975.0,1983.0,41122.0,171120
2026-09-23,13000.0,13700.0,12780.0,12950.0,584304.0,0155E0
2026-09-23,7180.0,7460.0,7130.0,7170.0,39770.0,302430
2026-09-23,2775.0,2830.0,2775.0,2820.0,11304.0,053280
2026-09-23,6680.0,6900.0,6670.0,6700.0,8554.0,104460
2026-09-23,5400.0,5580.0,5330.0,5440.0,22093.0,388870
2026-09-23,4420.0,4420.0,4360.0,4370.0,11645.0,054040
2026-09-23,8600.0,8680.0,8510.0,8550.0,4123.0,045660
2026-09-23,3030.0,3030.0,2950.0,2995.0,904.0,110790
2026-09-23,6340.0,6340.0,6060.0,6090.0,44068.0,048430
2026-09-23,3510.0,3550.0,3390.0,3455.0,259097.0,228340
2026-09-23,2850.0,2850.0,2755.0,2760.0,70422.0,038460
2026-09-23,2375.0,2415.0,2340.0,2350.0,46582.0,337930
2026-09-23,3000.0,3075.0,2960.0,3015.0,27066.0,217330
2026-09-23,8570.0,8570.0,8240.0,8350.0,3972.0,024830
2026-09-23,6000.0,6090.0,5850.0,5950.0,78797.0,091590
2026-09-23,1915.0,1926.0,1875.0,1886.0,96411.0,096350
2026-09-23,1838.0,1850.0,1812.0,1837.0,12358.0,347000
2026-09-23,2815.0,2830.0,2790.0,2800.0,29293.0,128660
2026-09-23,6150.0,6220.0,6100.0,6150.0,10281.0,413390
2026-09-23,8820.0,8820.0,8190.0,8220.0,16576.0,136150
2026-09-23,3100.0,3105.0,2820.0,2945.0,435444.0,049470
2026-09-23,5150.0,5280.0,5120.0,5210.0,3405.0,332370
2026-09-23,5650.0,5700.0,5580.0,5650.0,7762.0,067370
2026-09-23,6480.0,6740.0,6480.0,6590.0,5937.0,417790
2026-09-23,5140.0,5310.0,5100.0,5120.0,33275.0,460940
2026-09-23,6460.0,6480.0,6390.0,6440.0,7407.0,265560
2026-09-23,3480.0,3495.0,3450.0,3460.0,8324.0,277880
2026-09-23,7530.0,7650.0,7480.0,7560.0,4948.0,214260
2026-09-23,3975.0,4035.0,3885.0,3885.0,21769.0,026150
2026-09-23,6400.0,6460.0,6120.0,6240.0,133097.0,0004V0
2026-09-23,1625.0,1649.0,1605.0,1610.0,83652.0,067570
2026-09-23,6850.0,7100.0,6800.0,7000.0,45265.0,212710
2026-09-23,4510.0,4600.0,4350.0,4510.0,32651.0,262260
2026-09-23,3680.0,3790.0,3670.0,3690.0,7168.0,054620
2026-09-23,1142.0,1168.0,1113.0,1114.0,521465.0,076610
2026-09-23,2765.0,2765.0,2680.0,2720.0,7952.0,294140
2026-09-23,3345.0,3395.0,3270.0,3350.0,155393.0,123010
2026-09-23,4395.0,4450.0,4315.0,4325.0,37590.0,228670
2026-09-23,5330.0,5340.0,5250.0,5290.0,4433.0,303360
2026-09-23,5030.0,5110.0,4955.0,4995.0,8363.0,019540
2026-09-23,4460.0,4465.0,4300.0,4350.0,41138.0,204840
2026-09-23,3530.0,3530.0,3420.0,3440.0,1079.0,049550
2026-09-23,4570.0,4690.0,4570.0,4595.0,3553.0,153710
2026-09-23,6470.0,6560.0,6410.0,6430.0,18636.0,123420
2026-09-23,2450.0,2610.0,2400.0,2530.0,48504.0,104040
2026-09-23,1169.0,1170.0,1153.0,1153.0,17685.0,043610
2026-09-23,4405.0,4430.0,4360.0,4400.0,13398.0,002800
2026-09-23,4140.0,4175.0,4025.0,4025.0,24425.0,032850
2026-09-23,2460.0,2525.0,2385.0,2450.0,131442.0,067170
2026-09-23,7380.0,7380.0,7300.0,7330.0,745.0,109860
2026-09-23,4200.0,4230.0,4170.0,4190.0,23572.0,004780
2026-09-23,6270.0,6270.0,6130.0,6200.0,4852.0,137080
2026-09-23,5070.0,5130.0,5050.0,5110.0,16701.0,010280
2026-09-23,2235.0,2665.0,2235.0,2380.0,1657236.0,065170
2026-09-23,898.0,940.0,898.0,936.0,330856.0,092040
2026-09-23,7430.0,7500.0,7280.0,7300.0,1958.0,061040
2026-09-23,4340.0,4580.0,4165.0,4205.0,413146.0,048770
2026-09-23,2555.0,2600.0,2370.0,2415.0,135264.0,097800
2026-09-23,12330.0,12590.0,12330.0,12440.0,2647.0,0218L0
2026-09-23,7150.0,7370.0,6960.0,7020.0,14671.0,318160
2026-09-23,3310.0,4305.0,3070.0,4195.0,12193212.0,393210
2026-09-23,19680.0,19930.0,19650.0,19870.0,2546.0,100030
2026-09-23,4840.0,4850.0,4665.0,4825.0,946.0,222110
2026-09-23,5880.0,6050.0,5800.0,5900.0,99557.0,456070
2026-09-23,3245.0,3245.0,3130.0,3175.0,9750.0,111710
2026-09-23,8410.0,8570.0,8300.0,8350.0,38417.0,0156T0
2026-09-23,10480.0,10480.0,10150.0,10210.0,6761.0,417970
2026-09-23,4445.0,4540.0,4365.0,4370.0,21812.0,006140
2026-09-23,4370.0,4450.0,4340.0,4375.0,10500.0,014970
2026-09-23,8390.0,8390.0,8050.0,8220.0,19288.0,451220
2026-09-23,1770.0,1770.0,1709.0,1742.0,28178.0,033130
2026-09-23,5350.0,5400.0,5350.0,5380.0,8265.0,008370
2026-09-23,1862.0,1930.0,1860.0,1874.0,181698.0,950220
2026-09-23,4045.0,4045.0,3835.0,3840.0,24561.0,214680
2026-09-23,1799.0,1846.0,1763.0,1840.0,25729.0,064240
2026-09-23,3880.0,3970.0,3845.0,3872.0,3291.0,424960
2026-09-23,11390.0,11390.0,9000.0,10920.0,750108.0,109670
2026-09-23,3355.0,3400.0,3340.0,3365.0,9454.0,041460
2026-09-23,2620.0,2680.0,2550.0,2585.0,33252.0,205470
2026-09-23,3595.0,3620.0,3530.0,3570.0,25570.0,043650
2026-09-23,5450.0,5500.0,5310.0,5380.0,18706.0,096250
2026-09-23,1583.0,1826.0,1564.0,1661.0,8705653.0,122350
2026-09-23,5800.0,5890.0,5730.0,5760.0,32188.0,067920
2026-09-23,1610.0,1617.0,1594.0,1601.0,51036.0,382480
2026-09-23,2620.0,2625.0,2585.0,2585.0,23048.0,081150
2026-09-23,0.0,0.0,0.0,2215.0,0.0,001840
2026-09-23,6260.0,6380.0,6120.0,6240.0,29233.0,241790
2026-09-23,5920.0,6400.0,5920.0,6340.0,358769.0,056360
2026-09-23,5930.0,6140.0,5880.0,6040.0,85106.0,089790
2026-09-23,0.0,0.0,0.0,1490.0,0.0,294090
2026-09-23,2740.0,2745.0,2660.0,2700.0,16998.0,036000
2026-09-23,1329.0,1389.0,1329.0,1363.0,32072.0,214270
2026-09-23,3300.0,3300.0,3200.0,3265.0,23394.0,155650
2026-09-23,3090.0,3125.0,2995.0,3070.0,80711.0,460870
2026-09-23,3145.0,3300.0,3145.0,3295.0,18015.0,066670
2026-09-23,6150.0,6150.0,5880.0,5900.0,84241.0,039610
2026-09-23,6250.0,6250.0,6120.0,6140.0,9485.0,005670
2026-09-23,2665.0,2695.0,2645.0,2665.0,8331.0,039420
2026-09-23,2545.0,2600.0,2520.0,2550.0,15227.0,291230
2026-09-23,5220.0,5240.0,5190.0,5220.0,9706.0,010240
2026-09-23,1064.0,1065.0,1036.0,1050.0,114348.0,054300
2026-09-23,0.0,0.0,0.0,676.0,0.0,203400
2026-09-23,4325.0,4385.0,4295.0,4350.0,4260.0,094850
2026-09-23,1477.0,1485.0,1414.0,1444.0,78993.0,347860
2026-09-23,4800.0,4860.0,4785.0,4810.0,6516.0,352910
2026-09-23,4220.0,4245.0,4115.0,4115.0,562.0,089850
2026-09-23,1778.0,1812.0,1730.0,1738.0,28505.0,082210
2026-09-23,1500.0,1500.0,1400.0,1415.0,796631.0,290660
2026-09-23,3025.0,3090.0,2920.0,2940.0,37749.0,900300
2026-09-23,2465.0,2530.0,2435.0,2455.0,13163.0,241690
2026-09-23,6220.0,6400.0,6080.0,6150.0,30638.0,331740
2026-09-23,4915.0,4945.0,4885.0,4920.0,7140.0,216050
2026-09-23,2320.0,2550.0,2315.0,2335.0,214876.0,208370
2026-09-23,6730.0,6890.0,6650.0,6670.0,47183.0,463020
2026-09-23,4110.0,4325.0,4080.0,4165.0,39837.0,095270
2026-09-23,12100.0,12100.0,11720.0,11880.0,869.0,016250
2026-09-23,4940.0,5000.0,4940.0,4970.0,2417.0,010470
2026-09-23,3580.0,3655.0,3510.0,3645.0,19806.0,221800
2026-09-23,3145.0,3170.0,3055.0,3090.0,43448.0,950200
2026-09-23,1406.0,1419.0,1380.0,1394.0,217175.0,036090
2026-09-23,8700.0,8770.0,8640.0,8760.0,755.0,050960
2026-09-23,1034.0,1057.0,1000.0,1036.0,47838.0,014470
2026-09-23,1912.0,1935.0,1877.0,1882.0,79038.0,049480
2026-09-23,1265.0,1272.0,1232.0,1233.0,69973.0,065530
2026-09-23,4360.0,4460.0,4180.0,4330.0,55143.0,457600
2026-09-23,2650.0,2650.0,2525.0,2545.0,48747.0,126880
2026-09-23,4250.0,4275.0,4165.0,4220.0,91617.0,037440
2026-09-23,6770.0,6840.0,6650.0,6840.0,11581.0,045340
2026-09-23,3105.0,3105.0,3050.0,3060.0,26763.0,033320
2026-09-23,4410.0,4515.0,4320.0,4340.0,454209.0,365660
2026-09-23,6800.0,6900.0,6710.0,6790.0,6691.0,053620
2026-09-23,1801.0,1809.0,1721.0,1788.0,178895.0,187420
2026-09-23,1460.0,1473.0,1435.0,1469.0,32818.0,033310
2026-09-23,1102.0,1135.0,1064.0,1097.0,102874.0,060310
2026-09-23,0.0,0.0,0.0,1284.0,0.0,099520
2026-09-23,1240.0,1350.0,1240.0,1318.0,95914.0,127710
2026-09-23,5440.0,5440.0,5190.0,5260.0,11391.0,273640
2026-09-23,7590.0,7590.0,7000.0,7140.0,8209.0,191420
2026-09-23,0.0,0.0,0.0,821.0,0.0,225190
2026-09-23,1622.0,1651.0,1607.0,1633.0,169951.0,003310
2026-09-23,2340.0,2340.0,2260.0,2310.0,3985.0,175140
2026-09-23,1867.0,1982.0,1855.0,1886.0,12930.0,238090
2026-09-23,1655.0,1655.0,1625.0,1625.0,26803.0,036120
2026-09-23,2510.0,2920.0,2480.0,2480.0,626958.0,039020
2026-09-23,5230.0,5250.0,5020.0,5110.0,27714.0,059270
2026-09-23,3525.0,3665.0,3525.0,3570.0,13223.0,251630
2026-09-23,11070.0,11180.0,10680.0,10760.0,16120.0,448710
2026-09-23,5000.0,5020.0,4975.0,4995.0,8654.0,263690
2026-09-23,1588.0,1588.0,1353.0,1362.0,5957049.0,299170
2026-09-23,7890.0,8290.0,7890.0,7940.0,43080.0,192250
2026-09-23,2210.0,2235.0,2185.0,2195.0,21310.0,025550
2026-09-23,1850.0,1878.0,1844.0,1865.0,39574.0,053050
2026-09-23,6200.0,6200.0,6090.0,6120.0,2526.0,215360
2026-09-23,1903.0,2070.0,1873.0,1898.0,151473.0,315640
2026-09-23,7500.0,7890.0,7330.0,7540.0,24580.0,288180
2026-09-23,3195.0,3335.0,3120.0,3180.0,5329.0,317530
2026-09-23,3950.0,3965.0,3925.0,3950.0,5790.0,007370
2026-09-23,0.0,0.0,0.0,806.0,0.0,340930
2026-09-23,3300.0,3300.0,3155.0,3180.0,71851.0,088280
2026-09-23,5050.0,5080.0,4890.0,4990.0,3653.0,333620
2026-09-23,9370.0,9670.0,9080.0,9160.0,3428.0,053160
2026-09-23,0.0,0.0,0.0,499.0,0.0,217480
2026-09-23,1759.0,1856.0,1755.0,1789.0,17548.0,291650
2026-09-23,9600.0,9740.0,9350.0,9600.0,24205.0,109080
2026-09-23,5050.0,5090.0,5020.0,5060.0,3732.0,036670
2026-09-23,18690.0,18690.0,18060.0,18060.0,9287.0,054930
2026-09-23,5040.0,5060.0,4915.0,4995.0,12930.0,443250
2026-09-23,4395.0,4590.0,3560.0,3845.0,648326.0,340810
2026-09-23,9220.0,9400.0,9140.0,9230.0,26305.0,420570
2026-09-23,4350.0,4390.0,4285.0,4310.0,12465.0,024950
2026-09-23,1524.0,1524.0,1476.0,1492.0,59484.0,024910
2026-09-23,2115.0,2225.0,2050.0,2080.0,45050.0,064800
2026-09-23,4030.0,4030.0,3935.0,3950.0,6588.0,459100
2026-09-23,3970.0,4000.0,3950.0,3965.0,9385.0,104540
2026-09-23,6450.0,6450.0,6210.0,6300.0,22944.0,061250
2026-09-23,7040.0,7090.0,6860.0,6960.0,1618.0,435570
2026-09-23,3410.0,3510.0,3315.0,3325.0,15652.0,263600
2026-09-23,1246.0,1294.0,1222.0,1238.0,158608.0,391710
2026-09-23,8350.0,8400.0,8200.0,8230.0,6806.0,170790
2026-09-23,6020.0,6140.0,5940.0,5940.0,24105.0,081180
2026-09-23,1923.0,1943.0,1911.0,1916.0,100651.0,053270
2026-09-23,6100.0,6220.0,6100.0,6120.0,9290.0,370090
2026-09-23,5070.0,5090.0,4915.0,4945.0,24151.0,408470
2026-09-23,1783.0,1844.0,1732.0,1776.0,68066.0,179530
2026-09-23,3250.0,3910.0,3000.0,3020.0,158211.0,043710
2026-09-23,5070.0,5280.0,5030.0,5070.0,11779.0,261520
2026-09-23,2160.0,2190.0,2155.0,2180.0,43622.0,246690
2026-09-23,3150.0,3150.0,3080.0,3085.0,50579.0,104620
2026-09-23,2615.0,2690.0,2615.0,2660.0,13479.0,348150
2026-09-23,1149.0,1150.0,1128.0,1132.0,27571.0,046210
2026-09-23,6370.0,6370.0,6170.0,6210.0,84558.0,317850
2026-09-23,6220.0,6220.0,6090.0,6140.0,23020.0,094940
2026-09-23,1306.0,1306.0,1283.0,1283.0,74625.0,027050
2026-09-23,2895.0,2945.0,2890.0,2925.0,3001.0,015710
2026-09-23,4670.0,4765.0,4580.0,4715.0,22179.0,419080
2026-09-23,1999.0,2005.0,1978.0,1986.0,55413.0,088910
2026-09-23,1902.0,1905.0,1877.0,1892.0,31787.0,039240
2026-09-23,999.0,1019.0,998.0,1008.0,69049.0,033230
2026-09-23,2090.0,2180.0,2015.0,2020.0,611372.0,459550
2026-09-23,1447.0,1477.0,1402.0,1436.0,139067.0,070300
2026-09-23,5940.0,6050.0,5830.0,5870.0,6137.0,314140
2026-09-23,1730.0,1730.0,1691.0,1695.0,21899.0,347740
2026-09-23,5080.0,5080.0,4975.0,4990.0,5452.0,105760
2026-09-23,8000.0,8000.0,7760.0,7880.0,6835.0,453860
2026-09-23,4495.0,4525.0,4405.0,4420.0,8493.0,464490
2026-09-23,5430.0,5430.0,5180.0,5200.0,33501.0,019990
2026-09-23,8500.0,8820.0,8300.0,8550.0,12022.0,424980
2026-09-23,4315.0,4375.0,4280.0,4350.0,392.0,256630
2026-09-23,0.0,0.0,0.0,2825.0,0.0,393970
2026-09-23,2890.0,2890.0,2740.0,2850.0,1359.0,376290
2026-09-23,4700.0,4770.0,4570.0,4655.0,27740.0,317830
2026-09-23,5600.0,5600.0,5510.0,5530.0,4547.0,452400
2026-09-23,3650.0,3770.0,3635.0,3680.0,25414.0,163280
2026-09-23,2335.0,2340.0,2235.0,2320.0,142250.0,179900
2026-09-23,3985.0,4105.0,3770.0,3900.0,132357.0,348080
2026-09-23,1964.0,1966.0,1950.0,1962.0,3546.0,060560
2026-09-23,5030.0,5030.0,4860.0,4920.0,7478.0,071670
2026-09-23,2770.0,2825.0,2745.0,2760.0,48009.0,044340
2026-09-23,1083.0,1094.0,1074.0,1092.0,52699.0,063440
2026-09-23,2920.0,3570.0,2730.0,2955.0,2667043.0,232830
2026-09-23,3985.0,4095.0,3940.0,3955.0,22231.0,463480
2026-09-23,2765.0,2765.0,2690.0,2705.0,69263.0,046940
2026-09-23,2450.0,2480.0,2415.0,2425.0,33750.0,092300
2026-09-23,6930.0,7030.0,6830.0,6910.0,9811.0,059100
2026-09-23,835.0,949.0,802.0,932.0,354701.0,340360
2026-09-23,3390.0,3390.0,3300.0,3335.0,19712.0,122310
2026-09-23,4960.0,5000.0,4820.0,4875.0,40145.0,0013V0
2026-09-23,3270.0,3390.0,3185.0,3255.0,16467.0,199550
2026-09-23,1001.0,1002.0,981.0,996.0,190443.0,042110
2026-09-23,2980.0,2985.0,2705.0,2805.0,417666.0,033170
2026-09-23,3795.0,3795.0,3595.0,3655.0,4692.0,311690
2026-09-23,5120.0,5150.0,4910.0,4940.0,162482.0,189860
2026-09-23,5010.0,5060.0,4915.0,5000.0,33208.0,355690
2026-09-23,0.0,0.0,0.0,6550.0,0.0,418250
2026-09-23,2540.0,2670.0,2530.0,2555.0,23645.0,178780
2026-09-23,3650.0,3820.0,3600.0,3645.0,51625.0,382150
2026-09-23,1102.0,1200.0,1102.0,1155.0,65477.0,219550
2026-09-23,1512.0,1512.0,1476.0,1493.0,26455.0,217500
2026-09-23,1670.0,1671.0,1600.0,1649.0,42733.0,361570
2026-09-23,5390.0,5390.0,5210.0,5240.0,2739.0,038010
2026-09-23,1730.0,1740.0,1691.0,1711.0,94073.0,440290
2026-09-23,0.0,0.0,0.0,521.0,0.0,023440
2026-09-23,1700.0,1730.0,1650.0,1664.0,73163.0,321260
2026-09-23,2570.0,3140.0,2570.0,2770.0,875385.0,145170
2026-09-23,4030.0,4125.0,3925.0,3985.0,115813.0,150900
2026-09-23,1318.0,1325.0,1285.0,1314.0,35867.0,014190
2026-09-23,1176.0,1188.0,1142.0,1150.0,20721.0,189980
2026-09-23,5150.0,5190.0,5150.0,5180.0,492.0,073110
2026-09-23,2550.0,2590.0,2490.0,2560.0,37942.0,384470
2026-09-23,0.0,0.0,0.0,1957.0,0.0,229000
2026-09-23,2980.0,3100.0,2960.0,3090.0,28313.0,053450
2026-09-23,2400.0,2415.0,1703.0,1969.0,1582869.0,270520
2026-09-23,0.0,0.0,0.0,766.0,0.0,131400
2026-09-23,4035.0,4150.0,3985.0,4035.0,322.0,471820
2026-09-23,3370.0,3560.0,3320.0,3330.0,14563.0,277070
2026-09-23,2945.0,2945.0,2815.0,2905.0,44938.0,321820
2026-09-23,4145.0,4145.0,3905.0,3985.0,3388.0,051390
2026-09-23,2400.0,2400.0,2370.0,2375.0,16948.0,053980
2026-09-23,2120.0,2125.0,2080.0,2090.0,31589.0,198080
2026-09-23,3090.0,3115.0,3010.0,3100.0,28138.0,072990
2026-09-23,3300.0,3340.0,3240.0,3310.0,3390.0,083550
2026-09-23,2405.0,2405.0,2360.0,2385.0,3894.0,072470
2026-09-23,0.0,0.0,0.0,460.0,0.0,033340
2026-09-23,1042.0,1042.0,998.0,1005.0,29092.0,068330
2026-09-23,1007.0,1009.0,988.0,1001.0,77942.0,143540
2026-09-23,2655.0,2665.0,2630.0,2660.0,29527.0,094970
2026-09-23,2390.0,2390.0,2255.0,2300.0,12827.0,260930
2026-09-23,1287.0,1287.0,1230.0,1248.0,45141.0,900340
2026-09-23,2175.0,2215.0,2160.0,2200.0,13327.0,317690
2026-09-23,2535.0,2595.0,2515.0,2540.0,24897.0,278650
2026-09-23,2700.0,2740.0,2620.0,2620.0,9609.0,037950
2026-09-23,0.0,0.0,0.0,1303.0,0.0,208860
2026-09-23,3390.0,3500.0,3390.0,3455.0,31145.0,066130
2026-09-23,5070.0,5100.0,5070.0,5100.0,844.0,042040
2026-09-23,0.0,0.0,0.0,416.0,0.0,288330
2026-09-23,3080.0,3280.0,3080.0,3245.0,6556.0,373160
2026-09-23,926.0,937.0,902.0,910.0,57385.0,222420
2026-09-23,1192.0,1221.0,1183.0,1198.0,7928.0,258610
2026-09-23,2760.0,2780.0,2715.0,2730.0,8740.0,065130
2026-09-23,4560.0,4595.0,4480.0,4495.0,13925.0,082850
2026-09-23,8800.0,8890.0,8530.0,8540.0,4309.0,0010V0
2026-09-23,8640.0,8710.0,8560.0,8660.0,2095.0,466410
2026-09-23,1275.0,1275.0,1209.0,1209.0,68980.0,900250
2026-09-23,4005.0,4020.0,3960.0,3985.0,5758.0,052790
2026-09-23,8490.0,8650.0,8440.0,8550.0,1337.0,224110
2026-09-23,3085.0,3125.0,3050.0,3100.0,40516.0,099410
2026-09-23,5020.0,5020.0,4755.0,4900.0,6704.0,317870
2026-09-23,2220.0,2240.0,2155.0,2180.0,43605.0,114450
2026-09-23,6670.0,6740.0,6220.0,6550.0,18963.0,476040
2026-09-23,3190.0,3250.0,3100.0,3170.0,1245.0,050120
2026-09-23,828.0,840.0,815.0,829.0,4718.0,022220
2026-09-23,3240.0,3255.0,3210.0,3230.0,342.0,007680
2026-09-23,6040.0,6040.0,5960.0,5990.0,1332.0,479960
2026-09-23,5850.0,5950.0,5810.0,5920.0,16459.0,413640
2026-09-23,3140.0,3140.0,3065.0,3080.0,3620.0,263020
2026-09-23,6070.0,6070.0,5960.0,5980.0,5595.0,307280
2026-09-23,938.0,938.0,920.0,927.0,40545.0,129890
2026-09-23,1996.0,2007.0,1985.0,1995.0,19059.0,140520
2026-09-23,2515.0,2650.0,2460.0,2615.0,43811.0,286750
2026-09-23,793.0,799.0,770.0,776.0,54292.0,027830
2026-09-23,5500.0,5650.0,5270.0,5270.0,5750.0,290670
2026-09-23,5170.0,5270.0,5020.0,5080.0,1822.0,450330
2026-09-23,2500.0,3040.0,2490.0,2815.0,758096.0,084650
2026-09-23,1228.0,1240.0,1170.0,1196.0,87220.0,227950
2026-09-23,4920.0,4920.0,4855.0,4920.0,937.0,256150
2026-09-23,2040.0,2110.0,2040.0,2060.0,18182.0,159580
2026-09-23,2145.0,2185.0,2100.0,2125.0,50554.0,263700
2026-09-23,4880.0,5050.0,4755.0,4785.0,10428.0,086060
2026-09-23,6570.0,6590.0,6420.0,6440.0,4707.0,190650
2026-09-23,1745.0,1745.0,1685.0,1699.0,27659.0,452200
2026-09-23,2615.0,2615.0,2560.0,2595.0,15817.0,261200
2026-09-23,1418.0,1418.0,1401.0,1401.0,21343.0,056700
2026-09-23,1505.0,1505.0,1485.0,1499.0,12428.0,189690
2026-09-23,2865.0,2990.0,2860.0,2865.0,5945.0,238120
2026-09-23,4040.0,4040.0,3910.0,4000.0,3897.0,199480
2026-09-23,1696.0,1696.0,1604.0,1623.0,18401.0,373200
2026-09-23,2580.0,2590.0,2525.0,2550.0,7923.0,263810
2026-09-23,1834.0,1834.0,1775.0,1813.0,4081.0,007530
2026-09-23,3270.0,3275.0,3250.0,3255.0,2905.0,002290
2026-09-23,4440.0,4440.0,4175.0,4250.0,1694.0,196300
2026-09-23,1388.0,1414.0,1334.0,1349.0,55963.0,037230
2026-09-23,3740.0,3740.0,3640.0,3680.0,12970.0,136410
2026-09-23,2230.0,2275.0,2150.0,2255.0,33683.0,032960
2026-09-23,3920.0,3970.0,3880.0,3925.0,5704.0,465480
2026-09-23,2095.0,2230.0,2055.0,2090.0,150830.0,184230
2026-09-23,0.0,0.0,0.0,798.0,0.0,064090
2026-09-23,1799.0,1800.0,1725.0,1745.0,6253.0,066900
2026-09-23,2670.0,2670.0,2575.0,2610.0,2362.0,460470
2026-09-23,1418.0,1545.0,1412.0,1446.0,191595.0,065440
2026-09-23,1946.0,1946.0,1918.0,1926.0,38985.0,218150
2026-09-23,2665.0,2765.0,2640.0,2720.0,18754.0,461030
2026-09-23,2725.0,2775.0,2680.0,2765.0,14323.0,203450
2026-09-23,6480.0,6570.0,6310.0,6370.0,1853.0,049830
2026-09-23,3080.0,3110.0,3045.0,3095.0,7143.0,100660
2026-09-23,2050.0,2050.0,1970.0,1984.0,57147.0,053950
2026-09-23,4720.0,4795.0,4550.0,4595.0,139795.0,226340
2026-09-23,3070.0,3120.0,3065.0,3070.0,6594.0,044960
2026-09-23,1650.0,1654.0,1634.0,1635.0,2479.0,263770
2026-09-23,7350.0,7450.0,6950.0,7090.0,14524.0,360350
2026-09-23,2680.0,2710.0,2635.0,2650.0,4865.0,234100
2026-09-23,2305.0,2320.0,2295.0,2300.0,15566.0,025880
2026-09-23,4000.0,4000.0,3855.0,3910.0,2697.0,273060
2026-09-23,2290.0,2340.0,2275.0,2340.0,31745.0,046310
2026-09-23,5890.0,5890.0,5590.0,5610.0,15359.0,042940
2026-09-23,2170.0,2305.0,2115.0,2275.0,62734.0,215380
2026-09-23,9590.0,9590.0,9470.0,9480.0,413.0,221980
2026-09-23,2080.0,2085.0,2025.0,2035.0,4417.0,221840
2026-09-23,1693.0,1699.0,1673.0,1689.0,3576.0,050860
2026-09-23,4320.0,4405.0,4300.0,4405.0,12737.0,037370
2026-09-23,1444.0,1456.0,1441.0,1444.0,12601.0,352700
2026-09-23,3390.0,3390.0,3285.0,3330.0,6357.0,101240
2026-09-23,1642.0,1666.0,1625.0,1649.0,23260.0,052220
2026-09-23,5720.0,5720.0,5520.0,5580.0,1666.0,250000
2026-09-23,3190.0,3215.0,3190.0,3205.0,5712.0,019770
2026-09-23,1620.0,1629.0,1584.0,1615.0,24431.0,122690
2026-09-23,2800.0,3000.0,2745.0,2805.0,475933.0,208710
2026-09-23,2390.0,2420.0,2335.0,2385.0,38103.0,081580
2026-09-23,2100.0,2170.0,2040.0,2140.0,5691.0,046390
2026-09-23,2265.0,2265.0,2180.0,2230.0,46426.0,026040
2026-09-23,3980.0,3980.0,3920.0,3955.0,8440.0,038070
2026-09-23,2635.0,2690.0,2515.0,2590.0,14755.0,051490
2026-09-23,4330.0,4365.0,4295.0,4310.0,1967.0,097870
2026-09-23,1650.0,1650.0,1635.0,1637.0,194.0,123570
2026-09-23,2465.0,2510.0,2420.0,2445.0,62641.0,035460
2026-09-23,1396.0,1396.0,1351.0,1386.0,57184.0,060540
2026-09-23,1026.0,1042.0,1012.0,1015.0,33746.0,065500
2026-09-23,3235.0,3240.0,3135.0,3170.0,16597.0,219420
2026-09-23,2730.0,2750.0,2690.0,2720.0,10054.0,121890
2026-09-23,2540.0,2595.0,2495.0,2520.0,15273.0,171010
2026-09-23,0.0,0.0,0.0,1087.0,0.0,284620
2026-09-23,1500.0,1511.0,1478.0,1500.0,29146.0,066360
2026-09-23,3210.0,3230.0,3120.0,3165.0,27019.0,043910
2026-09-23,6300.0,6480.0,6260.0,6460.0,1037.0,318410
2026-09-23,0.0,0.0,0.0,602.0,0.0,057540
2026-09-23,4400.0,4425.0,4345.0,4395.0,7110.0,060850
2026-09-23,0.0,0.0,0.0,778.0,0.0,068940
2026-09-23,4130.0,4490.0,4110.0,4200.0,8425.0,363250
2026-09-23,2295.0,2310.0,2220.0,2240.0,9715.0,086040
2026-09-23,5530.0,5540.0,5320.0,5500.0,957.0,153460
2026-09-23,6350.0,6540.0,6230.0,6300.0,11930.0,387570
2026-09-23,2090.0,2095.0,2085.0,2090.0,5951.0,045060
2026-09-23,0.0,0.0,0.0,959.0,0.0,263050
2026-09-23,3370.0,3475.0,3165.0,3210.0,33068.0,014570
2026-09-23,3530.0,3685.0,3515.0,3550.0,12672.0,239890
2026-09-23,2320.0,2335.0,2245.0,2295.0,40130.0,260660
2026-09-23,3045.0,3080.0,3040.0,3050.0,5353.0,024120
2026-09-23,6400.0,6900.0,6400.0,6790.0,36544.0,397810
2026-09-23,6910.0,7590.0,6640.0,7050.0,83589.0,258790
2026-09-23,2170.0,2180.0,2125.0,2165.0,12753.0,075130
2026-09-23,3875.0,3990.0,3820.0,3845.0,6763.0,196450
2026-09-23,1139.0,1139.0,1101.0,1107.0,19238.0,045510
2026-09-23,3550.0,3705.0,3540.0,3615.0,16317.0,177900
2026-09-23,4370.0,4400.0,4305.0,4375.0,7602.0,332290
2026-09-23,3850.0,4860.0,3850.0,4615.0,885640.0,431190
2026-09-23,1766.0,1800.0,1753.0,1778.0,7778.0,204020
2026-09-23,1285.0,1340.0,1221.0,1294.0,13998.0,106240
2026-09-23,2430.0,2525.0,2415.0,2435.0,57484.0,452300
2026-09-23,4090.0,4090.0,3840.0,3960.0,2963.0,039290
2026-09-23,3150.0,3210.0,3080.0,3110.0,9408.0,446840
2026-09-23,2850.0,2870.0,2600.0,2745.0,69960.0,900270
2026-09-23,4510.0,4625.0,4455.0,4595.0,927.0,290090
2026-09-23,3165.0,3167.0,3090.0,3130.0,7264.0,186230
2026-09-23,0.0,0.0,0.0,991.0,0.0,469750
2026-09-23,2865.0,2980.0,2755.0,2770.0,107859.0,434480
2026-09-23,2140.0,2140.0,2015.0,2050.0,1885.0,432430
2026-09-23,2065.0,2075.0,2020.0,2070.0,5578.0,057030
2026-09-23,2065.0,2100.0,2000.0,2015.0,10615.0,207760
2026-09-23,1510.0,1510.0,1440.0,1453.0,32742.0,215090
2026-09-23,2335.0,2740.0,2190.0,2400.0,2942782.0,406820
2026-09-23,2975.0,2990.0,2770.0,2960.0,16807.0,080520
2026-09-23,2890.0,2905.0,2865.0,2890.0,7583.0,052600
2026-09-23,1400.0,1402.0,1356.0,1395.0,1514.0,220180
2026-09-23,1500.0,1526.0,1483.0,1512.0,21461.0,310870
2026-09-23,0.0,0.0,0.0,689.0,0.0,038060
2026-09-23,4335.0,4335.0,4200.0,4325.0,24150.0,131090
2026-09-23,2165.0,2165.0,2080.0,2090.0,5345.0,290120
2026-09-23,3025.0,3065.0,3000.0,3025.0,30054.0,006920
2026-09-23,2390.0,2405.0,2360.0,2365.0,8477.0,016600
2026-09-23,1503.0,1584.0,1469.0,1495.0,3508.0,335810
2026-09-23,3735.0,3750.0,3630.0,3645.0,1682.0,270870
2026-09-23,1166.0,1189.0,1154.0,1177.0,13459.0,068050
2026-09-23,1467.0,1467.0,1453.0,1464.0,1402.0,064520
2026-09-23,4010.0,4010.0,3960.0,4000.0,2097.0,087600
2026-09-23,1112.0,1305.0,1112.0,1144.0,169179.0,065950
2026-09-23,1588.0,1596.0,1572.0,1587.0,22795.0,109820
2026-09-23,1000.0,1000.0,970.0,987.0,11544.0,408900
2026-09-23,7130.0,7300.0,6850.0,6870.0,21312.0,417860
2026-09-23,1985.0,1985.0,1940.0,1968.0,2368.0,021650
2026-09-23,6250.0,6480.0,6000.0,6210.0,6384.0,296640
2026-09-23,5100.0,5320.0,5000.0,5090.0,13662.0,099220
2026-09-23,3065.0,3120.0,3055.0,3105.0,3034.0,153490
2026-09-23,661.0,682.0,636.0,673.0,54518.0,043340
2026-09-23,3115.0,3175.0,3100.0,3140.0,5971.0,148930
2026-09-23,1370.0,1370.0,1354.0,1364.0,1330.0,133750
2026-09-23,3275.0,3290.0,3175.0,3270.0,2135.0,025440
2026-09-23,2140.0,2210.0,2120.0,2145.0,87878.0,104200
2026-09-23,2615.0,2615.0,2530.0,2590.0,3673.0,318020
2026-09-23,2120.0,2120.0,2070.0,2070.0,10588.0,089140
2026-09-23,1107.0,1107.0,1056.0,1074.0,102200.0,271830
2026-09-23,1720.0,1720.0,1661.0,1671.0,9639.0,033830
2026-09-23,4020.0,4032.0,3900.0,3915.0,6673.0,476080
2026-09-23,2005.0,2320.0,2005.0,2320.0,90147.0,188260
2026-09-23,787.0,810.0,757.0,763.0,70307.0,072770
2026-09-23,2955.0,3300.0,2870.0,2920.0,429863.0,430690
2026-09-23,0.0,0.0,0.0,1079.0,0.0,050110
2026-09-23,1142.0,1153.0,1122.0,1132.0,61455.0,031510
2026-09-23,3510.0,3510.0,3255.0,3415.0,7318.0,090410
2026-09-23,3000.0,3070.0,2940.0,2950.0,2867.0,200780
2026-09-23,3115.0,3115.0,2960.0,2985.0,8560.0,159910
2026-09-23,1293.0,1347.0,1250.0,1288.0,72575.0,226330
2026-09-23,0.0,0.0,0.0,412.0,0.0,258830
2026-09-23,3195.0,3200.0,3115.0,3135.0,2903.0,376980
2026-09-23,2630.0,2650.0,2580.0,2610.0,11695.0,064480
2026-09-23,2400.0,2415.0,2345.0,2390.0,11346.0,197140
2026-09-23,3200.0,3200.0,3160.0,3170.0,507.0,263920
2026-09-23,2695.0,2700.0,2605.0,2620.0,3578.0,127980
2026-09-23,1225.0,1225.0,1135.0,1212.0,94800.0,032790
2026-09-23,6900.0,7240.0,6830.0,7040.0,23313.0,012620
2026-09-23,2810.0,2810.0,2680.0,2745.0,9932.0,368970
2026-09-23,2030.0,2030.0,1987.0,1992.0,20638.0,173940
2026-09-23,2210.0,2230.0,2130.0,2165.0,20809.0,419120
2026-09-23,690.0,710.0,680.0,699.0,44289.0,037330
2026-09-23,3125.0,3180.0,3065.0,3100.0,76930.0,093380
2026-09-23,3195.0,3195.0,3010.0,3070.0,9618.0,369370
2026-09-23,3975.0,4050.0,3940.0,3975.0,22486.0,020180
2026-09-23,3795.0,3825.0,3695.0,3720.0,4176.0,099390
2026-09-23,1331.0,1600.0,1331.0,1536.0,461951.0,054780
2026-09-23,3800.0,3855.0,3770.0,3855.0,5753.0,462310
2026-09-23,2510.0,2700.0,2510.0,2545.0,111481.0,356890
2026-09-23,1510.0,1539.0,1475.0,1498.0,2900.0,097780
2026-09-23,4805.0,4805.0,4610.0,4700.0,2359.0,444530
2026-09-23,5790.0,5790.0,5300.0,5680.0,5906.0,388610
2026-09-23,3205.0,3240.0,3045.0,3045.0,69261.0,300120
2026-09-23,0.0,0.0,0.0,1969.0,0.0,246250
2026-09-23,2945.0,2955.0,2895.0,2955.0,401.0,038950
2026-09-23,2820.0,2970.0,2715.0,2845.0,3734.0,049120
2026-09-23,1676.0,1676.0,1614.0,1634.0,5394.0,075970
2026-09-23,1992.0,2010.0,1975.0,1984.0,5725.0,038620
2026-09-23,2615.0,2670.0,2600.0,2635.0,12901.0,073540
2026-09-23,5490.0,5500.0,5400.0,5410.0,3775.0,464280
2026-09-23,5900.0,5940.0,5720.0,5740.0,4660.0,079170
2026-09-23,2155.0,2170.0,2100.0,2120.0,14240.0,038870
2026-09-23,1311.0,1395.0,1271.0,1324.0,132595.0,290560
2026-09-23,1547.0,1632.0,1547.0,1622.0,21564.0,462980
2026-09-23,3025.0,3175.0,2940.0,2960.0,122245.0,078590
2026-09-23,6980.0,6980.0,6610.0,6770.0,4767.0,088340
2026-09-23,1021.0,1039.0,1009.0,1011.0,47203.0,317240
2026-09-23,1968.0,2100.0,1923.0,2055.0,49224.0,377030
2026-09-23,2110.0,2150.0,2000.0,2120.0,14939.0,070590
2026-09-23,2315.0,2350.0,2260.0,2315.0,10484.0,311390
2026-09-23,3110.0,3110.0,3015.0,3035.0,1049.0,336060
2026-09-23,990.0,998.0,965.0,981.0,37119.0,031310
2026-09-23,1038.0,1063.0,1014.0,1044.0,18475.0,160550
2026-09-23,1490.0,1590.0,1471.0,1590.0,13378.0,169330
2026-09-23,2510.0,2540.0,2475.0,2485.0,10173.0,091340
2026-09-23,2910.0,2970.0,2785.0,2865.0,21368.0,187270
2026-09-23,2305.0,2305.0,2255.0,2265.0,3814.0,237820
2026-09-23,2750.0,2795.0,2710.0,2780.0,4867.0,033540
2026-09-23,3525.0,3605.0,3405.0,3500.0,37186.0,351330
2026-09-23,1200.0,1233.0,1173.0,1194.0,600.0,071850
2026-09-23,2005.0,2005.0,1852.0,1891.0,350.0,109960
2026-09-23,2300.0,2745.0,2290.0,2565.0,2571922.0,0010F0
2026-09-23,3090.0,3090.0,2920.0,2970.0,14856.0,452160
2026-09-23,2660.0,2720.0,2660.0,2700.0,4853.0,262840
2026-09-23,2065.0,2135.0,2015.0,2015.0,12039.0,139670
2026-09-23,4120.0,4235.0,4040.0,4085.0,11223.0,288620
2026-09-23,1077.0,1080.0,1066.0,1068.0,33285.0,128540
2026-09-23,2705.0,2745.0,2690.0,2700.0,12832.0,045300
2026-09-23,1686.0,1702.0,1680.0,1693.0,11405.0,008470
2026-09-23,1206.0,1320.0,1199.0,1241.0,183344.0,069920
2026-09-23,5110.0,5230.0,5100.0,5230.0,694.0,239610
2026-09-23,0.0,0.0,0.0,1710.0,0.0,043220
2026-09-23,1782.0,1834.0,1745.0,1785.0,22625.0,057680
2026-09-23,3510.0,3600.0,3260.0,3340.0,24690.0,367000
2026-09-23,1900.0,1940.0,1870.0,1916.0,9102.0,450520
2026-09-23,8230.0,8230.0,7900.0,8010.0,279.0,007770
2026-09-23,692.0,732.0,691.0,695.0,1095345.0,215790
2026-09-23,0.0,0.0,0.0,910.0,0.0,254120
2026-09-23,2410.0,2420.0,2355.0,2360.0,18253.0,119500
2026-09-23,1898.0,1935.0,1861.0,1920.0,6499.0,130500
2026-09-23,1662.0,1665.0,1627.0,1628.0,27807.0,089150
2026-09-23,5790.0,5790.0,5620.0,5660.0,6345.0,333050
2026-09-23,3350.0,3365.0,3320.0,3355.0,5263.0,364950
2026-09-23,1682.0,1716.0,1639.0,1639.0,26318.0,236810
2026-09-23,2030.0,2050.0,1982.0,2040.0,31506.0,148250
2026-09-23,1833.0,1848.0,1717.0,1784.0,157725.0,191410
2026-09-23,3940.0,4095.0,3725.0,3990.0,7726.0,297570
2026-09-23,2325.0,2370.0,2300.0,2310.0,1813.0,068100
2026-09-23,3655.0,3700.0,3640.0,3650.0,5124.0,091970
2026-09-23,1959.0,1959.0,1877.0,1878.0,13745.0,407400
2026-09-23,2195.0,2260.0,2165.0,2260.0,3952.0,013720
2026-09-23,3505.0,3535.0,3320.0,3465.0,18788.0,318010
2026-09-23,1785.0,1785.0,1700.0,1742.0,9304.0,096630
2026-09-23,2570.0,2570.0,2455.0,2480.0,6151.0,080530
2026-09-23,1867.0,1867.0,1761.0,1795.0,25483.0,066910
2026-09-23,2280.0,2375.0,2215.0,2260.0,4340.0,115480
2026-09-23,1707.0,1718.0,1701.0,1713.0,12690.0,195500
2026-09-23,1077.0,1084.0,1052.0,1065.0,16136.0,016920
2026-09-23,487.0,497.0,480.0,482.0,227103.0,101670
2026-09-23,1584.0,1595.0,1568.0,1586.0,19668.0,114630
2026-09-23,2525.0,2535.0,2475.0,2510.0,37284.0,067010
2026-09-23,2930.0,2930.0,2835.0,2845.0,2897.0,348030
2026-09-23,1486.0,1525.0,1482.0,1482.0,16970.0,464580
2026-09-23,1838.0,1838.0,1782.0,1804.0,23319.0,373170
2026-09-23,1773.0,1848.0,1750.0,1751.0,8817.0,123840
2026-09-23,1440.0,1440.0,1396.0,1396.0,10497.0,225220
2026-09-23,2815.0,2865.0,2770.0,2815.0,13489.0,290270
2026-09-23,3850.0,3850.0,3730.0,3755.0,17300.0,079000
2026-09-23,1872.0,1872.0,1795.0,1795.0,15087.0,322780
2026-09-23,2020.0,2220.0,2020.0,2105.0,2593.0,900310
2026-09-23,6650.0,6980.0,6650.0,6670.0,11315.0,096690
2026-09-23,2535.0,2770.0,2415.0,2525.0,243927.0,140430
2026-09-23,2955.0,2980.0,2950.0,2980.0,336.0,032750
2026-09-23,1330.0,1385.0,1316.0,1351.0,28225.0,198940
2026-09-23,1539.0,1569.0,1539.0,1539.0,12795.0,083660
2026-09-23,2330.0,2355.0,2295.0,2295.0,15162.0,017000
2026-09-23,3555.0,3640.0,3535.0,3585.0,1536.0,131220
2026-09-23,2920.0,2945.0,2730.0,2765.0,9306.0,048470
2026-09-23,1996.0,2100.0,1940.0,1965.0,47888.0,193250
2026-09-23,4375.0,4375.0,4050.0,4135.0,9410.0,363260
2026-09-23,1501.0,1533.0,1470.0,1514.0,6207.0,138070
2026-09-23,981.0,997.0,955.0,986.0,5384.0,900070
2026-09-23,2095.0,2240.0,2000.0,2165.0,44037.0,073570
2026-09-23,1436.0,1539.0,1350.0,1403.0,46860.0,376180
2026-09-23,2310.0,2310.0,2250.0,2265.0,8289.0,359090
2026-09-23,1576.0,1576.0,1521.0,1574.0,7331.0,053290
2026-09-23,2540.0,2570.0,2515.0,2535.0,9119.0,069410
2026-09-23,1240.0,1270.0,1216.0,1240.0,120359.0,043200
2026-09-23,1621.0,1670.0,1558.0,1594.0,139306.0,052300
2026-09-23,1727.0,1778.0,1700.0,1713.0,15998.0,069140
2026-09-23,1696.0,1724.0,1649.0,1651.0,33525.0,105550
2026-09-23,1165.0,1214.0,1148.0,1168.0,70577.0,001810
2026-09-23,2995.0,3140.0,2965.0,2965.0,23972.0,458350
2026-09-23,1059.0,1065.0,1032.0,1041.0,33022.0,047080
2026-09-23,5230.0,5480.0,5150.0,5410.0,1455.0,134060
2026-09-23,2680.0,2750.0,2680.0,2695.0,7634.0,019570
2026-09-23,1100.0,1160.0,1082.0,1137.0,66353.0,076080
2026-09-23,2415.0,2530.0,2410.0,2520.0,19595.0,016670
2026-09-23,815.0,816.0,800.0,803.0,17562.0,033050
2026-09-23,1735.0,2215.0,1735.0,1839.0,6818170.0,027040
2026-09-23,1582.0,1583.0,1558.0,1568.0,42895.0,103840
2026-09-23,1376.0,1385.0,1349.0,1372.0,68783.0,044780
2026-09-23,2470.0,2565.0,2450.0,2530.0,16412.0,200350
2026-09-23,1285.0,1305.0,1279.0,1280.0,7708.0,060380
2026-09-23,1069.0,1069.0,1038.0,1049.0,21929.0,146060
2026-09-23,2290.0,2295.0,2225.0,2225.0,4909.0,238490
2026-09-23,1185.0,1185.0,1162.0,1178.0,21169.0,021880
2026-09-23,1023.0,1023.0,1000.0,1003.0,37805.0,054090
2026-09-23,2795.0,3010.0,2680.0,2970.0,102127.0,389680
2026-09-23,6040.0,6040.0,5870.0,5940.0,2561.0,090150
2026-09-23,1576.0,1635.0,1552.0,1579.0,12808.0,290520
2026-09-23,3795.0,3795.0,3615.0,3635.0,4432.0,328380
2026-09-23,2960.0,3005.0,2930.0,2955.0,5720.0,101680
2026-09-23,1787.0,1838.0,1747.0,1794.0,5371.0,123750
2026-09-23,2235.0,2285.0,2190.0,2210.0,7227.0,351870
2026-09-23,0.0,0.0,0.0,956.0,0.0,368600
2026-09-23,1638.0,1668.0,1580.0,1623.0,226055.0,101400
2026-09-23,5500.0,5500.0,5330.0,5360.0,5791.0,083640
2026-09-23,650.0,674.0,634.0,656.0,26318.0,206400
2026-09-23,3240.0,3240.0,3085.0,3105.0,3625.0,475660
2026-09-23,2060.0,2095.0,2020.0,2050.0,24607.0,398120
2026-09-23,3105.0,3175.0,2955.0,2970.0,18510.0,223310
2026-09-23,1911.0,1911.0,1881.0,1899.0,236.0,405920
2026-09-23,4180.0,4180.0,4145.0,4165.0,753.0,131180
2026-09-23,2140.0,2155.0,2125.0,2135.0,10540.0,415380
2026-09-23,3730.0,3770.0,3635.0,3660.0,53316.0,054940
2026-09-23,2955.0,2955.0,2790.0,2825.0,115596.0,115530
2026-09-23,1186.0,1280.0,1160.0,1242.0,79834.0,060230
2026-09-23,3060.0,3085.0,3000.0,3025.0,8444.0,039740
2026-09-23,1392.0,1594.0,1311.0,1530.0,481543.0,355390
2026-09-23,1490.0,1519.0,1455.0,1497.0,13012.0,058110
2026-09-23,2660.0,2730.0,2595.0,2725.0,10816.0,462510
2026-09-23,2955.0,3120.0,2925.0,2955.0,7354.0,208350
2026-09-23,5570.0,5900.0,5300.0,5550.0,5155.0,115160
2026-09-23,2800.0,2800.0,2710.0,2735.0,2831.0,318000
2026-09-23,2170.0,2200.0,2135.0,2165.0,5700.0,222980
2026-09-23,2725.0,2725.0,2520.0,2640.0,14300.0,020400
2026-09-23,3195.0,3195.0,3095.0,3130.0,1585.0,267790
2026-09-23,2140.0,2220.0,2140.0,2180.0,7543.0,352940
2026-09-23,3860.0,3950.0,3755.0,3760.0,62092.0,148780
2026-09-23,1970.0,2075.0,1951.0,1961.0,7370.0,187220
2026-09-23,2650.0,2675.0,2560.0,2585.0,47146.0,035200
2026-09-23,0.0,0.0,0.0,510.0,0.0,378800
2026-09-23,1275.0,1312.0,1263.0,1291.0,52812.0,365590
2026-09-23,3020.0,3255.0,3020.0,3135.0,7393.0,038880
2026-09-23,2550.0,2550.0,2415.0,2440.0,6090.0,298060
2026-09-23,1239.0,1279.0,1210.0,1229.0,14094.0,016100
2026-09-23,2180.0,2180.0,2000.0,2070.0,101473.0,177830
2026-09-23,2580.0,2580.0,2510.0,2545.0,1978.0,033200
2026-09-23,1697.0,1720.0,1665.0,1667.0,28157.0,464500
2026-09-23,2665.0,2665.0,2560.0,2610.0,10599.0,023770
2026-09-23,1625.0,1720.0,1620.0,1700.0,39190.0,043590
2026-09-23,4240.0,4240.0,4000.0,4050.0,7804.0,417180
2026-09-23,6170.0,6200.0,6010.0,6090.0,2700.0,036480
2026-09-23,5040.0,5040.0,4870.0,4940.0,3246.0,188040
2026-09-23,918.0,946.0,898.0,904.0,85429.0,206560
2026-09-23,1519.0,1525.0,1480.0,1499.0,14017.0,051380
2026-09-23,1145.0,1145.0,1115.0,1122.0,16100.0,007720
2026-09-23,964.0,1055.0,902.0,970.0,195313.0,276730
2026-09-23,0.0,0.0,0.0,1055.0,0.0,154040
2026-09-23,1949.0,1949.0,1927.0,1948.0,1146.0,018680
2026-09-23,1537.0,1552.0,1534.0,1541.0,14759.0,013810
2026-09-23,1243.0,1257.0,1239.0,1250.0,10160.0,039310
2026-09-23,1860.0,1860.0,1770.0,1805.0,9478.0,257370
2026-09-23,1458.0,1527.0,1458.0,1494.0,9020.0,032800
2026-09-23,3440.0,3615.0,3345.0,3370.0,9059.0,044480
2026-09-23,3150.0,3150.0,2980.0,3050.0,3614.0,303530
2026-09-23,2790.0,2790.0,2700.0,2775.0,10004.0,032860
2026-09-23,2845.0,2870.0,2780.0,2805.0,4090.0,115570
2026-09-23,3890.0,4650.0,3850.0,4340.0,712207.0,224060
2026-09-23,1896.0,1896.0,1839.0,1866.0,28763.0,192390
2026-09-23,996.0,996.0,954.0,974.0,70552.0,032680
2026-09-23,1045.0,1090.0,1033.0,1054.0,34808.0,017250
2026-09-23,1308.0,1329.0,1278.0,1327.0,8414.0,018700
2026-09-23,2370.0,2430.0,2365.0,2370.0,17489.0,063760
2026-09-23,1326.0,1331.0,1297.0,1310.0,25012.0,362990
2026-09-23,1857.0,1860.0,1804.0,1834.0,19997.0,065690
2026-09-23,3395.0,3450.0,3330.0,3380.0,363.0,237750
2026-09-23,2600.0,2875.0,2550.0,2815.0,108485.0,002680
2026-09-23,2915.0,2980.0,2890.0,2970.0,3388.0,065370
2026-09-23,1960.0,1965.0,1928.0,1939.0,5132.0,130740
2026-09-23,5630.0,5700.0,5570.0,5610.0,1010.0,277410
2026-09-23,2615.0,2615.0,2440.0,2535.0,34050.0,432980
2026-09-23,2305.0,2340.0,2260.0,2280.0,5557.0,241840
2026-09-23,981.0,988.0,969.0,974.0,40375.0,289220
2026-09-23,0.0,0.0,0.0,1010.0,0.0,032080
2026-09-23,1416.0,1453.0,1416.0,1421.0,38554.0,317120
2026-09-23,2625.0,2805.0,2565.0,2645.0,827.0,238200
2026-09-23,1331.0,1337.0,1321.0,1331.0,10052.0,032280
2026-09-23,3050.0,3070.0,2980.0,3030.0,12472.0,372800
2026-09-23,2595.0,2790.0,2570.0,2635.0,5957.0,377330
2026-09-23,2185.0,2210.0,2125.0,2160.0,9671.0,440320
2026-09-23,1882.0,1893.0,1771.0,1822.0,67231.0,027580
2026-09-23,1985.0,2005.0,1960.0,2000.0,8375.0,215480
2026-09-23,0.0,0.0,0.0,756.0,0.0,340440
2026-09-23,2280.0,2280.0,2140.0,2165.0,32145.0,331520
2026-09-23,1697.0,1739.0,1680.0,1696.0,40953.0,054220
2026-09-23,4070.0,4200.0,4025.0,4140.0,27528.0,247660
2026-09-23,1219.0,1238.0,1205.0,1208.0,33635.0,053060
2026-09-23,4290.0,4295.0,4100.0,4115.0,5564.0,038530
2026-09-23,2195.0,2220.0,2175.0,2200.0,3221.0,067730
2026-09-23,2030.0,2185.0,2030.0,2100.0,71266.0,424760
2026-09-23,1676.0,1676.0,1605.0,1624.0,4740.0,219750
2026-09-23,1509.0,1509.0,1464.0,1487.0,23857.0,019660
2026-09-23,595.0,595.0,550.0,574.0,84915.0,095910
2026-09-23,3475.0,3475.0,3150.0,3235.0,48373.0,429270
2026-09-23,1397.0,1397.0,1376.0,1386.0,10249.0,344860
2026-09-23,3195.0,3240.0,3095.0,3190.0,45245.0,045520
2026-09-23,1636.0,1672.0,1614.0,1624.0,22558.0,383930
2026-09-23,2480.0,2480.0,2265.0,2295.0,7548.0,043360
2026-09-23,1206.0,1220.0,1198.0,1218.0,7983.0,069330
2026-09-23,2205.0,2275.0,2110.0,2175.0,7378.0,200230
2026-09-23,976.0,976.0,916.0,941.0,12009.0,021040
2026-09-23,1650.0,1650.0,1610.0,1625.0,9489.0,098660
2026-09-23,1621.0,1662.0,1513.0,1542.0,53298.0,301300
2026-09-23,2965.0,2980.0,2130.0,2545.0,1619404.0,026910
2026-09-23,1822.0,1945.0,1790.0,1823.0,56896.0,438700
2026-09-23,5440.0,5570.0,5440.0,5460.0,2099.0,900110
2026-09-23,2535.0,3120.0,2535.0,3120.0,135819.0,131100
2026-09-23,2005.0,2035.0,1999.0,1999.0,26419.0,024940
2026-09-23,3435.0,3590.0,3435.0,3535.0,7750.0,361670
2026-09-23,4140.0,4140.0,3720.0,3800.0,12983.0,275630
2026-09-23,1458.0,1458.0,1410.0,1411.0,17402.0,085810
2026-09-23,2635.0,2635.0,2525.0,2525.0,4922.0,353190
2026-09-23,1032.0,1032.0,1011.0,1014.0,5730.0,227610
2026-09-23,1656.0,1656.0,1627.0,1630.0,10446.0,154030
2026-09-23,2735.0,2735.0,2685.0,2690.0,6902.0,080470
2026-09-23,5160.0,5210.0,5020.0,5130.0,5176.0,084440
2026-09-23,2240.0,2240.0,2120.0,2155.0,11665.0,274400
2026-09-23,1575.0,1575.0,1520.0,1520.0,7479.0,353590
2026-09-23,1065.0,1065.0,1030.0,1043.0,120746.0,048830
2026-09-23,2980.0,3035.0,2975.0,2990.0,3776.0,113810
2026-09-23,1220.0,1257.0,1211.0,1220.0,17305.0,065150
2026-09-23,2225.0,2225.0,2100.0,2105.0,9580.0,403490
2026-09-23,0.0,0.0,0.0,1622.0,0.0,073190
2026-09-23,858.0,899.0,840.0,856.0,43127.0,347770
2026-09-23,2340.0,2435.0,2280.0,2320.0,13012.0,096870
2026-09-23,3550.0,3630.0,3345.0,3375.0,604.0,054410
2026-09-23,2310.0,2335.0,2265.0,2315.0,12781.0,252500
2026-09-23,0.0,0.0,0.0,2290.0,0.0,214610
2026-09-23,3605.0,3870.0,3500.0,3515.0,9369.0,342870
2026-09-23,1273.0,1294.0,1240.0,1294.0,2395.0,056730
2026-09-23,1171.0,1184.0,1165.0,1171.0,28190.0,050760
2026-09-23,2880.0,2885.0,2715.0,2750.0,15644.0,018620
2026-09-23,890.0,902.0,870.0,876.0,38239.0,083470
2026-09-23,1613.0,1620.0,1551.0,1571.0,46729.0,115610
2026-09-23,1315.0,1331.0,1305.0,1312.0,7333.0,196700
2026-09-23,3885.0,4065.0,3825.0,4010.0,2438.0,279600
2026-09-23,1463.0,1476.0,1430.0,1436.0,87979.0,023790
2026-09-23,0.0,0.0,0.0,6930.0,0.0,031860
2026-09-23,2540.0,2545.0,2320.0,2460.0,19866.0,051780
2026-09-23,1149.0,1153.0,1130.0,1149.0,22905.0,195990
2026-09-23,2550.0,2645.0,2540.0,2540.0,8905.0,365900
2026-09-23,1520.0,1578.0,1503.0,1573.0,11747.0,014100
2026-09-23,3605.0,3715.0,3300.0,3430.0,16834.0,405000
2026-09-23,3130.0,3187.0,2850.0,3090.0,21415.0,419540
2026-09-23,2030.0,2130.0,1910.0,2035.0,11352.0,110020
2026-09-23,3120.0,3120.0,3050.0,3070.0,11947.0,065060
2026-09-23,1258.0,1290.0,1204.0,1238.0,91934.0,455180
2026-09-23,1854.0,1879.0,1835.0,1844.0,12880.0,137940
2026-09-23,1848.0,1984.0,1815.0,1872.0,133391.0,210120
2026-09-23,5030.0,5200.0,4930.0,5080.0,19830.0,009620
2026-09-23,3500.0,3515.0,3370.0,3370.0,4719.0,037400
2026-09-23,3060.0,3070.0,2670.0,2715.0,126227.0,060900
2026-09-23,847.0,847.0,695.0,739.0,244610.0,050090
2026-09-23,1592.0,1609.0,1500.0,1568.0,126165.0,060480
2026-09-23,0.0,0.0,0.0,1040.0,0.0,900120
2026-09-23,1921.0,1921.0,1909.0,1916.0,371163.0,0197V0
2026-09-23,1000.0,1011.0,991.0,993.0,54186.0,373110
2026-09-23,1187.0,1242.0,1091.0,1217.0,962688.0,291810
2026-09-23,5120.0,5120.0,4925.0,5080.0,538.0,335870
2026-09-23,0.0,0.0,0.0,2055.0,0.0,482680
2026-09-23,2095.0,2130.0,2000.0,2110.0,5961.0,088290
2026-09-23,0.0,0.0,0.0,6040.0,0.0,241820
2026-09-23,3285.0,3290.0,2670.0,2715.0,148721.0,078860
2026-09-23,2075.0,2075.0,2070.0,2075.0,5613.0,477380
2026-09-23,1308.0,1350.0,1188.0,1201.0,116197.0,079950
2026-09-23,1994.0,1995.0,1903.0,1906.0,5854147.0,0200G0
2026-09-23,2695.0,2750.0,2660.0,2670.0,33139.0,034940
2026-09-23,1161.0,1175.0,1161.0,1175.0,261342.0,289010
2026-09-23,3215.0,3285.0,3150.0,3190.0,30522.0,225590
2026-09-23,858.0,869.0,831.0,840.0,29013.0,309930
2026-09-23,4595.0,4780.0,4335.0,4465.0,79458.0,285800
2026-09-23,1583.0,1606.0,1520.0,1540.0,31847.0,376930
2026-09-23,2020.0,2020.0,1950.0,1978.0,34866.0,009730
2026-09-23,1420.0,1442.0,1400.0,1422.0,16853.0,065650
2026-09-23,1965.0,1975.0,1960.0,1963.0,33422.0,0072Z0
2026-09-23,2055.0,2060.0,2055.0,2060.0,46280.0,477340
2026-09-23,1992.0,1992.0,1975.0,1981.0,3610.0,0130H0
2026-09-23,1970.0,1982.0,1963.0,1964.0,2066.0,0101C0
2026-09-23,2245.0,2355.0,2090.0,2115.0,29695.0,103230
2026-09-23,0.0,0.0,0.0,973.0,0.0,030350
2026-09-23,1540.0,1540.0,1469.0,1500.0,36789.0,177350
2026-09-23,1987.0,1987.0,1970.0,1979.0,4686.0,0044K0
2026-09-23,2760.0,2800.0,2570.0,2600.0,43688.0,377220
2026-09-23,2100.0,2105.0,2100.0,2100.0,145307.0,473050
2026-09-23,1280.0,1510.0,1100.0,1510.0,472203.0,101000
2026-09-23,1995.0,1995.0,1975.0,1976.0,6633.0,0115H0
2026-09-23,0.0,0.0,0.0,2200.0,0.0,489480
2026-09-23,1582.0,1582.0,1554.0,1559.0,6899.0,306040
2026-09-23,2295.0,2750.0,2250.0,2700.0,53573.0,239340
2026-09-23,2060.0,2070.0,2055.0,2055.0,2015.0,478440
2026-09-23,2590.0,2590.0,2460.0,2510.0,15365.0,475460
2026-09-23,2075.0,2075.0,2060.0,2060.0,8690.0,479880
2026-09-23,1933.0,1944.0,1925.0,1934.0,39958.0,0165X0
2026-09-23,2765.0,2900.0,2680.0,2755.0,173106.0,092600
2026-09-23,1962.0,1979.0,1961.0,1963.0,17481.0,0099W0
2026-09-23,1915.0,1916.0,1895.0,1900.0,3163205.0,0209J0
2026-09-23,0.0,0.0,0.0,561.0,0.0,304840
2026-09-23,0.0,0.0,0.0,5250.0,0.0,352770
2026-09-23,0.0,0.0,0.0,1651.0,0.0,244460
2026-09-23,1967.0,1983.0,1966.0,1973.0,15896.0,0134X0
2026-09-23,1950.0,1954.0,1942.0,1954.0,39245.0,0164H0
2026-09-23,2070.0,2070.0,2060.0,2070.0,12115.0,481890
2026-09-23,655.0,680.0,645.0,660.0,217952.0,418620
2026-09-23,0.0,0.0,0.0,2180.0,0.0,0099X0
2026-09-23,1463.0,1463.0,1314.0,1414.0,83346.0,303030
2026-09-23,699.0,699.0,622.0,693.0,205232.0,035620
2026-09-23,1984.0,1987.0,1963.0,1964.0,4725.0,0096B0
2026-09-23,3960.0,3960.0,3420.0,3695.0,140682.0,006050
2026-09-23,2035.0,2035.0,2025.0,2030.0,942.0,489730
2026-09-23,2075.0,2075.0,2060.0,2060.0,34432.0,478390
2026-09-23,1961.0,1968.0,1961.0,1962.0,2810.0,0097F0
2026-09-23,0.0,0.0,0.0,2295.0,0.0,054180
2026-09-23,1422.0,1422.0,1283.0,1320.0,64187.0,079190
2026-09-23,5120.0,5560.0,5120.0,5220.0,7652.0,028080
2026-09-23,0.0,0.0,0.0,2065.0,0.0,482520
2026-09-23,1398.0,1742.0,1252.0,1539.0,537651.0,067770
2026-09-23,2040.0,2040.0,2020.0,2020.0,3319.0,492220
2026-09-23,1975.0,1975.0,1950.0,1955.0,23094.0,0093G0
2026-09-23,1988.0,1988.0,1975.0,1976.0,15111.0,0037T0
2026-09-23,1965.0,1980.0,1950.0,1978.0,41249.0,0131D0
2026-09-23,1998.0,1999.0,1990.0,1992.0,2386.0,0054V0
2026-09-23,0.0,0.0,0.0,764.0,0.0,065570
2026-09-23,2035.0,2035.0,2020.0,2020.0,127.0,0091W0
2026-09-23,2070.0,2070.0,2060.0,2065.0,1197.0,477760
2026-09-23,1993.0,1995.0,1981.0,1990.0,4668.0,0132G0
2026-09-23,1982.0,1983.0,1970.0,1970.0,5580.0,0041L0
2026-09-23,2050.0,2070.0,2035.0,2045.0,11997.0,0088D0
2026-09-23,2095.0,2095.0,2090.0,2090.0,24193.0,469900
2026-09-23,867.0,894.0,867.0,877.0,11528.0,060260
2026-09-23,2065.0,2070.0,2055.0,2065.0,39170.0,482690
2026-09-23,1309.0,1325.0,1273.0,1286.0,113193.0,354200
2026-09-23,2080.0,2085.0,2075.0,2075.0,10964.0,474660
2026-09-23,2075.0,2080.0,2075.0,2075.0,6304.0,474490
2026-09-23,2030.0,2030.0,2010.0,2015.0,5923.0,487360
2026-09-23,1970.0,1981.0,1970.0,1971.0,3074.0,0071M0
2026-09-23,2080.0,2080.0,2070.0,2070.0,57.0,477470
2026-09-23,1260.0,1470.0,1256.0,1309.0,579411.0,131760
2026-09-23,1987.0,1999.0,1986.0,1990.0,98.0,0105P0
2026-09-23,2000.0,2005.0,1982.0,1984.0,5116.0,496070
2026-09-23,880.0,920.0,768.0,799.0,255576.0,208640
2026-09-23,1964.0,1972.0,1964.0,1964.0,2305.0,0129K0
2026-09-23,2040.0,2050.0,2040.0,2045.0,13060.0,486630
2026-09-23,1984.0,1984.0,1962.0,1971.0,2044.0,0096D0
2026-09-23,1992.0,1993.0,1983.0,1983.0,7441.0,0098T0
2026-09-23,2015.0,2020.0,2010.0,2012.0,1992.0,493790
2026-09-23,2000.0,2000.0,1990.0,1999.0,15104.0,0004Y0
2026-09-23,2050.0,2050.0,2030.0,2035.0,484.0,489210
2026-09-23,0.0,0.0,0.0,520.0,0.0,043100
2026-09-23,1957.0,1966.0,1952.0,1952.0,1948.0,0130D0
2026-09-23,2055.0,2065.0,2050.0,2050.0,9078.0,478110
2026-09-23,2005.0,2010.0,1960.0,2010.0,5490.0,466690
2026-09-23,0.0,0.0,0.0,538.0,0.0,305090
2026-09-23,0.0,0.0,0.0,2035.0,0.0,498390
2026-09-23,2015.0,2015.0,2000.0,2000.0,5064.0,0041B0
2026-09-23,471.0,509.0,464.0,472.0,97454.0,142760
2026-09-23,2050.0,2050.0,2030.0,2040.0,6569.0,488060
2026-09-23,0.0,0.0,0.0,1650.0,0.0,106080
2026-09-23,900.0,931.0,868.0,888.0,73406.0,065770
2026-09-23,418.0,437.0,413.0,422.0,305304.0,012340
2026-09-23,1125.0,1190.0,963.0,1082.0,155933.0,240600
2026-09-23,2025.0,2030.0,2015.0,2020.0,3030.0,484130
2026-09-23,2055.0,2055.0,2050.0,2050.0,5146.0,473950
2026-09-23,0.0,0.0,0.0,2130.0,0.0,469480
2026-09-23,253.0,262.0,240.0,245.0,1028101.0,288980
2026-09-23,0.0,0.0,0.0,2080.0,0.0,468760
2026-09-23,2040.0,2040.0,2020.0,2020.0,1934.0,487830
2026-09-23,2105.0,2105.0,2100.0,2100.0,70070.0,472230
2026-09-23,2040.0,2040.0,2030.0,2030.0,8199.0,487720
2026-09-23,1977.0,1977.0,1960.0,1968.0,43229.0,0068Y0
2026-09-23,1709.0,1771.0,1678.0,1680.0,23298.0,001000
2026-09-23,5960.0,5960.0,5810.0,5890.0,253.0,03481K
2026-09-23,1992.0,1992.0,1974.0,1974.0,66.0,0041J0
2026-09-23,0.0,0.0,0.0,247.0,0.0,087260
2026-09-23,2085.0,2085.0,2080.0,2080.0,34.0,475250
2026-09-23,0.0,0.0,0.0,596.0,0.0,079970
2026-09-23,277.0,340.0,277.0,296.0,2900275.0,308100
2026-09-23,2095.0,2095.0,2090.0,2090.0,59.0,474930
2026-09-23,0.0,0.0,0.0,940.0,0.0,065420
2026-09-23,0.0,0.0,0.0,327.0,0.0,276040
2026-09-23,2080.0,2080.0,2075.0,2075.0,10137.0,473000
2026-09-23,2085.0,2090.0,2080.0,2085.0,43608.0,475240
2026-09-23,886.0,999.0,856.0,877.0,89329.0,250930
2026-09-23,812.0,1041.0,810.0,1041.0,786825.0,900100
2026-09-23,0.0,0.0,0.0,205.0,0.0,044180
2026-09-23,0.0,0.0,0.0,468.0,0.0,313760
2026-09-23,910.0,910.0,830.0,864.0,44734.0,058450
2026-09-23,0.0,0.0,0.0,312.0,0.0,052770
2026-09-23,0.0,0.0,0.0,698.0,0.0,225430
2026-09-23,0.0,0.0,0.0,1059.0,0.0,025870
2026-09-23,250.0,250.0,206.0,210.0,2473129.0,084180
2026-09-23,795.0,1010.0,750.0,772.0,258078.0,199730
2026-09-23,501.0,635.0,501.0,510.0,3347270.0,011080
2026-09-23,450.0,473.0,214.0,214.0,2894073.0,196490
2026-09-23,145.0,145.0,93.0,93.0,4856160.0,312610
2026-09-23,0.0,0.0,0.0,384.0,0.0,035290
2026-09-23,2180.0,2180.0,2050.0,2100.0,2988.0,021045
2026-09-23,6530.0,6530.0,6020.0,6030.0,1736.0,032685
