date,open,high,low,close,volume,code
2026-09-28,284500.0,285500.0,271000.0,271500.0,16429327.0,005930
2026-09-28,1825000.0,1840000.0,1769000.0,1780000.0,2667350.0,000660
2026-09-28,216500.0,217500.0,206500.0,207000.0,5382289.0,005935
2026-09-28,1201000.0,1201000.0,1093000.0,1093000.0,605518.0,402340
2026-09-28,1552000.0,1587000.0,1475000.0,1501000.0,580378.0,009150
2026-09-28,352000.0,368000.0,350500.0,364500.0,280818.0,373220
2026-09-28,357000.0,358000.0,353500.0,355000.0,363558.0,005380
2026-09-28,1367000.0,1406000.0,1366000.0,1397000.0,41599.0,207940
2026-09-28,171000.0,175200.0,170200.0,174200.0,669201.0,105560
2026-09-28,296000.0,302000.0,289000.0,295500.0,278356.0,032830
2026-09-28,366500.0,366500.0,344000.0,345000.0,320853.0,028260
2026-09-28,1015000.0,1054000.0,1008000.0,1037000.0,90842.0,012450
2026-09-28,82600.0,83000.0,80900.0,81500.0,1325497.0,034020
2026-09-28,108800.0,112200.0,108800.0,111300.0,778342.0,055550
2026-09-28,445000.0,447000.0,439500.0,440500.0,83360.0,329180
2026-09-28,116600.0,118400.0,115600.0,117100.0,853069.0,000270
2026-09-28,525000.0,540000.0,524000.0,533000.0,282583.0,006400
2026-09-28,612000.0,618000.0,571000.0,580000.0,132932.0,034730
2026-09-28,178400.0,180700.0,177600.0,178300.0,211772.0,068270
2026-09-28,133900.0,135300.0,132000.0,135100.0,488325.0,086790
2026-09-28,214500.0,220000.0,212000.0,214500.0,676493.0,066570
2026-09-28,369000.0,379000.0,369000.0,373500.0,169996.0,012330
2026-09-28,207000.0,209500.0,201000.0,203000.0,247898.0,010120
2026-09-28,195700.0,200500.0,194300.0,197300.0,566406.0,035420
2026-09-28,655000.0,668000.0,642000.0,661000.0,53793.0,000810
2026-09-28,36400.0,36700.0,35650.0,36250.0,1394171.0,316140
2026-09-28,148500.0,161200.0,147600.0,157700.0,1028700.0,096770
2026-09-28,2925000.0,2925000.0,2771000.0,2782000.0,33308.0,298040
2026-09-28,310500.0,318000.0,308500.0,315500.0,132391.0,005490
2026-09-28,700000.0,709000.0,689000.0,693000.0,83308.0,267260
2026-09-28,80800.0,81500.0,79800.0,80000.0,384288.0,042660
2026-09-28,338000.0,341000.0,331500.0,333000.0,79806.0,009540
2026-09-28,1519000.0,1535000.0,1413000.0,1421000.0,73022.0,000150
2026-09-28,1114000.0,1115000.0,1094000.0,1095000.0,11146.0,010130
2026-09-28,240500.0,245000.0,234000.0,234500.0,280045.0,042700
2026-09-28,126700.0,133600.0,125600.0,133300.0,224068.0,138040
2026-09-28,20850.0,21350.0,20850.0,21250.0,542345.0,011200
2026-09-28,30350.0,30900.0,30000.0,30700.0,1017422.0,015760
2026-09-28,87700.0,89900.0,87400.0,87700.0,376736.0,017670
2026-09-28,251000.0,264000.0,249000.0,263000.0,154165.0,051910
2026-09-28,155900.0,164800.0,155800.0,161450.0,357449.0,010950
2026-09-28,174300.0,176800.0,173700.0,174800.0,159653.0,033780
2026-09-28,20400.0,20550.0,20050.0,20100.0,1684884.0,010140
2026-09-28,32100.0,32150.0,31450.0,31700.0,511039.0,006800
2026-09-28,115000.0,115500.0,112700.0,113400.0,135975.0,003550
2026-09-28,220000.0,222000.0,218000.0,218000.0,71408.0,018260
2026-09-28,206000.0,214000.0,203000.0,210500.0,129181.0,267250
2026-09-28,20300.0,20950.0,20300.0,20750.0,838197.0,024110
2026-09-28,180000.0,186300.0,179200.0,185000.0,320411.0,003670
2026-09-28,693000.0,704000.0,680000.0,697000.0,47228.0,079550
2026-09-28,33550.0,34500.0,33500.0,34100.0,841547.0,035720
2026-09-28,198100.0,202000.0,198000.0,198300.0,105657.0,086280
2026-09-28,121900.0,126800.0,118900.0,124500.0,600616.0,000720
2026-09-28,369500.0,377500.0,364500.0,368500.0,129909.0,278470
2026-09-28,566000.0,599000.0,563000.0,580000.0,388450.0,011070
2026-09-28,73900.0,75100.0,71300.0,72200.0,381575.0,272210
2026-09-28,52600.0,53400.0,52500.0,52600.0,190771.0,030200
2026-09-28,128100.0,131500.0,126300.0,129900.0,148268.0,047810
2026-09-28,116000.0,119400.0,113500.0,116200.0,324123.0,064350
2026-09-28,186900.0,192800.0,183700.0,191600.0,123670.0,005830
2026-09-28,31400.0,31550.0,30800.0,31450.0,2262337.0,003490
2026-09-28,239000.0,247000.0,237000.0,244000.0,42034.0,443060
2026-09-28,111000.0,117400.0,110200.0,113900.0,372565.0,078930
2026-09-28,380500.0,384500.0,372500.0,375000.0,22267.0,307950
2026-09-28,186400.0,186400.0,181500.0,181800.0,128622.0,071050
2026-09-28,55600.0,58000.0,54800.0,56900.0,439572.0,047050
2026-09-28,49450.0,50600.0,48050.0,50000.0,1366792.0,028050
2026-09-28,19960.0,20450.0,19950.0,20400.0,707047.0,323410
2026-09-28,318000.0,324500.0,310500.0,311500.0,90723.0,006260
2026-09-28,26050.0,26150.0,25650.0,25950.0,281364.0,005940
2026-09-28,141000.0,143800.0,139300.0,140600.0,63991.0,180640
2026-09-28,198200.0,203000.0,197100.0,201500.0,61007.0,259960
2026-09-28,1214000.0,1235000.0,1202000.0,1218000.0,24746.0,003230
2026-09-28,314500.0,317500.0,299000.0,300500.0,111924.0,000500
2026-09-28,144800.0,144800.0,141100.0,142600.0,129665.0,090430
2026-09-28,118900.0,119000.0,112500.0,112500.0,619723.0,007660
2026-09-28,333500.0,341000.0,331500.0,332500.0,22985.0,0126Z0
2026-09-28,91200.0,91300.0,88100.0,88700.0,217537.0,016360
2026-09-28,17640.0,19240.0,17350.0,18770.0,11893257.0,047040
2026-09-28,30400.0,33750.0,30350.0,33400.0,9524883.0,009830
2026-09-28,57200.0,59600.0,56700.0,59500.0,203756.0,161390
2026-09-28,99800.0,101400.0,98800.0,100900.0,86758.0,021240
2026-09-28,130100.0,135200.0,130000.0,132300.0,58430.0,000880
2026-09-28,158200.0,165600.0,158200.0,161700.0,241152.0,352820
2026-09-28,70100.0,71500.0,69800.0,69900.0,386222.0,064400
2026-09-28,264500.0,265000.0,254000.0,256500.0,69844.0,039490
2026-09-28,520000.0,521000.0,498500.0,501000.0,62362.0,128940
2026-09-28,14780.0,14830.0,14640.0,14770.0,644478.0,032640
2026-09-28,180500.0,181400.0,177100.0,180800.0,115576.0,005387
2026-09-28,207500.0,210000.0,199900.0,200000.0,162171.0,062040
2026-09-28,124600.0,129100.0,121400.0,123500.0,1246161.0,353200
2026-09-28,130100.0,132900.0,127500.0,128000.0,175415.0,267270
2026-09-28,76300.0,77000.0,75900.0,76100.0,63076.0,326030
2026-09-28,31300.0,31300.0,29900.0,29950.0,1849124.0,001440
2026-09-28,30100.0,31400.0,30050.0,31150.0,320584.0,175330
2026-09-28,59000.0,59000.0,57600.0,58300.0,130424.0,241560
2026-09-28,130500.0,131700.0,126900.0,127500.0,248322.0,000990
2026-09-28,40550.0,41450.0,40200.0,41150.0,144412.0,377300
2026-09-28,74500.0,75300.0,73600.0,74600.0,161820.0,000100
2026-09-28,15960.0,16520.0,15820.0,16470.0,597155.0,138930
2026-09-28,5650.0,5900.0,5620.0,5800.0,2258928.0,088350
2026-09-28,42700.0,43500.0,42250.0,43200.0,148084.0,029780
2026-09-28,129600.0,130900.0,126000.0,126100.0,222775.0,052690
2026-09-28,9820.0,9900.0,9720.0,9890.0,713530.0,088980
2026-09-28,109600.0,117900.0,109000.0,114300.0,425755.0,066970
2026-09-28,212500.0,220000.0,212500.0,215500.0,50912.0,036570
2026-09-28,91000.0,93300.0,90000.0,91500.0,142503.0,011790
2026-09-28,71100.0,71200.0,69100.0,69300.0,205269.0,454910
2026-09-28,110000.0,112000.0,108500.0,111200.0,63592.0,271560
2026-09-28,292500.0,299000.0,286000.0,290500.0,52159.0,051900
2026-09-28,216500.0,234000.0,216500.0,228000.0,506938.0,010060
2026-09-28,8490.0,8580.0,8270.0,8450.0,2562382.0,034220
2026-09-28,47500.0,50200.0,46400.0,48900.0,414312.0,001450
2026-09-28,30900.0,31300.0,30200.0,31100.0,1073449.0,004020
2026-09-28,475000.0,481000.0,465500.0,479000.0,12183.0,002380
2026-09-28,176200.0,180700.0,175700.0,179900.0,50712.0,005385
2026-09-28,48000.0,49000.0,47500.0,47550.0,256318.0,082740
2026-09-28,130500.0,135800.0,129500.0,134700.0,100527.0,001040
2026-09-28,83000.0,84000.0,79800.0,82300.0,432040.0,103590
2026-09-28,52500.0,53500.0,51300.0,52400.0,88086.0,008930
2026-09-28,146000.0,151100.0,145600.0,148800.0,103040.0,161890
2026-09-28,3245.0,3330.0,3225.0,3285.0,2430873.0,018880
2026-09-28,35250.0,35550.0,35100.0,35350.0,57514.0,036460
2026-09-28,349000.0,354000.0,342500.0,342500.0,40547.0,004170
2026-09-28,80300.0,83400.0,78200.0,82300.0,275215.0,375500
2026-09-28,69700.0,71800.0,69500.0,71500.0,31469.0,111770
2026-09-28,83300.0,83700.0,81500.0,82900.0,82257.0,012750
2026-09-28,14380.0,14500.0,14270.0,14420.0,187590.0,035250
2026-09-28,20050.0,20500.0,19810.0,20200.0,170277.0,022100
2026-09-28,270500.0,277000.0,268000.0,271000.0,40770.0,192820
2026-09-28,48700.0,49300.0,46100.0,46400.0,372286.0,336260
2026-09-28,5600.0,5810.0,5590.0,5670.0,1357625.0,028670
2026-09-28,34500.0,36600.0,33850.0,35500.0,1369565.0,006360
2026-09-28,41800.0,43150.0,41500.0,43000.0,57127.0,031210
2026-09-28,17820.0,18920.0,17810.0,18830.0,401485.0,139130
2026-09-28,117000.0,119600.0,115400.0,118400.0,47595.0,011780
2026-09-28,47900.0,50700.0,47150.0,50300.0,150541.0,007340
2026-09-28,34400.0,35500.0,34300.0,35350.0,120062.0,251270
2026-09-28,104000.0,104500.0,101700.0,102000.0,75899.0,023530
2026-09-28,73800.0,74300.0,73100.0,73700.0,61430.0,017800
2026-09-28,35750.0,36850.0,35500.0,36300.0,59637.0,302440
2026-09-28,176300.0,179500.0,175300.0,178500.0,45371.0,097950
2026-09-28,68300.0,69900.0,67500.0,69300.0,30061.0,383220
2026-09-28,60000.0,62900.0,58100.0,62000.0,170032.0,011170
2026-09-28,163900.0,164500.0,157700.0,158000.0,17826.0,004800
2026-09-28,19520.0,19820.0,19190.0,19390.0,53298.0,085620
2026-09-28,14640.0,14930.0,14610.0,14850.0,141155.0,003690
2026-09-28,237000.0,241000.0,232000.0,239000.0,45984.0,014680
2026-09-28,25400.0,25850.0,25350.0,25600.0,37393.0,026960
2026-09-28,34950.0,36500.0,34400.0,35800.0,320369.0,450080
2026-09-28,24400.0,24650.0,24300.0,24450.0,65940.0,004990
2026-09-28,390000.0,398500.0,386500.0,397500.0,14013.0,004370
2026-09-28,24650.0,25250.0,24350.0,25050.0,51641.0,000240
2026-09-28,48400.0,50700.0,48400.0,50600.0,80146.0,005850
2026-09-28,47550.0,47550.0,46250.0,46300.0,101085.0,489790
2026-09-28,13090.0,13290.0,12680.0,12700.0,340295.0,005440
2026-09-28,138500.0,141300.0,136600.0,140900.0,5636.0,001720
2026-09-28,182200.0,189800.0,180600.0,184800.0,74316.0,483650
2026-09-28,133700.0,134600.0,130000.0,133100.0,38267.0,282330
2026-09-28,42150.0,44450.0,41600.0,43450.0,401841.0,009420
2026-09-28,239000.0,245000.0,237500.0,240500.0,3126.0,018670
2026-09-28,5340.0,5520.0,5320.0,5490.0,563466.0,279570
2026-09-28,40150.0,44700.0,39800.0,42450.0,353539.0,020150
2026-09-28,50100.0,54200.0,49200.0,52700.0,415052.0,112610
2026-09-28,77400.0,79300.0,76200.0,77900.0,50447.0,103140
2026-09-28,45500.0,47050.0,45350.0,46400.0,179243.0,204320
2026-09-28,165600.0,168000.0,164300.0,167400.0,6870.0,009970
2026-09-28,45550.0,46500.0,45000.0,46100.0,60868.0,051600
2026-09-28,17770.0,17900.0,17670.0,17820.0,193563.0,030000
2026-09-28,26300.0,26850.0,26250.0,26700.0,57088.0,002790
2026-09-28,38100.0,38950.0,37950.0,38100.0,72443.0,081660
2026-09-28,71700.0,72300.0,71000.0,71900.0,54249.0,139480
2026-09-28,6550.0,6950.0,6550.0,6840.0,1308736.0,073240
2026-09-28,64000.0,66400.0,63100.0,64600.0,131022.0,457190
2026-09-28,95800.0,96300.0,90100.0,90500.0,122705.0,069960
2026-09-28,496000.0,509000.0,476500.0,481000.0,13112.0,000155
2026-09-28,22850.0,23150.0,22650.0,22950.0,112907.0,007070
2026-09-28,63700.0,64800.0,61600.0,62200.0,146817.0,229640
2026-09-28,31150.0,31700.0,31150.0,31450.0,16699.0,462870
2026-09-28,56900.0,57300.0,55400.0,56200.0,104055.0,181710
2026-09-28,49550.0,50000.0,49100.0,49350.0,30969.0,089860
2026-09-28,50900.0,52600.0,50800.0,51600.0,720765.0,475150
2026-09-28,45600.0,46150.0,45350.0,45550.0,14500.0,439260
2026-09-28,8390.0,8440.0,8220.0,8420.0,70034.0,020560
2026-09-28,39200.0,39250.0,38350.0,38950.0,24637.0,023590
2026-09-28,54500.0,56500.0,54200.0,56000.0,89264.0,120110
2026-09-28,86000.0,88000.0,83000.0,84300.0,143134.0,281820
2026-09-28,49150.0,49850.0,48500.0,48850.0,91508.0,071970
2026-09-28,66400.0,71500.0,65500.0,69000.0,1641115.0,007810
2026-09-28,70100.0,71200.0,69700.0,70600.0,27526.0,000120
2026-09-28,44400.0,46850.0,44200.0,44600.0,167790.0,001430
2026-09-28,35250.0,36100.0,35050.0,36000.0,22467.0,006040
2026-09-28,40250.0,40600.0,40050.0,40450.0,87111.0,008770
2026-09-28,40400.0,41450.0,40050.0,40850.0,50011.0,001120
2026-09-28,5370.0,5390.0,5200.0,5250.0,249389.0,395400
2026-09-28,23350.0,23800.0,23350.0,23600.0,133888.0,294870
2026-09-28,25450.0,26350.0,24950.0,26000.0,56330.0,012630
2026-09-28,13950.0,14520.0,13730.0,14070.0,2379272.0,093370
2026-09-28,150100.0,151900.0,143500.0,145000.0,488487.0,001820
2026-09-28,524000.0,535000.0,511000.0,517000.0,23614.0,009155
2026-09-28,17010.0,18540.0,16850.0,18240.0,497224.0,361610
2026-09-28,52600.0,54700.0,52500.0,54300.0,48566.0,011210
2026-09-28,41750.0,46300.0,41400.0,44100.0,343999.0,005070
2026-09-28,23650.0,24250.0,23450.0,24050.0,36024.0,001800
2026-09-28,123400.0,124800.0,122600.0,122800.0,10808.0,006280
2026-09-28,122400.0,131500.0,122400.0,125600.0,450362.0,322000
2026-09-28,309500.0,316500.0,306500.0,312500.0,5007.0,298020
2026-09-28,14710.0,15170.0,14600.0,14890.0,207436.0,097230
2026-09-28,10610.0,10700.0,10470.0,10470.0,184851.0,00680K
2026-09-28,312000.0,322000.0,312000.0,320500.0,3726.0,007310
2026-09-28,72400.0,74400.0,72200.0,73100.0,55861.0,066575
2026-09-28,106900.0,109050.0,106800.0,107800.0,9381.0,069620
2026-09-28,58000.0,59300.0,57600.0,58700.0,23577.0,192080
2026-09-28,26050.0,26250.0,25800.0,25950.0,27791.0,003540
2026-09-28,6080.0,6230.0,5990.0,6130.0,535336.0,001740
2026-09-28,406000.0,411000.0,402000.0,408000.0,5187.0,000815
2026-09-28,10220.0,10220.0,10000.0,10010.0,163275.0,415640
2026-09-28,16020.0,16390.0,16000.0,16260.0,50486.0,300720
2026-09-28,4120.0,4145.0,4050.0,4105.0,142683.0,330590
2026-09-28,124600.0,127800.0,123000.0,126100.0,10107.0,280360
2026-09-28,10000.0,10090.0,9880.0,10020.0,11420.0,030610
2026-09-28,43100.0,44350.0,42850.0,44100.0,43656.0,004000
2026-09-28,60900.0,65000.0,60200.0,63800.0,60770.0,006120
2026-09-28,50600.0,53000.0,50500.0,52100.0,35418.0,000210
2026-09-28,15020.0,15190.0,14940.0,15090.0,57768.0,000080
2026-09-28,20350.0,20900.0,20200.0,20250.0,84521.0,017960
2026-09-28,13520.0,13580.0,13150.0,13170.0,1110520.0,006340
2026-09-28,36550.0,36900.0,35450.0,36250.0,312901.0,003160
2026-09-28,60900.0,61500.0,59500.0,59700.0,115223.0,195870
2026-09-28,910000.0,915000.0,901000.0,905000.0,487.0,003240
2026-09-28,26300.0,30650.0,25900.0,29900.0,187853.0,003570
2026-09-28,4585.0,4655.0,4500.0,4615.0,563324.0,003530
2026-09-28,27250.0,27550.0,27000.0,27350.0,9585.0,192400
2026-09-28,39650.0,41000.0,39450.0,40750.0,40475.0,009240
2026-09-28,15590.0,16360.0,15590.0,16300.0,35375.0,030190
2026-09-28,5420.0,5420.0,5250.0,5270.0,95867.0,451800
2026-09-28,11730.0,12290.0,11710.0,11810.0,282684.0,032350
2026-09-28,16050.0,16100.0,15810.0,15860.0,47611.0,003090
2026-09-28,7680.0,8060.0,7620.0,7930.0,565370.0,000370
2026-09-28,79400.0,79400.0,78200.0,78700.0,17648.0,071320
2026-09-28,114800.0,117700.0,113100.0,117000.0,13658.0,051915
2026-09-28,65400.0,65500.0,64600.0,65200.0,21610.0,185750
2026-09-28,49850.0,52300.0,49600.0,51800.0,25339.0,285130
2026-09-28,9560.0,9740.0,9540.0,9630.0,159678.0,034230
2026-09-28,95500.0,96200.0,95100.0,96000.0,12989.0,005300
2026-09-28,60700.0,61300.0,59900.0,60800.0,15511.0,009450
2026-09-28,22050.0,22650.0,21850.0,21900.0,100371.0,077970
2026-09-28,53800.0,60500.0,53600.0,58200.0,196491.0,006110
2026-09-28,5180.0,5240.0,5100.0,5190.0,292088.0,079160
2026-09-28,4425.0,4440.0,4350.0,4380.0,120517.0,003470
2026-09-28,145500.0,145500.0,141000.0,142200.0,18872.0,071055
2026-09-28,59300.0,60600.0,58500.0,59300.0,23346.0,004490
2026-09-28,43200.0,43500.0,41500.0,43000.0,56509.0,000670
2026-09-28,45600.0,49550.0,45250.0,48250.0,37623.0,036530
2026-09-28,37050.0,40350.0,37050.0,39750.0,73495.0,499790
2026-09-28,84300.0,89100.0,84300.0,88400.0,45745.0,005180
2026-09-28,3250.0,3250.0,3120.0,3165.0,288432.0,365550
2026-09-28,36500.0,37900.0,36100.0,36950.0,101723.0,100840
2026-09-28,159600.0,167000.0,159400.0,165700.0,7891.0,298050
2026-09-28,6100.0,6210.0,6070.0,6090.0,105091.0,137310
2026-09-28,12700.0,12750.0,12230.0,12270.0,724795.0,005690
2026-09-28,11360.0,11830.0,11360.0,11720.0,382397.0,100090
2026-09-28,18050.0,18300.0,17910.0,18210.0,40991.0,214320
2026-09-28,25650.0,28450.0,25600.0,27300.0,243100.0,064960
2026-09-28,78000.0,82000.0,77700.0,79250.0,45819.0,456040
2026-09-28,8300.0,8380.0,8250.0,8260.0,36645.0,003850
2026-09-28,7850.0,7850.0,7540.0,7600.0,44812.0,094800
2026-09-28,48900.0,49950.0,47450.0,47750.0,66287.0,005090
2026-09-28,509000.0,530000.0,509000.0,524000.0,2200.0,002960
2026-09-28,20200.0,21150.0,19960.0,20200.0,523142.0,090460
2026-09-28,5610.0,5620.0,5520.0,5600.0,118054.0,293940
2026-09-28,16200.0,16430.0,16170.0,16380.0,41835.0,069260
2026-09-28,1987.0,2075.0,1987.0,2067.0,1181581.0,005880
2026-09-28,133500.0,133500.0,130400.0,131300.0,642.0,268280
2026-09-28,21900.0,22050.0,21500.0,21900.0,5955.0,093050
2026-09-28,91200.0,93800.0,90300.0,92700.0,4516.0,017940
2026-09-28,17820.0,18410.0,17630.0,18290.0,74512.0,001680
2026-09-28,0.0,0.0,0.0,9900.0,0.0,001570
2026-09-28,2020.0,2055.0,1990.0,2045.0,183842.0,000400
2026-09-28,93500.0,94100.0,92200.0,93600.0,5299.0,000640
2026-09-28,8090.0,8240.0,8070.0,8210.0,168409.0,383800
2026-09-28,12920.0,13300.0,12810.0,13040.0,75096.0,248070
2026-09-28,19300.0,19350.0,18920.0,19160.0,29900.0,453340
2026-09-28,26750.0,27050.0,26500.0,26650.0,16547.0,001060
2026-09-28,136800.0,138500.0,135200.0,137600.0,1785.0,002840
2026-09-28,42150.0,42600.0,41900.0,42250.0,4242.0,317450
2026-09-28,20650.0,21300.0,20600.0,21150.0,16163.0,014820
2026-09-28,90800.0,93000.0,89400.0,91700.0,24266.0,006650
2026-09-28,40150.0,40900.0,39550.0,40650.0,16007.0,00088K
2026-09-28,40950.0,41500.0,40550.0,40850.0,41695.0,079900
2026-09-28,36450.0,36900.0,35850.0,36450.0,33359.0,108320
2026-09-28,55800.0,57200.0,55700.0,56900.0,7468.0,025540
2026-09-28,26000.0,26900.0,25400.0,26500.0,56908.0,033240
2026-09-28,10460.0,11500.0,10440.0,10700.0,2487145.0,004710
2026-09-28,10060.0,10130.0,9910.0,9980.0,42218.0,075580
2026-09-28,5550.0,5690.0,5510.0,5650.0,209949.0,016380
2026-09-28,5640.0,5800.0,5570.0,5750.0,115305.0,002350
2026-09-28,9880.0,10190.0,9600.0,9610.0,1133509.0,017900
2026-09-28,18310.0,19380.0,18200.0,18840.0,53783.0,178920
2026-09-28,128200.0,130900.0,126100.0,130600.0,4289.0,00104K
2026-09-28,7650.0,8180.0,7640.0,7900.0,177268.0,336370
2026-09-28,8870.0,8920.0,8850.0,8860.0,41074.0,114090
2026-09-28,25200.0,26800.0,24800.0,26450.0,41221.0,001530
2026-09-28,23750.0,24450.0,23750.0,24350.0,10021.0,284740
2026-09-28,17850.0,17850.0,17310.0,17530.0,7290.0,003300
2026-09-28,36700.0,37450.0,36350.0,37200.0,9789.0,005810
2026-09-28,2775.0,2815.0,2710.0,2745.0,821091.0,452260
2026-09-28,2315.0,2340.0,2275.0,2300.0,1185044.0,001510
2026-09-28,8450.0,8450.0,7950.0,8020.0,872553.0,192650
2026-09-28,51000.0,51500.0,50600.0,50900.0,1124.0,001270
2026-09-28,13240.0,13490.0,13200.0,13410.0,2646.0,007700
2026-09-28,1625.0,1650.0,1600.0,1628.0,115577.0,009410
2026-09-28,6390.0,6400.0,6140.0,6160.0,1671677.0,0220W0
2026-09-28,126500.0,130100.0,126000.0,127600.0,719.0,058650
2026-09-28,2475.0,2550.0,2465.0,2530.0,336942.0,003620
2026-09-28,17800.0,18420.0,17500.0,18080.0,120173.0,484870
2026-09-28,20300.0,20350.0,20100.0,20350.0,19699.0,003545
2026-09-28,9980.0,10310.0,9940.0,10150.0,114427.0,161000
2026-09-28,7880.0,7930.0,7790.0,7840.0,45384.0,001500
2026-09-28,9230.0,9400.0,9220.0,9235.0,96035.0,019170
2026-09-28,13100.0,13120.0,12850.0,12910.0,803092.0,002990
2026-09-28,43950.0,43950.0,43100.0,43550.0,24457.0,029460
2026-09-28,4650.0,4665.0,4560.0,4655.0,17640.0,377740
2026-09-28,130100.0,132000.0,128700.0,130400.0,2884.0,004690
2026-09-28,45300.0,46250.0,45000.0,45800.0,4399.0,145990
2026-09-28,9450.0,9610.0,9250.0,9500.0,49384.0,460860
2026-09-28,14780.0,15300.0,14760.0,15040.0,73132.0,008060
2026-09-28,30500.0,30700.0,30150.0,30200.0,16484.0,039130
2026-09-28,16670.0,16790.0,16540.0,16700.0,10839.0,002240
2026-09-28,9490.0,9650.0,9420.0,9580.0,37076.0,005250
2026-09-28,58400.0,58500.0,57600.0,58000.0,6799.0,000070
2026-09-28,4860.0,4950.0,4795.0,4915.0,62550.0,448730
2026-09-28,42700.0,43000.0,41800.0,42400.0,32679.0,090435
2026-09-28,14100.0,14320.0,14050.0,14130.0,125997.0,249420
2026-09-28,11930.0,12140.0,11800.0,12130.0,13985.0,034310
2026-09-28,15050.0,15170.0,14870.0,14970.0,60044.0,010780
2026-09-28,101100.0,108000.0,100700.0,106700.0,18588.0,003030
2026-09-28,65400.0,66400.0,65400.0,66400.0,574.0,004700
2026-09-28,8060.0,8410.0,8060.0,8360.0,118076.0,009900
2026-09-28,1788.0,1835.0,1787.0,1824.0,2449575.0,003280
2026-09-28,19830.0,20400.0,19550.0,20250.0,124130.0,020000
2026-09-28,10390.0,10390.0,10130.0,10270.0,23106.0,016610
2026-09-28,23150.0,23150.0,22700.0,22850.0,30656.0,005945
2026-09-28,212500.0,212500.0,203500.0,203500.0,1970.0,002030
2026-09-28,90600.0,90700.0,89200.0,89700.0,1510.0,072710
2026-09-28,139300.0,147400.0,137600.0,146600.0,8658.0,306200
2026-09-28,60700.0,61900.0,60100.0,61000.0,7343.0,014830
2026-09-28,4290.0,4290.0,4160.0,4210.0,91488.0,357120
2026-09-28,175000.0,177100.0,174300.0,176600.0,4326.0,005389
2026-09-28,95200.0,97400.0,91100.0,96800.0,1922.0,092230
2026-09-28,10710.0,10850.0,10570.0,10710.0,2448.0,403550
2026-09-28,12310.0,12670.0,12200.0,12410.0,105822.0,130660
2026-09-28,10270.0,10780.0,10180.0,10470.0,111797.0,005420
2026-09-28,11120.0,11140.0,10990.0,11020.0,16329.0,271940
2026-09-28,4150.0,4150.0,4075.0,4125.0,183131.0,001200
2026-09-28,3970.0,4065.0,3925.0,4045.0,185741.0,003000
2026-09-28,21200.0,21650.0,21000.0,21500.0,15347.0,002810
2026-09-28,9900.0,9900.0,9600.0,9690.0,5657.0,016590
2026-09-28,14800.0,14800.0,14500.0,14710.0,9915.0,015360
2026-09-28,23800.0,24150.0,23250.0,24000.0,5171.0,344820
2026-09-28,39250.0,39750.0,39000.0,39100.0,5812.0,029530
2026-09-28,9890.0,10330.0,9660.0,9680.0,544769.0,317400
2026-09-28,10660.0,10660.0,10360.0,10410.0,29319.0,183190
2026-09-28,26400.0,26900.0,26050.0,26350.0,4032.0,001940
2026-09-28,12700.0,12840.0,12600.0,12730.0,7829.0,194370
2026-09-28,10350.0,10680.0,10350.0,10490.0,49322.0,031430
2026-09-28,9570.0,9820.0,9570.0,9690.0,73711.0,006220
2026-09-28,3360.0,3370.0,3330.0,3355.0,46389.0,126560
2026-09-28,4515.0,4600.0,4410.0,4535.0,131819.0,089590
2026-09-28,14830.0,15180.0,14610.0,14660.0,57264.0,008730
2026-09-28,5990.0,6190.0,5990.0,6030.0,21821.0,950210
2026-09-28,17000.0,18500.0,16800.0,17770.0,343876.0,011930
2026-09-28,83800.0,88900.0,83800.0,88800.0,42092.0,010955
2026-09-28,13110.0,13840.0,13030.0,13760.0,276448.0,092790
2026-09-28,3720.0,3745.0,3680.0,3740.0,39750.0,027410
2026-09-28,36800.0,38450.0,36800.0,38200.0,17444.0,007690
2026-09-28,48050.0,49450.0,47300.0,47500.0,32263.0,0120G0
2026-09-28,1715.0,1772.0,1682.0,1749.0,843902.0,012030
2026-09-28,39000.0,39350.0,38300.0,39050.0,6746.0,060980
2026-09-28,15850.0,16240.0,15320.0,15390.0,482955.0,003350
2026-09-28,7030.0,7180.0,6950.0,7040.0,64742.0,015860
2026-09-28,212000.0,218000.0,210500.0,214000.0,3300.0,006405
2026-09-28,9400.0,9530.0,9330.0,9480.0,12200.0,104700
2026-09-28,400000.0,405000.0,386500.0,386500.0,281.0,000157
2026-09-28,8570.0,8630.0,8530.0,8570.0,38273.0,105630
2026-09-28,34450.0,35000.0,34200.0,34900.0,3340.0,170900
2026-09-28,14310.0,14540.0,13800.0,13960.0,503327.0,217590
2026-09-28,38900.0,39450.0,38550.0,38950.0,1241.0,005610
2026-09-28,8910.0,8910.0,8710.0,8790.0,12377.0,017810
2026-09-28,25050.0,25500.0,25050.0,25200.0,9875.0,011760
2026-09-28,241500.0,243000.0,225500.0,227000.0,16885.0,02826K
2026-09-28,2130.0,2195.0,2075.0,2130.0,461995.0,001230
2026-09-28,6400.0,6550.0,6330.0,6540.0,136730.0,009290
2026-09-28,7620.0,8750.0,7600.0,8740.0,321072.0,020120
2026-09-28,8360.0,8390.0,8160.0,8210.0,53769.0,002310
2026-09-28,18490.0,18950.0,18000.0,18500.0,33702.0,097520
2026-09-28,36450.0,37300.0,36350.0,37200.0,8629.0,145720
2026-09-28,4330.0,4380.0,4280.0,4330.0,44242.0,096760
2026-09-28,9300.0,9410.0,9120.0,9320.0,13637.0,024720
2026-09-28,6330.0,6620.0,6320.0,6530.0,92802.0,381970
2026-09-28,4745.0,4815.0,4720.0,4795.0,56513.0,009160
2026-09-28,6070.0,6160.0,5880.0,6030.0,61678.0,272450
2026-09-28,24000.0,24550.0,23800.0,24200.0,17974.0,002020
2026-09-28,7880.0,8060.0,7740.0,7930.0,28049.0,026890
2026-09-28,21500.0,21650.0,21250.0,21450.0,9319.0,126720
2026-09-28,6080.0,6180.0,6010.0,6160.0,127701.0,025860
2026-09-28,11260.0,11760.0,11150.0,11610.0,101024.0,002710
2026-09-28,6310.0,6410.0,6200.0,6230.0,218106.0,010820
2026-09-28,2425.0,2475.0,2420.0,2465.0,156770.0,123890
2026-09-28,32900.0,33850.0,32350.0,33350.0,12935.0,108670
2026-09-28,2700.0,2895.0,2590.0,2660.0,2097319.0,010580
2026-09-28,4900.0,4930.0,4705.0,4775.0,86485.0,000430
2026-09-28,11010.0,11250.0,11010.0,11200.0,12695.0,018250
2026-09-28,10910.0,10990.0,10810.0,10950.0,18897.0,200880
2026-09-28,12640.0,13030.0,12350.0,12930.0,13758.0,244920
2026-09-28,19300.0,19300.0,19000.0,19220.0,15589.0,001750
2026-09-28,22200.0,22200.0,21500.0,21650.0,3321.0,003120
2026-09-28,1135.0,1141.0,1122.0,1132.0,268022.0,034830
2026-09-28,10680.0,11020.0,10550.0,10850.0,216339.0,005950
2026-09-28,9030.0,9290.0,8770.0,8880.0,2664045.0,004310
2026-09-28,5390.0,5450.0,5370.0,5400.0,15647.0,005720
2026-09-28,4210.0,4310.0,4160.0,4265.0,72706.0,001390
2026-09-28,7750.0,7870.0,7710.0,7810.0,17935.0,084690
2026-09-28,84800.0,89100.0,84200.0,88900.0,6972.0,005430
2026-09-28,17750.0,17760.0,17570.0,17670.0,17568.0,033270
2026-09-28,11900.0,12650.0,11610.0,12450.0,391931.0,044450
2026-09-28,8390.0,8420.0,8300.0,8340.0,68284.0,122900
2026-09-28,4560.0,4685.0,4530.0,4600.0,107326.0,058430
2026-09-28,11280.0,11570.0,11260.0,11490.0,60076.0,004430
2026-09-28,6580.0,6740.0,6540.0,6660.0,125299.0,002900
2026-09-28,13760.0,14130.0,13560.0,13640.0,212013.0,105840
2026-09-28,7810.0,8070.0,7760.0,8070.0,9591.0,084010
2026-09-28,24500.0,24550.0,23650.0,23700.0,859.0,016800
2026-09-28,2635.0,2690.0,2550.0,2655.0,45515.0,091810
2026-09-28,54500.0,54800.0,54000.0,54400.0,4587.0,017390
2026-09-28,10660.0,10930.0,10510.0,10760.0,26457.0,078520
2026-09-28,34650.0,35150.0,34650.0,34800.0,15218.0,037710
2026-09-28,17300.0,17370.0,17150.0,17230.0,8540.0,286940
2026-09-28,7360.0,7530.0,7340.0,7420.0,87352.0,010690
2026-09-28,12720.0,12920.0,12650.0,12770.0,12835.0,005680
2026-09-28,13300.0,13390.0,13260.0,13350.0,11300.0,004360
2026-09-28,10950.0,11190.0,10860.0,11030.0,49403.0,003200
2026-09-28,3670.0,3705.0,3605.0,3615.0,22748.0,334890
2026-09-28,18390.0,18810.0,18390.0,18730.0,18709.0,005500
2026-09-28,1527.0,1530.0,1514.0,1525.0,22895.0,298690
2026-09-28,1660.0,1660.0,1613.0,1638.0,208787.0,432320
2026-09-28,2825.0,2865.0,2790.0,2865.0,137937.0,001790
2026-09-28,26700.0,27150.0,26650.0,27000.0,2577.0,003960
2026-09-28,49500.0,49500.0,48650.0,49050.0,420.0,007160
2026-09-28,10300.0,10430.0,10230.0,10280.0,26346.0,136490
2026-09-28,26000.0,26000.0,25000.0,25100.0,16039.0,044820
2026-09-28,3905.0,3980.0,3830.0,3965.0,91540.0,030210
2026-09-28,3910.0,3930.0,3885.0,3890.0,20570.0,404990
2026-09-28,42200.0,42700.0,41750.0,42250.0,2877.0,003920
2026-09-28,56900.0,57800.0,56500.0,57500.0,5155.0,025000
2026-09-28,21500.0,22200.0,21050.0,21600.0,59316.0,053690
2026-09-28,2955.0,3000.0,2910.0,2980.0,39809.0,000680
2026-09-28,1110.0,1327.0,1100.0,1208.0,2519334.0,900140
2026-09-28,9230.0,9280.0,9090.0,9220.0,5178.0,003070
2026-09-28,20050.0,20500.0,19850.0,20200.0,16931.0,008490
2026-09-28,0.0,0.0,0.0,1182.0,0.0,348950
2026-09-28,10600.0,10610.0,10470.0,10510.0,9039.0,226320
2026-09-28,5100.0,5270.0,5040.0,5060.0,123746.0,001340
2026-09-28,0.0,0.0,0.0,5820.0,0.0,001470
2026-09-28,3705.0,3845.0,3660.0,3745.0,5714.0,0030R0
2026-09-28,10210.0,10210.0,10040.0,10170.0,640.0,134380
2026-09-28,14290.0,14470.0,14130.0,14420.0,35051.0,002320
2026-09-28,3460.0,3505.0,3400.0,3475.0,25150.0,000540
2026-09-28,3870.0,3980.0,3820.0,3965.0,149055.0,005010
2026-09-28,12290.0,12970.0,12200.0,12590.0,132786.0,017860
2026-09-28,7510.0,7790.0,7460.0,7690.0,68434.0,000490
2026-09-28,34550.0,35800.0,34550.0,35350.0,1737.0,001460
2026-09-28,10120.0,10220.0,10060.0,10130.0,13383.0,009680
2026-09-28,15680.0,16110.0,15660.0,15730.0,115718.0,035510
2026-09-28,19700.0,19720.0,19110.0,19590.0,15509.0,028100
2026-09-28,125300.0,128300.0,124300.0,126000.0,2563.0,003650
2026-09-28,2530.0,2685.0,2525.0,2640.0,391004.0,001250
2026-09-28,6460.0,6640.0,6380.0,6410.0,121617.0,003720
2026-09-28,7990.0,8000.0,7920.0,7930.0,16964.0,000050
2026-09-28,11800.0,11800.0,11650.0,11690.0,3966.0,034120
2026-09-28,14580.0,14770.0,14570.0,14640.0,13657.0,475560
2026-09-28,5570.0,5740.0,5490.0,5540.0,137430.0,092200
2026-09-28,7510.0,7540.0,7440.0,7490.0,19274.0,033920
2026-09-28,9100.0,10410.0,8970.0,9810.0,951892.0,077500
2026-09-28,13110.0,13770.0,13070.0,13410.0,50169.0,011500
2026-09-28,389000.0,389000.0,367000.0,369000.0,1297.0,03473K
2026-09-28,15710.0,15800.0,15610.0,15700.0,3222.0,000320
2026-09-28,68300.0,69000.0,67900.0,68900.0,5845.0,003555
2026-09-28,3275.0,3275.0,3210.0,3260.0,34967.0,088260
2026-09-28,98500.0,99400.0,96600.0,98500.0,17218.0,051905
2026-09-28,10330.0,10500.0,10320.0,10380.0,5793.0,035150
2026-09-28,142000.0,146800.0,140600.0,143400.0,861.0,000650
2026-09-28,8150.0,8400.0,8070.0,8320.0,47372.0,004980
2026-09-28,4305.0,4305.0,4265.0,4300.0,7223.0,000480
2026-09-28,51500.0,53300.0,50500.0,53000.0,15092.0,298000
2026-09-28,22400.0,22800.0,22000.0,22550.0,22689.0,013580
2026-09-28,6560.0,7650.0,6340.0,7170.0,1696109.0,025560
2026-09-28,3095.0,3145.0,3065.0,3130.0,65808.0,037270
2026-09-28,3065.0,3115.0,3050.0,3095.0,9555.0,100250
2026-09-28,2240.0,2240.0,2175.0,2215.0,239144.0,377190
2026-09-28,7030.0,7250.0,6980.0,7190.0,72852.0,000390
2026-09-28,7010.0,7170.0,7010.0,7110.0,54876.0,117580
2026-09-28,4290.0,4380.0,4230.0,4310.0,120859.0,095570
2026-09-28,7450.0,7500.0,7410.0,7450.0,13100.0,039570
2026-09-28,8460.0,8460.0,8240.0,8400.0,22147.0,005960
2026-09-28,6100.0,6220.0,5970.0,6160.0,4547.0,002420
2026-09-28,3840.0,3840.0,3785.0,3815.0,12642.0,339770
2026-09-28,3990.0,4010.0,3965.0,4010.0,24355.0,053210
2026-09-28,10070.0,10190.0,10030.0,10180.0,13695.0,016580
2026-09-28,1042.0,1065.0,1022.0,1035.0,330034.0,003520
2026-09-28,37450.0,37650.0,37400.0,37550.0,990.0,001630
2026-09-28,9950.0,10170.0,9950.0,10080.0,21167.0,102460
2026-09-28,49650.0,51000.0,48100.0,50300.0,3736.0,487570
2026-09-28,12500.0,12700.0,12300.0,12410.0,20022.0,004560
2026-09-28,19460.0,19480.0,19280.0,19330.0,14435.0,003547
2026-09-28,4005.0,4160.0,3980.0,4100.0,80384.0,128820
2026-09-28,3620.0,3675.0,3600.0,3650.0,35155.0,102260
2026-09-28,11090.0,11100.0,10820.0,10910.0,13359.0,001130
2026-09-28,5700.0,5800.0,5670.0,5740.0,43137.0,003610
2026-09-28,6660.0,6820.0,6630.0,6770.0,20678.0,033530
2026-09-28,7890.0,7890.0,7740.0,7830.0,2771.0,000140
2026-09-28,7500.0,7590.0,7470.0,7590.0,40847.0,213500
2026-09-28,7390.0,7600.0,7310.0,7550.0,59313.0,007860
2026-09-28,7840.0,7950.0,7840.0,7880.0,18984.0,003220
2026-09-28,6590.0,6700.0,6490.0,6490.0,28170.0,015230
2026-09-28,8970.0,9060.0,8970.0,9000.0,10024.0,002100
2026-09-28,8100.0,8520.0,8040.0,8090.0,44256.0,000520
2026-09-28,10980.0,11080.0,10910.0,11010.0,7154.0,234080
2026-09-28,0.0,0.0,0.0,4200.0,0.0,000300
2026-09-28,6640.0,6700.0,6600.0,6680.0,14877.0,000700
2026-09-28,4310.0,4345.0,4305.0,4325.0,5171.0,016450
2026-09-28,25950.0,26800.0,25700.0,25700.0,28624.0,009470
2026-09-28,3000.0,3000.0,2960.0,2985.0,20426.0,003460
2026-09-28,5030.0,5060.0,4955.0,5010.0,20754.0,002150
2026-09-28,2695.0,2760.0,2640.0,2705.0,22784.0,241590
2026-09-28,9250.0,9500.0,9220.0,9410.0,4887.0,014710
2026-09-28,0.0,0.0,0.0,5530.0,0.0,101530
2026-09-28,53000.0,54300.0,52700.0,53400.0,298.0,002170
2026-09-28,5300.0,5350.0,5210.0,5310.0,31603.0,460850
2026-09-28,11920.0,12220.0,11920.0,12190.0,2184.0,000860
2026-09-28,7800.0,7910.0,7720.0,7880.0,19280.0,090350
2026-09-28,7340.0,7350.0,7090.0,7100.0,26907.0,013890
2026-09-28,7370.0,7680.0,7300.0,7450.0,21566.0,004380
2026-09-28,11740.0,11960.0,11400.0,11450.0,32616.0,006805
2026-09-28,21600.0,21800.0,21600.0,21700.0,2069.0,00279K
2026-09-28,2795.0,2800.0,2765.0,2780.0,20750.0,400760
2026-09-28,8030.0,8030.0,7750.0,7980.0,12120.0,007570
2026-09-28,66500.0,67500.0,65900.0,67300.0,4178.0,001045
2026-09-28,1554.0,1598.0,1543.0,1570.0,261237.0,001780
2026-09-28,49800.0,50200.0,49250.0,49950.0,2868.0,011785
2026-09-28,12660.0,12940.0,12600.0,12690.0,14976.0,462520
2026-09-28,11590.0,11850.0,11520.0,11790.0,85237.0,004090
2026-09-28,6550.0,6680.0,6510.0,6550.0,14786.0,000970
2026-09-28,3445.0,3625.0,3445.0,3600.0,111516.0,004150
2026-09-28,10090.0,10200.0,9960.0,10050.0,19167.0,271980
2026-09-28,110700.0,112300.0,110700.0,111000.0,3790.0,097955
2026-09-28,9590.0,9820.0,9500.0,9760.0,12777.0,272550
2026-09-28,113500.0,113500.0,110000.0,110600.0,41.0,003830
2026-09-28,8220.0,8280.0,8150.0,8210.0,10050.0,293480
2026-09-28,4400.0,5450.0,4340.0,4960.0,6872550.0,014280
2026-09-28,1854.0,1879.0,1793.0,1807.0,114814.0,016880
2026-09-28,9030.0,9050.0,8970.0,9000.0,4512.0,004970
2026-09-28,4300.0,4390.0,4240.0,4300.0,42729.0,025820
2026-09-28,5010.0,5130.0,4995.0,5080.0,51657.0,000020
2026-09-28,61000.0,61000.0,61000.0,61000.0,1.0,107590
2026-09-28,5960.0,6000.0,5870.0,5990.0,15492.0,071840
2026-09-28,1063.0,1080.0,1050.0,1080.0,418148.0,008350
2026-09-28,4735.0,4765.0,4675.0,4705.0,28733.0,003480
2026-09-28,12020.0,12060.0,11960.0,12040.0,6214.0,094280
2026-09-28,4735.0,4795.0,4700.0,4760.0,20522.0,015890
2026-09-28,14740.0,14740.0,14570.0,14610.0,5341.0,004080
2026-09-28,3190.0,3285.0,3160.0,3215.0,138474.0,012610
2026-09-28,5120.0,5350.0,5110.0,5270.0,104519.0,018470
2026-09-28,9180.0,9440.0,9180.0,9350.0,7235.0,081000
2026-09-28,11480.0,11530.0,11470.0,11500.0,130.0,024090
2026-09-28,5500.0,5530.0,5330.0,5440.0,11494.0,214390
2026-09-28,3670.0,3750.0,3660.0,3685.0,6870.0,001080
2026-09-28,10970.0,11150.0,10870.0,11010.0,5616.0,004960
2026-09-28,3165.0,3440.0,3115.0,3170.0,759204.0,092220
2026-09-28,21550.0,21700.0,21500.0,21550.0,2682.0,267290
2026-09-28,10100.0,10130.0,9800.0,9960.0,810765.0,001210
2026-09-28,2535.0,2535.0,2485.0,2515.0,34068.0,013520
2026-09-28,1092.0,1112.0,1092.0,1097.0,192695.0,009270
2026-09-28,11090.0,11270.0,11070.0,11270.0,24082.0,210540
2026-09-28,2245.0,2245.0,2205.0,2230.0,8068.0,006060
2026-09-28,3315.0,3410.0,3270.0,3360.0,100442.0,011690
2026-09-28,13450.0,13450.0,13020.0,13330.0,1507.0,078000
2026-09-28,1285.0,1289.0,1259.0,1272.0,57808.0,002210
2026-09-28,1152.0,1160.0,1134.0,1144.0,472450.0,001520
2026-09-28,3325.0,3415.0,3295.0,3310.0,47919.0,350520
2026-09-28,1307.0,1307.0,1270.0,1283.0,315339.0,001360
2026-09-28,13870.0,13870.0,13500.0,13510.0,1156.0,005800
2026-09-28,1125.0,1178.0,1113.0,1167.0,546975.0,008970
2026-09-28,3745.0,3820.0,3705.0,3785.0,30926.0,089470
2026-09-28,4985.0,5080.0,4945.0,5030.0,21156.0,214420
2026-09-28,4005.0,4045.0,3975.0,4030.0,61067.0,009070
2026-09-28,1535.0,1568.0,1519.0,1548.0,96284.0,037560
2026-09-28,7560.0,7600.0,7420.0,7500.0,572.0,002620
2026-09-28,9200.0,9870.0,9120.0,9360.0,253286.0,003010
2026-09-28,3310.0,3400.0,3285.0,3370.0,93241.0,014530
2026-09-28,13100.0,13100.0,12780.0,12860.0,2313.0,227840
2026-09-28,8380.0,8550.0,8380.0,8490.0,3692.0,002390
2026-09-28,26300.0,26400.0,26250.0,26250.0,679.0,034590
2026-09-28,4050.0,4050.0,3995.0,4005.0,11223.0,016740
2026-09-28,3090.0,3175.0,2990.0,3135.0,329356.0,004100
2026-09-28,5670.0,5670.0,5550.0,5670.0,5133.0,079430
2026-09-28,1828.0,1838.0,1803.0,1817.0,120554.0,017550
2026-09-28,2095.0,2240.0,2080.0,2110.0,77032.0,015590
2026-09-28,11030.0,11190.0,11010.0,11090.0,3218.0,002460
2026-09-28,1790.0,1992.0,1735.0,1799.0,5797865.0,009580
2026-09-28,32000.0,32450.0,32000.0,32050.0,548.0,023450
2026-09-28,6950.0,7000.0,6890.0,6940.0,2019.0,016710
2026-09-28,4645.0,4675.0,4590.0,4650.0,9583.0,083420
2026-09-28,0.0,0.0,0.0,3530.0,0.0,011810
2026-09-28,4185.0,4185.0,4110.0,4140.0,24560.0,013570
2026-09-28,49500.0,51600.0,49500.0,51400.0,1932.0,37550L
2026-09-28,59600.0,60700.0,59100.0,60400.0,5678.0,078935
2026-09-28,1172.0,1198.0,1157.0,1176.0,185959.0,012800
2026-09-28,10690.0,10690.0,10380.0,10690.0,4059.0,021820
2026-09-28,2835.0,2915.0,2820.0,2865.0,13568.0,004250
2026-09-28,3765.0,3835.0,3740.0,3800.0,22292.0,014580
2026-09-28,82800.0,83900.0,81700.0,82900.0,240.0,120030
2026-09-28,2055.0,2055.0,2055.0,2055.0,396055.0,003580
2026-09-28,44100.0,44850.0,44000.0,44000.0,3726.0,012320
2026-09-28,3320.0,3430.0,3315.0,3415.0,36134.0,010100
2026-09-28,12450.0,12850.0,12430.0,12670.0,63090.0,006660
2026-09-28,2730.0,2730.0,2675.0,2715.0,6904.0,027970
2026-09-28,7710.0,7710.0,7110.0,7260.0,6635.0,008040
2026-09-28,9210.0,9270.0,9170.0,9180.0,3617.0,267850
2026-09-28,6310.0,6410.0,6270.0,6320.0,37167.0,123690
2026-09-28,22150.0,22300.0,22000.0,22200.0,21505.0,248170
2026-09-28,0.0,0.0,0.0,918.0,0.0,119650
2026-09-28,2040.0,2090.0,2015.0,2080.0,24769.0,070960
2026-09-28,6320.0,6340.0,6110.0,6150.0,136096.0,035000
2026-09-28,1075.0,1099.0,1071.0,1086.0,29232.0,002450
2026-09-28,6750.0,6820.0,6630.0,6760.0,22778.0,002780
2026-09-28,1376.0,1416.0,1366.0,1379.0,29689.0,011280
2026-09-28,1272.0,1279.0,1248.0,1264.0,182984.0,008700
2026-09-28,2480.0,2630.0,2480.0,2550.0,124546.0,014790
2026-09-28,7790.0,7790.0,7620.0,7680.0,7354.0,264900
2026-09-28,2390.0,2390.0,2380.0,2380.0,50397.0,417310
2026-09-28,1566.0,1608.0,1540.0,1604.0,142105.0,013700
2026-09-28,3275.0,3355.0,3235.0,3320.0,46791.0,008260
2026-09-28,47450.0,47700.0,46800.0,47100.0,11250.0,007540
2026-09-28,5510.0,5590.0,5480.0,5570.0,11531.0,032560
2026-09-28,4695.0,4695.0,4625.0,4685.0,10555.0,014440
2026-09-28,2865.0,2865.0,2785.0,2800.0,7679.0,002200
2026-09-28,2295.0,2295.0,2270.0,2280.0,7024.0,067830
2026-09-28,1418.0,1435.0,1417.0,1429.0,33506.0,007210
2026-09-28,4055.0,4360.0,4035.0,4265.0,62720.0,001290
2026-09-28,71100.0,74800.0,71100.0,73900.0,7782.0,096775
2026-09-28,4745.0,5300.0,4745.0,5060.0,30951.0,025620
2026-09-28,2535.0,2605.0,2485.0,2505.0,21023.0,036580
2026-09-28,2020.0,2050.0,1951.0,2005.0,9056.0,363280
2026-09-28,2190.0,2195.0,2175.0,2190.0,38630.0,058850
2026-09-28,30100.0,30250.0,30100.0,30200.0,93.0,001275
2026-09-28,4910.0,5030.0,4905.0,5010.0,43122.0,019180
2026-09-28,2605.0,2635.0,2570.0,2585.0,286650.0,058860
2026-09-28,6880.0,7080.0,6740.0,6780.0,3669.0,006840
2026-09-28,2220.0,2220.0,2185.0,2195.0,6333.0,023000
2026-09-28,3250.0,3295.0,3160.0,3175.0,567248.0,012200
2026-09-28,2140.0,2225.0,2130.0,2225.0,19423.0,139990
2026-09-28,6530.0,6570.0,6410.0,6420.0,6970.0,33626K
2026-09-28,1790.0,1837.0,1790.0,1816.0,397234.0,007980
2026-09-28,1746.0,1792.0,1746.0,1778.0,117096.0,004140
2026-09-28,8820.0,8980.0,8790.0,8950.0,2540.0,006090
2026-09-28,34400.0,35050.0,34200.0,34500.0,20.0,004890
2026-09-28,37300.0,37850.0,37300.0,37700.0,2897.0,000850
2026-09-28,136700.0,136700.0,136700.0,136700.0,10.0,002600
2026-09-28,67900.0,70500.0,67900.0,69600.0,932.0,000590
2026-09-28,2450.0,2490.0,2385.0,2455.0,72237.0,011700
2026-09-28,5010.0,5070.0,4980.0,5010.0,32061.0,023800
2026-09-28,13010.0,13160.0,12790.0,12910.0,4097.0,111380
2026-09-28,4510.0,4550.0,4295.0,4365.0,255063.0,007610
2026-09-28,5360.0,5450.0,5340.0,5440.0,19029.0,069730
2026-09-28,2760.0,2775.0,2735.0,2755.0,6890.0,009180
2026-09-28,5200.0,5240.0,5100.0,5220.0,23740.0,005740
2026-09-28,2870.0,2950.0,2815.0,2855.0,116441.0,002220
2026-09-28,5420.0,5500.0,5410.0,5480.0,7295.0,163560
2026-09-28,7800.0,7950.0,7700.0,7740.0,23292.0,001260
2026-09-28,5570.0,5570.0,5540.0,5560.0,667.0,007590
2026-09-28,65600.0,66900.0,65000.0,65900.0,239.0,000105
2026-09-28,3930.0,3935.0,3880.0,3925.0,4789.0,004840
2026-09-28,7750.0,7750.0,7000.0,7150.0,64519.0,109070
2026-09-28,0.0,0.0,0.0,532.0,0.0,084680
2026-09-28,3070.0,3125.0,3050.0,3095.0,68337.0,010960
2026-09-28,1370.0,1397.0,1351.0,1380.0,117541.0,013360
2026-09-28,3840.0,3875.0,3790.0,3810.0,5990.0,013870
2026-09-28,11400.0,11430.0,10730.0,11380.0,1935.0,002795
2026-09-28,1997.0,2065.0,1997.0,2020.0,451795.0,004770
2026-09-28,4315.0,4405.0,4305.0,4320.0,54120.0,005750
2026-09-28,12950.0,14000.0,12820.0,13060.0,16411.0,063160
2026-09-28,14750.0,15170.0,14590.0,14910.0,12544.0,055490
2026-09-28,0.0,0.0,0.0,655.0,0.0,014160
2026-09-28,3770.0,3805.0,3740.0,3775.0,73347.0,338100
2026-09-28,23650.0,25300.0,23600.0,24250.0,16256.0,084670
2026-09-28,6640.0,6760.0,6540.0,6710.0,29344.0,214330
2026-09-28,1990.0,1990.0,1855.0,1969.0,4436.0,001020
2026-09-28,1230.0,1276.0,1225.0,1230.0,12000.0,095720
2026-09-28,25300.0,25500.0,25100.0,25200.0,2107.0,120115
2026-09-28,2220.0,2245.0,2125.0,2135.0,259838.0,024900
2026-09-28,5350.0,5580.0,5230.0,5450.0,141149.0,004440
2026-09-28,5650.0,5760.0,5600.0,5710.0,15653.0,031820
2026-09-28,5950.0,6040.0,5900.0,5970.0,4881.0,000230
2026-09-28,4320.0,4320.0,4240.0,4300.0,24461.0,155660
2026-09-28,9190.0,9190.0,8990.0,9040.0,628.0,001560
2026-09-28,3380.0,3470.0,3325.0,3400.0,363308.0,071090
2026-09-28,27450.0,27900.0,27200.0,27400.0,1640.0,009770
2026-09-28,3210.0,3265.0,3155.0,3235.0,18765.0,002720
2026-09-28,1867.0,1927.0,1860.0,1903.0,20333.0,011150
2026-09-28,5060.0,5060.0,4815.0,4875.0,14501.0,000180
2026-09-28,2850.0,2965.0,2825.0,2965.0,12634.0,004720
2026-09-28,2980.0,3090.0,2920.0,3025.0,57321.0,010660
2026-09-28,1920.0,1939.0,1906.0,1920.0,22665.0,079980
2026-09-28,3225.0,3295.0,3170.0,3270.0,187642.0,058730
2026-09-28,1582.0,1611.0,1567.0,1602.0,25532.0,010040
2026-09-28,8800.0,8890.0,8680.0,8790.0,10043.0,085310
2026-09-28,4995.0,5030.0,4950.0,5000.0,2574.0,100220
2026-09-28,3390.0,3620.0,3345.0,3470.0,118085.0,210980
2026-09-28,2250.0,2300.0,2200.0,2260.0,2169.0,007280
2026-09-28,1637.0,1656.0,1604.0,1639.0,22863.0,019680
2026-09-28,921.0,943.0,919.0,932.0,228755.0,002700
2026-09-28,3450.0,3530.0,3350.0,3455.0,9373.0,017370
2026-09-28,1504.0,1555.0,1488.0,1513.0,96498.0,009200
2026-09-28,4400.0,4485.0,4320.0,4425.0,38179.0,005870
2026-09-28,1400.0,1405.0,1391.0,1404.0,18954.0,016090
2026-09-28,1344.0,1351.0,1314.0,1329.0,24864.0,018500
2026-09-28,6200.0,6250.0,6110.0,6140.0,5141.0,068290
2026-09-28,28500.0,28650.0,27950.0,28300.0,555.0,004450
2026-09-28,996.0,1002.0,987.0,1001.0,57567.0,002760
2026-09-28,4810.0,4835.0,4720.0,4720.0,10254.0,072130
2026-09-28,2095.0,2180.0,2065.0,2160.0,234636.0,372910
2026-09-28,3695.0,3770.0,3695.0,3725.0,22683.0,000220
2026-09-28,2490.0,2520.0,2440.0,2470.0,195460.0,0220WL
2026-09-28,1761.0,1817.0,1757.0,1800.0,55953.0,480370
2026-09-28,18300.0,19590.0,18300.0,19580.0,1523.0,007815
2026-09-28,30900.0,30900.0,30500.0,30550.0,428.0,003925
2026-09-28,4060.0,4100.0,3825.0,3835.0,273363.0,014990
2026-09-28,4940.0,4975.0,4900.0,4940.0,9514.0,006890
2026-09-28,6440.0,6440.0,6200.0,6310.0,6310.0,111110
2026-09-28,27200.0,27250.0,26800.0,27100.0,2603.0,37550K
2026-09-28,26550.0,26650.0,26400.0,26500.0,1037.0,001465
2026-09-28,53600.0,54500.0,53200.0,53900.0,638.0,000725
2026-09-28,1422.0,1440.0,1419.0,1428.0,99077.0,396690
2026-09-28,4300.0,4470.0,4250.0,4350.0,71028.0,003780
2026-09-28,2965.0,2990.0,2930.0,2940.0,4950.0,075180
2026-09-28,1870.0,1897.0,1858.0,1886.0,8463.0,129260
2026-09-28,17500.0,18000.0,17200.0,18000.0,1901.0,006980
2026-09-28,0.0,0.0,0.0,902.0,0.0,020760
2026-09-28,1006.0,1010.0,1000.0,1009.0,106008.0,090080
2026-09-28,10470.0,10640.0,10380.0,10570.0,28076.0,001550
2026-09-28,3655.0,3665.0,3625.0,3650.0,3435.0,025530
2026-09-28,25300.0,25750.0,25200.0,25700.0,1632.0,28513K
2026-09-28,1860.0,1885.0,1831.0,1853.0,69682.0,092440
2026-09-28,4235.0,4240.0,4190.0,4200.0,6879.0,003475
2026-09-28,2845.0,2845.0,2810.0,2830.0,9629.0,378850
2026-09-28,0.0,0.0,0.0,1935.0,0.0,002410
2026-09-28,42800.0,43250.0,41850.0,43100.0,4552.0,006125
2026-09-28,25700.0,25950.0,25050.0,25200.0,6716.0,35320K
2026-09-28,1824.0,1824.0,1775.0,1781.0,57541.0,002630
2026-09-28,3250.0,3250.0,2925.0,3000.0,492.0,003465
2026-09-28,3460.0,3460.0,3330.0,3350.0,16524.0,123700
2026-09-28,1400.0,1428.0,1394.0,1413.0,50045.0,012690
2026-09-28,3250.0,3315.0,3225.0,3275.0,10355.0,004830
2026-09-28,3500.0,3530.0,3480.0,3500.0,10185.0,010770
2026-09-28,2720.0,2730.0,2665.0,2670.0,79784.0,011230
2026-09-28,65200.0,66100.0,65200.0,66000.0,680.0,005305
2026-09-28,5170.0,5200.0,5000.0,5090.0,18240.0,023810
2026-09-28,1069.0,1089.0,1049.0,1074.0,180444.0,021050
2026-09-28,4240.0,4305.0,4180.0,4285.0,12998.0,006880
2026-09-28,48700.0,48850.0,47500.0,48050.0,3389.0,011390
2026-09-28,2010.0,2110.0,2005.0,2040.0,128035.0,007460
2026-09-28,1918.0,1992.0,1910.0,1981.0,174241.0,002140
2026-09-28,29300.0,30950.0,29050.0,29350.0,343.0,000950
2026-09-28,2860.0,2900.0,2800.0,2850.0,84368.0,011300
2026-09-28,0.0,0.0,0.0,2670.0,0.0,011000
2026-09-28,998.0,1005.0,983.0,984.0,34906.0,009320
2026-09-28,2220.0,2265.0,2165.0,2175.0,7006.0,001620
2026-09-28,1212.0,1225.0,1203.0,1222.0,84113.0,004410
2026-09-28,0.0,0.0,0.0,907.0,0.0,004920
2026-09-28,4895.0,4895.0,4685.0,4700.0,3072.0,101140
2026-09-28,1843.0,1856.0,1813.0,1813.0,23946.0,002920
2026-09-28,0.0,0.0,0.0,603.0,0.0,007110
2026-09-28,3540.0,3640.0,3515.0,3550.0,80575.0,092780
2026-09-28,16950.0,18800.0,16950.0,18300.0,34241.0,009835
2026-09-28,0.0,0.0,0.0,2660.0,0.0,069460
2026-09-28,2185.0,2185.0,2140.0,2155.0,2828.0,041650
2026-09-28,1850.0,1870.0,1841.0,1850.0,25868.0,357250
2026-09-28,2985.0,2985.0,2870.0,2945.0,23654.0,000910
2026-09-28,1229.0,1230.0,1205.0,1209.0,12593.0,004540
2026-09-28,0.0,0.0,0.0,486.0,0.0,005030
2026-09-28,1271.0,1328.0,1252.0,1317.0,99111.0,005320
2026-09-28,0.0,0.0,0.0,5110.0,0.0,074610
2026-09-28,2205.0,2210.0,2145.0,2175.0,6899.0,084870
2026-09-28,2210.0,2220.0,2210.0,2215.0,3740.0,003080
2026-09-28,3505.0,3510.0,3445.0,3445.0,5155.0,004910
2026-09-28,1954.0,2000.0,1942.0,1979.0,179614.0,014910
2026-09-28,2115.0,2170.0,2110.0,2135.0,28591.0,004060
2026-09-28,2085.0,2095.0,2060.0,2080.0,16932.0,008420
2026-09-28,989.0,989.0,972.0,978.0,5409.0,481850
2026-09-28,2080.0,2135.0,2040.0,2115.0,103053.0,026940
2026-09-28,25000.0,25450.0,24950.0,25000.0,3096.0,000215
2026-09-28,4010.0,4010.0,3830.0,3850.0,13885.0,023350
2026-09-28,1225.0,1260.0,1210.0,1242.0,60215.0,017180
2026-09-28,0.0,0.0,0.0,541.0,0.0,019490
2026-09-28,3880.0,3895.0,3830.0,3870.0,30447.0,446070
2026-09-28,4200.0,4200.0,4030.0,4065.0,49389.0,011330
2026-09-28,963.0,965.0,861.0,897.0,929494.0,009190
2026-09-28,0.0,0.0,0.0,932.0,0.0,017040
2026-09-28,40500.0,40500.0,39400.0,40100.0,21.0,008870
2026-09-28,1431.0,1455.0,1431.0,1442.0,18909.0,011420
2026-09-28,981.0,981.0,938.0,940.0,86957.0,047400
2026-09-28,1922.0,1948.0,1902.0,1932.0,1851.0,009810
2026-09-28,1006.0,1024.0,977.0,1023.0,14070.0,023960
2026-09-28,1190.0,1190.0,1056.0,1099.0,209141.0,002870
2026-09-28,797.0,797.0,786.0,794.0,5774.0,145270
2026-09-28,1614.0,1888.0,1572.0,1791.0,619727.0,051630
2026-09-28,19110.0,19110.0,18600.0,18660.0,314.0,134790
2026-09-28,1185.0,1186.0,1142.0,1159.0,44962.0,027740
2026-09-28,1832.0,1971.0,1799.0,1830.0,68631.0,049800
2026-09-28,1022.0,1022.0,973.0,982.0,47754.0,133820
2026-09-28,1291.0,1308.0,1290.0,1305.0,89687.0,000890
2026-09-28,2080.0,2175.0,2025.0,2120.0,74741.0,010640
2026-09-28,3765.0,3980.0,3520.0,3545.0,66164.0,012280
2026-09-28,3050.0,3130.0,3035.0,3110.0,17465.0,008250
2026-09-28,9130.0,9270.0,9120.0,9200.0,6620.0,004365
2026-09-28,22200.0,22200.0,21200.0,21500.0,1436.0,009140
2026-09-28,2640.0,2755.0,2640.0,2735.0,16022.0,009460
2026-09-28,12790.0,12790.0,11790.0,11990.0,675.0,000760
2026-09-28,0.0,0.0,0.0,1199.0,0.0,143210
2026-09-28,1188.0,1188.0,1164.0,1169.0,40683.0,013000
2026-09-28,14520.0,14880.0,14370.0,14600.0,904.0,005820
2026-09-28,2700.0,3385.0,2620.0,2965.0,1043082.0,002360
2026-09-28,2080.0,2130.0,2030.0,2085.0,20432.0,012160
2026-09-28,3540.0,3540.0,3265.0,3475.0,7813.0,002880
2026-09-28,1205.0,1205.0,1156.0,1186.0,32139.0,090370
2026-09-28,2955.0,2995.0,2905.0,2985.0,40353.0,006370
2026-09-28,4175.0,4250.0,4105.0,4160.0,3841.0,010400
2026-09-28,2440.0,2525.0,2420.0,2500.0,59619.0,088790
2026-09-28,5860.0,5880.0,5830.0,5850.0,1791.0,001070
2026-09-28,2600.0,2630.0,2565.0,2615.0,7793.0,014130
2026-09-28,6600.0,6630.0,6350.0,6370.0,6792.0,003535
2026-09-28,1994.0,2025.0,1935.0,1988.0,1605.0,024070
2026-09-28,1900.0,1906.0,1885.0,1890.0,12291.0,025750
2026-09-28,1390.0,1420.0,1290.0,1379.0,15496.0,069640
2026-09-28,1560.0,1568.0,1530.0,1546.0,8653.0,036420
2026-09-28,3400.0,3470.0,3365.0,3395.0,2674.0,308170
2026-09-28,2655.0,2655.0,2565.0,2620.0,12810.0,025890
2026-09-28,1894.0,1922.0,1893.0,1902.0,5200.0,006570
2026-09-28,4550.0,4660.0,4450.0,4605.0,36037.0,003680
2026-09-28,4855.0,4855.0,4750.0,4810.0,3847.0,006740
2026-09-28,1402.0,1440.0,1390.0,1391.0,9956.0,002690
2026-09-28,1274.0,1301.0,1263.0,1275.0,17353.0,118000
2026-09-28,1039.0,1039.0,1010.0,1035.0,38307.0,007120
2026-09-28,14000.0,14180.0,13320.0,13990.0,1680.0,019175
2026-09-28,1830.0,1929.0,1760.0,1917.0,104527.0,071950
2026-09-28,887.0,900.0,873.0,880.0,12777.0,357430
2026-09-28,4150.0,4290.0,4120.0,4150.0,19726.0,033250
2026-09-28,0.0,0.0,0.0,1254.0,0.0,005110
2026-09-28,9990.0,10040.0,9850.0,9880.0,11446.0,006345
2026-09-28,5700.0,5740.0,5500.0,5670.0,7419.0,004270
2026-09-28,3965.0,3965.0,3925.0,3930.0,83.0,002355
2026-09-28,1639.0,1725.0,1534.0,1559.0,317317.0,003060
2026-09-28,1495.0,1509.0,1460.0,1496.0,10532.0,33637K
2026-09-28,4190.0,4190.0,4005.0,4050.0,3397.0,023150
2026-09-28,1137.0,1149.0,1110.0,1110.0,76200.0,001380
2026-09-28,1399.0,1500.0,1351.0,1400.0,83742.0,006490
2026-09-28,22250.0,22250.0,21900.0,22000.0,2097.0,003495
2026-09-28,0.0,0.0,0.0,5330.0,0.0,009310
2026-09-28,7850.0,8150.0,7675.0,7700.0,948.0,33626L
2026-09-28,5040.0,5040.0,4830.0,4895.0,37800.0,030720
2026-09-28,1187.0,1230.0,1174.0,1179.0,272653.0,005360
2026-09-28,2950.0,3045.0,2810.0,2905.0,32977.0,001420
2026-09-28,962.0,1020.0,954.0,969.0,59348.0,004870
2026-09-28,3050.0,3050.0,2820.0,2905.0,12482.0,012170
2026-09-28,28050.0,28050.0,27700.0,27850.0,341.0,008775
2026-09-28,1030.0,1040.0,1011.0,1021.0,24261.0,000040
2026-09-28,14490.0,14650.0,14480.0,14630.0,1040.0,001685
2026-09-28,24850.0,24900.0,24750.0,24850.0,96.0,00499K
2026-09-28,0.0,0.0,0.0,928.0,0.0,015020
2026-09-28,18020.0,18570.0,18010.0,18400.0,3876.0,108675
2026-09-28,1683.0,1683.0,1584.0,1584.0,55856.0,011090
2026-09-28,0.0,0.0,0.0,296.0,0.0,093240
2026-09-28,2545.0,2590.0,2405.0,2505.0,173599.0,465770
2026-09-28,1911.0,1922.0,1810.0,1899.0,11146.0,006200
2026-09-28,0.0,0.0,0.0,2620.0,0.0,008600
2026-09-28,0.0,0.0,0.0,756.0,0.0,009440
2026-09-28,3850.0,3850.0,3610.0,3625.0,33214.0,002070
2026-09-28,30050.0,31350.0,30050.0,30450.0,1862.0,18064K
2026-09-28,18690.0,18690.0,18000.0,18490.0,68.0,005257
2026-09-28,4345.0,4345.0,4260.0,4260.0,88.0,005725
2026-09-28,13070.0,13100.0,12980.0,13100.0,1051.0,002025
2026-09-28,20280.0,20280.0,20155.0,20155.0,76.0,0106J0
2026-09-28,1360.0,1360.0,1200.0,1246.0,92664.0,002820
2026-09-28,1708.0,1750.0,1708.0,1728.0,36416.0,024890
2026-09-28,12250.0,12490.0,12210.0,12310.0,2104.0,000087
2026-09-28,2105.0,2120.0,2100.0,2115.0,3613.0,001795
2026-09-28,3950.0,4000.0,3815.0,3985.0,81985.0,004105
2026-09-28,4500.0,4510.0,4500.0,4500.0,1290.0,45226K
2026-09-28,10560.0,10660.0,10560.0,10590.0,5155.0,00806K
2026-09-28,13110.0,13850.0,13110.0,13850.0,4130.0,084695
2026-09-28,264.0,267.0,257.0,263.0,336208.0,015260
2026-09-28,33350.0,33350.0,33100.0,33200.0,20.0,145995
2026-09-28,14340.0,14520.0,14340.0,14510.0,1197.0,00781K
2026-09-28,7500.0,7500.0,7400.0,7460.0,529.0,38380K
2026-09-28,10095.0,10095.0,10095.0,10095.0,0.0,0120X0
2026-09-28,50000.0,50000.0,50000.0,50000.0,80.0,001067
2026-09-28,1920.0,1920.0,1860.0,1903.0,4192.0,004255
2026-09-28,13500.0,13500.0,13250.0,13430.0,74.0,003075
2026-09-28,0.0,0.0,0.0,2240.0,0.0,145210
2026-09-28,975.0,975.0,964.0,967.0,12531.0,019685
2026-09-28,19250.0,19410.0,19060.0,19270.0,536.0,001755
2026-09-28,2250.0,2280.0,2225.0,2270.0,1237.0,33637L
2026-09-28,3665.0,3665.0,3600.0,3605.0,6301.0,000225
2026-09-28,4000.0,4000.0,3945.0,3960.0,4683.0,001515
2026-09-28,22250.0,22250.0,22250.0,22250.0,2.0,001065
2026-09-28,28600.0,28600.0,28250.0,28250.0,2.0,000325
2026-09-28,9300.0,9300.0,8900.0,9090.0,1498.0,004985
2026-09-28,405.0,520.0,365.0,452.0,1499789.0,044380
2026-09-28,4180.0,4545.0,4180.0,4350.0,14172.0,004835
2026-09-28,5050.0,5080.0,4980.0,4990.0,12252.0,012205
2026-09-28,7340.0,7340.0,7210.0,7210.0,111.0,26490K
2026-09-28,11800.0,11800.0,11610.0,11610.0,75.0,090355
2026-09-28,0.0,0.0,0.0,4275.0,0.0,001770
2026-09-28,16840.0,17110.0,16310.0,16310.0,2783.0,002995
2026-09-28,5700.0,5700.0,5650.0,5700.0,208.0,000545
2026-09-28,9130.0,9130.0,9110.0,9120.0,26.0,000145
2026-09-28,6140.0,6230.0,6140.0,6200.0,1112.0,009415
2026-09-28,17390.0,17400.0,17110.0,17310.0,534.0,005965
2026-09-28,13700.0,13700.0,13700.0,13700.0,2.0,014825
2026-09-28,7710.0,7900.0,7710.0,7880.0,89.0,007575
2026-09-28,2785.0,2980.0,2695.0,2830.0,804.0,36328K
2026-09-28,5290.0,5930.0,5290.0,5410.0,9280.0,014285
2026-09-28,5340.0,5340.0,5240.0,5240.0,27.0,005745
2026-09-28,5170.0,5170.0,5050.0,5050.0,104.0,014915
2026-09-28,7750.0,7750.0,7730.0,7750.0,72.0,000227
2026-09-28,8390.0,8420.0,8220.0,8420.0,1567.0,001525
2026-09-28,7300.0,7300.0,7000.0,7010.0,156.0,008355
2026-09-28,3425.0,3600.0,3360.0,3360.0,2583.0,004545
2026-09-28,5880.0,5880.0,5690.0,5700.0,485.0,011155
2026-09-28,5070.0,5680.0,5000.0,5500.0,2007.0,001527
2026-09-28,4310.0,4405.0,4310.0,4405.0,258.0,004415
2026-09-28,10500.0,10500.0,10010.0,10150.0,736.0,002785
2026-09-28,13500.0,13500.0,12250.0,12510.0,828.0,002787
2026-09-28,256500.0,260000.0,251500.0,252500.0,240253.0,196170
2026-09-28,80000.0,83000.0,79100.0,82100.0,545973.0,086520
2026-09-28,104500.0,113500.0,102900.0,111400.0,497283.0,247540
2026-09-28,209500.0,215000.0,204000.0,209500.0,680596.0,036930
2026-09-28,438000.0,438500.0,421000.0,422500.0,36946.0,277810
2026-09-28,132000.0,132000.0,123100.0,123600.0,905103.0,240810
2026-09-28,476000.0,484000.0,468000.0,470000.0,56534.0,039030
2026-09-28,149500.0,153500.0,147000.0,147800.0,477159.0,222800
2026-09-28,73400.0,74300.0,71200.0,71600.0,456819.0,058470
2026-09-28,39700.0,39700.0,39700.0,39700.0,330632.0,028300
2026-09-28,55500.0,57200.0,54800.0,56100.0,1338175.0,403870
2026-09-28,213000.0,213000.0,203000.0,204500.0,96478.0,095340
2026-09-28,297500.0,300000.0,282000.0,283500.0,179063.0,108490
2026-09-28,139300.0,146500.0,136400.0,142500.0,252630.0,319660
2026-09-28,82400.0,86600.0,79600.0,81700.0,762887.0,440110
2026-09-28,169200.0,170800.0,162300.0,163600.0,77688.0,000250
2026-09-28,160400.0,172500.0,160300.0,168400.0,95169.0,031980
2026-09-28,159400.0,159400.0,154500.0,156000.0,96625.0,084370
2026-09-28,324000.0,325500.0,318000.0,321500.0,38101.0,214450
2026-09-28,144200.0,150900.0,137400.0,138800.0,107528.0,087010
2026-09-28,285000.0,299500.0,279500.0,290000.0,65508.0,131290
2026-09-28,161900.0,166100.0,157200.0,162300.0,200316.0,095610
2026-09-28,283000.0,286500.0,274500.0,281000.0,39704.0,064760
2026-09-28,46000.0,46800.0,45200.0,45850.0,1058526.0,067310
2026-09-28,83400.0,83500.0,79300.0,79600.0,186993.0,141080
2026-09-28,370000.0,382500.0,362000.0,368500.0,42966.0,357780
2026-09-28,51900.0,52100.0,49750.0,50000.0,309303.0,298380
2026-09-28,17770.0,18690.0,17340.0,17410.0,8789525.0,010170
2026-09-28,77000.0,78500.0,74500.0,74800.0,550290.0,080220
2026-09-28,147600.0,147600.0,135300.0,137900.0,89018.0,310210
2026-09-28,39200.0,40750.0,38450.0,38600.0,545329.0,257720
2026-09-28,83200.0,84300.0,78400.0,78900.0,125729.0,140410
2026-09-28,104500.0,109300.0,102300.0,103800.0,190431.0,226950
2026-09-28,187700.0,190800.0,182300.0,186600.0,79172.0,145020
2026-09-28,21000.0,21100.0,20500.0,20900.0,426290.0,319400
2026-09-28,46350.0,46700.0,44800.0,45250.0,494983.0,005290
2026-09-28,33550.0,37550.0,33500.0,35900.0,2956386.0,178320
2026-09-28,12960.0,13130.0,12700.0,12720.0,1971814.0,032820
2026-09-28,99600.0,100600.0,97200.0,97600.0,126327.0,058610
2026-09-28,40650.0,41150.0,39550.0,39700.0,39983.0,214370
2026-09-28,28200.0,28800.0,27200.0,27300.0,974067.0,030530
2026-09-28,33700.0,34200.0,33100.0,33250.0,184642.0,263750
2026-09-28,30850.0,31300.0,30600.0,30850.0,63476.0,214150
2026-09-28,45150.0,45700.0,43150.0,43400.0,458068.0,347850
2026-09-28,29300.0,29750.0,28950.0,29150.0,563299.0,098460
2026-09-28,92800.0,94700.0,92100.0,92700.0,87500.0,237690
2026-09-28,82700.0,83500.0,81200.0,82600.0,105170.0,041510
2026-09-28,26750.0,27150.0,24550.0,24950.0,2214757.0,043260
2026-09-28,60300.0,61900.0,59100.0,60400.0,156939.0,083650
2026-09-28,261000.0,267000.0,258000.0,263500.0,14284.0,140860
2026-09-28,49000.0,49900.0,48050.0,49350.0,347158.0,089030
2026-09-28,33450.0,33600.0,32550.0,33450.0,117689.0,060370
2026-09-28,92500.0,92800.0,90000.0,90300.0,141481.0,131970
2026-09-28,10470.0,10680.0,10350.0,10560.0,3295837.0,036540
2026-09-28,39250.0,39900.0,38900.0,39150.0,101620.0,068760
2026-09-28,24750.0,25800.0,24750.0,25450.0,238225.0,007390
2026-09-28,33850.0,34750.0,33700.0,34300.0,242121.0,096530
2026-09-28,50800.0,52200.0,49750.0,50300.0,173402.0,437730
2026-09-28,62700.0,62700.0,60100.0,60400.0,391859.0,089970
2026-09-28,31500.0,31500.0,30000.0,30550.0,281861.0,183300
2026-09-28,123100.0,129700.0,121200.0,121200.0,72626.0,420770
2026-09-28,58700.0,59600.0,56800.0,57500.0,220270.0,218410
2026-09-28,48350.0,50300.0,47500.0,47800.0,344816.0,323280
2026-09-28,22200.0,22900.0,22000.0,22350.0,107282.0,0009K0
2026-09-28,86300.0,94800.0,86300.0,92600.0,284384.0,078600
2026-09-28,16180.0,17120.0,16110.0,16440.0,946039.0,950160
2026-09-28,36200.0,36800.0,35050.0,35400.0,73769.0,039200
2026-09-28,37850.0,38300.0,37600.0,38000.0,122865.0,035900
2026-09-28,24800.0,26150.0,23100.0,23200.0,949743.0,204270
2026-09-28,126500.0,129500.0,124000.0,125500.0,82199.0,241710
2026-09-28,27900.0,29150.0,27700.0,28850.0,122480.0,082920
2026-09-28,11020.0,11350.0,11020.0,11190.0,213315.0,003380
2026-09-28,47850.0,47850.0,45350.0,45550.0,106290.0,290650
2026-09-28,32100.0,33200.0,31700.0,33100.0,99422.0,127120
2026-09-28,23800.0,24350.0,22650.0,24150.0,998386.0,950260
2026-09-28,23500.0,24150.0,22000.0,22150.0,876631.0,347700
2026-09-28,14300.0,14300.0,13760.0,13870.0,1227971.0,232140
2026-09-28,58700.0,59100.0,56700.0,56800.0,59981.0,166090
2026-09-28,18060.0,19000.0,17900.0,18550.0,678001.0,252990
2026-09-28,38900.0,39800.0,38850.0,39150.0,60666.0,195940
2026-09-28,25750.0,29100.0,25700.0,27350.0,541961.0,458870
2026-09-28,45150.0,46300.0,43550.0,43950.0,743643.0,356860
2026-09-28,9000.0,9770.0,8910.0,9620.0,382045.0,293490
2026-09-28,27950.0,28300.0,27200.0,28100.0,79395.0,056190
2026-09-28,21600.0,21600.0,21000.0,21150.0,208126.0,086450
2026-09-28,44200.0,44800.0,43000.0,43100.0,141558.0,101490
2026-09-28,17850.0,17850.0,17160.0,17200.0,263012.0,100790
2026-09-28,49900.0,50400.0,48800.0,49350.0,72101.0,083450
2026-09-28,56400.0,57100.0,54800.0,55100.0,235247.0,119850
2026-09-28,29150.0,30450.0,28500.0,29400.0,122620.0,160190
2026-09-28,13450.0,14100.0,12940.0,13190.0,1018836.0,417200
2026-09-28,78500.0,83100.0,77500.0,80100.0,69864.0,099320
2026-09-28,11360.0,12490.0,11110.0,11700.0,4477491.0,328130
2026-09-28,49400.0,52000.0,49050.0,50400.0,99644.0,445680
2026-09-28,31450.0,32550.0,31150.0,31450.0,82945.0,065350
2026-09-28,38850.0,39550.0,38450.0,38950.0,53196.0,035760
2026-09-28,23050.0,23350.0,22400.0,22600.0,48864.0,115180
2026-09-28,47000.0,49200.0,45100.0,46700.0,1045402.0,327260
2026-09-28,8270.0,8700.0,8230.0,8400.0,489314.0,031330
2026-09-28,89300.0,89600.0,85400.0,86200.0,75785.0,388210
2026-09-28,74200.0,77600.0,73900.0,74700.0,65284.0,053800
2026-09-28,31100.0,32000.0,30400.0,31300.0,78685.0,014620
2026-09-28,19450.0,19710.0,18840.0,18960.0,162466.0,032500
2026-09-28,68400.0,69800.0,67300.0,68000.0,12120.0,388720
2026-09-28,43050.0,43700.0,42400.0,42700.0,98856.0,122870
2026-09-28,35200.0,35650.0,33800.0,34050.0,426605.0,161580
2026-09-28,64300.0,64800.0,62000.0,63600.0,55310.0,425420
2026-09-28,57700.0,63200.0,57700.0,62900.0,105503.0,251970
2026-09-28,8130.0,8320.0,8030.0,8200.0,189383.0,085660
2026-09-28,48000.0,48300.0,47150.0,47550.0,48225.0,033100
2026-09-28,19830.0,20100.0,19620.0,19770.0,51733.0,032190
2026-09-28,30300.0,31550.0,29750.0,29900.0,101295.0,491000
2026-09-28,29100.0,29300.0,28550.0,28700.0,76199.0,074600
2026-09-28,78500.0,79700.0,76500.0,76900.0,54595.0,090360
2026-09-28,37850.0,38750.0,37150.0,37150.0,103434.0,044490
2026-09-28,6250.0,6360.0,6080.0,6160.0,1003038.0,090710
2026-09-28,16120.0,16430.0,15780.0,16040.0,527874.0,476060
2026-09-28,22300.0,22400.0,21700.0,21800.0,140073.0,059090
2026-09-28,10650.0,11320.0,10560.0,11080.0,482320.0,281740
2026-09-28,69900.0,70700.0,67400.0,67800.0,34295.0,189300
2026-09-28,10890.0,11040.0,10780.0,11030.0,60242.0,225570
2026-09-28,69000.0,75400.0,67000.0,71800.0,81374.0,171090
2026-09-28,9930.0,10000.0,9700.0,9720.0,145067.0,041960
2026-09-28,53700.0,54900.0,52200.0,53900.0,55480.0,041830
2026-09-28,28700.0,29850.0,28500.0,29250.0,57280.0,213420
2026-09-28,6660.0,7030.0,6470.0,6710.0,427584.0,038500
2026-09-28,10600.0,11580.0,10600.0,11220.0,607810.0,006730
2026-09-28,27650.0,27750.0,25400.0,25650.0,303696.0,476830
2026-09-28,62100.0,62500.0,57600.0,57700.0,161248.0,295310
2026-09-28,26550.0,28000.0,26100.0,27600.0,163393.0,023160
2026-09-28,54800.0,56700.0,52800.0,54100.0,337731.0,064290
2026-09-28,22900.0,23200.0,22500.0,22600.0,138980.0,466100
2026-09-28,7610.0,8590.0,7510.0,8410.0,2576642.0,033790
2026-09-28,28800.0,29750.0,28550.0,29400.0,122204.0,137400
2026-09-28,51700.0,56400.0,51100.0,56100.0,108952.0,121600
2026-09-28,32050.0,32500.0,31200.0,31550.0,181932.0,122640
2026-09-28,29450.0,30250.0,29150.0,29350.0,99431.0,124500
2026-09-28,133100.0,137800.0,131500.0,137100.0,6114.0,093320
2026-09-28,45500.0,47650.0,42850.0,46550.0,85418.0,102710
2026-09-28,6930.0,7140.0,6810.0,6830.0,710768.0,048410
2026-09-28,76100.0,76900.0,71700.0,72900.0,33452.0,053610
2026-09-28,31200.0,31600.0,30100.0,30250.0,54535.0,036810
2026-09-28,19650.0,19680.0,19010.0,19680.0,1247026.0,024850
2026-09-28,27650.0,27950.0,26950.0,27050.0,116053.0,033640
2026-09-28,20200.0,20800.0,20150.0,20600.0,29090.0,253450
2026-09-28,88400.0,88400.0,83500.0,84500.0,92712.0,126340
2026-09-28,43400.0,47450.0,42850.0,46650.0,709900.0,092870
2026-09-28,10350.0,10480.0,10160.0,10250.0,190054.0,046890
2026-09-28,50000.0,56200.0,49750.0,53900.0,383533.0,468530
2026-09-28,7460.0,7790.0,7370.0,7600.0,339711.0,222080
2026-09-28,13500.0,13940.0,13300.0,13360.0,588641.0,253590
2026-09-28,13200.0,13600.0,12850.0,12860.0,533263.0,077360
2026-09-28,9490.0,10030.0,9400.0,9600.0,1055169.0,050890
2026-09-28,32400.0,36350.0,32050.0,34775.0,279858.0,456160
2026-09-28,27200.0,28050.0,26850.0,27400.0,37765.0,094170
2026-09-28,37150.0,39050.0,36800.0,38250.0,48650.0,052400
2026-09-28,8970.0,9190.0,8550.0,8590.0,202618.0,358570
2026-09-28,32150.0,32250.0,31500.0,31550.0,32358.0,045100
2026-09-28,12780.0,12970.0,12310.0,12610.0,825962.0,144960
2026-09-28,16250.0,16790.0,15950.0,16200.0,359778.0,490470
2026-09-28,13270.0,13740.0,13040.0,13580.0,182338.0,060250
2026-09-28,40600.0,41050.0,39750.0,40350.0,43445.0,079940
2026-09-28,46250.0,46650.0,45200.0,45650.0,103216.0,399720
2026-09-28,24700.0,26550.0,24300.0,25100.0,595874.0,080580
2026-09-28,15160.0,15780.0,15120.0,15570.0,119544.0,112040
2026-09-28,18220.0,19980.0,17900.0,18405.0,6719832.0,356680
2026-09-28,25750.0,26000.0,24100.0,24300.0,333711.0,475830
2026-09-28,81900.0,84800.0,79000.0,82900.0,33231.0,219130
2026-09-28,8010.0,8140.0,7580.0,7650.0,114826.0,052020
2026-09-28,12240.0,12730.0,12170.0,12470.0,108552.0,009520
2026-09-28,18600.0,19540.0,18360.0,18750.0,261669.0,397030
2026-09-28,30350.0,32900.0,29100.0,29400.0,425584.0,376900
2026-09-28,30550.0,31850.0,30450.0,31250.0,35294.0,037460
2026-09-28,29050.0,32300.0,28550.0,30600.0,266345.0,089890
2026-09-28,68000.0,69200.0,67400.0,68500.0,13739.0,086900
2026-09-28,31050.0,31050.0,30050.0,30200.0,28528.0,101160
2026-09-28,5100.0,5150.0,4970.0,5040.0,1104813.0,025980
2026-09-28,67100.0,68400.0,65400.0,66600.0,20013.0,214430
2026-09-28,9990.0,10150.0,9800.0,9860.0,46252.0,211050
2026-09-28,58000.0,59700.0,57000.0,58700.0,105779.0,098120
2026-09-28,16000.0,16220.0,15810.0,15960.0,97916.0,033500
2026-09-28,21550.0,22750.0,21350.0,22550.0,150135.0,383310
2026-09-28,12290.0,13080.0,12230.0,12730.0,600841.0,019210
2026-09-28,104000.0,104000.0,103500.0,103800.0,799.0,034950
2026-09-28,20000.0,20950.0,19700.0,20200.0,257404.0,348340
2026-09-28,15980.0,16080.0,15820.0,15990.0,12616.0,099190
2026-09-28,2270.0,2305.0,2230.0,2250.0,163231.0,035890
2026-09-28,5730.0,5880.0,5730.0,5850.0,105501.0,015750
2026-09-28,5880.0,6000.0,5770.0,5830.0,1155017.0,041190
2026-09-28,4075.0,4075.0,3800.0,3840.0,1610722.0,027360
2026-09-28,13000.0,13230.0,12910.0,13020.0,47794.0,460930
2026-09-28,10200.0,10430.0,10010.0,10090.0,106715.0,082270
2026-09-28,34450.0,36250.0,34050.0,35400.0,28622.0,365340
2026-09-28,34600.0,37900.0,34600.0,37500.0,145368.0,078340
2026-09-28,17530.0,19560.0,17040.0,18760.0,699720.0,042000
2026-09-28,20050.0,21300.0,19910.0,20750.0,142823.0,348370
2026-09-28,12000.0,12330.0,11680.0,11810.0,225860.0,056080
2026-09-28,4020.0,4180.0,3955.0,4000.0,3006502.0,069540
2026-09-28,28850.0,28950.0,27900.0,28050.0,49274.0,340570
2026-09-28,36900.0,37000.0,35300.0,35450.0,34111.0,104830
2026-09-28,37800.0,39150.0,37650.0,37950.0,34823.0,013030
2026-09-28,22300.0,22650.0,21700.0,22300.0,234883.0,290550
2026-09-28,34500.0,36900.0,34000.0,35950.0,26070.0,278280
2026-09-28,4880.0,4975.0,4830.0,4895.0,247083.0,336570
2026-09-28,6740.0,6990.0,6530.0,6780.0,609383.0,187660
2026-09-28,20150.0,20600.0,19610.0,20250.0,338661.0,486990
2026-09-28,12000.0,12210.0,11750.0,11820.0,402773.0,125490
2026-09-28,36400.0,37150.0,35900.0,37150.0,37398.0,067160
2026-09-28,5810.0,6200.0,5700.0,6030.0,543503.0,204620
2026-09-28,13240.0,13570.0,12860.0,12890.0,159369.0,368770
2026-09-28,17050.0,17700.0,17010.0,17540.0,88405.0,030520
2026-09-28,28800.0,32600.0,28500.0,31300.0,131367.0,475960
2026-09-28,21150.0,21800.0,20950.0,21250.0,75107.0,272290
2026-09-28,38300.0,41150.0,38000.0,39800.0,246491.0,170920
2026-09-28,24600.0,26650.0,24150.0,25050.0,516645.0,089010
2026-09-28,14420.0,15160.0,14230.0,14880.0,332908.0,114810
2026-09-28,41600.0,42250.0,40450.0,40750.0,7958.0,241770
2026-09-28,3405.0,3405.0,3405.0,3405.0,267569.0,067630
2026-09-28,27500.0,27650.0,25700.0,27200.0,209135.0,078350
2026-09-28,21400.0,23850.0,20850.0,23250.0,1013428.0,477850
2026-09-28,23400.0,24250.0,21500.0,21600.0,1420809.0,386380
2026-09-28,8840.0,9040.0,8760.0,8780.0,693332.0,332570
2026-09-28,17000.0,17230.0,16850.0,17000.0,49010.0,376300
2026-09-28,16500.0,16870.0,16040.0,16410.0,559194.0,033160
2026-09-28,11180.0,11520.0,11060.0,11480.0,93597.0,018290
2026-09-28,17930.0,18040.0,17730.0,17960.0,25654.0,095660
2026-09-28,3490.0,3530.0,3440.0,3455.0,39260.0,078130
2026-09-28,55700.0,56900.0,53800.0,55500.0,20265.0,236200
2026-09-28,12800.0,12960.0,12060.0,12440.0,713533.0,079370
2026-09-28,17010.0,17430.0,16490.0,16770.0,856796.0,417840
2026-09-28,20050.0,20250.0,19270.0,19340.0,84988.0,174900
2026-09-28,4625.0,4730.0,4580.0,4590.0,139206.0,101730
2026-09-28,36250.0,37250.0,35950.0,37050.0,26684.0,215200
2026-09-28,29900.0,30350.0,27500.0,28400.0,166004.0,159010
2026-09-28,23250.0,28150.0,22950.0,26100.0,2157678.0,456010
2026-09-28,40850.0,42600.0,40600.0,40900.0,61644.0,107640
2026-09-28,11480.0,11780.0,11210.0,11380.0,499531.0,439960
2026-09-28,8730.0,8930.0,8530.0,8730.0,307380.0,441270
2026-09-28,23250.0,23550.0,22850.0,23050.0,29531.0,092730
2026-09-28,6530.0,6660.0,6510.0,6580.0,72878.0,078020
2026-09-28,32250.0,32800.0,32250.0,32800.0,712.0,003800
2026-09-28,1282.0,1294.0,1239.0,1239.0,1010631.0,018000
2026-09-28,11250.0,11770.0,11210.0,11710.0,139229.0,069080
2026-09-28,9180.0,9400.0,9080.0,9250.0,33171.0,078160
2026-09-28,26750.0,27150.0,26350.0,26850.0,55402.0,200710
2026-09-28,7610.0,7630.0,7280.0,7290.0,531929.0,006910
2026-09-28,19150.0,19430.0,18100.0,18980.0,533847.0,052710
2026-09-28,33550.0,34450.0,33150.0,33650.0,44403.0,348210
2026-09-28,7420.0,7910.0,7380.0,7740.0,98359.0,036800
2026-09-28,8000.0,8090.0,7510.0,7600.0,177464.0,092190
2026-09-28,3785.0,3895.0,3760.0,3790.0,287994.0,025320
2026-09-28,6730.0,7040.0,6650.0,6890.0,66481.0,025900
2026-09-28,29100.0,29250.0,27800.0,28250.0,95714.0,330860
2026-09-28,29000.0,31300.0,27550.0,27800.0,528719.0,138080
2026-09-28,10530.0,10750.0,10030.0,10150.0,261677.0,393890
2026-09-28,8210.0,8210.0,7700.0,7810.0,759467.0,200470
2026-09-28,7930.0,8140.0,7710.0,7730.0,1753550.0,046970
2026-09-28,4375.0,4510.0,4315.0,4475.0,690139.0,064260
2026-09-28,7870.0,8460.0,7820.0,8180.0,304747.0,060280
2026-09-28,28850.0,29450.0,27750.0,27950.0,11267.0,093520
2026-09-28,3330.0,3815.0,3330.0,3595.0,9015518.0,424870
2026-09-28,7520.0,7950.0,7520.0,7680.0,33533.0,121440
2026-09-28,21800.0,22500.0,21350.0,21600.0,39793.0,372320
2026-09-28,3695.0,3720.0,3625.0,3650.0,393383.0,036620
2026-09-28,46900.0,47800.0,32450.0,32450.0,5997670.0,0010S0
2026-09-28,15480.0,16420.0,15410.0,15640.0,296683.0,017890
2026-09-28,21300.0,21300.0,20750.0,20850.0,34540.0,039440
2026-09-28,39600.0,40650.0,37400.0,39000.0,84535.0,452430
2026-09-28,17620.0,17630.0,16850.0,16940.0,74240.0,110990
2026-09-28,53900.0,54900.0,52300.0,52700.0,23891.0,448900
2026-09-28,14250.0,14440.0,14050.0,14150.0,113316.0,117730
2026-09-28,21150.0,21250.0,20750.0,20800.0,14669.0,455900
2026-09-28,2260.0,2335.0,2260.0,2300.0,430656.0,215600
2026-09-28,35400.0,36650.0,34500.0,35400.0,75033.0,199800
2026-09-28,25000.0,25450.0,23700.0,23900.0,55173.0,389470
2026-09-28,9620.0,9620.0,9620.0,9620.0,32139.0,047920
2026-09-28,22150.0,23000.0,21700.0,22500.0,207635.0,234340
2026-09-28,3450.0,3450.0,3310.0,3370.0,154614.0,900290
2026-09-28,10860.0,10940.0,10600.0,10700.0,38331.0,488900
2026-09-28,8300.0,8590.0,8250.0,8400.0,76490.0,206650
2026-09-28,4480.0,4585.0,4375.0,4380.0,321209.0,061970
2026-09-28,14390.0,14390.0,13570.0,13620.0,65795.0,168360
2026-09-28,13950.0,13950.0,13390.0,13720.0,150746.0,482630
2026-09-28,22250.0,22300.0,21700.0,22050.0,9591.0,352480
2026-09-28,11820.0,12360.0,11820.0,12100.0,32030.0,071200
2026-09-28,4510.0,4590.0,4460.0,4570.0,132597.0,035810
2026-09-28,7890.0,7960.0,7660.0,7830.0,18902.0,025770
2026-09-28,10710.0,11540.0,10600.0,11180.0,2607069.0,042370
2026-09-28,10900.0,10900.0,9960.0,10070.0,850200.0,446540
2026-09-28,2805.0,3045.0,2750.0,2850.0,7209929.0,203650
2026-09-28,6640.0,7300.0,6630.0,7040.0,389903.0,484590
2026-09-28,6340.0,6410.0,6300.0,6320.0,8536.0,101930
2026-09-28,12750.0,13200.0,12700.0,13090.0,789641.0,425040
2026-09-28,27100.0,27100.0,25800.0,26150.0,91164.0,160980
2026-09-28,9520.0,9760.0,9340.0,9340.0,155249.0,036200
2026-09-28,20900.0,22200.0,20600.0,21400.0,209457.0,091580
2026-09-28,4975.0,4985.0,4885.0,4920.0,14695.0,472850
2026-09-28,19210.0,19320.0,18940.0,19030.0,24776.0,265520
2026-09-28,16540.0,16790.0,16330.0,16710.0,9110.0,092460
2026-09-28,18230.0,18410.0,18010.0,18140.0,31406.0,049070
2026-09-28,12300.0,13520.0,12070.0,12360.0,7229813.0,012210
2026-09-28,2650.0,2665.0,2640.0,2660.0,163267.0,136480
2026-09-28,23150.0,23350.0,23000.0,23250.0,4303.0,054950
2026-09-28,43000.0,44600.0,42050.0,42200.0,64662.0,389500
2026-09-28,11300.0,11620.0,11150.0,11250.0,86485.0,228760
2026-09-28,4170.0,4220.0,4070.0,4095.0,102963.0,099440
2026-09-28,24200.0,25000.0,24150.0,24850.0,15685.0,200670
2026-09-28,9340.0,9400.0,9230.0,9380.0,3107.0,448280
2026-09-28,21300.0,21950.0,21300.0,21800.0,15880.0,084110
2026-09-28,9930.0,10000.0,9900.0,9910.0,21445.0,035600
2026-09-28,13150.0,13340.0,12820.0,12870.0,136155.0,086390
2026-09-28,26350.0,27150.0,26200.0,26850.0,41868.0,294570
2026-09-28,12830.0,13615.0,12740.0,13130.0,100436.0,317330
2026-09-28,0.0,0.0,0.0,21000.0,0.0,309710
2026-09-28,9510.0,10000.0,9420.0,9690.0,321300.0,068930
2026-09-28,11960.0,12900.0,11780.0,12320.0,381881.0,094360
2026-09-28,0.0,0.0,0.0,3670.0,0.0,182400
2026-09-28,17670.0,18390.0,17250.0,17810.0,105282.0,493280
2026-09-28,5230.0,5340.0,5200.0,5260.0,62672.0,091700
2026-09-28,7400.0,7400.0,7000.0,7050.0,82207.0,216080
2026-09-28,25000.0,25200.0,21350.0,21500.0,1831919.0,0161M0
2026-09-28,24100.0,24250.0,23550.0,23550.0,53415.0,098070
2026-09-28,12000.0,12000.0,11540.0,11900.0,103071.0,036890
2026-09-28,24000.0,24150.0,22500.0,23900.0,76823.0,484120
2026-09-28,6290.0,6410.0,6000.0,6020.0,1625599.0,024840
2026-09-28,32700.0,33050.0,31350.0,31550.0,20974.0,389650
2026-09-28,17500.0,17650.0,17270.0,17570.0,20106.0,043150
2026-09-28,14530.0,15070.0,14190.0,15000.0,39102.0,377450
2026-09-28,9800.0,10050.0,9550.0,9860.0,93546.0,394280
2026-09-28,11020.0,11140.0,10960.0,10980.0,38970.0,060720
2026-09-28,11760.0,12450.0,11760.0,11990.0,43438.0,378340
2026-09-28,6170.0,6330.0,6100.0,6150.0,44793.0,067390
2026-09-28,5430.0,5480.0,5370.0,5420.0,51083.0,151860
2026-09-28,5490.0,5580.0,5350.0,5510.0,112526.0,0011T0
2026-09-28,17960.0,18090.0,17000.0,17100.0,35026.0,287840
2026-09-28,17950.0,18370.0,17800.0,18060.0,64353.0,042520
2026-09-28,21850.0,21950.0,21600.0,21650.0,1975.0,051500
2026-09-28,33750.0,33750.0,33100.0,33300.0,1753.0,267980
2026-09-28,0.0,0.0,0.0,3320.0,0.0,121800
2026-09-28,15480.0,16140.0,15410.0,15940.0,42408.0,089980
2026-09-28,0.0,0.0,0.0,4080.0,0.0,377460
2026-09-28,15360.0,15570.0,15320.0,15330.0,33346.0,439090
2026-09-28,13500.0,13700.0,12830.0,12960.0,441672.0,452280
2026-09-28,18880.0,19160.0,18470.0,18780.0,29076.0,461300
2026-09-28,42200.0,42300.0,38800.0,39300.0,112297.0,354320
2026-09-28,3210.0,3275.0,3205.0,3245.0,111266.0,023410
2026-09-28,20250.0,21000.0,19860.0,19950.0,18197.0,304360
2026-09-28,4485.0,4750.0,4370.0,4615.0,626763.0,036710
2026-09-28,2580.0,2580.0,2580.0,2580.0,204485.0,115450
2026-09-28,31800.0,32900.0,31650.0,32100.0,29282.0,073490
2026-09-28,8960.0,9220.0,8850.0,8980.0,341712.0,108860
2026-09-28,4920.0,4970.0,4910.0,4915.0,13492.0,036030
2026-09-28,26950.0,26950.0,25850.0,26150.0,12367.0,065680
2026-09-28,33600.0,34000.0,33000.0,33250.0,5182.0,376270
2026-09-28,4800.0,4800.0,4545.0,4580.0,434890.0,314130
2026-09-28,16820.0,17140.0,16500.0,16600.0,70746.0,254490
2026-09-28,12860.0,13460.0,12860.0,13270.0,100181.0,389260
2026-09-28,11110.0,11340.0,11110.0,11280.0,17704.0,043370
2026-09-28,24300.0,24550.0,23150.0,23300.0,33979.0,011560
2026-09-28,7630.0,7700.0,7500.0,7640.0,14727.0,064820
2026-09-28,7000.0,7300.0,6810.0,7090.0,486845.0,032580
2026-09-28,22000.0,22100.0,21400.0,21450.0,14181.0,445090
2026-09-28,2655.0,3425.0,2650.0,3425.0,20354108.0,256840
2026-09-28,7260.0,7540.0,7010.0,7320.0,4090403.0,394800
2026-09-28,25750.0,26550.0,25700.0,26000.0,7958.0,100120
2026-09-28,45250.0,45450.0,44700.0,45200.0,5205.0,065710
2026-09-28,30400.0,30400.0,28850.0,29050.0,53304.0,272110
2026-09-28,4920.0,4935.0,4700.0,4805.0,168039.0,019010
2026-09-28,20300.0,20750.0,18930.0,20300.0,46140.0,064850
2026-09-28,6650.0,6920.0,6600.0,6830.0,161137.0,462350
2026-09-28,2390.0,2445.0,2330.0,2340.0,23138.0,180400
2026-09-28,24950.0,28500.0,24750.0,25400.0,300811.0,416180
2026-09-28,35900.0,36550.0,35550.0,36400.0,15145.0,215000
2026-09-28,19080.0,19250.0,18800.0,19110.0,13486.0,243070
2026-09-28,14250.0,14730.0,14200.0,14420.0,40977.0,144510
2026-09-28,16820.0,17380.0,16340.0,16400.0,149785.0,085910
2026-09-28,7750.0,7870.0,7660.0,7810.0,31822.0,200130
2026-09-28,8770.0,8980.0,8550.0,8740.0,352977.0,064550
2026-09-28,1408.0,1428.0,1405.0,1418.0,31162.0,023760
2026-09-28,5650.0,5780.0,5560.0,5680.0,192441.0,094480
2026-09-28,23450.0,23950.0,23050.0,23400.0,9071.0,0008Z0
2026-09-28,4050.0,4235.0,4015.0,4130.0,188172.0,298830
2026-09-28,15690.0,16000.0,15540.0,15640.0,39610.0,190510
2026-09-28,12050.0,12170.0,11890.0,12140.0,15215.0,237880
2026-09-28,8150.0,8380.0,8020.0,8240.0,112685.0,241520
2026-09-28,15430.0,15480.0,15010.0,15270.0,2476.0,481070
2026-09-28,8340.0,8600.0,8260.0,8360.0,46329.0,114190
2026-09-28,3040.0,3110.0,2960.0,3015.0,841178.0,462860
2026-09-28,18640.0,18680.0,18280.0,18340.0,40166.0,475400
2026-09-28,8480.0,8690.0,8380.0,8480.0,45918.0,0001A0
2026-09-28,10600.0,10870.0,10550.0,10760.0,6966.0,005710
2026-09-28,9570.0,9990.0,9400.0,9720.0,31790.0,365270
2026-09-28,3100.0,3105.0,3010.0,3060.0,583860.0,045390
2026-09-28,11510.0,11680.0,11300.0,11490.0,35731.0,067080
2026-09-28,14410.0,14540.0,14400.0,14520.0,11027.0,018310
2026-09-28,6200.0,6300.0,6050.0,6090.0,415285.0,125020
2026-09-28,10750.0,10930.0,10030.0,10520.0,157801.0,112290
2026-09-28,5450.0,5690.0,5300.0,5500.0,99529.0,243840
2026-09-28,5900.0,6140.0,5510.0,5680.0,124501.0,450950
2026-09-28,4015.0,4175.0,3980.0,3990.0,304852.0,290690
2026-09-28,5780.0,5960.0,5390.0,5740.0,138357.0,307180
2026-09-28,24750.0,24750.0,24000.0,24050.0,81200.0,382900
2026-09-28,9420.0,9640.0,9300.0,9530.0,21661.0,206640
2026-09-28,6150.0,6420.0,6070.0,6360.0,103002.0,053030
2026-09-28,0.0,0.0,0.0,8450.0,0.0,380540
2026-09-28,33400.0,34450.0,33400.0,34400.0,1599.0,036190
2026-09-28,4315.0,4315.0,4200.0,4225.0,4360.0,950170
2026-09-28,4500.0,4570.0,4445.0,4500.0,61935.0,014940
2026-09-28,3300.0,3395.0,3275.0,3325.0,82557.0,099430
2026-09-28,16360.0,16840.0,16140.0,16480.0,12998.0,058970
2026-09-28,6180.0,6200.0,6100.0,6140.0,16007.0,353810
2026-09-28,6400.0,6650.0,6380.0,6560.0,71896.0,095500
2026-09-28,8210.0,8880.0,8210.0,8530.0,977012.0,340450
2026-09-28,22950.0,23050.0,22350.0,22400.0,12620.0,049430
2026-09-28,5040.0,5180.0,5010.0,5110.0,96452.0,053300
2026-09-28,2105.0,2220.0,2060.0,2145.0,295188.0,217730
2026-09-28,15660.0,15680.0,15440.0,15460.0,20933.0,459510
2026-09-28,36650.0,37000.0,36300.0,36450.0,13918.0,061090
2026-09-28,18110.0,18350.0,17770.0,17800.0,37388.0,199430
2026-09-28,2060.0,2110.0,2045.0,2075.0,1178681.0,078150
2026-09-28,6740.0,6790.0,6580.0,6640.0,16426.0,314930
2026-09-28,22850.0,23650.0,22050.0,22450.0,142267.0,126730
2026-09-28,38000.0,38500.0,33250.0,33850.0,385817.0,417030
2026-09-28,19310.0,19730.0,19010.0,19500.0,58249.0,086670
2026-09-28,0.0,0.0,0.0,2410.0,0.0,080720
2026-09-28,3495.0,3540.0,3495.0,3530.0,221995.0,005160
2026-09-28,23250.0,23950.0,23150.0,23500.0,4967.0,042420
2026-09-28,11200.0,11200.0,10680.0,10730.0,62173.0,083310
2026-09-28,24200.0,24550.0,23850.0,23850.0,162243.0,123330
2026-09-28,2100.0,2110.0,2080.0,2095.0,29287.0,013120
2026-09-28,15110.0,15350.0,15060.0,15100.0,44610.0,304100
2026-09-28,12170.0,12170.0,11980.0,12050.0,2452.0,036560
2026-09-28,12370.0,12720.0,12330.0,12680.0,598694.0,024060
2026-09-28,30050.0,30750.0,30000.0,30400.0,4638.0,192440
2026-09-28,25500.0,25800.0,24900.0,25150.0,4516.0,066620
2026-09-28,10150.0,10440.0,10140.0,10310.0,30213.0,194700
2026-09-28,5350.0,5580.0,5210.0,5210.0,183088.0,452450
2026-09-28,10280.0,10470.0,10010.0,10020.0,262934.0,388050
2026-09-28,5980.0,5980.0,5890.0,5940.0,3177.0,034810
2026-09-28,0.0,0.0,0.0,994.0,0.0,016790
2026-09-28,6400.0,6820.0,6400.0,6670.0,46733.0,293780
2026-09-28,14800.0,15140.0,14050.0,14390.0,21815.0,308430
2026-09-28,14080.0,14530.0,14060.0,14260.0,45145.0,102940
2026-09-28,3005.0,3030.0,2960.0,2965.0,25754.0,126600
2026-09-28,17500.0,17500.0,17200.0,17350.0,5079.0,143240
2026-09-28,10270.0,10590.0,10240.0,10430.0,10108.0,052330
2026-09-28,12040.0,12200.0,11860.0,11960.0,46603.0,484810
2026-09-28,5560.0,5680.0,5290.0,5450.0,501062.0,046120
2026-09-28,8040.0,8150.0,7980.0,8110.0,5662.0,084850
2026-09-28,6470.0,6580.0,6380.0,6420.0,53189.0,176750
2026-09-28,12660.0,14620.0,12360.0,14270.0,319846.0,163730
2026-09-28,9990.0,10260.0,9790.0,10100.0,119642.0,464080
2026-09-28,12120.0,12450.0,12020.0,12370.0,41481.0,083930
2026-09-28,14000.0,14140.0,13860.0,13940.0,17803.0,214180
2026-09-28,13820.0,14240.0,13410.0,13570.0,126122.0,230240
2026-09-28,3245.0,3385.0,3150.0,3190.0,9531912.0,067290
2026-09-28,12020.0,12210.0,11810.0,11910.0,51870.0,094820
2026-09-28,17360.0,17820.0,17280.0,17500.0,37540.0,419530
2026-09-28,12210.0,12500.0,12110.0,12320.0,39910.0,403850
2026-09-28,14310.0,14870.0,14310.0,14570.0,45432.0,194480
2026-09-28,9010.0,9590.0,8990.0,9500.0,124657.0,041920
2026-09-28,12950.0,13370.0,12800.0,12870.0,474075.0,274090
2026-09-28,16140.0,16450.0,15790.0,15790.0,31770.0,318060
2026-09-28,18400.0,18590.0,18240.0,18430.0,15865.0,108380
2026-09-28,7770.0,8150.0,7350.0,8000.0,86158.0,068790
2026-09-28,15530.0,15800.0,15100.0,15450.0,37058.0,138610
2026-09-28,12030.0,13390.0,11690.0,13010.0,491447.0,051160
2026-09-28,14790.0,15230.0,14450.0,14980.0,66903.0,0015G0
2026-09-28,18590.0,24500.0,18580.0,23150.0,7797330.0,387690
2026-09-28,18380.0,19490.0,18080.0,19290.0,270968.0,263860
2026-09-28,6340.0,6970.0,6270.0,6740.0,139737.0,086820
2026-09-28,14250.0,14470.0,14080.0,14200.0,12507.0,405100
2026-09-28,11960.0,12170.0,11640.0,11670.0,48534.0,489460
2026-09-28,2870.0,2895.0,2815.0,2835.0,75135.0,082800
2026-09-28,14250.0,14320.0,14140.0,14250.0,3079.0,092130
2026-09-28,2280.0,2407.0,2265.0,2335.0,487845.0,012860
2026-09-28,15920.0,15980.0,15780.0,15960.0,1669.0,143160
2026-09-28,7800.0,9550.0,7770.0,9020.0,10884137.0,0039P0
2026-09-28,9000.0,9640.0,9000.0,9500.0,180051.0,234690
2026-09-28,3100.0,3230.0,3090.0,3150.0,320957.0,475040
2026-09-28,13410.0,13600.0,13400.0,13420.0,9785.0,270660
2026-09-28,6610.0,6680.0,6520.0,6640.0,41557.0,122990
2026-09-28,4190.0,4925.0,4190.0,4470.0,2372104.0,039860
2026-09-28,6580.0,6860.0,6530.0,6710.0,54084.0,054210
2026-09-28,5950.0,6120.0,5880.0,6080.0,70261.0,123410
2026-09-28,7590.0,7840.0,7500.0,7600.0,93678.0,199820
2026-09-28,5720.0,5780.0,5570.0,5580.0,155268.0,264850
2026-09-28,7000.0,7690.0,6990.0,7230.0,590272.0,051370
2026-09-28,5170.0,5520.0,5160.0,5300.0,648420.0,382800
2026-09-28,14380.0,15040.0,14250.0,14770.0,19928.0,119610
2026-09-28,10030.0,10080.0,9990.0,9990.0,4816.0,038390
2026-09-28,11410.0,11490.0,11100.0,11420.0,77936.0,264450
2026-09-28,0.0,0.0,0.0,741.0,0.0,245620
2026-09-28,1809.0,1864.0,1795.0,1837.0,189870.0,104480
2026-09-28,15530.0,15820.0,15290.0,15540.0,22514.0,039830
2026-09-28,14090.0,15490.0,14090.0,14370.0,2055099.0,478340
2026-09-28,2765.0,2765.0,2640.0,2710.0,171349.0,036170
2026-09-28,7200.0,7360.0,7100.0,7110.0,175769.0,049630
2026-09-28,31000.0,31000.0,30300.0,30500.0,1529.0,357550
2026-09-28,6180.0,6370.0,6170.0,6240.0,82557.0,119830
2026-09-28,2725.0,2825.0,2715.0,2750.0,739266.0,289080
2026-09-28,3100.0,3230.0,3070.0,3170.0,113590.0,032620
2026-09-28,6760.0,6800.0,6690.0,6710.0,50745.0,118990
2026-09-28,15310.0,15880.0,15080.0,15180.0,299496.0,488280
2026-09-28,10610.0,11300.0,10570.0,11010.0,50777.0,126700
2026-09-28,57200.0,58500.0,56500.0,57000.0,9667.0,260970
2026-09-28,12300.0,12970.0,12080.0,12410.0,43451.0,0082N0
2026-09-28,13470.0,13470.0,12940.0,13040.0,15442.0,402030
2026-09-28,2220.0,2260.0,2155.0,2165.0,129602.0,088800
2026-09-28,9300.0,9310.0,8885.0,8940.0,264882.0,032940
2026-09-28,2955.0,2990.0,2915.0,2920.0,29676.0,204610
2026-09-28,3145.0,3435.0,3050.0,3295.0,335263.0,134580
2026-09-28,20400.0,20800.0,19940.0,20300.0,8453.0,372170
2026-09-28,7950.0,8200.0,7950.0,8090.0,2811.0,950140
2026-09-28,4805.0,4920.0,4790.0,4880.0,45222.0,013990
2026-09-28,12170.0,12170.0,11590.0,11700.0,77918.0,149950
2026-09-28,8090.0,8430.0,8000.0,8310.0,14280.0,093190
2026-09-28,0.0,0.0,0.0,1153.0,0.0,066410
2026-09-28,21300.0,21300.0,20200.0,20400.0,82324.0,355150
2026-09-28,19040.0,21650.0,19020.0,19790.0,568373.0,0007C0
2026-09-28,4595.0,4595.0,4365.0,4505.0,30762.0,024800
2026-09-28,8300.0,8570.0,8260.0,8400.0,30903.0,080160
2026-09-28,13230.0,13300.0,13100.0,13260.0,12089.0,072870
2026-09-28,5710.0,6580.0,5610.0,5980.0,17941977.0,396300
2026-09-28,4795.0,5040.0,4770.0,4915.0,58819.0,418550
2026-09-28,5290.0,5460.0,5090.0,5135.0,370901.0,388790
2026-09-28,13500.0,13500.0,12950.0,13000.0,20138.0,123860
2026-09-28,26300.0,26400.0,25950.0,26150.0,4893.0,023910
2026-09-28,3520.0,4175.0,3520.0,3825.0,662911.0,086890
2026-09-28,9050.0,9430.0,8910.0,9110.0,156666.0,445180
2026-09-28,11700.0,11990.0,11270.0,11310.0,93266.0,187870
2026-09-28,6400.0,7190.0,6400.0,6950.0,257290.0,220100
2026-09-28,3020.0,3160.0,3010.0,3140.0,261191.0,041020
2026-09-28,5010.0,5050.0,4990.0,5050.0,14156.0,011040
2026-09-28,25850.0,26350.0,25650.0,26150.0,5996.0,067280
2026-09-28,7510.0,7650.0,7250.0,7460.0,117775.0,222040
2026-09-28,27750.0,28400.0,26600.0,26850.0,14917.0,474650
2026-09-28,12590.0,12590.0,12240.0,12590.0,9633.0,041520
2026-09-28,4255.0,4355.0,4200.0,4215.0,425149.0,413630
2026-09-28,4800.0,4800.0,4645.0,4675.0,18337.0,093640
2026-09-28,10130.0,10360.0,10030.0,10070.0,65446.0,054450
2026-09-28,15040.0,15100.0,14630.0,14650.0,575.0,054800
2026-09-28,13000.0,13300.0,12780.0,13070.0,23855.0,092070
2026-09-28,14790.0,14790.0,14040.0,14100.0,45411.0,226590
2026-09-28,10000.0,10090.0,9980.0,10000.0,5773.0,007330
2026-09-28,10760.0,10990.0,10550.0,10610.0,108769.0,432720
2026-09-28,8750.0,8870.0,8690.0,8790.0,15090.0,078070
2026-09-28,11800.0,12480.0,11630.0,11980.0,11408.0,042600
2026-09-28,4520.0,4635.0,4485.0,4595.0,29430.0,179290
2026-09-28,1800.0,1850.0,1750.0,1776.0,50978.0,205500
2026-09-28,4020.0,4240.0,4020.0,4175.0,91643.0,148150
2026-09-28,23000.0,23350.0,22800.0,23200.0,5569.0,489500
2026-09-28,3050.0,3270.0,3030.0,3205.0,199579.0,084990
2026-09-28,14620.0,15040.0,14590.0,14800.0,10784.0,065660
2026-09-28,4040.0,4075.0,4010.0,4065.0,38374.0,046440
2026-09-28,9010.0,9110.0,9010.0,9100.0,1935.0,023600
2026-09-28,11560.0,11850.0,11400.0,11600.0,151341.0,0015N0
2026-09-28,13300.0,13340.0,13220.0,13310.0,3953.0,069510
2026-09-28,10800.0,10860.0,10300.0,10860.0,2909.0,005990
2026-09-28,1680.0,1680.0,1636.0,1642.0,422231.0,138360
2026-09-28,7730.0,8200.0,7600.0,7920.0,103466.0,251370
2026-09-28,8500.0,8770.0,8500.0,8650.0,13192.0,300080
2026-09-28,10420.0,10560.0,10070.0,10540.0,92426.0,212560
2026-09-28,7090.0,7210.0,7000.0,7140.0,57078.0,147830
2026-09-28,14920.0,15180.0,14750.0,15090.0,4565.0,049960
2026-09-28,13500.0,14660.0,13370.0,14320.0,403567.0,0088M0
2026-09-28,12170.0,12500.0,12170.0,12330.0,7648.0,089600
2026-09-28,4050.0,4690.0,4045.0,4365.0,777287.0,220260
2026-09-28,1476.0,1647.0,1476.0,1584.0,995103.0,048870
2026-09-28,9590.0,9610.0,9210.0,9430.0,8955.0,115310
2026-09-28,7660.0,8050.0,7660.0,7840.0,35649.0,101360
2026-09-28,9480.0,9550.0,9390.0,9410.0,801.0,101970
2026-09-28,8370.0,8450.0,8260.0,8330.0,8408.0,114840
2026-09-28,8300.0,8730.0,8150.0,8370.0,100278.0,451760
2026-09-28,9090.0,9320.0,9000.0,9150.0,51126.0,211270
2026-09-28,5050.0,5120.0,4995.0,5040.0,12625.0,035610
2026-09-28,10120.0,10670.0,10070.0,10370.0,137538.0,232680
2026-09-28,7350.0,7590.0,7210.0,7490.0,430131.0,059120
2026-09-28,15520.0,15690.0,15250.0,15280.0,36656.0,469610
2026-09-28,5550.0,5770.0,5490.0,5570.0,1009884.0,158430
2026-09-28,7690.0,7850.0,7575.0,7640.0,86800.0,102120
2026-09-28,4450.0,4665.0,4440.0,4495.0,101158.0,321550
2026-09-28,4790.0,5120.0,4755.0,4790.0,1136249.0,054920
2026-09-28,20450.0,20550.0,20300.0,20400.0,3585.0,003100
2026-09-28,4130.0,4480.0,4065.0,4395.0,322570.0,418420
2026-09-28,5930.0,6160.0,5860.0,6010.0,172408.0,156100
2026-09-28,7460.0,7650.0,7370.0,7510.0,285419.0,265740
2026-09-28,10100.0,11910.0,10060.0,11170.0,1689142.0,115500
2026-09-28,10730.0,10950.0,10730.0,10860.0,6233.0,136540
2026-09-28,3320.0,3415.0,3285.0,3340.0,101192.0,073010
2026-09-28,10470.0,10630.0,10300.0,10420.0,33551.0,140670
2026-09-28,12060.0,12550.0,12060.0,12250.0,33099.0,038290
2026-09-28,6790.0,7580.0,6790.0,7460.0,241260.0,052860
2026-09-28,10700.0,10770.0,10230.0,10400.0,11020.0,146320
2026-09-28,3635.0,3635.0,3490.0,3520.0,650942.0,047770
2026-09-28,7840.0,8240.0,7840.0,7960.0,19843.0,228850
2026-09-28,13600.0,13850.0,13500.0,13570.0,20967.0,264660
2026-09-28,6430.0,6660.0,6360.0,6600.0,69701.0,037070
2026-09-28,10000.0,12070.0,9880.0,10990.0,2540985.0,153890
2026-09-28,6090.0,6390.0,6090.0,6330.0,217349.0,240550
2026-09-28,4970.0,5560.0,4935.0,5120.0,389689.0,322510
2026-09-28,11900.0,12040.0,11780.0,11850.0,16871.0,035080
2026-09-28,6970.0,7400.0,6850.0,7010.0,819988.0,053260
2026-09-28,3840.0,3925.0,3730.0,3755.0,437212.0,126640
2026-09-28,12230.0,13340.0,11710.0,12160.0,8458967.0,115440
2026-09-28,14600.0,14700.0,13920.0,14000.0,72733.0,322310
2026-09-28,4040.0,4750.0,4010.0,4345.0,2725155.0,052260
2026-09-28,9080.0,9130.0,9010.0,9130.0,31392.0,049720
2026-09-28,6330.0,6710.0,6060.0,6520.0,878587.0,079650
2026-09-28,6150.0,6300.0,6150.0,6260.0,143368.0,142210
2026-09-28,10040.0,10080.0,9950.0,9960.0,39410.0,001540
2026-09-28,3965.0,4030.0,3865.0,3975.0,98986.0,417500
2026-09-28,11080.0,12180.0,10900.0,11690.0,1168573.0,042510
2026-09-28,8400.0,8940.0,8170.0,8510.0,148213.0,494120
2026-09-28,13770.0,14240.0,13550.0,13890.0,28459.0,457550
2026-09-28,1595.0,1649.0,1578.0,1619.0,9835.0,080420
2026-09-28,6620.0,6690.0,6360.0,6390.0,130375.0,417010
2026-09-28,1813.0,1869.0,1780.0,1825.0,4439357.0,321370
2026-09-28,12270.0,12410.0,12160.0,12180.0,21835.0,285490
2026-09-28,8000.0,8220.0,7970.0,8040.0,32387.0,105330
2026-09-28,2785.0,2845.0,2775.0,2825.0,36197.0,060150
2026-09-28,4500.0,4795.0,4500.0,4695.0,53305.0,297090
2026-09-28,13220.0,13580.0,13100.0,13160.0,23957.0,361390
2026-09-28,8700.0,8820.0,8210.0,8250.0,27482.0,338840
2026-09-28,12600.0,13030.0,12440.0,12960.0,33722.0,094840
2026-09-28,16720.0,17150.0,16630.0,16820.0,15314.0,079960
2026-09-28,2740.0,2845.0,2740.0,2775.0,187389.0,095700
2026-09-28,2200.0,2275.0,2180.0,2205.0,247246.0,267320
2026-09-28,2285.0,2370.0,2250.0,2330.0,144332.0,307750
2026-09-28,9650.0,9740.0,9500.0,9690.0,14623.0,950190
2026-09-28,1124.0,1132.0,1108.0,1128.0,115361.0,027710
2026-09-28,0.0,0.0,0.0,2885.0,0.0,036690
2026-09-28,10770.0,10960.0,10610.0,10740.0,14493.0,282880
2026-09-28,9440.0,9580.0,9320.0,9340.0,62448.0,039840
2026-09-28,5790.0,5910.0,5730.0,5830.0,5323.0,021320
2026-09-28,4875.0,5450.0,4860.0,5210.0,4907301.0,452190
2026-09-28,6990.0,7210.0,6840.0,7010.0,40703.0,474170
2026-09-28,1196.0,1230.0,1133.0,1136.0,2551652.0,255220
2026-09-28,2890.0,2910.0,2850.0,2860.0,8635.0,408920
2026-09-28,6070.0,6270.0,6000.0,6150.0,18591.0,256940
2026-09-28,0.0,0.0,0.0,1190.0,0.0,056090
2026-09-28,3120.0,3260.0,3105.0,3230.0,109172.0,108230
2026-09-28,3705.0,3800.0,3665.0,3740.0,1650985.0,201490
2026-09-28,1270.0,1318.0,1250.0,1287.0,179371.0,293580
2026-09-28,7160.0,7420.0,7120.0,7160.0,73830.0,402490
2026-09-28,3675.0,4010.0,3670.0,3865.0,211356.0,351320
2026-09-28,3160.0,3600.0,3090.0,3380.0,1112288.0,950250
2026-09-28,1830.0,1849.0,1820.0,1838.0,60746.0,095190
2026-09-28,7950.0,8030.0,7820.0,7830.0,117934.0,071280
2026-09-28,6230.0,6370.0,6100.0,6220.0,176122.0,008830
2026-09-28,13400.0,13750.0,13150.0,13280.0,97929.0,172670
2026-09-28,4920.0,5090.0,4850.0,4955.0,272867.0,443670
2026-09-28,6740.0,6790.0,6700.0,6750.0,3279.0,009780
2026-09-28,11450.0,11450.0,10310.0,10590.0,35059.0,331920
2026-09-28,12700.0,12700.0,11570.0,11760.0,59719.0,290740
2026-09-28,7720.0,7930.0,7700.0,7760.0,75994.0,017510
2026-09-28,6610.0,6800.0,6600.0,6620.0,21933.0,041440
2026-09-28,5800.0,6660.0,5500.0,5710.0,218651.0,308080
2026-09-28,3740.0,3840.0,3700.0,3780.0,96406.0,333430
2026-09-28,0.0,0.0,0.0,2370.0,0.0,041590
2026-09-28,2125.0,2285.0,2125.0,2195.0,136902.0,166480
2026-09-28,3015.0,3015.0,2915.0,2960.0,24389.0,336680
2026-09-28,7700.0,7740.0,7540.0,7670.0,4224.0,458650
2026-09-28,8490.0,8770.0,8430.0,8540.0,19478.0,101170
2026-09-28,3045.0,3790.0,3010.0,3330.0,1264084.0,242040
2026-09-28,0.0,0.0,0.0,1035.0,0.0,051980
2026-09-28,3730.0,3730.0,3685.0,3715.0,34363.0,049520
2026-09-28,3145.0,3195.0,3060.0,3115.0,44967.0,047310
2026-09-28,3070.0,3180.0,2960.0,3005.0,27477.0,290720
2026-09-28,8790.0,9010.0,8670.0,8800.0,44689.0,053080
2026-09-28,1538.0,1587.0,1538.0,1564.0,199176.0,297890
2026-09-28,7790.0,7790.0,7510.0,7530.0,50525.0,037350
2026-09-28,2625.0,2630.0,2500.0,2550.0,32310.0,122450
2026-09-28,7800.0,8130.0,7710.0,7900.0,75256.0,474610
2026-09-28,14580.0,14580.0,14200.0,14420.0,102411.0,0007J0
2026-09-28,9040.0,9360.0,8950.0,9260.0,58233.0,259630
2026-09-28,9410.0,9440.0,9170.0,9340.0,12327.0,141000
2026-09-28,3800.0,3885.0,3790.0,3870.0,120024.0,067990
2026-09-28,3130.0,3250.0,3010.0,3065.0,503758.0,091440
2026-09-28,7070.0,7090.0,7000.0,7050.0,12020.0,054050
2026-09-28,1778.0,1824.0,1777.0,1809.0,46368.0,086980
2026-09-28,4935.0,5030.0,4935.0,4985.0,18809.0,090850
2026-09-28,2830.0,3600.0,2810.0,3475.0,29995065.0,303810
2026-09-28,11810.0,12050.0,11780.0,11920.0,5758.0,051360
2026-09-28,12260.0,12470.0,11940.0,11960.0,141904.0,0011A0
2026-09-28,10160.0,10410.0,10130.0,10240.0,23623.0,473980
2026-09-28,16670.0,17000.0,16670.0,16800.0,3556.0,018120
2026-09-28,14180.0,14600.0,13650.0,13750.0,1033638.0,072950
2026-09-28,16210.0,16700.0,15710.0,16050.0,56247.0,389020
2026-09-28,6760.0,6940.0,6750.0,6840.0,62248.0,396470
2026-09-28,2295.0,2440.0,2255.0,2330.0,429069.0,217820
2026-09-28,2400.0,2410.0,2365.0,2410.0,23471.0,217270
2026-09-28,7770.0,7900.0,7770.0,7830.0,1217.0,036630
2026-09-28,3220.0,3220.0,3140.0,3210.0,14583.0,063570
2026-09-28,3950.0,4310.0,3815.0,3850.0,1475327.0,209640
2026-09-28,1937.0,2010.0,1898.0,1904.0,5581252.0,419050
2026-09-28,13320.0,13800.0,13240.0,13670.0,19298.0,299030
2026-09-28,12230.0,13520.0,12130.0,13060.0,214027.0,083500
2026-09-28,10180.0,10980.0,9900.0,9950.0,96649.0,475230
2026-09-28,2520.0,2565.0,2480.0,2525.0,105188.0,039560
2026-09-28,2215.0,2435.0,2180.0,2250.0,728729.0,040300
2026-09-28,5850.0,5910.0,5810.0,5900.0,9216.0,067900
2026-09-28,2420.0,2420.0,2360.0,2385.0,24191.0,339950
2026-09-28,14700.0,14900.0,14620.0,14840.0,8336.0,120240
2026-09-28,8200.0,8300.0,8020.0,8100.0,46407.0,289930
2026-09-28,9310.0,10955.0,9210.0,10560.0,10020042.0,014950
2026-09-28,9970.0,10060.0,9890.0,10020.0,4483.0,106190
2026-09-28,4075.0,4260.0,3970.0,4130.0,12665.0,109740
2026-09-28,4840.0,4850.0,4810.0,4825.0,965.0,039340
2026-09-28,6800.0,6950.0,6800.0,6890.0,17550.0,130580
2026-09-28,9950.0,10300.0,9610.0,9660.0,51067.0,394420
2026-09-28,4690.0,4765.0,4620.0,4670.0,30307.0,366030
2026-09-28,1523.0,1530.0,1510.0,1526.0,67650.0,073560
2026-09-28,2325.0,2380.0,2205.0,2205.0,207862.0,246710
2026-09-28,1979.0,1979.0,1895.0,1903.0,3286.0,038540
2026-09-28,4600.0,4815.0,4470.0,4775.0,77143.0,053350
2026-09-28,3530.0,3795.0,3515.0,3655.0,672126.0,261780
2026-09-28,8530.0,8600.0,8260.0,8330.0,10553.0,311320
2026-09-28,3850.0,3945.0,3825.0,3920.0,83145.0,053700
2026-09-28,1071.0,1092.0,1054.0,1076.0,175966.0,048550
2026-09-28,5840.0,5970.0,5830.0,5880.0,16963.0,131030
2026-09-28,6650.0,6800.0,6550.0,6690.0,16648.0,182360
2026-09-28,1701.0,1755.0,1633.0,1661.0,139218.0,175250
2026-09-28,1642.0,1714.0,1635.0,1697.0,582263.0,198440
2026-09-28,1363.0,1363.0,1302.0,1320.0,147417.0,334970
2026-09-28,1640.0,1662.0,1618.0,1644.0,53502.0,123040
2026-09-28,1950.0,1968.0,1887.0,1887.0,345197.0,357880
2026-09-28,6180.0,6320.0,6090.0,6240.0,79461.0,125210
2026-09-28,11390.0,11470.0,10900.0,10920.0,94009.0,189330
2026-09-28,2290.0,2335.0,2270.0,2315.0,76255.0,100700
2026-09-28,6400.0,6520.0,6050.0,6220.0,411611.0,129920
2026-09-28,4400.0,4630.0,4290.0,4400.0,152665.0,323990
2026-09-28,5680.0,5770.0,5650.0,5710.0,7246.0,063170
2026-09-28,7450.0,8000.0,7450.0,7760.0,134819.0,255440
2026-09-28,7450.0,7580.0,7310.0,7440.0,31372.0,475580
2026-09-28,7600.0,7760.0,7390.0,7760.0,149376.0,173130
2026-09-28,3545.0,3555.0,3485.0,3535.0,27148.0,006620
2026-09-28,7450.0,7850.0,7390.0,7620.0,118125.0,217190
2026-09-28,6510.0,6510.0,6400.0,6430.0,8599.0,307930
2026-09-28,12740.0,12880.0,12370.0,12750.0,16730.0,453450
2026-09-28,3660.0,3710.0,3630.0,3690.0,33428.0,059210
2026-09-28,2080.0,2110.0,2080.0,2085.0,48176.0,021080
2026-09-28,1919.0,1930.0,1902.0,1913.0,85139.0,310200
2026-09-28,4295.0,4320.0,4240.0,4280.0,20794.0,309960
2026-09-28,7160.0,7710.0,7160.0,7280.0,70761.0,099750
2026-09-28,0.0,0.0,0.0,6070.0,0.0,246720
2026-09-28,3120.0,3205.0,3055.0,3085.0,192439.0,250060
2026-09-28,6340.0,6640.0,6150.0,6490.0,383046.0,411080
2026-09-28,3600.0,4060.0,3600.0,3670.0,467781.0,352090
2026-09-28,5620.0,5800.0,5450.0,5650.0,44866.0,088130
2026-09-28,2805.0,2935.0,2790.0,2860.0,64471.0,235980
2026-09-28,6410.0,7240.0,6350.0,6970.0,1475811.0,338220
2026-09-28,7350.0,7600.0,7330.0,7370.0,81067.0,036010
2026-09-28,2795.0,2900.0,2665.0,2870.0,273339.0,246960
2026-09-28,7910.0,9760.0,7910.0,9540.0,1227708.0,105740
2026-09-28,0.0,0.0,0.0,2205.0,0.0,066790
2026-09-28,8250.0,8670.0,7860.0,7910.0,517306.0,380550
2026-09-28,2640.0,2690.0,2580.0,2600.0,99095.0,317770
2026-09-28,0.0,0.0,0.0,2530.0,0.0,068240
2026-09-28,7170.0,7360.0,7130.0,7290.0,60672.0,330350
2026-09-28,6630.0,6740.0,6590.0,6640.0,3219.0,298540
2026-09-28,6320.0,7690.0,6190.0,6680.0,1258768.0,036220
2026-09-28,1382.0,1434.0,1378.0,1418.0,507254.0,205100
2026-09-28,2035.0,2085.0,1976.0,1995.0,162543.0,306620
2026-09-28,1076.0,1119.0,1064.0,1068.0,138689.0,074430
2026-09-28,9740.0,9990.0,9680.0,9790.0,17961.0,052420
2026-09-28,1942.0,2500.0,1942.0,2405.0,1974716.0,389030
2026-09-28,11410.0,11880.0,11220.0,11810.0,30564.0,493330
2026-09-28,0.0,0.0,0.0,10800.0,0.0,017650
2026-09-28,3660.0,3815.0,3580.0,3715.0,290545.0,037030
2026-09-28,4160.0,4265.0,4145.0,4235.0,16580.0,042500
2026-09-28,5050.0,5310.0,5010.0,5120.0,51843.0,002230
2026-09-28,2345.0,2385.0,2330.0,2380.0,158253.0,005860
2026-09-28,10560.0,10860.0,10380.0,10600.0,14530.0,049950
2026-09-28,4970.0,5630.0,4830.0,5450.0,156513.0,091120
2026-09-28,1868.0,1904.0,1867.0,1895.0,52127.0,109610
2026-09-28,2720.0,2790.0,2600.0,2765.0,442773.0,439580
2026-09-28,1253.0,1300.0,1228.0,1241.0,675115.0,307870
2026-09-28,3060.0,3135.0,2980.0,2980.0,110207.0,187790
2026-09-28,3510.0,3600.0,3420.0,3490.0,37925.0,045970
2026-09-28,3725.0,3890.0,3525.0,3635.0,52318.0,192410
2026-09-28,5830.0,5840.0,5810.0,5830.0,7135.0,040420
2026-09-28,7420.0,7560.0,7260.0,7540.0,16002.0,282720
2026-09-28,7000.0,7130.0,6900.0,7060.0,9824.0,053580
2026-09-28,1441.0,1717.0,1400.0,1625.0,2717938.0,100130
2026-09-28,9500.0,9500.0,9150.0,9330.0,9897.0,348350
2026-09-28,2170.0,2230.0,2150.0,2195.0,414880.0,162300
2026-09-28,2045.0,2165.0,2020.0,2145.0,587918.0,086960
2026-09-28,2145.0,2260.0,2100.0,2190.0,116941.0,357230
2026-09-28,7200.0,7350.0,7070.0,7170.0,4055.0,023900
2026-09-28,3065.0,3135.0,2905.0,2990.0,1121265.0,062970
2026-09-28,2295.0,2345.0,2270.0,2320.0,19926.0,066590
2026-09-28,14000.0,14300.0,13860.0,14040.0,444.0,009300
2026-09-28,1851.0,1949.0,1851.0,1941.0,3330.0,900260
2026-09-28,4245.0,4345.0,4220.0,4310.0,15828.0,362320
2026-09-28,2290.0,2335.0,2285.0,2295.0,55320.0,013310
2026-09-28,10160.0,10380.0,10040.0,10160.0,39423.0,432470
2026-09-28,4850.0,4855.0,4750.0,4785.0,7068.0,093920
2026-09-28,11330.0,11700.0,10900.0,11000.0,248450.0,457370
2026-09-28,2900.0,2930.0,2860.0,2880.0,38872.0,048530
2026-09-28,4025.0,4190.0,3960.0,4100.0,51947.0,322180
2026-09-28,7800.0,8970.0,7680.0,7910.0,284039.0,078140
2026-09-28,7140.0,7270.0,6950.0,6970.0,102522.0,048910
2026-09-28,5470.0,6280.0,5450.0,6000.0,631591.0,412350
2026-09-28,1133.0,1143.0,1111.0,1132.0,506416.0,052900
2026-09-28,8380.0,8500.0,8380.0,8460.0,3651.0,096240
2026-09-28,6530.0,6810.0,6510.0,6660.0,42444.0,054540
2026-09-28,7360.0,7800.0,7150.0,7350.0,349296.0,357580
2026-09-28,2910.0,2990.0,2870.0,2920.0,255851.0,065450
2026-09-28,5960.0,5990.0,5800.0,5910.0,75587.0,052460
2026-09-28,3400.0,3700.0,3375.0,3485.0,883394.0,223250
2026-09-28,1513.0,1530.0,1513.0,1522.0,22021.0,033290
2026-09-28,9330.0,9330.0,9250.0,9290.0,6695.0,004650
2026-09-28,3110.0,3170.0,3065.0,3095.0,103731.0,234300
2026-09-28,4635.0,4680.0,4635.0,4660.0,7150.0,330730
2026-09-28,9200.0,9200.0,9080.0,9150.0,3186.0,072020
2026-09-28,6850.0,6970.0,6810.0,6930.0,3956.0,263720
2026-09-28,3120.0,3620.0,3120.0,3450.0,1312044.0,085670
2026-09-28,0.0,0.0,0.0,1009.0,0.0,049180
2026-09-28,2150.0,2330.0,2130.0,2260.0,145781.0,066700
2026-09-28,1930.0,1995.0,1927.0,1940.0,23349.0,185490
2026-09-28,6790.0,6890.0,6780.0,6860.0,3163.0,086710
2026-09-28,4995.0,5150.0,4860.0,4885.0,376670.0,100590
2026-09-28,0.0,0.0,0.0,990.0,0.0,183490
2026-09-28,1412.0,1419.0,1398.0,1408.0,17017.0,029480
2026-09-28,10840.0,11610.0,10580.0,10920.0,13905.0,044990
2026-09-28,10050.0,10090.0,9850.0,9930.0,9302.0,025950
2026-09-28,1998.0,2045.0,1992.0,2030.0,94330.0,038110
2026-09-28,3200.0,3275.0,3135.0,3215.0,25677.0,478560
2026-09-28,3570.0,3770.0,3560.0,3720.0,41538.0,137950
2026-09-28,4775.0,4950.0,4685.0,4840.0,30364.0,033560
2026-09-28,4060.0,4145.0,4000.0,4060.0,30327.0,215100
2026-09-28,9260.0,9560.0,9150.0,9530.0,27035.0,251120
2026-09-28,3980.0,4055.0,3980.0,4000.0,52146.0,226400
2026-09-28,3460.0,3615.0,3415.0,3580.0,79593.0,101330
2026-09-28,2115.0,2135.0,2085.0,2110.0,203374.0,066430
2026-09-28,11890.0,12770.0,11850.0,12490.0,30036.0,063080
2026-09-28,5030.0,5050.0,5000.0,5010.0,22371.0,036640
2026-09-28,4445.0,4550.0,4345.0,4435.0,25190.0,078890
2026-09-28,2165.0,2180.0,2050.0,2060.0,111414.0,089230
2026-09-28,9810.0,10050.0,9570.0,9610.0,154349.0,049080
2026-09-28,9420.0,9540.0,9370.0,9520.0,12523.0,418470
2026-09-28,3830.0,4300.0,3700.0,4065.0,323972.0,147760
2026-09-28,3505.0,3570.0,3455.0,3485.0,68859.0,007820
2026-09-28,5550.0,5800.0,5460.0,5700.0,65540.0,389140
2026-09-28,1398.0,1538.0,1398.0,1528.0,266491.0,094860
2026-09-28,2330.0,2425.0,2330.0,2400.0,8369.0,037760
2026-09-28,0.0,0.0,0.0,3935.0,0.0,412540
2026-09-28,550.0,556.0,534.0,547.0,587871.0,058820
2026-09-28,3020.0,3145.0,3010.0,3050.0,102651.0,294630
2026-09-28,2625.0,2660.0,2575.0,2655.0,14279.0,302550
2026-09-28,5540.0,5720.0,5420.0,5670.0,61229.0,0117P0
2026-09-28,7930.0,8230.0,7830.0,8120.0,72343.0,0015S0
2026-09-28,3230.0,3275.0,3210.0,3275.0,9620.0,047820
2026-09-28,2185.0,2210.0,2155.0,2165.0,52456.0,140070
2026-09-28,3385.0,3445.0,3350.0,3385.0,67902.0,234030
2026-09-28,1466.0,1535.0,1466.0,1498.0,239203.0,066980
2026-09-28,1125.0,1160.0,1120.0,1142.0,60229.0,067000
2026-09-28,3795.0,3825.0,3710.0,3790.0,2147.0,032540
2026-09-28,1591.0,1599.0,1544.0,1578.0,160934.0,365330
2026-09-28,6180.0,6190.0,6000.0,6010.0,26013.0,381620
2026-09-28,5270.0,5350.0,5220.0,5270.0,24756.0,004590
2026-09-28,4610.0,4630.0,4535.0,4595.0,3438.0,149980
2026-09-28,2230.0,2325.0,2220.0,2245.0,38042.0,950130
2026-09-28,1455.0,1505.0,1442.0,1479.0,85238.0,131370
2026-09-28,7240.0,7320.0,7190.0,7220.0,3772.0,032300
2026-09-28,12520.0,12670.0,12360.0,12580.0,9305.0,000440
2026-09-28,4290.0,4475.0,4200.0,4385.0,111020.0,475430
2026-09-28,5460.0,5540.0,5400.0,5480.0,14739.0,054670
2026-09-28,4885.0,4910.0,4830.0,4870.0,9012.0,030960
2026-09-28,10050.0,10690.0,9540.0,9760.0,94065.0,323350
2026-09-28,2600.0,2880.0,2600.0,2635.0,1630301.0,299660
2026-09-28,3180.0,3285.0,3140.0,3245.0,189787.0,142280
2026-09-28,3600.0,3690.0,3545.0,3605.0,24795.0,079810
2026-09-28,3000.0,3025.0,2950.0,2975.0,5656.0,102370
2026-09-28,6400.0,6790.0,6320.0,6520.0,9671.0,040160
2026-09-28,5530.0,6470.0,5530.0,6000.0,247505.0,388870
2026-09-28,3785.0,3915.0,3765.0,3860.0,86753.0,024880
2026-09-28,8220.0,8460.0,8010.0,8270.0,82680.0,066310
2026-09-28,2515.0,2605.0,2480.0,2555.0,206253.0,0017J0
2026-09-28,4565.0,4650.0,4515.0,4590.0,83887.0,253840
2026-09-28,4935.0,5150.0,4885.0,5080.0,26692.0,382840
2026-09-28,2110.0,2110.0,2055.0,2080.0,5943.0,225530
2026-09-28,8110.0,8210.0,8020.0,8110.0,1367.0,088390
2026-09-28,0.0,0.0,0.0,654.0,0.0,073640
2026-09-28,9200.0,9490.0,9000.0,9280.0,17416.0,360070
2026-09-28,2290.0,2345.0,2220.0,2320.0,169930.0,396270
2026-09-28,2915.0,3050.0,2900.0,3015.0,167329.0,487580
2026-09-28,1944.0,1970.0,1928.0,1958.0,23945.0,124560
2026-09-28,12710.0,12960.0,12640.0,12850.0,33174.0,282620
2026-09-28,5010.0,5090.0,4980.0,4985.0,13694.0,041930
2026-09-28,2280.0,2320.0,2210.0,2320.0,1301246.0,187420
2026-09-28,5830.0,5830.0,5440.0,5680.0,10447.0,058400
2026-09-28,2155.0,2155.0,2020.0,2045.0,7183.0,331380
2026-09-28,993.0,1000.0,960.0,981.0,158973.0,083790
2026-09-28,3450.0,3960.0,3425.0,3795.0,959731.0,228340
2026-09-28,2925.0,2925.0,2865.0,2900.0,16652.0,012700
2026-09-28,4130.0,4200.0,4095.0,4100.0,8698.0,040910
2026-09-28,12870.0,12870.0,12870.0,12870.0,36198.0,109670
2026-09-28,2365.0,2365.0,2315.0,2365.0,8464.0,168330
2026-09-28,12960.0,13490.0,12810.0,13210.0,13163.0,107600
2026-09-28,3700.0,3725.0,3645.0,3705.0,16454.0,011370
2026-09-28,7200.0,7330.0,7190.0,7310.0,8228.0,451250
2026-09-28,4560.0,4680.0,4540.0,4580.0,79316.0,263800
2026-09-28,969.0,969.0,923.0,923.0,432975.0,019550
2026-09-28,3940.0,3940.0,3815.0,3845.0,14668.0,011320
2026-09-28,3855.0,3980.0,3855.0,3970.0,34148.0,058630
2026-09-28,3650.0,3745.0,3610.0,3700.0,100266.0,020710
2026-09-28,2255.0,2275.0,2240.0,2265.0,15708.0,208140
2026-09-28,5400.0,5630.0,5360.0,5590.0,44399.0,041910
2026-09-28,3620.0,3795.0,3580.0,3715.0,61072.0,038680
2026-09-28,7440.0,7440.0,7150.0,7180.0,192025.0,487400
2026-09-28,6560.0,6680.0,6510.0,6620.0,2388.0,084730
2026-09-28,4780.0,4780.0,4730.0,4760.0,14010.0,017480
2026-09-28,10350.0,10470.0,10090.0,10260.0,39631.0,377480
2026-09-28,3040.0,3050.0,2960.0,3050.0,46836.0,060590
2026-09-28,6080.0,6170.0,6080.0,6110.0,3609.0,012790
2026-09-28,5000.0,5020.0,4855.0,4940.0,4885.0,060570
2026-09-28,6630.0,6740.0,6630.0,6720.0,24541.0,065510
2026-09-28,3025.0,3230.0,3010.0,3190.0,77984.0,217330
2026-09-28,4770.0,4810.0,4745.0,4770.0,10315.0,170030
2026-09-28,10630.0,10940.0,10480.0,10570.0,85768.0,320000
2026-09-28,2205.0,2245.0,2175.0,2200.0,65696.0,024740
2026-09-28,4260.0,4465.0,4160.0,4170.0,21916.0,090470
2026-09-28,5030.0,5080.0,4955.0,5030.0,45841.0,039980
2026-09-28,3070.0,3355.0,3060.0,3090.0,174504.0,371950
2026-09-28,8540.0,8600.0,8300.0,8420.0,48399.0,039010
2026-09-28,7340.0,7570.0,7210.0,7370.0,66937.0,302430
2026-09-28,1995.0,2015.0,1977.0,2010.0,67420.0,171120
2026-09-28,7560.0,7560.0,7300.0,7330.0,2079.0,080010
2026-09-28,5960.0,6190.0,5810.0,6130.0,164032.0,091590
2026-09-28,12850.0,13850.0,12520.0,13080.0,888010.0,0155E0
2026-09-28,0.0,0.0,0.0,5310.0,0.0,234920
2026-09-28,2830.0,2895.0,2810.0,2870.0,20979.0,053280
2026-09-28,4550.0,4800.0,4410.0,4755.0,80061.0,262260
2026-09-28,6100.0,6210.0,6030.0,6190.0,20731.0,048430
2026-09-28,11000.0,11000.0,10500.0,10740.0,27283.0,117670
2026-09-28,3815.0,5050.0,3770.0,4500.0,16241595.0,393210
2026-09-28,4420.0,4430.0,4385.0,4415.0,11403.0,054040
2026-09-28,2785.0,2850.0,2760.0,2805.0,44262.0,038460
2026-09-28,6690.0,6780.0,6650.0,6720.0,6478.0,104460
2026-09-28,4295.0,4295.0,4150.0,4245.0,10657.0,347890
2026-09-28,6200.0,6330.0,6120.0,6250.0,15667.0,413390
2026-09-28,8580.0,8700.0,8440.0,8530.0,9161.0,045660
2026-09-28,1882.0,1926.0,1866.0,1890.0,64655.0,096350
2026-09-28,2440.0,2855.0,2370.0,2740.0,3992991.0,208370
2026-09-28,8220.0,8640.0,8000.0,8380.0,18000.0,136150
2026-09-28,8250.0,8590.0,8210.0,8410.0,3060.0,024830
2026-09-28,2455.0,2780.0,2405.0,2560.0,665792.0,067170
2026-09-28,3020.0,3020.0,2925.0,2995.0,3505.0,110790
2026-09-28,1835.0,1870.0,1800.0,1849.0,30797.0,347000
2026-09-28,3990.0,4045.0,3910.0,3965.0,20940.0,026150
2026-09-28,3775.0,3775.0,3475.0,3485.0,101207.0,040350
2026-09-28,1122.0,1162.0,1120.0,1152.0,338295.0,076610
2026-09-28,939.0,1083.0,939.0,1000.0,1014518.0,092040
2026-09-28,2800.0,2840.0,2785.0,2820.0,27314.0,128660
2026-09-28,4045.0,4350.0,4045.0,4190.0,115420.0,032850
2026-09-28,2330.0,2455.0,2330.0,2410.0,68805.0,337930
2026-09-28,5180.0,5250.0,5180.0,5240.0,1755.0,332370
2026-09-28,3460.0,3560.0,3430.0,3505.0,25457.0,277880
2026-09-28,2690.0,2700.0,2495.0,2580.0,50617.0,104040
2026-09-28,3230.0,3230.0,3120.0,3125.0,252890.0,483350
2026-09-28,5150.0,5220.0,5070.0,5130.0,23913.0,460940
2026-09-28,1623.0,1646.0,1610.0,1635.0,112701.0,067570
2026-09-28,4575.0,4770.0,4575.0,4685.0,6650.0,153710
2026-09-28,7700.0,7830.0,7580.0,7620.0,5135.0,214260
2026-09-28,4395.0,4465.0,4320.0,4370.0,40722.0,228670
2026-09-28,6690.0,6690.0,6480.0,6510.0,13738.0,417790
2026-09-28,3775.0,3865.0,3665.0,3685.0,19329.0,054620
2026-09-28,6190.0,6220.0,6000.0,6130.0,120171.0,456070
2026-09-28,5040.0,5050.0,4960.0,4985.0,21912.0,019540
2026-09-28,3415.0,3545.0,3235.0,3340.0,258903.0,123010
2026-09-28,7000.0,7350.0,6880.0,6950.0,59076.0,212710
2026-09-28,4425.0,4470.0,4410.0,4445.0,11862.0,002800
2026-09-28,2740.0,2855.0,2655.0,2685.0,15159.0,294140
2026-09-28,4285.0,4355.0,4250.0,4345.0,15018.0,204840
2026-09-28,6470.0,6540.0,6270.0,6290.0,16318.0,265560
2026-09-28,7510.0,7570.0,7410.0,7420.0,1749.0,061040
2026-09-28,6260.0,6420.0,6080.0,6120.0,92853.0,0004V0
2026-09-28,7300.0,7380.0,7220.0,7380.0,1724.0,109860
2026-09-28,4180.0,4235.0,4170.0,4220.0,12682.0,004780
2026-09-28,8380.0,8780.0,8380.0,8610.0,81683.0,0156T0
2026-09-28,6470.0,6570.0,6430.0,6440.0,2272.0,123420
2026-09-28,5600.0,5660.0,5310.0,5480.0,28955.0,067370
2026-09-28,3420.0,3440.0,3400.0,3410.0,1318.0,049550
2026-09-28,5370.0,5370.0,5110.0,5200.0,43629.0,303360
2026-09-28,5060.0,5180.0,5000.0,5130.0,19342.0,010280
2026-09-28,1895.0,2035.0,1885.0,1956.0,335540.0,950220
2026-09-28,3195.0,3250.0,3090.0,3225.0,64813.0,111710
2026-09-28,19900.0,20200.0,19850.0,20150.0,3565.0,100030
2026-09-28,5480.0,5820.0,5440.0,5610.0,35936.0,096250
2026-09-28,6260.0,6260.0,6080.0,6180.0,4478.0,137080
2026-09-28,8450.0,8480.0,8210.0,8370.0,27914.0,451220
2026-09-28,10300.0,10470.0,10170.0,10310.0,11105.0,417970
2026-09-28,2030.0,2440.0,1957.0,2225.0,1896888.0,315640
2026-09-28,1164.0,1164.0,1126.0,1145.0,89150.0,043610
2026-09-28,2815.0,2955.0,2765.0,2785.0,150355.0,049470
2026-09-28,12400.0,12850.0,12260.0,12400.0,4269.0,0218L0
2026-09-28,4850.0,4850.0,4750.0,4835.0,847.0,222110
2026-09-28,4380.0,4435.0,4355.0,4400.0,10712.0,014970
2026-09-28,1432.0,1432.0,1421.0,1432.0,366464.0,046210
2026-09-28,5370.0,5430.0,5370.0,5420.0,20467.0,008370
2026-09-28,2450.0,2500.0,2280.0,2400.0,75305.0,097800
2026-09-28,4400.0,4465.0,4315.0,4350.0,22289.0,006140
2026-09-28,3965.0,3965.0,3775.0,3880.0,31826.0,214680
2026-09-28,4220.0,4290.0,4100.0,4125.0,248951.0,048770
2026-09-28,7120.0,7120.0,6870.0,6970.0,14428.0,318160
2026-09-28,2410.0,2440.0,2300.0,2315.0,368644.0,065170
2026-09-28,3215.0,3440.0,3215.0,3385.0,78901.0,155650
2026-09-28,1739.0,1739.0,1701.0,1729.0,44262.0,033130
2026-09-28,2555.0,2665.0,2550.0,2600.0,35243.0,205470
2026-09-28,5900.0,5900.0,5720.0,5750.0,15903.0,067920
2026-09-28,1600.0,1626.0,1589.0,1605.0,29483.0,382480
2026-09-28,1797.0,1877.0,1772.0,1818.0,22260.0,064240
2026-09-28,1441.0,1509.0,1440.0,1496.0,121256.0,347860
2026-09-28,3820.0,3895.0,3720.0,3825.0,8981.0,424960
2026-09-28,3570.0,3590.0,3495.0,3525.0,37081.0,043650
2026-09-28,2610.0,2625.0,2510.0,2585.0,44675.0,081150
2026-09-28,6330.0,6360.0,6120.0,6270.0,16841.0,241790
2026-09-28,6320.0,6920.0,6120.0,6390.0,446955.0,056360
2026-09-28,0.0,0.0,0.0,2215.0,0.0,001840
2026-09-28,1637.0,1668.0,1624.0,1627.0,599493.0,122350
2026-09-28,3380.0,3380.0,3265.0,3300.0,30028.0,041460
2026-09-28,5880.0,6030.0,5760.0,6000.0,33045.0,039610
2026-09-28,6160.0,6240.0,6120.0,6240.0,8458.0,005670
2026-09-28,6110.0,6120.0,5850.0,6050.0,75127.0,089790
2026-09-28,0.0,0.0,0.0,1490.0,0.0,294090
2026-09-28,1393.0,1664.0,1365.0,1497.0,20015677.0,299170
2026-09-28,4250.0,4390.0,4140.0,4305.0,30449.0,095270
2026-09-28,6750.0,7030.0,6700.0,6870.0,83595.0,463020
2026-09-28,2565.0,2600.0,2520.0,2575.0,15147.0,291230
2026-09-28,3750.0,3885.0,3665.0,3780.0,30523.0,221800
2026-09-28,2485.0,2540.0,2440.0,2520.0,28230.0,241690
2026-09-28,1398.0,1399.0,1361.0,1367.0,13224.0,214270
2026-09-28,2675.0,2750.0,2675.0,2680.0,5920.0,036000
2026-09-28,4335.0,4430.0,4310.0,4405.0,13606.0,094850
2026-09-28,1799.0,1799.0,1711.0,1756.0,19368.0,082210
2026-09-28,6290.0,6360.0,6110.0,6260.0,10964.0,331740
2026-09-28,5220.0,5230.0,5190.0,5230.0,10194.0,010240
2026-09-28,3260.0,3310.0,3260.0,3275.0,9215.0,066670
2026-09-28,2660.0,2690.0,2640.0,2685.0,7995.0,039420
2026-09-28,4210.0,4210.0,4080.0,4140.0,4287.0,089850
2026-09-28,0.0,0.0,0.0,676.0,0.0,203400
2026-09-28,4380.0,4950.0,4355.0,4500.0,2964149.0,365660
2026-09-28,11870.0,12060.0,11870.0,11980.0,952.0,016250
2026-09-28,3080.0,3090.0,2970.0,3010.0,42871.0,460870
2026-09-28,2930.0,3110.0,2880.0,2930.0,39050.0,900300
2026-09-28,4950.0,4955.0,4900.0,4940.0,1681.0,216050
2026-09-28,1037.0,1066.0,1031.0,1055.0,60712.0,014470
2026-09-28,4840.0,4845.0,4550.0,4760.0,10822.0,352910
2026-09-28,3135.0,3185.0,3000.0,3115.0,70767.0,950200
2026-09-28,2575.0,2630.0,2535.0,2590.0,25704.0,126880
2026-09-28,5030.0,5030.0,4945.0,5020.0,1800.0,010470
2026-09-28,1900.0,1932.0,1873.0,1906.0,64604.0,049480
2026-09-28,1416.0,1436.0,1391.0,1399.0,278315.0,290660
2026-09-28,1387.0,1387.0,1331.0,1355.0,64885.0,127710
2026-09-28,1049.0,1053.0,1017.0,1023.0,108435.0,054300
2026-09-28,1446.0,1500.0,1441.0,1486.0,29947.0,033310
2026-09-28,1223.0,1256.0,1212.0,1242.0,78748.0,065530
2026-09-28,1399.0,1421.0,1381.0,1392.0,201544.0,036090
2026-09-28,4000.0,5280.0,3980.0,4190.0,1506297.0,225190
2026-09-28,3060.0,3100.0,3025.0,3070.0,16863.0,033320
2026-09-28,7190.0,7350.0,7070.0,7270.0,1530.0,191420
2026-09-28,1096.0,1126.0,1090.0,1111.0,115317.0,060310
2026-09-28,6850.0,6870.0,6770.0,6870.0,14454.0,045340
2026-09-28,1628.0,1667.0,1610.0,1660.0,104306.0,003310
2026-09-28,8710.0,8710.0,8670.0,8700.0,1377.0,050960
2026-09-28,6710.0,6880.0,6700.0,6810.0,4007.0,053620
2026-09-28,0.0,0.0,0.0,1284.0,0.0,099520
2026-09-28,4175.0,4240.0,4140.0,4185.0,87354.0,037440
2026-09-28,5130.0,5290.0,5070.0,5200.0,23349.0,059270
2026-09-28,1636.0,1661.0,1622.0,1651.0,55440.0,036120
2026-09-28,7960.0,8300.0,7880.0,8200.0,34054.0,192250
2026-09-28,2565.0,2565.0,2515.0,2555.0,63564.0,039020
2026-09-28,2225.0,2270.0,2180.0,2260.0,39110.0,025550
2026-09-28,10730.0,11080.0,10730.0,10910.0,11546.0,448710
2026-09-28,1885.0,1885.0,1854.0,1878.0,3708.0,238090
2026-09-28,5360.0,5360.0,5160.0,5220.0,7120.0,273640
2026-09-28,3310.0,3310.0,3155.0,3270.0,5982.0,317530
2026-09-28,5030.0,5050.0,5010.0,5050.0,11041.0,263690
2026-09-28,1850.0,1919.0,1850.0,1905.0,84922.0,053050
2026-09-28,2370.0,2370.0,2225.0,2290.0,13190.0,175140
2026-09-28,3605.0,3675.0,3540.0,3570.0,9171.0,251630
2026-09-28,1008.0,1175.0,1003.0,1122.0,1161587.0,033230
2026-09-28,5900.0,6530.0,5830.0,6420.0,110464.0,081180
2026-09-28,3250.0,3250.0,3250.0,3250.0,154805.0,278650
2026-09-28,2335.0,2335.0,1415.0,1415.0,2317183.0,270520
2026-09-28,3930.0,4015.0,3930.0,3985.0,8746.0,007370
2026-09-28,4340.0,4345.0,3945.0,4145.0,96088.0,457600
2026-09-28,7550.0,7710.0,7450.0,7580.0,9595.0,288180
2026-09-28,6150.0,6300.0,6040.0,6090.0,14453.0,215360
2026-09-28,0.0,0.0,0.0,806.0,0.0,340930
2026-09-28,9400.0,9400.0,9110.0,9240.0,2495.0,053160
2026-09-28,1885.0,1916.0,1805.0,1816.0,13506.0,291650
2026-09-28,6380.0,6590.0,6340.0,6570.0,10373.0,061250
2026-09-28,9200.0,9650.0,9200.0,9350.0,21387.0,420570
2026-09-28,5200.0,5200.0,4900.0,5000.0,3122.0,333620
2026-09-28,3170.0,3235.0,3110.0,3175.0,62237.0,088280
2026-09-28,5070.0,5090.0,5060.0,5090.0,8085.0,036670
2026-09-28,0.0,0.0,0.0,499.0,0.0,217480
2026-09-28,18000.0,19100.0,17890.0,18090.0,11836.0,054930
2026-09-28,2090.0,2305.0,2065.0,2155.0,3914576.0,459550
2026-09-28,3210.0,3210.0,3140.0,3165.0,15485.0,040610
2026-09-28,5000.0,5000.0,4880.0,4970.0,7511.0,443250
2026-09-28,6850.0,7200.0,6840.0,7050.0,976.0,435570
2026-09-28,3465.0,3465.0,3320.0,3370.0,12311.0,263600
2026-09-28,4005.0,4015.0,3925.0,4000.0,4579.0,104540
2026-09-28,1247.0,1261.0,1219.0,1257.0,132700.0,391710
2026-09-28,3935.0,3990.0,3800.0,3850.0,132721.0,340810
2026-09-28,1495.0,1512.0,1489.0,1495.0,25113.0,024910
2026-09-28,4000.0,4995.0,3985.0,4940.0,943571.0,052790
2026-09-28,8260.0,8450.0,8170.0,8350.0,16023.0,170790
2026-09-28,3995.0,4000.0,3895.0,3960.0,4519.0,459100
2026-09-28,4705.0,5030.0,4705.0,4830.0,19543.0,419080
2026-09-28,2670.0,2745.0,2655.0,2740.0,40814.0,348150
2026-09-28,5270.0,5320.0,5090.0,5180.0,25732.0,261520
2026-09-28,1923.0,1948.0,1912.0,1937.0,38174.0,053270
2026-09-28,5530.0,5590.0,5420.0,5590.0,286699.0,196300
2026-09-28,3120.0,3170.0,3090.0,3140.0,43825.0,104620
2026-09-28,4300.0,4325.0,4250.0,4255.0,3550.0,024950
2026-09-28,9580.0,9750.0,9220.0,9300.0,26933.0,109080
2026-09-28,3095.0,3095.0,2925.0,3020.0,8185.0,043710
2026-09-28,4565.0,4665.0,4440.0,4625.0,25483.0,464490
2026-09-28,2070.0,2100.0,2005.0,2040.0,54712.0,064800
2026-09-28,6050.0,6200.0,6010.0,6070.0,9477.0,370090
2026-09-28,2250.0,2270.0,2150.0,2180.0,44202.0,246690
2026-09-28,6160.0,6250.0,6090.0,6220.0,49058.0,317850
2026-09-28,8600.0,8900.0,8480.0,8730.0,16813.0,424980
2026-09-28,2930.0,2970.0,2900.0,2950.0,3842.0,015710
2026-09-28,1706.0,1780.0,1701.0,1705.0,21545.0,347740
2026-09-28,3865.0,4255.0,3865.0,4000.0,153656.0,348080
2026-09-28,1280.0,1300.0,1275.0,1285.0,41234.0,027050
2026-09-28,5950.0,5990.0,5850.0,5930.0,21135.0,314140
2026-09-28,5090.0,5090.0,5000.0,5040.0,4923.0,105760
2026-09-28,3850.0,4200.0,3760.0,3925.0,353747.0,382150
2026-09-28,2415.0,2655.0,2395.0,2550.0,137406.0,092300
2026-09-28,2000.0,2000.0,1971.0,1992.0,42734.0,088910
2026-09-28,6200.0,6290.0,6100.0,6100.0,30257.0,094940
2026-09-28,4820.0,4940.0,4735.0,4810.0,59703.0,408470
2026-09-28,1768.0,1787.0,1717.0,1732.0,46355.0,179530
2026-09-28,3700.0,3815.0,3630.0,3740.0,26401.0,163280
2026-09-28,1898.0,1898.0,1875.0,1882.0,16428.0,039240
2026-09-28,5210.0,5270.0,5110.0,5180.0,15590.0,019990
2026-09-28,5620.0,5630.0,5550.0,5570.0,2204.0,452400
2026-09-28,0.0,0.0,0.0,2825.0,0.0,393970
2026-09-28,2315.0,2420.0,2285.0,2325.0,144535.0,179900
2026-09-28,4345.0,4385.0,4300.0,4350.0,1628.0,256630
2026-09-28,2850.0,2910.0,2825.0,2845.0,1252.0,376290
2026-09-28,4610.0,4790.0,4550.0,4650.0,27836.0,317830
2026-09-28,2760.0,2915.0,2730.0,2795.0,59076.0,044340
2026-09-28,1956.0,1995.0,1936.0,1966.0,10973.0,060560
2026-09-28,5040.0,5050.0,4900.0,4985.0,7208.0,071670
2026-09-28,7880.0,7940.0,7660.0,7730.0,6181.0,453860
2026-09-28,1106.0,1106.0,1079.0,1098.0,85172.0,063440
2026-09-28,1160.0,1239.0,1150.0,1199.0,54834.0,219550
2026-09-28,2740.0,2770.0,2685.0,2730.0,58207.0,046940
2026-09-28,3350.0,3390.0,3280.0,3385.0,4064.0,122310
2026-09-28,4880.0,5050.0,4860.0,4960.0,14450.0,0013V0
2026-09-28,930.0,941.0,867.0,924.0,45619.0,340360
2026-09-28,2985.0,3270.0,2940.0,3155.0,152888.0,321820
2026-09-28,3800.0,3800.0,3615.0,3730.0,7414.0,311690
2026-09-28,2960.0,3085.0,2915.0,2945.0,394134.0,232830
2026-09-28,4975.0,5230.0,4975.0,5080.0,159934.0,355690
2026-09-28,999.0,1020.0,994.0,1004.0,127026.0,042110
2026-09-28,3905.0,3965.0,3905.0,3945.0,9282.0,463480
2026-09-28,2815.0,3070.0,2750.0,2865.0,252898.0,145170
2026-09-28,1508.0,1538.0,1470.0,1516.0,47166.0,217500
2026-09-28,6940.0,6940.0,6700.0,6720.0,17606.0,059100
2026-09-28,1325.0,1377.0,1301.0,1358.0,174685.0,014190
2026-09-28,2565.0,2850.0,2560.0,2670.0,250521.0,384470
2026-09-28,4995.0,5060.0,4920.0,4940.0,89991.0,189860
2026-09-28,0.0,0.0,0.0,6550.0,0.0,418250
2026-09-28,2785.0,2900.0,2680.0,2770.0,278232.0,033170
2026-09-28,1677.0,1677.0,1636.0,1647.0,14301.0,361570
2026-09-28,1723.0,1723.0,1707.0,1718.0,775.0,440290
2026-09-28,5340.0,5340.0,5210.0,5250.0,3188.0,038010
2026-09-28,3390.0,3390.0,3105.0,3170.0,10079.0,199550
2026-09-28,0.0,0.0,0.0,521.0,0.0,023440
2026-09-28,1672.0,1694.0,1647.0,1671.0,55324.0,321260
2026-09-28,3980.0,4085.0,3895.0,3995.0,61161.0,150900
2026-09-28,4000.0,4130.0,3985.0,4130.0,1863.0,471820
2026-09-28,3135.0,3170.0,3060.0,3125.0,42248.0,053450
2026-09-28,1170.0,1170.0,1149.0,1157.0,23458.0,189980
2026-09-28,3455.0,3585.0,3295.0,3380.0,34240.0,277070
2026-09-28,0.0,0.0,0.0,1957.0,0.0,229000
2026-09-28,2505.0,2545.0,2450.0,2450.0,10165.0,178780
2026-09-28,0.0,0.0,0.0,766.0,0.0,131400
2026-09-28,5140.0,5250.0,5110.0,5130.0,9028.0,073110
2026-09-28,3980.0,4190.0,3935.0,4015.0,4285.0,051390
2026-09-28,2370.0,2440.0,2350.0,2400.0,33044.0,053980
2026-09-28,2100.0,2115.0,2075.0,2110.0,93802.0,198080
2026-09-28,6750.0,7240.0,6750.0,6890.0,31627.0,476040
2026-09-28,3170.0,3410.0,3170.0,3410.0,4252.0,373160
2026-09-28,3050.0,3145.0,3035.0,3115.0,11999.0,072990
2026-09-28,2285.0,2360.0,2260.0,2330.0,6947.0,260930
2026-09-28,2205.0,2265.0,2195.0,2245.0,55150.0,114450
2026-09-28,2655.0,2710.0,2645.0,2685.0,55455.0,094970
2026-09-28,2190.0,2260.0,2190.0,2230.0,21420.0,317690
2026-09-28,2440.0,2440.0,2355.0,2375.0,4049.0,072470
2026-09-28,2620.0,2730.0,2590.0,2635.0,11245.0,037950
2026-09-28,1006.0,1006.0,991.0,1000.0,41436.0,143540
2026-09-28,0.0,0.0,0.0,460.0,0.0,033340
2026-09-28,5030.0,5170.0,4825.0,5030.0,16897.0,317870
2026-09-28,1215.0,1255.0,1197.0,1242.0,78544.0,900250
2026-09-28,1007.0,1015.0,998.0,1007.0,31713.0,068330
2026-09-28,2200.0,2327.0,2115.0,2280.0,81858.0,263700
2026-09-28,0.0,0.0,0.0,416.0,0.0,288330
2026-09-28,3325.0,3330.0,3255.0,3255.0,845.0,083550
2026-09-28,2755.0,2795.0,2720.0,2755.0,16544.0,065130
2026-09-28,1227.0,1270.0,1220.0,1236.0,61473.0,900340
2026-09-28,8680.0,8830.0,8660.0,8730.0,1802.0,466410
2026-09-28,3480.0,3480.0,3430.0,3435.0,2692.0,066130
2026-09-28,1229.0,1229.0,1178.0,1205.0,23100.0,258610
2026-09-28,932.0,932.0,896.0,907.0,63271.0,222420
2026-09-28,4495.0,4560.0,4485.0,4525.0,17129.0,082850
2026-09-28,3040.0,3120.0,2770.0,2930.0,135965.0,460470
2026-09-28,3110.0,3180.0,3040.0,3115.0,35682.0,099410
2026-09-28,7080.0,8600.0,6800.0,8600.0,84516.0,360350
2026-09-28,8590.0,8900.0,8520.0,8530.0,5410.0,0010V0
2026-09-28,5380.0,5380.0,5000.0,5010.0,7665.0,042040
2026-09-28,6020.0,6080.0,5940.0,6080.0,3319.0,479960
2026-09-28,2685.0,2775.0,2615.0,2705.0,46560.0,286750
2026-09-28,3290.0,3290.0,2975.0,3190.0,21217.0,050120
2026-09-28,3085.0,3125.0,3055.0,3125.0,32050.0,263020
2026-09-28,5970.0,6180.0,5930.0,5980.0,8827.0,413640
2026-09-28,4495.0,5570.0,4495.0,5110.0,1506979.0,226340
2026-09-28,847.0,847.0,817.0,831.0,1811.0,022220
2026-09-28,8300.0,8560.0,8300.0,8400.0,1663.0,224110
2026-09-28,3185.0,3320.0,3180.0,3215.0,7882.0,007680
2026-09-28,2020.0,2020.0,1992.0,2010.0,7287.0,140520
2026-09-28,6200.0,6200.0,5920.0,5980.0,2918.0,307280
2026-09-28,1442.0,1442.0,1175.0,1210.0,843286.0,070300
2026-09-28,936.0,941.0,920.0,927.0,60810.0,129890
2026-09-28,1196.0,1233.0,1196.0,1217.0,31005.0,227950
2026-09-28,2410.0,2410.0,2290.0,2375.0,28165.0,032960
2026-09-28,5300.0,5640.0,5250.0,5310.0,11465.0,290670
2026-09-28,4020.0,4100.0,3990.0,4090.0,15879.0,199480
2026-09-28,6410.0,6510.0,6390.0,6500.0,6355.0,190650
2026-09-28,4955.0,5110.0,4860.0,4945.0,7706.0,256150
2026-09-28,2765.0,2975.0,2740.0,2875.0,29916.0,461030
2026-09-28,2065.0,2115.0,2045.0,2070.0,10536.0,159580
2026-09-28,1409.0,1422.0,1404.0,1413.0,10628.0,056700
2026-09-28,2640.0,2640.0,2585.0,2600.0,5868.0,261200
2026-09-28,4800.0,4815.0,4755.0,4770.0,3944.0,086060
2026-09-28,1464.0,1507.0,1464.0,1501.0,6541.0,189690
2026-09-28,1975.0,2360.0,1975.0,2095.0,692657.0,053950
2026-09-28,2970.0,3000.0,2875.0,2880.0,5955.0,238120
2026-09-28,778.0,784.0,750.0,758.0,98359.0,027830
2026-09-28,3270.0,3355.0,3260.0,3300.0,11718.0,002290
2026-09-28,1697.0,1707.0,1670.0,1679.0,62948.0,452200
2026-09-28,3680.0,3725.0,3630.0,3700.0,6207.0,136410
2026-09-28,4950.0,5160.0,4750.0,4910.0,3811.0,450330
2026-09-28,3985.0,3990.0,3925.0,3965.0,1558.0,465480
2026-09-28,2590.0,2590.0,2485.0,2530.0,26382.0,263810
2026-09-28,1900.0,1900.0,1792.0,1804.0,6458.0,007530
2026-09-28,1615.0,1654.0,1568.0,1595.0,39415.0,373200
2026-09-28,2880.0,2880.0,2665.0,2690.0,161331.0,084650
2026-09-28,2110.0,2175.0,2070.0,2115.0,87739.0,184230
2026-09-28,0.0,0.0,0.0,798.0,0.0,064090
2026-09-28,1751.0,1751.0,1720.0,1739.0,775.0,066900
2026-09-28,1930.0,1945.0,1900.0,1935.0,28827.0,218150
2026-09-28,1453.0,1467.0,1428.0,1436.0,75621.0,065440
2026-09-28,3070.0,3105.0,3065.0,3105.0,7705.0,044960
2026-09-28,2785.0,2805.0,2745.0,2775.0,5883.0,203450
2026-09-28,12700.0,13160.0,11100.0,11570.0,11979.0,208860
2026-09-28,6470.0,6540.0,6350.0,6350.0,1206.0,049830
2026-09-28,3100.0,3125.0,3065.0,3085.0,8188.0,100660
2026-09-28,1357.0,1357.0,1290.0,1304.0,105633.0,037230
2026-09-28,9660.0,9660.0,9450.0,9620.0,927.0,221980
2026-09-28,3940.0,3945.0,3840.0,3930.0,8552.0,273060
2026-09-28,2380.0,2380.0,2235.0,2285.0,20985.0,215380
2026-09-28,2305.0,2305.0,2270.0,2305.0,80836.0,025880
2026-09-28,2325.0,2340.0,2280.0,2335.0,38151.0,046310
2026-09-28,1662.0,1730.0,1651.0,1665.0,83462.0,052220
2026-09-28,1465.0,1465.0,1450.0,1457.0,8870.0,352700
2026-09-28,2780.0,2780.0,2555.0,2620.0,9173.0,234100
2026-09-28,1709.0,1709.0,1667.0,1689.0,12922.0,050860
2026-09-28,4320.0,4480.0,4285.0,4475.0,4398.0,097870
2026-09-28,1626.0,1650.0,1585.0,1602.0,5438.0,263770
2026-09-28,2110.0,2110.0,2020.0,2025.0,3075.0,221840
2026-09-28,5660.0,5710.0,5470.0,5570.0,28617.0,042940
2026-09-28,1617.0,1630.0,1600.0,1628.0,12600.0,122690
2026-09-28,4490.0,4490.0,4100.0,4350.0,10429.0,037370
2026-09-28,3200.0,3245.0,3130.0,3215.0,6020.0,019770
2026-09-28,3305.0,3475.0,3295.0,3295.0,8565.0,101240
2026-09-28,1027.0,1045.0,1017.0,1037.0,68062.0,065500
2026-09-28,2840.0,3085.0,2750.0,2790.0,266510.0,208710
2026-09-28,5640.0,5640.0,5370.0,5440.0,12471.0,250000
2026-09-28,4040.0,4040.0,3910.0,3940.0,8072.0,038070
2026-09-28,2695.0,2745.0,2690.0,2745.0,24159.0,121890
2026-09-28,3180.0,3195.0,3150.0,3180.0,9666.0,219420
2026-09-28,2565.0,2600.0,2470.0,2545.0,12391.0,171010
2026-09-28,2400.0,2405.0,2340.0,2345.0,29415.0,081580
2026-09-28,1650.0,1650.0,1618.0,1629.0,2810.0,123570
2026-09-28,3210.0,3230.0,3150.0,3195.0,10394.0,043910
2026-09-28,2125.0,2135.0,2025.0,2095.0,3716.0,046390
2026-09-28,5370.0,5580.0,5370.0,5540.0,871.0,153460
2026-09-28,6850.0,7050.0,6750.0,6990.0,23340.0,397810
2026-09-28,2465.0,2495.0,2415.0,2420.0,62261.0,035460
2026-09-28,2570.0,2595.0,2525.0,2540.0,16080.0,051490
2026-09-28,0.0,0.0,0.0,1087.0,0.0,284620
2026-09-28,1520.0,1520.0,1476.0,1491.0,13218.0,066360
2026-09-28,0.0,0.0,0.0,602.0,0.0,057540
2026-09-28,4400.0,4435.0,4310.0,4395.0,11005.0,060850
2026-09-28,4415.0,4415.0,4150.0,4200.0,3378.0,363250
2026-09-28,0.0,0.0,0.0,778.0,0.0,068940
2026-09-28,3070.0,3250.0,3070.0,3240.0,8503.0,446840
2026-09-28,6920.0,7470.0,6730.0,7140.0,23279.0,258790
2026-09-28,6450.0,6490.0,6300.0,6420.0,3809.0,318410
2026-09-28,2250.0,2290.0,2225.0,2235.0,4057.0,086040
2026-09-28,2120.0,2120.0,2070.0,2090.0,12661.0,045060
2026-09-28,2290.0,2325.0,2250.0,2305.0,19910.0,260660
2026-09-28,0.0,0.0,0.0,959.0,0.0,263050
2026-09-28,3630.0,3720.0,3610.0,3665.0,6109.0,177900
2026-09-28,1385.0,1387.0,1314.0,1348.0,34221.0,060540
2026-09-28,3990.0,4080.0,3990.0,4050.0,9759.0,039290
2026-09-28,3065.0,3120.0,3040.0,3060.0,5362.0,024120
2026-09-28,3580.0,3640.0,3520.0,3550.0,7942.0,239890
2026-09-28,6280.0,6410.0,6000.0,6290.0,4393.0,387570
2026-09-28,2210.0,2245.0,2100.0,2125.0,90525.0,026040
2026-09-28,3880.0,3980.0,3800.0,3850.0,8853.0,196450
2026-09-28,2170.0,2180.0,2140.0,2160.0,14012.0,075130
2026-09-28,3295.0,3295.0,3160.0,3165.0,4700.0,014570
2026-09-28,2130.0,2600.0,2080.0,2200.0,370677.0,290120
2026-09-28,3175.0,3190.0,3150.0,3175.0,2817.0,186230
2026-09-28,2455.0,2510.0,2405.0,2450.0,34096.0,452300
2026-09-28,1795.0,1795.0,1747.0,1757.0,19831.0,204020
2026-09-28,2800.0,2885.0,2715.0,2805.0,44491.0,434480
2026-09-28,1313.0,1346.0,1260.0,1293.0,68175.0,106240
2026-09-28,4320.0,4410.0,4310.0,4315.0,6277.0,332290
2026-09-28,2830.0,2835.0,2605.0,2745.0,55443.0,900270
2026-09-28,1119.0,1122.0,1041.0,1085.0,50115.0,045510
2026-09-28,0.0,0.0,0.0,991.0,0.0,469750
2026-09-28,2380.0,2430.0,2310.0,2400.0,378780.0,406820
2026-09-28,2025.0,2065.0,1990.0,2035.0,12893.0,207760
2026-09-28,2900.0,2910.0,2865.0,2875.0,5307.0,052600
2026-09-28,4510.0,4555.0,4455.0,4510.0,814.0,290090
2026-09-28,1511.0,1552.0,1491.0,1530.0,31028.0,310870
2026-09-28,2120.0,2120.0,2000.0,2030.0,21145.0,432430
2026-09-28,1399.0,1400.0,1390.0,1400.0,8610.0,220180
2026-09-28,1466.0,1559.0,1466.0,1499.0,16151.0,064520
2026-09-28,2910.0,2950.0,2870.0,2940.0,1594.0,080520
2026-09-28,4330.0,4335.0,4275.0,4330.0,13093.0,131090
2026-09-28,0.0,0.0,0.0,689.0,0.0,038060
2026-09-28,1549.0,1549.0,1484.0,1510.0,3586.0,335810
2026-09-28,2555.0,3195.0,2435.0,3020.0,6262175.0,0010F0
2026-09-28,1644.0,1880.0,1603.0,1696.0,326640.0,054780
2026-09-28,2080.0,2080.0,2000.0,2025.0,52805.0,057030
2026-09-28,1509.0,1509.0,1422.0,1425.0,32538.0,215090
2026-09-28,3020.0,3070.0,2975.0,3020.0,37191.0,006920
2026-09-28,6970.0,7150.0,6820.0,6990.0,8858.0,417860
2026-09-28,5040.0,5500.0,5040.0,5240.0,17176.0,099220
2026-09-28,3965.0,4100.0,3935.0,4065.0,5490.0,476080
2026-09-28,2105.0,2130.0,2065.0,2125.0,16345.0,089140
2026-09-28,2140.0,2220.0,2140.0,2195.0,32630.0,104200
2026-09-28,990.0,1006.0,979.0,992.0,43091.0,408900
2026-09-28,1188.0,1188.0,1151.0,1168.0,16256.0,068050
2026-09-28,1160.0,1170.0,1135.0,1146.0,16582.0,065950
2026-09-28,3975.0,3975.0,3860.0,3950.0,3541.0,087600
2026-09-28,3215.0,3215.0,3055.0,3130.0,1709.0,153490
2026-09-28,3645.0,3715.0,3535.0,3580.0,3503.0,270870
2026-09-28,3270.0,3445.0,3120.0,3300.0,12029.0,025440
2026-09-28,6350.0,6350.0,6010.0,6240.0,8907.0,296640
2026-09-28,3000.0,3060.0,2940.0,2965.0,90002.0,430690
2026-09-28,1572.0,1599.0,1572.0,1584.0,16964.0,109820
2026-09-28,1210.0,1299.0,1194.0,1243.0,81927.0,032790
2026-09-28,1976.0,1980.0,1961.0,1975.0,3005.0,021650
2026-09-28,1290.0,1448.0,1280.0,1337.0,347516.0,226330
2026-09-28,2395.0,2395.0,2295.0,2295.0,45698.0,016600
2026-09-28,4400.0,4615.0,4070.0,4270.0,259652.0,431190
2026-09-28,1370.0,1370.0,1340.0,1365.0,7550.0,133750
2026-09-28,3025.0,3160.0,3025.0,3135.0,2408.0,148930
2026-09-28,3010.0,3145.0,2965.0,2990.0,2516.0,200780
2026-09-28,2670.0,2670.0,2570.0,2580.0,11808.0,318020
2026-09-28,1700.0,1700.0,1672.0,1680.0,1880.0,033830
2026-09-28,1080.0,1105.0,1056.0,1072.0,69667.0,271830
2026-09-28,3420.0,3485.0,3410.0,3430.0,9254.0,090410
2026-09-28,0.0,0.0,0.0,1079.0,0.0,050110
2026-09-28,1138.0,1153.0,1120.0,1125.0,47196.0,031510
2026-09-28,3010.0,3015.0,2915.0,2995.0,5722.0,159910
2026-09-28,2405.0,2405.0,2345.0,2400.0,12346.0,197140
2026-09-28,0.0,0.0,0.0,412.0,0.0,258830
2026-09-28,770.0,790.0,750.0,750.0,103711.0,072770
2026-09-28,2190.0,2225.0,2155.0,2190.0,12237.0,419120
2026-09-28,7010.0,7080.0,6950.0,7070.0,690.0,012620
2026-09-28,2640.0,2675.0,2590.0,2625.0,5309.0,127980
2026-09-28,657.0,854.0,641.0,852.0,957451.0,206400
2026-09-28,3120.0,3200.0,3110.0,3125.0,51744.0,093380
2026-09-28,2565.0,2610.0,2505.0,2580.0,16518.0,356890
2026-09-28,2635.0,2640.0,2565.0,2580.0,23502.0,064480
2026-09-28,3080.0,3205.0,3055.0,3110.0,31317.0,300120
2026-09-28,2005.0,2030.0,1990.0,1996.0,2803.0,173940
2026-09-28,1660.0,1750.0,1641.0,1670.0,42198.0,075970
2026-09-28,3000.0,3025.0,3000.0,3000.0,984.0,038950
2026-09-28,3190.0,3195.0,3040.0,3135.0,1018.0,376980
2026-09-28,3785.0,3830.0,3710.0,3745.0,3910.0,099390
2026-09-28,3085.0,3175.0,3030.0,3050.0,7623.0,369370
2026-09-28,3150.0,3160.0,3060.0,3115.0,3812.0,263920
2026-09-28,3985.0,4000.0,3730.0,3965.0,14500.0,020180
2026-09-28,669.0,669.0,620.0,641.0,73825.0,043340
2026-09-28,1980.0,2025.0,1966.0,1990.0,30827.0,038620
2026-09-28,699.0,705.0,687.0,693.0,40301.0,037330
2026-09-28,2525.0,2610.0,2465.0,2595.0,34404.0,091340
2026-09-28,2100.0,2250.0,2100.0,2165.0,45133.0,038870
2026-09-28,2335.0,2525.0,2280.0,2405.0,62530.0,311390
2026-09-28,3860.0,3860.0,3695.0,3835.0,5406.0,462310
2026-09-28,1630.0,1652.0,1591.0,1652.0,32221.0,169330
2026-09-28,2775.0,2785.0,2650.0,2690.0,10002.0,368970
2026-09-28,0.0,0.0,0.0,1969.0,0.0,246250
2026-09-28,5500.0,5570.0,5400.0,5420.0,6507.0,464280
2026-09-28,1245.0,1245.0,1241.0,1242.0,257.0,071850
2026-09-28,5640.0,5830.0,5560.0,5610.0,6103.0,388610
2026-09-28,2795.0,2910.0,2785.0,2815.0,2551.0,049120
2026-09-28,1492.0,1492.0,1470.0,1470.0,4782.0,097780
2026-09-28,4810.0,4810.0,4500.0,4560.0,5478.0,444530
2026-09-28,2850.0,2890.0,2710.0,2845.0,14515.0,033540
2026-09-28,2265.0,2265.0,2020.0,2135.0,13271.0,188260
2026-09-28,2625.0,2645.0,2565.0,2595.0,10291.0,073540
2026-09-28,1615.0,1638.0,1585.0,1620.0,116995.0,462980
2026-09-28,2295.0,2320.0,2235.0,2300.0,14609.0,237820
2026-09-28,1988.0,2105.0,1970.0,2060.0,16152.0,377030
2026-09-28,2550.0,2995.0,2520.0,2935.0,200712.0,200350
2026-09-28,1020.0,1024.0,991.0,991.0,83898.0,317240
2026-09-28,6700.0,6880.0,6650.0,6700.0,6516.0,088340
2026-09-28,2120.0,2155.0,2080.0,2090.0,4246.0,070590
2026-09-28,2965.0,2965.0,2880.0,2895.0,31730.0,078590
2026-09-28,5770.0,5770.0,5550.0,5560.0,3320.0,079170
2026-09-28,3035.0,3035.0,2970.0,3005.0,3596.0,336060
2026-09-28,1633.0,1716.0,1633.0,1702.0,28576.0,236810
2026-09-28,3015.0,3040.0,2970.0,3000.0,5193.0,452160
2026-09-28,2810.0,2850.0,2780.0,2840.0,6845.0,187270
2026-09-28,1030.0,1041.0,1020.0,1030.0,36926.0,160550
2026-09-28,964.0,980.0,956.0,962.0,21365.0,031310
2026-09-28,4165.0,4190.0,4070.0,4070.0,12131.0,288620
2026-09-28,2685.0,2705.0,2670.0,2695.0,1967.0,262840
2026-09-28,5770.0,5890.0,5650.0,5780.0,10802.0,333050
2026-09-28,1099.0,1099.0,1064.0,1065.0,77714.0,128540
2026-09-28,2710.0,2735.0,2675.0,2695.0,11925.0,045300
2026-09-28,2155.0,2375.0,2150.0,2355.0,83192.0,073570
2026-09-28,1936.0,1939.0,1880.0,1927.0,10951.0,450520
2026-09-28,1301.0,1318.0,1260.0,1268.0,78047.0,290560
2026-09-28,1679.0,1694.0,1673.0,1680.0,28136.0,008470
2026-09-28,5280.0,5320.0,5200.0,5230.0,112.0,239610
2026-09-28,0.0,0.0,0.0,1710.0,0.0,043220
2026-09-28,3505.0,3505.0,3315.0,3390.0,13959.0,351330
2026-09-28,2375.0,2405.0,2335.0,2370.0,19218.0,119500
2026-09-28,1628.0,1647.0,1606.0,1637.0,14255.0,089150
2026-09-28,1900.0,1900.0,1852.0,1855.0,2452.0,109960
2026-09-28,0.0,0.0,0.0,910.0,0.0,254120
2026-09-28,4395.0,5710.0,4275.0,5370.0,1342495.0,224060
2026-09-28,2310.0,2370.0,2310.0,2345.0,2116.0,068100
2026-09-28,1434.0,1473.0,1421.0,1456.0,12667.0,225220
2026-09-28,1578.0,1618.0,1549.0,1618.0,25601.0,114630
2026-09-28,3460.0,3505.0,3415.0,3505.0,516.0,318010
2026-09-28,3280.0,3400.0,3260.0,3295.0,3669.0,367000
2026-09-28,3345.0,3370.0,3305.0,3335.0,8963.0,364950
2026-09-28,1886.0,1920.0,1850.0,1890.0,12810.0,407400
2026-09-28,2365.0,2365.0,2225.0,2280.0,2254.0,115480
2026-09-28,1755.0,1795.0,1711.0,1778.0,66939.0,191410
2026-09-28,1894.0,1908.0,1865.0,1880.0,4994.0,130500
2026-09-28,1993.0,2055.0,1993.0,2025.0,24762.0,148250
2026-09-28,1350.0,1399.0,1343.0,1380.0,35005.0,198940
2026-09-28,3605.0,3700.0,3535.0,3650.0,34338.0,091970
2026-09-28,1253.0,1291.0,1197.0,1211.0,77092.0,069920
2026-09-28,492.0,497.0,475.0,484.0,213205.0,101670
2026-09-28,2500.0,2515.0,2450.0,2490.0,3148.0,080530
2026-09-28,4095.0,4095.0,3860.0,4030.0,4360.0,297570
2026-09-28,1770.0,1840.0,1729.0,1736.0,42174.0,057680
2026-09-28,2485.0,2520.0,2465.0,2515.0,51548.0,067010
2026-09-28,1699.0,1717.0,1660.0,1712.0,34704.0,195500
2026-09-28,1745.0,1760.0,1712.0,1720.0,12106.0,096630
2026-09-28,1504.0,1509.0,1414.0,1484.0,53773.0,464580
2026-09-28,2850.0,2870.0,2785.0,2820.0,3469.0,048470
2026-09-28,681.0,696.0,661.0,676.0,609352.0,215790
2026-09-28,1799.0,1823.0,1786.0,1811.0,15955.0,373170
2026-09-28,2330.0,2360.0,2295.0,2330.0,7991.0,017000
2026-09-28,2030.0,2090.0,1889.0,1927.0,27395.0,139670
2026-09-28,7800.0,7900.0,7650.0,7730.0,1595.0,007770
2026-09-28,1817.0,1817.0,1736.0,1760.0,38752.0,066910
2026-09-28,2875.0,3340.0,2720.0,3100.0,251295.0,462510
2026-09-28,3800.0,3800.0,3690.0,3745.0,11101.0,079000
2026-09-28,1079.0,1079.0,1045.0,1046.0,11464.0,016920
2026-09-28,2535.0,2660.0,2420.0,2510.0,92467.0,140430
2026-09-28,2025.0,2210.0,2025.0,2090.0,1342.0,900310
2026-09-28,3005.0,3255.0,2920.0,3215.0,144918.0,389680
2026-09-28,2320.0,2325.0,2160.0,2320.0,10869.0,359090
2026-09-28,3555.0,3585.0,3540.0,3570.0,2260.0,131220
2026-09-28,2975.0,3000.0,2930.0,2940.0,3414.0,032750
2026-09-28,3725.0,3875.0,3610.0,3870.0,11439.0,328380
2026-09-28,6650.0,6690.0,6510.0,6580.0,3110.0,096690
2026-09-28,2800.0,2800.0,2715.0,2750.0,4881.0,290270
2026-09-28,2925.0,2925.0,2745.0,2745.0,8587.0,348030
2026-09-28,987.0,991.0,977.0,981.0,19944.0,900070
2026-09-28,1075.0,1076.0,1047.0,1059.0,39880.0,047080
2026-09-28,2065.0,2090.0,1943.0,1968.0,26965.0,193250
2026-09-28,1750.0,1750.0,1626.0,1691.0,8003.0,123840
2026-09-28,2235.0,2235.0,2140.0,2195.0,11561.0,013720
2026-09-28,4265.0,4285.0,4045.0,4085.0,8059.0,363260
2026-09-28,1800.0,1866.0,1737.0,1765.0,47029.0,322780
2026-09-28,2545.0,2565.0,2510.0,2540.0,9732.0,069410
2026-09-28,1544.0,1731.0,1505.0,1637.0,592665.0,355390
2026-09-28,5570.0,5580.0,5310.0,5450.0,522.0,134060
2026-09-28,1596.0,1596.0,1576.0,1583.0,11575.0,103840
2026-09-28,1555.0,1621.0,1555.0,1570.0,4488.0,053290
2026-09-28,2520.0,2535.0,2450.0,2535.0,5050.0,016670
2026-09-28,1495.0,1600.0,1463.0,1506.0,19427.0,138070
2026-09-28,1412.0,1422.0,1380.0,1390.0,23243.0,376180
2026-09-28,2710.0,2820.0,2695.0,2700.0,7617.0,019570
2026-09-28,1698.0,1733.0,1687.0,1707.0,33683.0,069140
2026-09-28,1829.0,1915.0,1790.0,1851.0,446381.0,027040
2026-09-28,1650.0,1660.0,1639.0,1644.0,34746.0,105550
2026-09-28,2965.0,3090.0,2880.0,2960.0,22327.0,458350
2026-09-28,1165.0,1215.0,1143.0,1152.0,48976.0,001810
2026-09-28,803.0,806.0,800.0,802.0,4073.0,033050
2026-09-28,2385.0,2390.0,2240.0,2255.0,16238.0,238490
2026-09-28,2990.0,3015.0,2925.0,3010.0,8335.0,101680
2026-09-28,1384.0,1384.0,1362.0,1365.0,14472.0,044780
2026-09-28,1296.0,1296.0,1275.0,1280.0,3136.0,060380
2026-09-28,1130.0,1151.0,1082.0,1114.0,23262.0,076080
2026-09-28,1592.0,1630.0,1541.0,1542.0,231104.0,052300
2026-09-28,1030.0,1030.0,995.0,1007.0,58217.0,054090
2026-09-28,915.0,1008.0,896.0,980.0,280484.0,206560
2026-09-28,1610.0,1610.0,1530.0,1592.0,4726.0,290520
2026-09-28,1047.0,1065.0,1039.0,1059.0,19273.0,146060
2026-09-28,1515.0,1521.0,1430.0,1435.0,70903.0,083660
2026-09-28,1849.0,1849.0,1771.0,1810.0,6181.0,123750
2026-09-28,1618.0,2070.0,1618.0,1966.0,411457.0,383930
2026-09-28,2150.0,2170.0,2050.0,2150.0,32355.0,398120
2026-09-28,5970.0,5970.0,5870.0,5930.0,4655.0,090150
2026-09-28,1158.0,1200.0,1151.0,1167.0,33071.0,021880
2026-09-28,5400.0,5460.0,5270.0,5400.0,6440.0,083640
2026-09-28,0.0,0.0,0.0,956.0,0.0,368600
2026-09-28,3155.0,3345.0,3140.0,3270.0,22739.0,038880
2026-09-28,2175.0,2270.0,2110.0,2190.0,16388.0,351870
2026-09-28,2750.0,2930.0,2700.0,2850.0,26313.0,115530
2026-09-28,3800.0,3965.0,3740.0,3850.0,41341.0,148780
2026-09-28,4140.0,4180.0,4110.0,4140.0,5146.0,131180
2026-09-28,3160.0,3160.0,3050.0,3050.0,41756.0,475660
2026-09-28,3000.0,3030.0,2935.0,2985.0,13968.0,223310
2026-09-28,2140.0,2145.0,2105.0,2135.0,3020.0,415380
2026-09-28,2580.0,2690.0,2540.0,2625.0,55711.0,035200
2026-09-28,1663.0,1680.0,1576.0,1599.0,138957.0,101400
2026-09-28,3015.0,3080.0,2990.0,3020.0,7549.0,039740
2026-09-28,2770.0,2780.0,2740.0,2750.0,3940.0,318000
2026-09-28,2925.0,2995.0,2900.0,2970.0,10751.0,208350
2026-09-28,1864.0,1943.0,1831.0,1873.0,4435.0,405920
2026-09-28,3130.0,3130.0,3070.0,3100.0,2297.0,267790
2026-09-28,1503.0,1506.0,1482.0,1482.0,25106.0,058110
2026-09-28,2595.0,2725.0,2550.0,2620.0,17699.0,020400
2026-09-28,1254.0,1267.0,1195.0,1214.0,76555.0,060230
2026-09-28,2140.0,2185.0,2005.0,2150.0,11633.0,222980
2026-09-28,3665.0,3665.0,3540.0,3565.0,62835.0,054940
2026-09-28,0.0,0.0,0.0,510.0,0.0,378800
2026-09-28,5680.0,5730.0,5470.0,5470.0,2881.0,115160
2026-09-28,2650.0,2690.0,2580.0,2610.0,4663.0,023770
2026-09-28,1693.0,1693.0,1635.0,1667.0,24825.0,464500
2026-09-28,4210.0,4210.0,4020.0,4105.0,453.0,417180
2026-09-28,2100.0,2100.0,1990.0,2015.0,19957.0,187220
2026-09-28,1252.0,1252.0,1199.0,1216.0,40585.0,016100
2026-09-28,2160.0,2160.0,2085.0,2130.0,17641.0,352940
2026-09-28,1299.0,1299.0,1253.0,1264.0,28849.0,365590
2026-09-28,2135.0,2160.0,2025.0,2025.0,17742.0,177830
2026-09-28,4840.0,5160.0,4840.0,4935.0,4947.0,188040
2026-09-28,1506.0,1530.0,1495.0,1498.0,18799.0,051380
2026-09-28,2530.0,2530.0,2460.0,2495.0,3144.0,033200
2026-09-28,1136.0,1159.0,1124.0,1138.0,8197.0,007720
2026-09-28,2440.0,2440.0,2370.0,2390.0,5647.0,298060
2026-09-28,981.0,994.0,974.0,991.0,23554.0,032680
2026-09-28,1948.0,1969.0,1917.0,1959.0,2316.0,018680
2026-09-28,1717.0,1755.0,1681.0,1705.0,8909.0,043590
2026-09-28,6170.0,6170.0,6000.0,6000.0,3482.0,036480
2026-09-28,1559.0,1560.0,1526.0,1539.0,24747.0,013810
2026-09-28,1471.0,1501.0,1468.0,1490.0,5467.0,032800
2026-09-28,1790.0,1867.0,1673.0,1799.0,34062.0,257370
2026-09-28,1239.0,1320.0,1233.0,1239.0,10293.0,039310
2026-09-28,3400.0,3535.0,3330.0,3365.0,4859.0,044480
2026-09-28,1843.0,1876.0,1807.0,1861.0,25345.0,065690
2026-09-28,3115.0,3115.0,2855.0,3030.0,11409.0,303530
2026-09-28,1065.0,1098.0,1054.0,1055.0,29149.0,017250
2026-09-28,1895.0,1895.0,1829.0,1852.0,12137.0,192390
2026-09-28,1644.0,1797.0,1624.0,1705.0,44311.0,219750
2026-09-28,2770.0,2770.0,2680.0,2730.0,3911.0,032860
2026-09-28,2380.0,2390.0,2340.0,2355.0,21431.0,063760
2026-09-28,1899.0,1899.0,1781.0,1854.0,106458.0,027580
2026-09-28,2575.0,2635.0,2530.0,2545.0,4895.0,432980
2026-09-28,2825.0,2940.0,2710.0,2895.0,43068.0,002680
2026-09-28,3160.0,3185.0,3000.0,3095.0,9618.0,372800
2026-09-28,2835.0,2835.0,2660.0,2725.0,21883.0,115570
2026-09-28,2770.0,2855.0,2660.0,2705.0,3032.0,377330
2026-09-28,3435.0,3500.0,3325.0,3345.0,8046.0,237750
2026-09-28,1428.0,1444.0,1406.0,1421.0,44803.0,317120
2026-09-28,0.0,0.0,0.0,1010.0,0.0,032080
2026-09-28,2385.0,2385.0,2230.0,2275.0,6555.0,241840
2026-09-28,5890.0,5890.0,5560.0,5640.0,804.0,277410
2026-09-28,1213.0,1236.0,1208.0,1225.0,13067.0,053060
2026-09-28,1330.0,1349.0,1319.0,1333.0,54855.0,032280
2026-09-28,2240.0,2240.0,2155.0,2190.0,25006.0,331520
2026-09-28,0.0,0.0,0.0,756.0,0.0,340440
2026-09-28,4085.0,4195.0,4035.0,4095.0,18906.0,247660
2026-09-28,1895.0,1930.0,1877.0,1899.0,15376.0,130740
2026-09-28,1316.0,1327.0,1270.0,1280.0,20926.0,018700
2026-09-28,2635.0,2735.0,2570.0,2690.0,1169.0,238200
2026-09-28,2950.0,2950.0,2880.0,2885.0,4104.0,065370
2026-09-28,1728.0,1728.0,1662.0,1693.0,38121.0,054220
2026-09-28,1988.0,1988.0,1942.0,1975.0,4976.0,215480
2026-09-28,994.0,994.0,883.0,892.0,97695.0,276730
2026-09-28,2170.0,2170.0,2075.0,2120.0,19808.0,440320
2026-09-28,2215.0,2215.0,2175.0,2180.0,5780.0,067730
2026-09-28,2250.0,2250.0,2065.0,2075.0,13741.0,424760
2026-09-28,2010.0,2090.0,2005.0,2090.0,23487.0,024940
2026-09-28,1408.0,1477.0,1370.0,1385.0,13681.0,344860
2026-09-28,2170.0,2210.0,2160.0,2200.0,6050.0,200230
2026-09-28,1282.0,1282.0,1225.0,1237.0,7560.0,362990
2026-09-28,1530.0,1530.0,1460.0,1489.0,43199.0,019660
2026-09-28,2350.0,2350.0,2245.0,2295.0,11926.0,043360
2026-09-28,576.0,578.0,560.0,570.0,102407.0,095910
2026-09-28,3100.0,3330.0,3065.0,3215.0,107049.0,429270
2026-09-28,941.0,944.0,903.0,944.0,9717.0,021040
2026-09-28,3590.0,3615.0,3520.0,3610.0,22490.0,361670
2026-09-28,4070.0,4165.0,3820.0,3930.0,8900.0,038530
2026-09-28,1250.0,1250.0,1190.0,1197.0,4026.0,069330
2026-09-28,9500.0,10760.0,8920.0,9320.0,13383.0,154040
2026-09-28,2580.0,2580.0,2545.0,2550.0,2697.0,353190
2026-09-28,905.0,930.0,891.0,898.0,67061.0,289220
2026-09-28,1850.0,1850.0,1782.0,1799.0,26977.0,438700
2026-09-28,1599.0,1599.0,1457.0,1519.0,135986.0,301300
2026-09-28,3895.0,3895.0,3710.0,3800.0,8363.0,275630
2026-09-28,5410.0,5430.0,5350.0,5400.0,2155.0,900110
2026-09-28,2520.0,2700.0,2445.0,2495.0,156829.0,026910
2026-09-28,1026.0,1059.0,1026.0,1055.0,77532.0,048830
2026-09-28,1418.0,1429.0,1395.0,1415.0,22418.0,085810
2026-09-28,2685.0,2725.0,2675.0,2690.0,5800.0,080470
2026-09-28,851.0,870.0,840.0,860.0,46733.0,347770
2026-09-28,3600.0,3885.0,2855.0,2855.0,1274950.0,131100
2026-09-28,0.0,0.0,0.0,1622.0,0.0,073190
2026-09-28,1624.0,1624.0,1547.0,1550.0,11190.0,098660
2026-09-28,1017.0,1017.0,985.0,1003.0,43477.0,227610
2026-09-28,1420.0,1514.0,1419.0,1500.0,17723.0,353590
2026-09-28,1567.0,1662.0,1560.0,1634.0,34740.0,115610
2026-09-28,0.0,0.0,0.0,2290.0,0.0,214610
2026-09-28,1168.0,1177.0,1161.0,1175.0,23018.0,050760
2026-09-28,1625.0,1625.0,1521.0,1598.0,45437.0,154030
2026-09-28,1230.0,1232.0,1165.0,1210.0,41608.0,065150
2026-09-28,2135.0,2135.0,2070.0,2110.0,4179.0,274400
2026-09-28,5060.0,5210.0,4950.0,5010.0,4891.0,084440
2026-09-28,2980.0,3080.0,2930.0,2940.0,12060.0,113810
2026-09-28,3500.0,3560.0,3495.0,3505.0,2038.0,342870
2026-09-28,2795.0,2795.0,2700.0,2770.0,6552.0,018620
2026-09-28,3400.0,3400.0,3315.0,3325.0,393.0,054410
2026-09-28,1164.0,1420.0,1130.0,1394.0,255424.0,079950
2026-09-28,2340.0,2340.0,2265.0,2275.0,21986.0,096870
2026-09-28,911.0,911.0,874.0,886.0,29793.0,083470
2026-09-28,3730.0,3740.0,3410.0,3520.0,9151.0,405000
2026-09-28,0.0,0.0,0.0,6930.0,0.0,031860
2026-09-28,2290.0,2290.0,2245.0,2260.0,16975.0,252500
2026-09-28,2125.0,2125.0,2000.0,2030.0,15883.0,403490
2026-09-28,1315.0,1315.0,1274.0,1298.0,32428.0,196700
2026-09-28,1130.0,1155.0,1130.0,1144.0,55821.0,195990
2026-09-28,3095.0,3172.0,3030.0,3110.0,3340.0,065060
2026-09-28,1297.0,1297.0,1253.0,1253.0,14690.0,056730
2026-09-28,1428.0,1485.0,1400.0,1417.0,90062.0,023790
2026-09-28,2540.0,2595.0,2455.0,2535.0,20889.0,365900
2026-09-28,5060.0,5320.0,5060.0,5290.0,31504.0,009620
2026-09-28,1558.0,1574.0,1506.0,1568.0,36625.0,014100
2026-09-28,2060.0,2065.0,1985.0,2035.0,3877.0,110020
2026-09-28,3890.0,3935.0,3850.0,3935.0,982.0,279600
2026-09-28,3080.0,3150.0,3060.0,3075.0,7760.0,419540
2026-09-28,2480.0,2485.0,2390.0,2410.0,46722.0,051780
2026-09-28,1269.0,1278.0,1189.0,1238.0,15683.0,455180
2026-09-28,1868.0,1868.0,1800.0,1819.0,11130.0,137940
2026-09-28,2710.0,2950.0,2645.0,2875.0,54407.0,078860
2026-09-28,1892.0,1940.0,1809.0,1845.0,64057.0,210120
2026-09-28,3365.0,3415.0,3330.0,3350.0,30810.0,037400
2026-09-28,2150.0,2250.0,2110.0,2205.0,6520.0,088290
2026-09-28,2750.0,3625.0,2680.0,3550.0,447684.0,092600
2026-09-28,999.0,1032.0,999.0,1013.0,49077.0,373110
2026-09-28,0.0,0.0,0.0,1040.0,0.0,900120
2026-09-28,1915.0,1917.0,1900.0,1903.0,233471.0,0197V0
2026-09-28,0.0,0.0,0.0,2055.0,0.0,482680
2026-09-28,2075.0,2080.0,2070.0,2080.0,10409.0,477380
2026-09-28,0.0,0.0,0.0,6040.0,0.0,241820
2026-09-28,1902.0,1915.0,1894.0,1896.0,932720.0,0200G0
2026-09-28,3180.0,3250.0,3160.0,3175.0,30651.0,225590
2026-09-28,2605.0,2710.0,2580.0,2620.0,86795.0,034940
2026-09-28,730.0,730.0,653.0,687.0,36336.0,050090
2026-09-28,4530.0,4530.0,4235.0,4505.0,78623.0,285800
2026-09-28,1951.0,2050.0,1951.0,2005.0,32350.0,009730
2026-09-28,1552.0,1635.0,1525.0,1565.0,58725.0,376930
2026-09-28,1544.0,1549.0,1318.0,1433.0,325571.0,060480
2026-09-28,857.0,860.0,821.0,822.0,36636.0,309930
2026-09-28,1417.0,1459.0,1417.0,1450.0,14758.0,065650
2026-09-28,1962.0,1970.0,1962.0,1967.0,4104.0,0072Z0
2026-09-28,2795.0,2800.0,2315.0,2380.0,361988.0,060900
2026-09-28,2055.0,2060.0,2055.0,2060.0,43248.0,477340
2026-09-28,1955.0,1980.0,1954.0,1964.0,1080.0,0101C0
2026-09-28,1975.0,1991.0,1971.0,1973.0,4952.0,0130H0
2026-09-28,0.0,0.0,0.0,973.0,0.0,030350
2026-09-28,1524.0,1596.0,1475.0,1518.0,51963.0,177350
2026-09-28,1465.0,1550.0,1413.0,1549.0,207590.0,101000
2026-09-28,2140.0,2140.0,2005.0,2060.0,31830.0,103230
2026-09-28,1986.0,1986.0,1970.0,1971.0,2909.0,0044K0
2026-09-28,2520.0,2620.0,2465.0,2615.0,16477.0,475460
2026-09-28,0.0,0.0,0.0,2100.0,0.0,473050
2026-09-28,0.0,0.0,0.0,2200.0,0.0,489480
2026-09-28,1978.0,1978.0,1971.0,1972.0,2385.0,0115H0
2026-09-28,1170.0,1180.0,1002.0,1028.0,161577.0,289010
2026-09-28,2060.0,2065.0,2045.0,2065.0,43319.0,478440
2026-09-28,2070.0,2070.0,2060.0,2070.0,679.0,479880
2026-09-28,1551.0,1551.0,1438.0,1507.0,55641.0,306040
2026-09-28,2580.0,2795.0,2350.0,2595.0,63807.0,239340
2026-09-28,1931.0,1941.0,1920.0,1937.0,19225.0,0165X0
2026-09-28,4315.0,4570.0,4170.0,4240.0,20207.0,335870
2026-09-28,1963.0,1980.0,1963.0,1979.0,587.0,0099W0
2026-09-28,653.0,755.0,653.0,736.0,201610.0,035620
2026-09-28,1902.0,1902.0,1888.0,1892.0,693171.0,0209J0
2026-09-28,0.0,0.0,0.0,561.0,0.0,304840
2026-09-28,0.0,0.0,0.0,5250.0,0.0,352770
2026-09-28,0.0,0.0,0.0,1651.0,0.0,244460
2026-09-28,1969.0,1977.0,1969.0,1972.0,1021.0,0134X0
2026-09-28,0.0,0.0,0.0,1570.0,0.0,067770
2026-09-28,2070.0,2070.0,2065.0,2070.0,1108.0,481890
2026-09-28,1941.0,1950.0,1941.0,1941.0,6070.0,0164H0
2026-09-28,0.0,0.0,0.0,2180.0,0.0,0099X0
2026-09-28,1975.0,1981.0,1968.0,1981.0,1046.0,0096B0
2026-09-28,1468.0,1469.0,1402.0,1416.0,12560.0,303030
2026-09-28,2075.0,2075.0,2065.0,2070.0,1438.0,478390
2026-09-28,2035.0,2035.0,2015.0,2035.0,44314.0,489730
2026-09-28,665.0,678.0,617.0,650.0,336463.0,418620
2026-09-28,1969.0,1969.0,1964.0,1969.0,714.0,0097F0
2026-09-28,0.0,0.0,0.0,2295.0,0.0,054180
2026-09-28,2040.0,2040.0,2015.0,2030.0,6920.0,492220
2026-09-28,0.0,0.0,0.0,2065.0,0.0,482520
2026-09-28,5110.0,5230.0,5110.0,5180.0,2837.0,028080
2026-09-28,1960.0,1969.0,1955.0,1961.0,203.0,0093G0
2026-09-28,2375.0,2450.0,2000.0,2195.0,251173.0,377220
2026-09-28,1985.0,1985.0,1973.0,1983.0,6334.0,0037T0
2026-09-28,1999.0,1999.0,1996.0,1997.0,74.0,0054V0
2026-09-28,2040.0,2060.0,2035.0,2050.0,5070.0,0091W0
2026-09-28,1962.0,1962.0,1955.0,1955.0,2823.0,0131D0
2026-09-28,0.0,0.0,0.0,764.0,0.0,065570
2026-09-28,801.0,1024.0,801.0,874.0,597488.0,208640
2026-09-28,1459.0,1459.0,1180.0,1270.0,53577.0,079190
2026-09-28,2070.0,2070.0,2065.0,2065.0,299.0,477760
2026-09-28,3455.0,3490.0,3305.0,3440.0,48867.0,006050
2026-09-28,2060.0,2060.0,2035.0,2055.0,13630.0,0088D0
2026-09-28,1990.0,1990.0,1962.0,1973.0,731.0,0041L0
2026-09-28,1991.0,1996.0,1981.0,1982.0,2873.0,0132G0
2026-09-28,2095.0,2105.0,2090.0,2100.0,151520.0,469900
2026-09-28,1189.0,1199.0,833.0,833.0,1126753.0,291810
2026-09-28,2075.0,2075.0,2065.0,2070.0,111.0,482690
2026-09-28,2080.0,2080.0,2075.0,2075.0,57686.0,474660
2026-09-28,2075.0,2080.0,2075.0,2075.0,1133.0,474490
2026-09-28,1305.0,1500.0,1302.0,1314.0,507124.0,131760
2026-09-28,1953.0,1984.0,1953.0,1980.0,1539.0,0071M0
2026-09-28,1325.0,1370.0,1275.0,1277.0,100806.0,354200
2026-09-28,2025.0,2040.0,2020.0,2020.0,2483.0,487360
2026-09-28,2075.0,2075.0,2065.0,2070.0,934.0,477470
2026-09-28,1995.0,1995.0,1985.0,1986.0,152.0,0105P0
2026-09-28,1992.0,1992.0,1983.0,1991.0,24286.0,496070
2026-09-28,1969.0,1969.0,1961.0,1968.0,6583.0,0129K0
2026-09-28,867.0,867.0,790.0,825.0,89744.0,060260
2026-09-28,2045.0,2050.0,2030.0,2045.0,1136.0,486630
2026-09-28,1971.0,1971.0,1962.0,1962.0,29.0,0096D0
2026-09-28,2010.0,2025.0,2000.0,2020.0,8108.0,493790
2026-09-28,1986.0,2005.0,1983.0,1983.0,84.0,0098T0
2026-09-28,1981.0,2000.0,1981.0,1993.0,346.0,0004Y0
2026-09-28,2045.0,2045.0,2035.0,2040.0,5407.0,489210
2026-09-28,1950.0,1971.0,1950.0,1971.0,1410.0,0130D0
2026-09-28,0.0,0.0,0.0,520.0,0.0,043100
2026-09-28,2055.0,2055.0,2045.0,2045.0,57.0,478110
2026-09-28,2005.0,2010.0,1996.0,2005.0,1608.0,466690
2026-09-28,0.0,0.0,0.0,538.0,0.0,305090
2026-09-28,2000.0,2005.0,2000.0,2005.0,5155.0,0041B0
2026-09-28,0.0,0.0,0.0,2035.0,0.0,498390
2026-09-28,468.0,512.0,468.0,470.0,153266.0,142760
2026-09-28,2040.0,2045.0,2035.0,2035.0,291.0,488060
2026-09-28,434.0,455.0,424.0,433.0,298634.0,012340
2026-09-28,0.0,0.0,0.0,1650.0,0.0,106080
2026-09-28,2030.0,2035.0,2020.0,2020.0,9680.0,484130
2026-09-28,2055.0,2055.0,2050.0,2050.0,2947.0,473950
2026-09-28,0.0,0.0,0.0,2130.0,0.0,469480
2026-09-28,875.0,876.0,762.0,847.0,209563.0,065770
2026-09-28,2045.0,2045.0,2020.0,2035.0,2517.0,487830
2026-09-28,0.0,0.0,0.0,2080.0,0.0,468760
2026-09-28,0.0,0.0,0.0,2100.0,0.0,472230
2026-09-28,2035.0,2035.0,2030.0,2035.0,6294.0,487720
2026-09-28,980.0,1073.0,980.0,1028.0,53520.0,240600
2026-09-28,1989.0,1989.0,1973.0,1973.0,9.0,0068Y0
2026-09-28,1695.0,1798.0,1655.0,1736.0,24417.0,001000
2026-09-28,252.0,252.0,224.0,225.0,1525434.0,288980
2026-09-28,1988.0,1988.0,1970.0,1981.0,3271.0,0041J0
2026-09-28,5830.0,5900.0,5780.0,5880.0,499.0,03481K
2026-09-28,0.0,0.0,0.0,247.0,0.0,087260
2026-09-28,2075.0,2090.0,2075.0,2085.0,11482.0,475250
2026-09-28,0.0,0.0,0.0,596.0,0.0,079970
2026-09-28,2090.0,2100.0,2080.0,2095.0,4289.0,474930
2026-09-28,0.0,0.0,0.0,940.0,0.0,065420
2026-09-28,0.0,0.0,0.0,327.0,0.0,276040
2026-09-28,2070.0,2082.0,2070.0,2082.0,6352.0,473000
2026-09-28,299.0,300.0,260.0,263.0,698220.0,308100
2026-09-28,2085.0,2090.0,2085.0,2090.0,15027.0,475240
2026-09-28,1152.0,1300.0,1060.0,1140.0,965953.0,900100
2026-09-28,0.0,0.0,0.0,205.0,0.0,044180
2026-09-28,0.0,0.0,0.0,468.0,0.0,313760
2026-09-28,850.0,850.0,707.0,767.0,65214.0,250930
2026-09-28,0.0,0.0,0.0,312.0,0.0,052770
2026-09-28,0.0,0.0,0.0,698.0,0.0,225430
2026-09-28,0.0,0.0,0.0,1059.0,0.0,025870
2026-09-28,250.0,250.0,199.0,220.0,1899456.0,084180
2026-09-28,865.0,865.0,642.0,652.0,265532.0,058450
2026-09-28,775.0,775.0,715.0,722.0,84577.0,199730
2026-09-28,540.0,540.0,447.0,452.0,533454.0,011080
2026-09-28,99.0,107.0,83.0,92.0,2580328.0,312610
2026-09-28,0.0,0.0,0.0,384.0,0.0,035290
2026-09-28,2100.0,2100.0,1995.0,2080.0,2308.0,021045
2026-09-28,200.0,200.0,149.0,149.0,1675453.0,196490
2026-09-28,5940.0,5940.0,5610.0,5820.0,3077.0,032685
